timestamp,open,high,low,close,volume,oi
2026-07-27 03:30:00+00:00,23767.45,23922.4,23138.2,23913.85,,
2026-07-27 03:35:00+00:00,23913.85,23950.8,23853.5,23928.4,,
2026-07-27 03:40:00+00:00,23928.4,23928.4,23928.4,23928.4,,
2026-07-27 03:45:00+00:00,23929.5,23963.2,23897.2,23912.3,,
2026-07-27 03:50:00+00:00,23913.75,23939.5,23911.75,23929.4,,
2026-07-27 03:55:00+00:00,23930.35,23940.75,23913.6,23939.95,,
2026-07-27 04:00:00+00:00,23941.8,23948.85,23927.75,23937.35,,
2026-07-27 04:05:00+00:00,23939.6,23952.3,23936.05,23944.1,,
2026-07-27 04:10:00+00:00,23944.9,23951.3,23941.1,23951.05,,
2026-07-27 04:15:00+00:00,23952.1,23955.9,23945.05,23951.85,,
2026-07-27 04:20:00+00:00,23953.45,23953.45,23929.5,23933.4,,
2026-07-27 04:25:00+00:00,23934.95,23936.0,23916.8,23933.85,,
2026-07-27 04:30:00+00:00,23933.35,23934.9,23916.75,23918.85,,
2026-07-27 04:35:00+00:00,23920.4,23925.8,23909.0,23912.6,,
2026-07-27 04:40:00+00:00,23913.25,23933.35,23910.4,23933.3,,
2026-07-27 04:45:00+00:00,23934.0,23935.75,23920.65,23923.95,,
2026-07-27 04:50:00+00:00,23925.35,23925.5,23908.75,23911.4,,
2026-07-27 04:55:00+00:00,23912.8,23918.4,23910.3,23915.2,,
2026-07-27 05:00:00+00:00,23917.05,23924.05,23906.5,23915.9,,
2026-07-27 05:05:00+00:00,23917.45,23917.45,23891.7,23892.1,,
2026-07-27 05:10:00+00:00,23894.25,23927.65,23892.25,23925.3,,
2026-07-27 05:15:00+00:00,23927.25,23927.75,23912.5,23917.2,,
2026-07-27 05:20:00+00:00,23918.3,23924.3,23907.8,23917.1,,
2026-07-27 05:25:00+00:00,23917.8,23939.3,23911.05,23933.45,,
2026-07-27 05:30:00+00:00,23935.6,23938.4,23927.7,23930.05,,
2026-07-27 05:35:00+00:00,23931.15,23936.25,23920.0,23932.85,,
2026-07-27 05:40:00+00:00,23936.05,23937.45,23922.75,23924.75,,
2026-07-27 05:45:00+00:00,23926.0,23945.0,23923.35,23944.4,,
2026-07-27 05:50:00+00:00,23945.7,23950.95,23939.5,23949.45,,
2026-07-27 05:55:00+00:00,23951.55,23968.2,23949.1,23961.9,,
2026-07-27 06:00:00+00:00,23963.55,23971.75,23958.9,23964.0,,
2026-07-27 06:05:00+00:00,23966.45,23966.45,23956.3,23960.2,,
2026-07-27 06:10:00+00:00,23961.7,23968.9,23959.4,23963.55,,
2026-07-27 06:15:00+00:00,23966.05,23970.3,23952.65,23954.2,,
2026-07-27 06:20:00+00:00,23956.25,23961.0,23949.1,23959.7,,
2026-07-27 06:25:00+00:00,23961.95,23972.8,23959.25,23963.4,,
2026-07-27 06:30:00+00:00,23965.7,23967.4,23953.15,23955.3,,
2026-07-27 06:35:00+00:00,23957.3,23958.05,23949.05,23952.35,,
2026-07-27 06:40:00+00:00,23954.3,23963.15,23945.6,23956.2,,
2026-07-27 06:45:00+00:00,23959.05,23965.8,23955.1,23959.25,,
2026-07-27 06:50:00+00:00,23960.6,23961.75,23952.9,23957.9,,
2026-07-27 06:55:00+00:00,23960.3,23962.9,23954.25,23954.75,,
2026-07-27 07:00:00+00:00,23956.9,23967.3,23951.1,23958.5,,
2026-07-27 07:05:00+00:00,23961.8,23961.8,23948.8,23951.2,,
2026-07-27 07:10:00+00:00,23952.05,23953.35,23943.05,23951.2,,
2026-07-27 07:15:00+00:00,23952.55,23957.65,23949.2,23951.2,,
2026-07-27 07:20:00+00:00,23953.8,23958.0,23946.85,23949.0,,
2026-07-27 07:25:00+00:00,23951.3,23958.05,23943.75,23953.9,,
2026-07-27 07:30:00+00:00,23955.85,23968.8,23948.2,23962.7,,
2026-07-27 07:35:00+00:00,23965.8,23970.7,23959.6,23962.2,,
2026-07-27 07:40:00+00:00,23964.55,23970.8,23959.0,23970.1,,
2026-07-27 07:45:00+00:00,23971.9,23979.15,23969.35,23972.3,,
2026-07-27 07:50:00+00:00,23974.2,23975.7,23968.1,23972.2,,
2026-07-27 07:55:00+00:00,23973.8,23973.8,23954.3,23954.55,,
2026-07-27 08:00:00+00:00,23956.25,23960.85,23938.5,23938.5,,
2026-07-27 08:05:00+00:00,23940.6,23959.55,23935.4,23958.35,,
2026-07-27 08:10:00+00:00,23959.95,23960.7,23946.6,23956.25,,
2026-07-27 08:15:00+00:00,23958.25,23967.25,23953.25,23957.65,,
2026-07-27 08:20:00+00:00,23959.0,23967.3,23954.1,23964.3,,
2026-07-27 08:25:00+00:00,23965.8,23972.4,23962.0,23971.35,,
2026-07-27 08:30:00+00:00,23973.6,23989.5,23970.5,23984.65,,
2026-07-27 08:35:00+00:00,23986.75,23995.15,23981.25,23993.25,,
2026-07-27 08:40:00+00:00,23995.95,23998.3,23987.7,23995.9,,
2026-07-27 08:45:00+00:00,23997.55,23998.85,23984.55,23990.15,,
2026-07-27 08:50:00+00:00,23992.55,23998.4,23988.5,23998.25,,
2026-07-27 08:55:00+00:00,23999.3,24009.7,23995.2,24006.7,,
2026-07-27 09:00:00+00:00,24008.65,24011.1,23996.0,23998.1,,
2026-07-27 09:05:00+00:00,24000.45,24003.7,23988.3,23998.1,,
2026-07-27 09:10:00+00:00,23999.6,24001.75,23988.8,23996.25,,
2026-07-27 09:15:00+00:00,23997.65,24003.5,23986.9,23992.65,,
2026-07-27 09:20:00+00:00,23995.2,24000.35,23984.8,23985.4,,
2026-07-27 09:25:00+00:00,23986.75,23997.4,23984.1,23989.15,,
2026-07-27 09:30:00+00:00,23989.55,24000.85,23988.5,23990.7,,
2026-07-27 09:35:00+00:00,23991.2,23998.3,23990.6,23995.85,,
2026-07-27 09:40:00+00:00,23996.85,24001.75,23986.4,23987.15,,
2026-07-27 09:45:00+00:00,23985.1,23997.15,23985.1,23996.75,,
2026-07-27 09:50:00+00:00,23995.35,24007.45,23993.0,24003.75,,
2026-07-27 09:55:00+00:00,24003.2,24008.1,23996.6,24003.65,,
2026-07-27 10:00:00+00:00,24002.1,24002.1,23995.15,23995.95,,
2026-07-27 10:05:00+00:00,23995.95,23995.95,23995.95,23995.95,,
2026-07-27 10:10:00+00:00,23995.95,23995.95,23995.95,23995.95,,
2026-07-27 10:15:00+00:00,23995.95,23995.95,23995.95,23995.95,,
2026-07-27 10:20:00+00:00,23995.95,23995.95,23995.95,23995.95,,
2026-07-27 10:25:00+00:00,23995.95,23995.95,23995.95,23995.95,,
2026-07-28 03:30:00+00:00,23995.95,24009.95,23225.5,23971.9,,
2026-07-28 03:35:00+00:00,23975.0,24017.4,23969.35,23971.25,,
2026-07-28 03:40:00+00:00,23971.25,23971.25,23971.25,23971.25,,
2026-07-28 03:45:00+00:00,23973.0,24039.85,23969.25,24029.7,,
2026-07-28 03:50:00+00:00,24030.15,24037.05,24011.15,24015.55,,
2026-07-28 03:55:00+00:00,24015.3,24015.45,23994.1,24006.25,,
2026-07-28 04:00:00+00:00,24006.7,24013.4,23985.75,23993.4,,
2026-07-28 04:05:00+00:00,23994.3,24020.45,23993.9,24018.75,,
2026-07-28 04:10:00+00:00,24020.05,24025.2,24015.25,24018.05,,
2026-07-28 04:15:00+00:00,24018.6,24019.9,24005.2,24012.95,,
2026-07-28 04:20:00+00:00,24012.25,24014.05,23995.25,24012.4,,
2026-07-28 04:25:00+00:00,24012.7,24017.95,24007.35,24012.25,,
2026-07-28 04:30:00+00:00,24011.7,24013.55,23967.15,23972.9,,
2026-07-28 04:35:00+00:00,23973.25,23978.6,23962.15,23971.25,,
2026-07-28 04:40:00+00:00,23971.3,23988.4,23962.45,23985.6,,
2026-07-28 04:45:00+00:00,23985.8,24006.1,23985.05,23997.4,,
2026-07-28 04:50:00+00:00,23997.8,23999.55,23984.8,23994.7,,
2026-07-28 04:55:00+00:00,23994.95,24001.9,23985.65,23986.55,,
2026-07-28 05:00:00+00:00,23986.6,24007.3,23986.2,23999.15,,
2026-07-28 05:05:00+00:00,24000.9,24014.0,23996.1,24007.5,,
2026-07-28 05:10:00+00:00,24007.4,24023.35,24006.1,24020.1,,
2026-07-28 05:15:00+00:00,24020.35,24033.35,24020.0,24030.7,,
2026-07-28 05:20:00+00:00,24030.3,24039.0,24025.6,24036.4,,
2026-07-28 05:25:00+00:00,24036.65,24041.0,24032.7,24035.75,,
2026-07-28 05:30:00+00:00,24036.65,24039.55,24017.9,24024.45,,
2026-07-28 05:35:00+00:00,24023.7,24025.8,24017.95,24024.1,,
2026-07-28 05:40:00+00:00,24023.75,24024.55,24010.05,24015.2,,
2026-07-28 05:45:00+00:00,24015.05,24029.8,24014.9,24025.3,,
2026-07-28 05:50:00+00:00,24025.35,24026.15,24013.45,24014.9,,
2026-07-28 05:55:00+00:00,24014.75,24021.3,24010.65,24013.9,,
2026-07-28 06:00:00+00:00,24014.45,24016.15,24001.8,24002.8,,
2026-07-28 06:05:00+00:00,24002.1,24010.7,23999.95,24010.7,,
2026-07-28 06:10:00+00:00,24010.2,24025.05,24008.15,24021.2,,
2026-07-28 06:15:00+00:00,24020.9,24036.8,24018.5,24030.8,,
2026-07-28 06:20:00+00:00,24030.85,24031.9,24011.2,24013.75,,
2026-07-28 06:25:00+00:00,24014.1,24015.85,24003.65,24011.0,,
2026-07-28 06:30:00+00:00,24011.05,24014.2,24003.75,24008.8,,
2026-07-28 06:35:00+00:00,24008.25,24022.75,24005.65,24021.45,,
2026-07-28 06:40:00+00:00,24020.75,24028.6,24018.2,24026.25,,
2026-07-28 06:45:00+00:00,24026.5,24028.4,24015.3,24017.75,,
2026-07-28 06:50:00+00:00,24017.35,24020.25,24010.85,24017.75,,
2026-07-28 06:55:00+00:00,24017.7,24028.9,24012.85,24023.5,,
2026-07-28 07:00:00+00:00,24023.6,24027.25,24017.3,24017.3,,
2026-07-28 07:05:00+00:00,24017.25,24021.3,24009.4,24018.15,,
2026-07-28 07:10:00+00:00,24017.75,24023.45,24014.3,24015.65,,
2026-07-28 07:15:00+00:00,24015.75,24022.0,24011.15,24015.25,,
2026-07-28 07:20:00+00:00,24014.85,24016.2,24009.35,24013.45,,
2026-07-28 07:25:00+00:00,24014.25,24017.95,24003.9,24004.05,,
2026-07-28 07:30:00+00:00,24005.45,24008.75,24000.85,24002.15,,
2026-07-28 07:35:00+00:00,24003.35,24007.85,24000.35,24005.7,,
2026-07-28 07:40:00+00:00,24006.3,24006.35,23982.9,23983.05,,
2026-07-28 07:45:00+00:00,23982.65,23984.05,23968.65,23978.55,,
2026-07-28 07:50:00+00:00,23979.35,23993.7,23974.55,23991.15,,
2026-07-28 07:55:00+00:00,23990.25,23991.1,23982.1,23984.85,,
2026-07-28 08:00:00+00:00,23984.85,23992.5,23980.5,23987.05,,
2026-07-28 08:05:00+00:00,23986.65,23993.1,23982.1,23985.0,,
2026-07-28 08:10:00+00:00,23985.2,23986.8,23977.4,23983.35,,
2026-07-28 08:15:00+00:00,23983.3,23984.25,23972.4,23980.65,,
2026-07-28 08:20:00+00:00,23980.65,24009.15,23980.45,24006.2,,
2026-07-28 08:25:00+00:00,24006.4,24011.75,23995.45,24001.9,,
2026-07-28 08:30:00+00:00,24000.85,24005.0,23997.0,24001.4,,
2026-07-28 08:35:00+00:00,24003.55,24005.9,23996.7,23998.2,,
2026-07-28 08:40:00+00:00,23998.0,23999.85,23989.75,23993.35,,
2026-07-28 08:45:00+00:00,23993.25,24001.25,23987.2,23991.7,,
2026-07-28 08:50:00+00:00,23991.4,23996.4,23985.0,23988.3,,
2026-07-28 08:55:00+00:00,23986.2,23998.4,23986.2,23987.55,,
2026-07-28 09:00:00+00:00,23986.25,23986.7,23970.1,23973.4,,
2026-07-28 09:05:00+00:00,23972.2,23993.75,23972.2,23991.45,,
2026-07-28 09:10:00+00:00,23989.05,23998.5,23981.45,23995.35,,
2026-07-28 09:15:00+00:00,23992.9,23995.45,23974.3,23975.3,,
2026-07-28 09:20:00+00:00,23974.85,23991.1,23968.1,23987.95,,
2026-07-28 09:25:00+00:00,23986.8,23991.0,23977.15,23980.9,,
2026-07-28 09:30:00+00:00,23981.6,23985.15,23954.7,23962.9,,
2026-07-28 09:35:00+00:00,23963.4,23971.35,23962.6,23966.0,,
2026-07-28 09:40:00+00:00,23966.0,23970.2,23961.9,23969.4,,
2026-07-28 09:45:00+00:00,23969.0,24004.4,23968.7,24004.2,,
2026-07-28 09:50:00+00:00,24003.1,24013.35,23989.1,23991.75,,
2026-07-28 09:55:00+00:00,23990.55,23995.65,23976.4,23987.8,,
2026-07-28 10:00:00+00:00,23987.6,23991.35,23985.35,23985.35,,
2026-07-28 10:05:00+00:00,23985.35,23985.35,23985.35,23985.35,,
2026-07-28 10:10:00+00:00,23985.35,23985.35,23985.35,23985.35,,
2026-07-28 10:15:00+00:00,23985.35,23985.35,23985.35,23985.35,,
2026-07-28 10:20:00+00:00,23985.35,23985.35,23985.35,23985.35,,
2026-07-28 10:25:00+00:00,23985.35,23985.35,23985.35,23985.35,,
2026-07-29 03:30:00+00:00,23985.35,24205.0,23354.7,24146.4,,
2026-07-29 03:35:00+00:00,24146.4,24208.4,24142.1,24176.65,,
2026-07-29 03:40:00+00:00,24176.65,24176.65,24176.65,24176.65,,
2026-07-29 03:45:00+00:00,24176.65,24195.5,24141.75,24187.1,,
2026-07-29 03:50:00+00:00,24187.15,24191.55,24162.0,24177.35,,
2026-07-29 03:55:00+00:00,24177.85,24196.2,24170.9,24178.5,,
2026-07-29 04:00:00+00:00,24175.6,24193.45,24175.6,24187.95,,
2026-07-29 04:05:00+00:00,24188.15,24210.75,24185.95,24208.3,,
2026-07-29 04:10:00+00:00,24208.5,24217.65,24199.05,24212.2,,
2026-07-29 04:15:00+00:00,24211.85,24218.4,24204.0,24218.0,,
2026-07-29 04:20:00+00:00,24217.95,24221.6,24197.2,24204.95,,
2026-07-29 04:25:00+00:00,24205.55,24209.15,24184.95,24187.65,,
2026-07-29 04:30:00+00:00,24186.3,24207.0,24186.3,24204.65,,
2026-07-29 04:35:00+00:00,24204.4,24223.4,24203.9,24220.6,,
2026-07-29 04:40:00+00:00,24219.65,24223.75,24213.1,24221.3,,
2026-07-29 04:45:00+00:00,24220.9,24229.1,24214.0,24220.05,,
2026-07-29 04:50:00+00:00,24219.55,24232.7,24219.55,24228.9,,
2026-07-29 04:55:00+00:00,24231.3,24235.35,24224.8,24225.3,,
2026-07-29 05:00:00+00:00,24224.75,24236.55,24221.75,24234.2,,
2026-07-29 05:05:00+00:00,24234.15,24238.3,24229.3,24231.15,,
2026-07-29 05:10:00+00:00,24230.7,24238.35,24230.2,24233.8,,
2026-07-29 05:15:00+00:00,24233.7,24234.05,24213.4,24219.0,,
2026-07-29 05:20:00+00:00,24219.5,24221.85,24214.25,24218.15,,
2026-07-29 05:25:00+00:00,24218.4,24226.3,24218.3,24220.65,,
2026-07-29 05:30:00+00:00,24221.2,24234.1,24215.25,24232.4,,
2026-07-29 05:35:00+00:00,24232.35,24243.85,24230.85,24238.65,,
2026-07-29 05:40:00+00:00,24238.75,24241.6,24229.2,24233.7,,
2026-07-29 05:45:00+00:00,24233.3,24235.2,24223.35,24230.35,,
2026-07-29 05:50:00+00:00,24230.2,24241.35,24228.1,24237.25,,
2026-07-29 05:55:00+00:00,24237.05,24241.1,24232.4,24232.4,,
2026-07-29 06:00:00+00:00,24232.15,24237.1,24228.45,24229.3,,
2026-07-29 06:05:00+00:00,24229.8,24231.1,24218.75,24221.35,,
2026-07-29 06:10:00+00:00,24221.85,24235.2,24221.3,24232.25,,
2026-07-29 06:15:00+00:00,24232.5,24240.35,24227.8,24231.8,,
2026-07-29 06:20:00+00:00,24231.9,24234.2,24223.9,24228.95,,
2026-07-29 06:25:00+00:00,24229.2,24231.1,24219.8,24225.65,,
2026-07-29 06:30:00+00:00,24225.85,24232.45,24223.25,24230.2,,
2026-07-29 06:35:00+00:00,24230.35,24247.45,24229.45,24244.7,,
2026-07-29 06:40:00+00:00,24244.05,24246.15,24236.2,24238.45,,
2026-07-29 06:45:00+00:00,24238.8,24240.4,24227.0,24228.25,,
2026-07-29 06:50:00+00:00,24229.05,24234.55,24225.4,24227.4,,
2026-07-29 06:55:00+00:00,24228.05,24229.55,24219.7,24221.5,,
2026-07-29 07:00:00+00:00,24222.1,24233.0,24221.05,24231.3,,
2026-07-29 07:05:00+00:00,24232.05,24234.95,24225.65,24228.05,,
2026-07-29 07:10:00+00:00,24228.05,24232.45,24218.9,24220.8,,
2026-07-29 07:15:00+00:00,24221.45,24225.15,24210.6,24210.65,,
2026-07-29 07:20:00+00:00,24211.05,24229.15,24209.95,24227.1,,
2026-07-29 07:25:00+00:00,24227.4,24231.45,24222.15,24228.75,,
2026-07-29 07:30:00+00:00,24228.85,24240.85,24228.65,24235.9,,
2026-07-29 07:35:00+00:00,24236.3,24255.25,24236.3,24252.25,,
2026-07-29 07:40:00+00:00,24253.05,24261.35,24252.65,24257.55,,
2026-07-29 07:45:00+00:00,24257.4,24259.9,24248.5,24254.55,,
2026-07-29 07:50:00+00:00,24254.25,24255.15,24245.8,24246.5,,
2026-07-29 07:55:00+00:00,24247.05,24254.2,24244.55,24245.8,,
2026-07-29 08:00:00+00:00,24245.75,24256.7,24245.0,24255.0,,
2026-07-29 08:05:00+00:00,24255.1,24256.85,24243.35,24245.15,,
2026-07-29 08:10:00+00:00,24245.45,24251.7,24236.0,24238.4,,
2026-07-29 08:15:00+00:00,24236.2,24257.5,24235.65,24246.2,,
2026-07-29 08:20:00+00:00,24245.85,24259.95,24245.35,24258.25,,
2026-07-29 08:25:00+00:00,24257.9,24259.25,24249.65,24250.5,,
2026-07-29 08:30:00+00:00,24249.75,24271.15,24249.75,24267.1,,
2026-07-29 08:35:00+00:00,24269.15,24271.6,24258.1,24263.85,,
2026-07-29 08:40:00+00:00,24263.6,24271.7,24261.15,24263.8,,
2026-07-29 08:45:00+00:00,24263.8,24277.7,24263.3,24274.1,,
2026-07-29 08:50:00+00:00,24274.2,24278.05,24266.3,24270.05,,
2026-07-29 08:55:00+00:00,24269.95,24274.75,24263.4,24272.65,,
2026-07-29 09:00:00+00:00,24272.1,24279.0,24267.1,24270.15,,
2026-07-29 09:05:00+00:00,24270.15,24271.5,24259.55,24263.35,,
2026-07-29 09:10:00+00:00,24263.6,24266.1,24251.45,24259.6,,
2026-07-29 09:15:00+00:00,24259.65,24277.25,24259.65,24267.2,,
2026-07-29 09:20:00+00:00,24267.05,24274.0,24262.25,24273.3,,
2026-07-29 09:25:00+00:00,24272.75,24283.0,24271.45,24272.5,,
2026-07-29 09:30:00+00:00,24274.4,24278.55,24260.9,24262.5,,
2026-07-29 09:35:00+00:00,24263.05,24263.05,24251.6,24258.95,,
2026-07-29 09:40:00+00:00,24259.4,24261.9,24249.7,24252.0,,
2026-07-29 09:45:00+00:00,24251.45,24251.9,24238.75,24241.75,,
2026-07-29 09:50:00+00:00,24243.55,24247.1,24234.75,24238.05,,
2026-07-29 09:55:00+00:00,24238.2,24245.8,24231.05,24242.0,,
2026-07-29 10:00:00+00:00,24241.0,24250.2,24241.0,24250.2,,
2026-07-29 10:05:00+00:00,24250.2,24250.2,24250.2,24250.2,,
2026-07-29 10:10:00+00:00,24250.2,24250.2,24250.2,24250.2,,
2026-07-29 10:15:00+00:00,24250.2,24250.2,24250.2,24250.2,,
2026-07-29 10:20:00+00:00,24250.2,24250.2,24250.2,24250.2,,
2026-07-29 10:25:00+00:00,24250.2,24250.2,24250.2,24250.2,,
2026-07-30 03:30:00+00:00,24250.2,24754.8,24122.95,24241.85,,
2026-07-30 03:35:00+00:00,24241.85,24271.1,24228.2,24249.55,,
2026-07-30 03:40:00+00:00,24249.55,24249.55,24249.55,24249.55,,
2026-07-30 03:45:00+00:00,24250.4,24266.65,24190.0,24266.55,,
2026-07-30 03:50:00+00:00,24266.45,24278.05,24255.35,24273.0,,
2026-07-30 03:55:00+00:00,24273.05,24280.25,24268.55,24276.95,,
2026-07-30 04:00:00+00:00,24274.5,24287.25,24267.55,24274.4,,
2026-07-30 04:05:00+00:00,24275.0,24278.65,24254.6,24258.55,,
2026-07-30 04:10:00+00:00,24258.7,24261.65,24245.8,24255.85,,
2026-07-30 04:15:00+00:00,24257.25,24283.3,24250.05,24271.55,,
2026-07-30 04:20:00+00:00,24272.7,24285.55,24260.1,24262.0,,
2026-07-30 04:25:00+00:00,24262.8,24280.0,24258.8,24275.6,,
2026-07-30 04:30:00+00:00,24276.75,24281.3,24269.1,24275.7,,
2026-07-30 04:35:00+00:00,24275.9,24278.95,24260.0,24260.4,,
2026-07-30 04:40:00+00:00,24261.9,24264.8,24241.5,24243.5,,
2026-07-30 04:45:00+00:00,24243.75,24261.15,24242.6,24243.65,,
2026-07-30 04:50:00+00:00,24244.45,24251.2,24236.0,24248.65,,
2026-07-30 04:55:00+00:00,24249.85,24251.65,24231.15,24232.1,,
2026-07-30 05:00:00+00:00,24232.75,24238.2,24224.85,24237.6,,
2026-07-30 05:05:00+00:00,24238.25,24251.65,24232.85,24243.6,,
2026-07-30 05:10:00+00:00,24243.5,24261.35,24236.6,24259.15,,
2026-07-30 05:15:00+00:00,24260.25,24262.7,24253.35,24258.45,,
2026-07-30 05:20:00+00:00,24259.5,24270.65,24258.6,24259.9,,
2026-07-30 05:25:00+00:00,24261.15,24264.15,24253.2,24256.9,,
2026-07-30 05:30:00+00:00,24256.45,24265.0,24248.15,24261.9,,
2026-07-30 05:35:00+00:00,24262.1,24263.6,24249.45,24257.1,,
2026-07-30 05:40:00+00:00,24256.8,24270.55,24256.8,24265.05,,
2026-07-30 05:45:00+00:00,24264.9,24282.5,24262.7,24273.15,,
2026-07-30 05:50:00+00:00,24273.0,24278.25,24262.1,24267.1,,
2026-07-30 05:55:00+00:00,24266.35,24279.4,24265.1,24274.6,,
2026-07-30 06:00:00+00:00,24274.2,24277.85,24267.15,24277.15,,
2026-07-30 06:05:00+00:00,24277.4,24279.45,24269.6,24270.9,,
2026-07-30 06:10:00+00:00,24270.05,24274.55,24264.85,24265.5,,
2026-07-30 06:15:00+00:00,24265.8,24266.7,24251.05,24256.3,,
2026-07-30 06:20:00+00:00,24256.65,24260.55,24251.55,24255.65,,
2026-07-30 06:25:00+00:00,24255.8,24265.4,24254.4,24262.5,,
2026-07-30 06:30:00+00:00,24262.6,24263.85,24253.3,24260.6,,
2026-07-30 06:35:00+00:00,24261.05,24266.4,24252.25,24253.5,,
2026-07-30 06:40:00+00:00,24253.65,24261.3,24248.85,24254.1,,
2026-07-30 06:45:00+00:00,24253.95,24260.2,24249.0,24260.2,,
2026-07-30 06:50:00+00:00,24260.15,24267.4,24257.2,24258.8,,
2026-07-30 06:55:00+00:00,24258.8,24267.45,24256.1,24264.05,,
2026-07-30 07:00:00+00:00,24264.3,24331.05,24261.95,24306.75,,
2026-07-30 07:05:00+00:00,24306.6,24321.1,24293.35,24304.05,,
2026-07-30 07:10:00+00:00,24303.65,24314.5,24297.65,24308.35,,
2026-07-30 07:15:00+00:00,24308.45,24309.55,24294.6,24301.05,,
2026-07-30 07:20:00+00:00,24300.15,24304.3,24291.55,24297.3,,
2026-07-30 07:25:00+00:00,24296.7,24300.55,24290.8,24295.7,,
2026-07-30 07:30:00+00:00,24295.65,24296.25,24279.3,24282.65,,
2026-07-30 07:35:00+00:00,24282.0,24297.55,24276.5,24281.9,,
2026-07-30 07:40:00+00:00,24281.05,24283.15,24248.85,24264.0,,
2026-07-30 07:45:00+00:00,24264.05,24267.15,24259.1,24264.7,,
2026-07-30 07:50:00+00:00,24264.95,24281.95,24264.35,24279.35,,
2026-07-30 07:55:00+00:00,24279.25,24285.55,24267.3,24269.4,,
2026-07-30 08:00:00+00:00,24269.15,24278.7,24266.9,24276.9,,
2026-07-30 08:05:00+00:00,24276.9,24300.25,24275.75,24287.25,,
2026-07-30 08:10:00+00:00,24287.15,24298.55,24287.15,24289.45,,
2026-07-30 08:15:00+00:00,24288.4,24289.6,24279.9,24280.05,,
2026-07-30 08:20:00+00:00,24280.15,24296.45,24272.3,24295.5,,
2026-07-30 08:25:00+00:00,24295.1,24299.45,24275.95,24283.85,,
2026-07-30 08:30:00+00:00,24283.35,24287.75,24277.1,24281.1,,
2026-07-30 08:35:00+00:00,24280.45,24282.75,24261.55,24263.8,,
2026-07-30 08:40:00+00:00,24263.7,24267.7,24255.45,24255.7,,
2026-07-30 08:45:00+00:00,24255.2,24260.25,24247.7,24257.2,,
2026-07-30 08:50:00+00:00,24256.8,24257.55,24236.55,24244.2,,
2026-07-30 08:55:00+00:00,24244.6,24245.0,24228.95,24235.0,,
2026-07-30 09:00:00+00:00,24235.3,24257.95,24227.25,24246.6,,
2026-07-30 09:05:00+00:00,24245.15,24268.55,24237.7,24267.55,,
2026-07-30 09:10:00+00:00,24267.65,24269.6,24249.9,24258.7,,
2026-07-30 09:15:00+00:00,24258.85,24283.45,24251.1,24277.6,,
2026-07-30 09:20:00+00:00,24276.6,24277.8,24266.3,24267.95,,
2026-07-30 09:25:00+00:00,24267.55,24276.15,24264.0,24272.85,,
2026-07-30 09:30:00+00:00,24273.1,24302.35,24268.75,24299.85,,
2026-07-30 09:35:00+00:00,24301.1,24325.6,24296.85,24319.2,,
2026-07-30 09:40:00+00:00,24321.35,24329.55,24316.6,24318.25,,
2026-07-30 09:45:00+00:00,24316.9,24318.75,24307.95,24314.75,,
2026-07-30 09:50:00+00:00,24314.95,24340.85,24309.8,24335.65,,
2026-07-30 09:55:00+00:00,24337.05,24342.95,24292.75,24296.6,,
2026-07-30 10:00:00+00:00,24296.5,24317.15,24296.5,24317.15,,
2026-07-30 10:05:00+00:00,24317.15,24317.15,24317.15,24317.15,,
2026-07-30 10:10:00+00:00,24317.15,24317.15,24317.15,24317.15,,
2026-07-30 10:15:00+00:00,24317.15,24317.15,24317.15,24317.15,,
2026-07-30 10:20:00+00:00,24317.15,24317.15,24317.15,24317.15,,
2026-07-30 10:25:00+00:00,24317.15,24317.15,24317.15,24317.15,,
2026-07-31 03:30:00+00:00,24317.15,24779.9,24306.2,24369.65,,
2026-07-31 03:35:00+00:00,24369.65,24374.75,24358.7,24361.45,,
2026-07-31 03:40:00+00:00,24361.45,24361.45,24361.45,24361.45,,
2026-07-31 03:45:00+00:00,24359.8,24377.55,24328.2,24350.5,,
2026-07-31 03:50:00+00:00,24350.3,24365.25,24341.05,24353.15,,
2026-07-31 03:55:00+00:00,24353.6,24355.3,24341.2,24345.75,,
2026-07-31 04:00:00+00:00,24344.75,24347.7,24308.9,24312.25,,
2026-07-31 04:05:00+00:00,24312.05,24315.8,24299.7,24310.0,,
2026-07-31 04:10:00+00:00,24310.3,24352.9,24309.1,24349.3,,
2026-07-31 04:15:00+00:00,24348.9,24360.65,24335.75,24358.65,,
2026-07-31 04:20:00+00:00,24358.7,24361.45,24338.35,24354.8,,
2026-07-31 04:25:00+00:00,24354.2,24362.95,24350.4,24357.55,,
2026-07-31 04:30:00+00:00,24357.6,24359.65,24347.75,24351.0,,
2026-07-31 04:35:00+00:00,24350.6,24352.0,24333.65,24341.6,,
2026-07-31 04:40:00+00:00,24341.3,24352.7,24339.75,24346.05,,
2026-07-31 04:45:00+00:00,24346.2,24348.65,24332.9,24347.75,,
2026-07-31 04:50:00+00:00,24347.4,24355.45,24345.6,24353.85,,
2026-07-31 04:55:00+00:00,24353.5,24355.35,24346.3,24352.1,,
2026-07-31 05:00:00+00:00,24350.8,24354.9,24337.15,24341.0,,
2026-07-31 05:05:00+00:00,24340.45,24361.05,24336.15,24357.7,,
2026-07-31 05:10:00+00:00,24357.4,24359.9,24350.6,24353.55,,
2026-07-31 05:15:00+00:00,24353.0,24362.35,24352.05,24356.75,,
2026-07-31 05:20:00+00:00,24355.75,24357.4,24345.3,24351.6,,
2026-07-31 05:25:00+00:00,24352.65,24356.65,24348.4,24354.2,,
2026-07-31 05:30:00+00:00,24354.1,24357.3,24346.8,24354.65,,
2026-07-31 05:35:00+00:00,24354.35,24355.5,24335.95,24337.7,,
2026-07-31 05:40:00+00:00,24337.1,24357.9,24334.15,24357.75,,
2026-07-31 05:45:00+00:00,24357.75,24365.35,24355.7,24362.9,,
2026-07-31 05:50:00+00:00,24362.0,24370.55,24362.0,24367.75,,
2026-07-31 05:55:00+00:00,24366.45,24374.95,24363.9,24365.7,,
2026-07-31 06:00:00+00:00,24366.25,24370.0,24360.2,24363.05,,
2026-07-31 06:05:00+00:00,24362.7,24369.9,24360.45,24360.95,,
2026-07-31 06:10:00+00:00,24361.35,24367.0,24357.85,24364.7,,
2026-07-31 06:15:00+00:00,24364.6,24366.55,24359.0,24362.05,,
2026-07-31 06:20:00+00:00,24362.1,24369.1,24358.35,24361.6,,
2026-07-31 06:25:00+00:00,24362.75,24368.45,24361.1,24364.45,,
2026-07-31 06:30:00+00:00,24364.85,24368.55,24361.35,24362.3,,
2026-07-31 06:35:00+00:00,24362.25,24374.3,24360.95,24371.9,,
2026-07-31 06:40:00+00:00,24371.9,24382.5,24365.8,24382.1,,
2026-07-31 06:45:00+00:00,24381.55,24384.35,24374.3,24374.7,,
2026-07-31 06:50:00+00:00,24374.65,24380.15,24374.4,24378.45,,
2026-07-31 06:55:00+00:00,24378.65,24392.9,24378.0,24386.3,,
2026-07-31 07:00:00+00:00,24385.7,24392.8,24378.65,24392.6,,
2026-07-31 07:05:00+00:00,24392.85,24397.5,24389.8,24396.15,,
2026-07-31 07:10:00+00:00,24396.75,24404.45,24394.5,24401.75,,
2026-07-31 07:15:00+00:00,24402.0,24413.95,24400.05,24413.1,,
2026-07-31 07:20:00+00:00,24412.55,24414.8,24402.85,24408.75,,
2026-07-31 07:25:00+00:00,24408.9,24424.55,24407.9,24413.75,,
2026-07-31 07:30:00+00:00,24412.95,24417.35,24407.55,24414.45,,
2026-07-31 07:35:00+00:00,24414.75,24427.85,24414.45,24418.85,,
2026-07-31 07:40:00+00:00,24419.15,24421.45,24412.15,24414.8,,
2026-07-31 07:45:00+00:00,24414.3,24421.75,24412.7,24420.6,,
2026-07-31 07:50:00+00:00,24420.7,24426.2,24415.55,24423.6,,
2026-07-31 07:55:00+00:00,24423.15,24429.4,24414.35,24417.85,,
2026-07-31 08:00:00+00:00,24417.9,24419.8,24396.05,24398.8,,
2026-07-31 08:05:00+00:00,24399.2,24411.3,24397.9,24400.15,,
2026-07-31 08:10:00+00:00,24400.4,24402.6,24391.45,24395.2,,
2026-07-31 08:15:00+00:00,24395.75,24403.05,24390.2,24400.15,,
2026-07-31 08:20:00+00:00,24399.7,24406.45,24397.5,24403.9,,
2026-07-31 08:25:00+00:00,24404.95,24413.1,24402.75,24412.2,,
2026-07-31 08:30:00+00:00,24413.05,24413.75,24394.05,24394.75,,
2026-07-31 08:35:00+00:00,24395.75,24397.8,24386.0,24391.15,,
2026-07-31 08:40:00+00:00,24392.2,24406.4,24389.85,24402.65,,
2026-07-31 08:45:00+00:00,24403.5,24404.8,24391.15,24395.45,,
2026-07-31 08:50:00+00:00,24395.7,24399.9,24390.15,24398.9,,
2026-07-31 08:55:00+00:00,24399.5,24407.05,24391.6,24394.3,,
2026-07-31 09:00:00+00:00,24395.8,24401.9,24373.7,24375.1,,
2026-07-31 09:05:00+00:00,24375.15,24382.3,24368.0,24373.4,,
2026-07-31 09:10:00+00:00,24375.0,24375.55,24357.1,24361.85,,
2026-07-31 09:15:00+00:00,24361.65,24372.65,24361.35,24370.3,,
2026-07-31 09:20:00+00:00,24370.9,24375.05,24365.95,24369.65,,
2026-07-31 09:25:00+00:00,24370.75,24370.9,24355.05,24360.55,,
2026-07-31 09:30:00+00:00,24361.2,24385.85,24361.2,24384.2,,
2026-07-31 09:35:00+00:00,24385.45,24399.0,24381.95,24398.35,,
2026-07-31 09:40:00+00:00,24399.0,24399.15,24388.75,24390.2,,
2026-07-31 09:45:00+00:00,24391.3,24392.4,24377.3,24377.9,,
2026-07-31 09:50:00+00:00,24377.45,24382.0,24373.0,24379.85,,
2026-07-31 09:55:00+00:00,24380.55,24382.35,24359.65,24366.7,,
2026-07-31 10:00:00+00:00,24366.8,24383.6,24366.8,24383.6,,
2026-07-31 10:05:00+00:00,24383.6,24383.6,24383.6,24383.6,,
2026-07-31 10:10:00+00:00,24383.6,24383.6,24383.6,24383.6,,
2026-07-31 10:15:00+00:00,24383.6,24383.6,24383.6,24383.6,,
2026-07-31 10:20:00+00:00,24383.6,24383.6,24383.6,24383.6,,
2026-07-31 10:25:00+00:00,24383.6,24383.6,24383.6,24383.6,,
2026-08-03 03:30:00+00:00,24383.6,24564.25,24089.6,24564.25,,
2026-08-03 03:35:00+00:00,24564.25,24578.6,24511.5,24572.7,,
2026-08-03 03:40:00+00:00,24572.7,24572.7,24572.7,24572.7,,
2026-08-03 03:45:00+00:00,24568.0,24568.0,24518.0,24530.1,,
2026-08-03 03:50:00+00:00,24530.15,24539.5,24515.5,24527.05,,
2026-08-03 03:55:00+00:00,24526.7,24551.95,24523.35,24550.2,,
2026-08-03 04:00:00+00:00,24550.25,24558.4,24541.8,24553.45,,
2026-08-03 04:05:00+00:00,24553.2,24557.0,24543.75,24554.4,,
2026-08-03 04:10:00+00:00,24553.25,24560.45,24550.35,24558.05,,
2026-08-03 04:15:00+00:00,24558.45,24558.85,24546.05,24548.25,,
2026-08-03 04:20:00+00:00,24548.1,24560.9,24545.75,24559.6,,
2026-08-03 04:25:00+00:00,24558.75,24571.6,24558.15,24564.7,,
2026-08-03 04:30:00+00:00,24564.1,24574.6,24559.05,24568.4,,
2026-08-03 04:35:00+00:00,24569.0,24572.9,24560.3,24567.2,,
2026-08-03 04:40:00+00:00,24567.15,24581.7,24563.85,24579.2,,
2026-08-03 04:45:00+00:00,24579.0,24592.45,24577.75,24588.15,,
2026-08-03 04:50:00+00:00,24588.15,24589.4,24572.8,24578.2,,
2026-08-03 04:55:00+00:00,24578.4,24586.85,24575.95,24580.8,,
2026-08-03 05:00:00+00:00,24580.15,24584.75,24564.4,24570.35,,
2026-08-03 05:05:00+00:00,24570.95,24585.45,24562.7,24584.2,,
2026-08-03 05:10:00+00:00,24583.95,24585.7,24575.6,24583.65,,
2026-08-03 05:15:00+00:00,24583.75,24589.45,24579.45,24588.85,,
2026-08-03 05:20:00+00:00,24587.65,24592.4,24585.05,24589.9,,
2026-08-03 05:25:00+00:00,24589.85,24595.45,24581.8,24586.45,,
2026-08-03 05:30:00+00:00,24586.9,24601.75,24585.65,24598.15,,
2026-08-03 05:35:00+00:00,24597.55,24602.4,24590.45,24593.65,,
2026-08-03 05:40:00+00:00,24593.95,24597.35,24584.9,24589.45,,
2026-08-03 05:45:00+00:00,24588.95,24600.45,24586.05,24591.6,,
2026-08-03 05:50:00+00:00,24591.45,24600.95,24589.5,24598.15,,
2026-08-03 05:55:00+00:00,24598.0,24599.2,24588.75,24591.75,,
2026-08-03 06:00:00+00:00,24591.85,24594.2,24579.8,24585.45,,
2026-08-03 06:05:00+00:00,24584.85,24595.7,24583.05,24593.85,,
2026-08-03 06:10:00+00:00,24593.8,24600.3,24590.65,24592.3,,
2026-08-03 06:15:00+00:00,24592.5,24597.85,24584.8,24597.85,,
2026-08-03 06:20:00+00:00,24597.95,24605.5,24595.7,24601.6,,
2026-08-03 06:25:00+00:00,24602.25,24603.3,24590.55,24592.0,,
2026-08-03 06:30:00+00:00,24591.55,24594.9,24585.7,24588.25,,
2026-08-03 06:35:00+00:00,24588.0,24598.7,24587.65,24597.0,,
2026-08-03 06:40:00+00:00,24596.8,24602.6,24591.65,24601.3,,
2026-08-03 06:45:00+00:00,24601.3,24608.75,24599.25,24606.4,,
2026-08-03 06:50:00+00:00,24605.3,24607.2,24598.05,24605.6,,
2026-08-03 06:55:00+00:00,24605.75,24609.45,24602.25,24604.05,,
2026-08-03 07:00:00+00:00,24604.45,24606.55,24591.15,24593.75,,
2026-08-03 07:05:00+00:00,24593.7,24595.45,24584.4,24587.1,,
2026-08-03 07:10:00+00:00,24588.4,24596.8,24585.85,24593.0,,
2026-08-03 07:15:00+00:00,24594.65,24602.15,24570.15,24582.1,,
2026-08-03 07:20:00+00:00,24584.35,24591.85,24578.25,24588.7,,
2026-08-03 07:25:00+00:00,24591.15,24591.15,24580.15,24584.65,,
2026-08-03 07:30:00+00:00,24584.2,24585.95,24575.75,24578.2,,
2026-08-03 07:35:00+00:00,24578.15,24583.95,24576.1,24582.9,,
2026-08-03 07:40:00+00:00,24583.5,24585.7,24575.9,24577.7,,
2026-08-03 07:45:00+00:00,24578.2,24588.05,24576.05,24587.05,,
2026-08-03 07:50:00+00:00,24587.3,24587.95,24580.6,24584.0,,
2026-08-03 07:55:00+00:00,24584.3,24592.05,24583.05,24589.7,,
2026-08-03 08:00:00+00:00,24589.25,24598.45,24585.85,24597.8,,
2026-08-03 08:05:00+00:00,24597.35,24606.05,24592.0,24592.3,,
2026-08-03 08:10:00+00:00,24592.0,24601.0,24581.2,24596.1,,
2026-08-03 08:15:00+00:00,24595.2,24601.15,24591.35,24592.7,,
2026-08-03 08:20:00+00:00,24592.1,24595.85,24583.1,24586.75,,
2026-08-03 08:25:00+00:00,24585.9,24592.65,24581.7,24586.8,,
2026-08-03 08:30:00+00:00,24586.7,24591.05,24583.5,24589.45,,
2026-08-03 08:35:00+00:00,24590.05,24593.2,24585.1,24588.4,,
2026-08-03 08:40:00+00:00,24588.75,24595.05,24583.95,24593.5,,
2026-08-03 08:45:00+00:00,24594.5,24595.05,24577.7,24583.85,,
2026-08-03 08:50:00+00:00,24584.2,24591.55,24580.65,24584.65,,
2026-08-03 08:55:00+00:00,24585.1,24592.3,24584.05,24589.85,,
2026-08-03 09:00:00+00:00,24589.45,24593.65,24587.1,24590.95,,
2026-08-03 09:05:00+00:00,24591.45,24601.15,24585.4,24597.6,,
2026-08-03 09:10:00+00:00,24597.4,24602.0,24594.35,24597.55,,
2026-08-03 09:15:00+00:00,24598.35,24601.5,24593.45,24598.55,,
2026-08-03 09:20:00+00:00,24598.2,24602.75,24588.85,24592.7,,
2026-08-03 09:25:00+00:00,24592.2,24599.2,24590.55,24595.0,,
2026-08-03 09:30:00+00:00,24594.85,24596.55,24583.25,24583.9,,
2026-08-03 09:35:00+00:00,24584.2,24584.95,24554.95,24571.05,,
2026-08-03 09:40:00+00:00,24568.8,24584.05,24554.2,24573.55,,
2026-08-03 09:45:00+00:00,24573.35,24573.35,24573.35,24573.35,,
2026-08-03 09:50:00+00:00,24573.35,24573.35,24573.35,24573.35,,
2026-08-03 09:55:00+00:00,24573.35,24774.3,24573.35,24774.3,,
2026-08-03 10:00:00+00:00,24774.3,24774.3,24774.3,24774.3,,
2026-08-03 10:05:00+00:00,24774.3,24774.3,24774.3,24774.3,,
2026-08-03 10:10:00+00:00,24774.3,24774.3,24774.3,24774.3,,
2026-08-03 10:15:00+00:00,24774.3,24774.3,24774.3,24774.3,,
2026-08-03 10:20:00+00:00,24774.3,24774.3,24774.3,24774.3,,
2026-08-03 10:25:00+00:00,24774.3,24774.3,24774.3,24774.3,,
2026-08-04 03:30:00+00:00,24774.3,25053.05,24678.7,24712.65,,
2026-08-04 03:35:00+00:00,24712.9,24732.95,24677.2,24703.9,,
2026-08-04 03:40:00+00:00,24703.9,24703.9,24703.9,24703.9,,
2026-08-04 03:45:00+00:00,24653.0,24653.0,24591.3,24599.8,,
2026-08-04 03:50:00+00:00,24604.9,24626.45,24600.4,24615.85,,
2026-08-04 03:55:00+00:00,24618.45,24618.45,24595.6,24597.6,,
2026-08-04 04:00:00+00:00,24598.5,24606.4,24589.8,24590.65,,
2026-08-04 04:05:00+00:00,24591.65,24606.2,24589.8,24604.65,,
2026-08-04 04:10:00+00:00,24606.0,24629.55,24604.6,24623.6,,
2026-08-04 04:15:00+00:00,24623.7,24635.95,24621.85,24635.15,,
2026-08-04 04:20:00+00:00,24635.8,24647.65,24631.3,24634.15,,
2026-08-04 04:25:00+00:00,24634.8,24639.6,24628.75,24631.55,,
2026-08-04 04:30:00+00:00,24633.8,24634.75,24625.35,24626.4,,
2026-08-04 04:35:00+00:00,24628.15,24630.65,24610.3,24611.4,,
2026-08-04 04:40:00+00:00,24613.95,24619.0,24607.45,24615.5,,
2026-08-04 04:45:00+00:00,24617.6,24620.75,24610.15,24616.2,,
2026-08-04 04:50:00+00:00,24617.55,24618.15,24593.55,24593.8,,
2026-08-04 04:55:00+00:00,24596.4,24598.1,24588.4,24592.8,,
2026-08-04 05:00:00+00:00,24594.15,24594.95,24581.0,24582.9,,
2026-08-04 05:05:00+00:00,24584.95,24586.25,24578.65,24581.95,,
2026-08-04 05:10:00+00:00,24584.0,24588.55,24580.1,24582.0,,
2026-08-04 05:15:00+00:00,24583.95,24585.55,24578.7,24583.5,,
2026-08-04 05:20:00+00:00,24586.35,24588.9,24580.95,24581.8,,
2026-08-04 05:25:00+00:00,24584.55,24585.25,24569.05,24575.4,,
2026-08-04 05:30:00+00:00,24577.95,24592.05,24576.15,24589.2,,
2026-08-04 05:35:00+00:00,24590.65,24593.7,24584.0,24587.9,,
2026-08-04 05:40:00+00:00,24590.1,24592.5,24585.75,24590.9,,
2026-08-04 05:45:00+00:00,24593.3,24598.8,24588.7,24593.35,,
2026-08-04 05:50:00+00:00,24595.45,24595.45,24585.5,24585.9,,
2026-08-04 05:55:00+00:00,24587.95,24589.45,24575.6,24577.05,,
2026-08-04 06:00:00+00:00,24579.55,24579.55,24568.5,24568.8,,
2026-08-04 06:05:00+00:00,24571.55,24572.55,24560.15,24571.05,,
2026-08-04 06:10:00+00:00,24571.4,24571.85,24553.9,24555.45,,
2026-08-04 06:15:00+00:00,24557.5,24557.5,24530.65,24532.8,,
2026-08-04 06:20:00+00:00,24534.75,24540.4,24529.65,24532.75,,
2026-08-04 06:25:00+00:00,24534.3,24535.8,24522.05,24524.15,,
2026-08-04 06:30:00+00:00,24524.75,24529.1,24505.55,24521.9,,
2026-08-04 06:35:00+00:00,24522.6,24524.05,24504.05,24506.35,,
2026-08-04 06:40:00+00:00,24507.9,24511.5,24496.95,24511.3,,
2026-08-04 06:45:00+00:00,24513.4,24523.6,24505.4,24519.75,,
2026-08-04 06:50:00+00:00,24521.7,24524.35,24513.6,24519.35,,
2026-08-04 06:55:00+00:00,24521.35,24521.45,24511.95,24515.7,,
2026-08-04 07:00:00+00:00,24517.65,24519.65,24506.7,24507.55,,
2026-08-04 07:05:00+00:00,24509.1,24509.1,24491.6,24503.25,,
2026-08-04 07:10:00+00:00,24504.9,24506.15,24488.15,24493.35,,
2026-08-04 07:15:00+00:00,24495.0,24506.65,24493.95,24503.3,,
2026-08-04 07:20:00+00:00,24504.65,24509.8,24499.1,24500.05,,
2026-08-04 07:25:00+00:00,24500.65,24500.65,24489.35,24491.75,,
2026-08-04 07:30:00+00:00,24493.4,24500.85,24488.75,24493.65,,
2026-08-04 07:35:00+00:00,24494.65,24495.8,24483.25,24483.7,,
2026-08-04 07:40:00+00:00,24486.65,24489.75,24477.35,24479.6,,
2026-08-04 07:45:00+00:00,24481.7,24487.95,24474.1,24482.05,,
2026-08-04 07:50:00+00:00,24484.05,24493.45,24475.15,24491.8,,
2026-08-04 07:55:00+00:00,24492.75,24492.75,24469.35,24471.2,,
2026-08-04 08:00:00+00:00,24473.5,24474.0,24458.2,24463.7,,
2026-08-04 08:05:00+00:00,24464.7,24470.85,24455.95,24468.2,,
2026-08-04 08:10:00+00:00,24468.75,24471.0,24453.8,24453.8,,
2026-08-04 08:15:00+00:00,24454.8,24467.45,24451.95,24465.45,,
2026-08-04 08:20:00+00:00,24466.75,24468.45,24440.95,24446.7,,
2026-08-04 08:25:00+00:00,24446.4,24449.6,24428.2,24448.9,,
2026-08-04 08:30:00+00:00,24450.6,24450.6,24436.15,24445.4,,
2026-08-04 08:35:00+00:00,24447.8,24458.75,24444.3,24450.2,,
2026-08-04 08:40:00+00:00,24452.5,24463.3,24450.1,24462.35,,
2026-08-04 08:45:00+00:00,24463.8,24487.35,24460.45,24486.0,,
2026-08-04 08:50:00+00:00,24487.3,24494.3,24463.8,24473.4,,
2026-08-04 08:55:00+00:00,24476.0,24482.85,24461.1,24470.5,,
2026-08-04 09:00:00+00:00,24470.1,24490.3,24456.3,24463.15,,
2026-08-04 09:05:00+00:00,24464.85,24471.5,24456.85,24463.3,,
2026-08-04 09:10:00+00:00,24463.85,24467.55,24456.65,24456.65,,
2026-08-04 09:15:00+00:00,24459.4,24472.05,24455.95,24469.2,,
2026-08-04 09:20:00+00:00,24469.65,24476.3,24465.9,24474.8,,
2026-08-04 09:25:00+00:00,24475.7,24481.45,24465.6,24465.85,,
2026-08-04 09:30:00+00:00,24469.1,24474.3,24449.75,24450.35,,
2026-08-04 09:35:00+00:00,24450.35,24458.3,24445.0,24452.3,,
2026-08-04 09:40:00+00:00,24454.0,24466.15,24443.6,24462.95,,
2026-08-04 09:45:00+00:00,24463.45,24463.45,24463.45,24463.45,,
2026-08-04 09:50:00+00:00,24463.45,24463.45,24463.45,24463.45,,
2026-08-04 09:55:00+00:00,24463.45,24614.9,24463.45,24614.9,,
2026-08-04 10:00:00+00:00,24614.9,24614.9,24614.9,24614.9,,
2026-08-04 10:05:00+00:00,24614.9,24614.9,24614.9,24614.9,,
2026-08-04 10:10:00+00:00,24614.9,24614.9,24614.9,24614.9,,
2026-08-04 10:15:00+00:00,24614.9,24614.9,24614.9,24614.9,,
2026-08-04 10:20:00+00:00,24614.9,24614.9,24614.9,24614.9,,
2026-08-04 10:25:00+00:00,24614.9,24614.9,24614.9,24614.9,,
2026-08-05 03:30:00+00:00,24614.9,24771.2,24588.8,24626.65,,
2026-08-05 03:35:00+00:00,24623.45,24711.4,24622.8,24669.2,,
2026-08-05 03:40:00+00:00,24669.2,24669.2,24669.2,24669.2,,
2026-08-05 03:45:00+00:00,24646.1,24662.75,24619.05,24636.2,,
2026-08-05 03:50:00+00:00,24636.5,24642.15,24621.05,24626.1,,
2026-08-05 03:55:00+00:00,24624.0,24628.2,24611.45,24621.4,,
2026-08-05 04:00:00+00:00,24622.2,24624.05,24605.6,24610.65,,
2026-08-05 04:05:00+00:00,24612.8,24622.6,24604.95,24622.25,,
2026-08-05 04:10:00+00:00,24622.75,24635.95,24620.45,24628.05,,
2026-08-05 04:15:00+00:00,24629.85,24631.7,24621.6,24629.5,,
2026-08-05 04:20:00+00:00,24629.05,24630.5,24591.2,24592.1,,
2026-08-05 04:25:00+00:00,24592.55,24595.3,24581.7,24594.25,,
2026-08-05 04:30:00+00:00,24595.05,24620.6,24595.05,24612.15,,
2026-08-05 04:35:00+00:00,24612.2,24614.75,24588.45,24605.6,,
2026-08-05 04:40:00+00:00,24607.1,24623.2,24605.35,24621.25,,
2026-08-05 04:45:00+00:00,24621.75,24621.75,24601.7,24610.8,,
2026-08-05 04:50:00+00:00,24612.9,24618.9,24604.7,24616.0,,
2026-08-05 04:55:00+00:00,24616.1,24616.8,24580.7,24582.15,,
2026-08-05 05:00:00+00:00,24582.8,24583.1,24562.4,24580.15,,
2026-08-05 05:05:00+00:00,24580.4,24591.2,24575.1,24581.5,,
2026-08-05 05:10:00+00:00,24583.65,24605.05,24578.85,24594.4,,
2026-08-05 05:15:00+00:00,24596.25,24610.4,24593.9,24609.5,,
2026-08-05 05:20:00+00:00,24611.4,24619.55,24604.3,24616.2,,
2026-08-05 05:25:00+00:00,24618.2,24644.75,24615.4,24643.5,,
2026-08-05 05:30:00+00:00,24643.9,24657.15,24643.5,24647.95,,
2026-08-05 05:35:00+00:00,24650.4,24662.6,24625.65,24626.2,,
2026-08-05 05:40:00+00:00,24627.25,24640.65,24617.9,24631.45,,
2026-08-05 05:45:00+00:00,24631.2,24637.65,24622.05,24622.4,,
2026-08-05 05:50:00+00:00,24623.45,24629.15,24616.1,24619.55,,
2026-08-05 05:55:00+00:00,24620.25,24621.15,24608.0,24610.95,,
2026-08-05 06:00:00+00:00,24609.55,24612.25,24589.25,24590.2,,
2026-08-05 06:05:00+00:00,24591.05,24599.3,24586.5,24598.2,,
2026-08-05 06:10:00+00:00,24599.3,24601.1,24589.85,24594.4,,
2026-08-05 06:15:00+00:00,24595.75,24595.75,24583.05,24583.65,,
2026-08-05 06:20:00+00:00,24584.95,24584.95,24569.4,24573.7,,
2026-08-05 06:25:00+00:00,24575.85,24575.85,24561.75,24570.05,,
2026-08-05 06:30:00+00:00,24570.85,24579.05,24568.3,24575.85,,
2026-08-05 06:35:00+00:00,24576.35,24578.6,24571.9,24576.4,,
2026-08-05 06:40:00+00:00,24577.5,24577.5,24564.75,24572.85,,
2026-08-05 06:45:00+00:00,24573.75,24580.35,24566.3,24566.5,,
2026-08-05 06:50:00+00:00,24567.95,24576.8,24560.95,24571.9,,
2026-08-05 06:55:00+00:00,24573.1,24576.15,24564.1,24566.9,,
2026-08-05 07:00:00+00:00,24567.3,24568.3,24542.05,24543.95,,
2026-08-05 07:05:00+00:00,24544.3,24545.3,24530.1,24540.0,,
2026-08-05 07:10:00+00:00,24541.2,24545.65,24525.95,24531.85,,
2026-08-05 07:15:00+00:00,24533.6,24535.1,24520.7,24523.85,,
2026-08-05 07:20:00+00:00,24525.1,24526.1,24517.65,24523.05,,
2026-08-05 07:25:00+00:00,24524.55,24528.5,24515.65,24516.35,,
2026-08-05 07:30:00+00:00,24518.1,24534.6,24513.7,24530.9,,
2026-08-05 07:35:00+00:00,24532.3,24536.9,24508.45,24536.65,,
2026-08-05 07:40:00+00:00,24537.65,24540.1,24519.25,24534.95,,
2026-08-05 07:45:00+00:00,24535.85,24548.5,24530.55,24547.3,,
2026-08-05 07:50:00+00:00,24548.7,24559.3,24522.95,24524.45,,
2026-08-05 07:55:00+00:00,24526.05,24532.05,24515.75,24528.55,,
2026-08-05 08:00:00+00:00,24529.2,24535.1,24515.6,24519.05,,
2026-08-05 08:05:00+00:00,24520.8,24528.1,24516.9,24520.1,,
2026-08-05 08:10:00+00:00,24521.45,24521.45,24498.7,24502.95,,
2026-08-05 08:15:00+00:00,24503.7,24528.0,24502.1,24527.45,,
2026-08-05 08:20:00+00:00,24529.0,24532.5,24507.8,24517.05,,
2026-08-05 08:25:00+00:00,24517.3,24517.45,24506.5,24514.45,,
2026-08-05 08:30:00+00:00,24515.55,24526.85,24513.45,24524.5,,
2026-08-05 08:35:00+00:00,24525.9,24534.3,24522.25,24523.7,,
2026-08-05 08:40:00+00:00,24524.8,24532.25,24512.6,24513.25,,
2026-08-05 08:45:00+00:00,24514.0,24515.8,24498.25,24507.45,,
2026-08-05 08:50:00+00:00,24506.7,24516.8,24503.4,24505.5,,
2026-08-05 08:55:00+00:00,24505.9,24513.05,24501.1,24504.75,,
2026-08-05 09:00:00+00:00,24507.15,24511.75,24503.25,24504.85,,
2026-08-05 09:05:00+00:00,24506.1,24520.35,24501.5,24516.65,,
2026-08-05 09:10:00+00:00,24516.05,24516.75,24500.75,24505.0,,
2026-08-05 09:15:00+00:00,24506.1,24520.8,24503.85,24517.1,,
2026-08-05 09:20:00+00:00,24517.45,24520.6,24507.45,24511.2,,
2026-08-05 09:25:00+00:00,24512.5,24530.8,24506.2,24523.8,,
2026-08-05 09:30:00+00:00,24525.8,24536.15,24517.3,24533.3,,
2026-08-05 09:35:00+00:00,24533.55,24548.95,24518.6,24540.75,,
2026-08-05 09:40:00+00:00,24542.25,24575.75,24528.5,24570.2,,
2026-08-05 09:45:00+00:00,24570.2,24570.2,24570.2,24570.2,,
2026-08-05 09:50:00+00:00,24570.2,24570.2,24570.2,24570.2,,
2026-08-05 09:55:00+00:00,24570.2,24624.65,24570.2,24624.65,,
2026-08-05 10:00:00+00:00,24624.65,24624.65,24624.65,24624.65,,
2026-08-05 10:05:00+00:00,24624.65,24624.65,24624.65,24624.65,,
2026-08-05 10:10:00+00:00,24624.65,24624.65,24624.65,24624.65,,
2026-08-05 10:15:00+00:00,24624.65,24624.65,24624.65,24624.65,,
2026-08-05 10:20:00+00:00,24624.65,24624.65,24624.65,24624.65,,
2026-08-05 10:25:00+00:00,24624.65,24624.65,24624.65,24624.65,,
2026-08-06 03:30:00+00:00,24624.65,25056.6,24624.65,24672.6,,
2026-08-06 03:35:00+00:00,24672.6,24714.1,24639.5,24641.0,,
2026-08-06 03:40:00+00:00,24641.0,24641.0,24641.0,24641.0,,
2026-08-06 03:45:00+00:00,24632.7,24641.15,24607.75,24625.95,,
2026-08-06 03:50:00+00:00,24627.0,24646.9,24625.4,24637.5,,
2026-08-06 03:55:00+00:00,24638.2,24641.95,24626.25,24635.25,,
2026-08-06 04:00:00+00:00,24637.75,24649.3,24620.65,24624.55,,
2026-08-06 04:05:00+00:00,24625.55,24639.4,24622.7,24632.95,,
2026-08-06 04:10:00+00:00,24635.55,24646.4,24632.0,24645.15,,
2026-08-06 04:15:00+00:00,24647.9,24664.45,24645.2,24659.65,,
2026-08-06 04:20:00+00:00,24660.2,24664.95,24655.4,24662.3,,
2026-08-06 04:25:00+00:00,24663.05,24663.05,24635.3,24636.35,,
2026-08-06 04:30:00+00:00,24637.55,24637.55,24606.45,24614.55,,
2026-08-06 04:35:00+00:00,24614.05,24621.5,24605.95,24620.7,,
2026-08-06 04:40:00+00:00,24621.05,24638.9,24619.55,24630.85,,
2026-08-06 04:45:00+00:00,24631.75,24631.75,24617.75,24619.9,,
2026-08-06 04:50:00+00:00,24621.0,24639.25,24618.65,24638.65,,
2026-08-06 04:55:00+00:00,24639.45,24639.7,24627.65,24635.7,,
2026-08-06 05:00:00+00:00,24636.55,24643.35,24634.4,24635.55,,
2026-08-06 05:05:00+00:00,24636.05,24643.35,24630.35,24639.6,,
2026-08-06 05:10:00+00:00,24639.95,24641.1,24632.05,24636.65,,
2026-08-06 05:15:00+00:00,24637.0,24637.25,24621.65,24626.9,,
2026-08-06 05:20:00+00:00,24626.05,24629.95,24616.0,24628.05,,
2026-08-06 05:25:00+00:00,24629.4,24640.6,24623.4,24630.7,,
2026-08-06 05:30:00+00:00,24630.9,24634.7,24621.6,24629.75,,
2026-08-06 05:35:00+00:00,24629.9,24639.6,24628.8,24638.35,,
2026-08-06 05:40:00+00:00,24639.0,24655.6,24637.8,24652.45,,
2026-08-06 05:45:00+00:00,24653.8,24666.3,24647.9,24663.9,,
2026-08-06 05:50:00+00:00,24664.6,24670.15,24663.85,24669.65,,
2026-08-06 05:55:00+00:00,24669.95,24674.8,24663.85,24672.55,,
2026-08-06 06:00:00+00:00,24674.0,24676.8,24658.6,24659.75,,
2026-08-06 06:05:00+00:00,24660.65,24663.4,24650.65,24651.5,,
2026-08-06 06:10:00+00:00,24651.65,24656.55,24628.95,24633.65,,
2026-08-06 06:15:00+00:00,24633.75,24636.35,24626.9,24635.65,,
2026-08-06 06:20:00+00:00,24636.45,24650.75,24636.1,24645.3,,
2026-08-06 06:25:00+00:00,24646.15,24664.35,24644.7,24659.9,,
2026-08-06 06:30:00+00:00,24660.55,24661.8,24652.85,24654.7,,
2026-08-06 06:35:00+00:00,24655.25,24657.65,24648.9,24651.65,,
2026-08-06 06:40:00+00:00,24651.7,24651.8,24638.3,24643.15,,
2026-08-06 06:45:00+00:00,24644.2,24660.75,24643.35,24646.35,,
2026-08-06 06:50:00+00:00,24646.5,24646.7,24627.2,24635.6,,
2026-08-06 06:55:00+00:00,24636.1,24641.7,24630.85,24637.05,,
2026-08-06 07:00:00+00:00,24637.35,24648.55,24636.4,24645.3,,
2026-08-06 07:05:00+00:00,24645.9,24649.45,24639.35,24642.65,,
2026-08-06 07:10:00+00:00,24643.6,24651.1,24638.8,24646.25,,
2026-08-06 07:15:00+00:00,24646.2,24648.45,24634.2,24636.3,,
2026-08-06 07:20:00+00:00,24636.8,24641.8,24627.85,24631.95,,
2026-08-06 07:25:00+00:00,24632.65,24636.25,24622.05,24629.05,,
2026-08-06 07:30:00+00:00,24629.25,24650.95,24628.35,24642.55,,
2026-08-06 07:35:00+00:00,24643.05,24647.25,24622.45,24627.15,,
2026-08-06 07:40:00+00:00,24627.65,24644.05,24621.25,24622.2,,
2026-08-06 07:45:00+00:00,24623.0,24653.45,24611.85,24651.6,,
2026-08-06 07:50:00+00:00,24651.8,24655.9,24617.9,24618.9,,
2026-08-06 07:55:00+00:00,24619.5,24633.45,24615.95,24628.0,,
2026-08-06 08:00:00+00:00,24628.05,24643.4,24628.05,24640.7,,
2026-08-06 08:05:00+00:00,24641.5,24659.65,24629.9,24633.8,,
2026-08-06 08:10:00+00:00,24633.45,24641.15,24626.0,24633.05,,
2026-08-06 08:15:00+00:00,24634.55,24636.1,24613.35,24613.6,,
2026-08-06 08:20:00+00:00,24614.25,24632.95,24606.9,24629.25,,
2026-08-06 08:25:00+00:00,24630.55,24649.75,24620.8,24647.25,,
2026-08-06 08:30:00+00:00,24646.25,24651.25,24634.1,24648.05,,
2026-08-06 08:35:00+00:00,24647.75,24656.65,24646.9,24649.2,,
2026-08-06 08:40:00+00:00,24650.0,24658.5,24648.2,24651.1,,
2026-08-06 08:45:00+00:00,24651.85,24657.65,24650.15,24654.3,,
2026-08-06 08:50:00+00:00,24654.5,24658.75,24649.35,24657.5,,
2026-08-06 08:55:00+00:00,24657.5,24662.8,24651.5,24654.9,,
2026-08-06 09:00:00+00:00,24655.45,24659.45,24634.25,24649.3,,
2026-08-06 09:05:00+00:00,24649.4,24653.6,24641.75,24643.6,,
2026-08-06 09:10:00+00:00,24644.35,24652.65,24632.65,24638.35,,
2026-08-06 09:15:00+00:00,24639.55,24647.55,24634.5,24644.55,,
2026-08-06 09:20:00+00:00,24645.4,24645.8,24634.05,24636.25,,
2026-08-06 09:25:00+00:00,24636.15,24636.2,24629.35,24633.0,,
2026-08-06 09:30:00+00:00,24633.2,24642.05,24614.7,24621.7,,
2026-08-06 09:35:00+00:00,24624.25,24639.0,24616.7,24628.2,,
2026-08-06 09:40:00+00:00,24628.65,24636.6,24619.2,24628.5,,
2026-08-06 09:45:00+00:00,24627.95,24627.95,24627.95,24627.95,,
2026-08-06 09:50:00+00:00,24627.95,24627.95,24627.95,24627.95,,
2026-08-06 09:55:00+00:00,24627.95,24636.0,24627.95,24636.0,,
2026-08-06 10:00:00+00:00,24636.0,24636.0,24636.0,24636.0,,
2026-08-06 10:05:00+00:00,24636.0,24636.0,24636.0,24636.0,,
2026-08-06 10:10:00+00:00,24636.0,24636.0,24636.0,24636.0,,
2026-08-06 10:15:00+00:00,24636.0,24636.0,24636.0,24636.0,,
2026-08-06 10:20:00+00:00,24636.0,24636.0,24636.0,24636.0,,
2026-08-06 10:25:00+00:00,24636.0,24636.0,24636.0,24636.0,,
2026-08-07 03:30:00+00:00,24636.0,24637.05,24505.4,24550.95,,
2026-08-07 03:35:00+00:00,24551.4,24558.9,24491.15,24538.9,,
2026-08-07 03:40:00+00:00,24538.9,24538.9,24538.9,24538.9,,
2026-08-07 03:45:00+00:00,24535.05,24600.9,24535.05,24592.2,,
2026-08-07 03:50:00+00:00,24593.25,24620.0,24584.75,24611.7,,
2026-08-07 03:55:00+00:00,24613.3,24614.65,24600.5,24601.6,,
2026-08-07 04:00:00+00:00,24604.0,24611.95,24593.25,24601.7,,
2026-08-07 04:05:00+00:00,24602.65,24608.8,24598.4,24604.65,,
2026-08-07 04:10:00+00:00,24605.8,24618.65,24598.3,24618.2,,
2026-08-07 04:15:00+00:00,24620.15,24620.15,24600.8,24610.95,,
2026-08-07 04:20:00+00:00,24612.6,24625.8,24611.65,24622.25,,
2026-08-07 04:25:00+00:00,24625.45,24629.8,24617.95,24625.8,,
2026-08-07 04:30:00+00:00,24627.05,24627.05,24607.5,24613.8,,
2026-08-07 04:35:00+00:00,24614.95,24618.75,24609.7,24613.2,,
2026-08-07 04:40:00+00:00,24613.65,24614.9,24594.0,24599.15,,
2026-08-07 04:45:00+00:00,24601.65,24601.65,24570.8,24577.15,,
2026-08-07 04:50:00+00:00,24579.1,24587.8,24570.9,24574.6,,
2026-08-07 04:55:00+00:00,24577.0,24577.0,24562.95,24566.55,,
2026-08-07 05:00:00+00:00,24567.85,24572.95,24561.3,24571.3,,
2026-08-07 05:05:00+00:00,24572.4,24576.0,24566.7,24574.85,,
2026-08-07 05:10:00+00:00,24576.6,24576.6,24563.95,24569.5,,
2026-08-07 05:15:00+00:00,24572.15,24583.9,24569.4,24577.1,,
2026-08-07 05:20:00+00:00,24579.05,24586.5,24572.55,24582.2,,
2026-08-07 05:25:00+00:00,24583.85,24586.05,24569.5,24570.35,,
2026-08-07 05:30:00+00:00,24572.15,24575.25,24552.25,24555.8,,
2026-08-07 05:35:00+00:00,24557.05,24570.9,24555.15,24567.2,,
2026-08-07 05:40:00+00:00,24568.9,24571.1,24565.2,24567.6,,
2026-08-07 05:45:00+00:00,24569.1,24569.1,24558.45,24562.65,,
2026-08-07 05:50:00+00:00,24564.95,24577.55,24561.15,24576.25,,
2026-08-07 05:55:00+00:00,24578.7,24591.6,24575.1,24584.75,,
2026-08-07 06:00:00+00:00,24586.6,24586.6,24575.1,24578.6,,
2026-08-07 06:05:00+00:00,24579.3,24589.5,24576.1,24585.7,,
2026-08-07 06:10:00+00:00,24587.05,24587.05,24579.0,24579.35,,
2026-08-07 06:15:00+00:00,24581.5,24581.9,24563.15,24564.0,,
2026-08-07 06:20:00+00:00,24565.8,24565.8,24550.65,24556.45,,
2026-08-07 06:25:00+00:00,24557.2,24561.0,24555.35,24560.95,,
2026-08-07 06:30:00+00:00,24562.5,24563.45,24551.75,24552.5,,
2026-08-07 06:35:00+00:00,24554.5,24555.5,24545.75,24551.45,,
2026-08-07 06:40:00+00:00,24552.55,24553.1,24540.15,24541.15,,
2026-08-07 06:45:00+00:00,24543.3,24543.3,24532.9,24537.9,,
2026-08-07 06:50:00+00:00,24538.5,24546.95,24534.15,24538.1,,
2026-08-07 06:55:00+00:00,24540.9,24558.4,24536.2,24550.0,,
2026-08-07 07:00:00+00:00,24551.75,24561.05,24544.8,24559.55,,
2026-08-07 07:05:00+00:00,24562.3,24562.45,24555.9,24560.05,,
2026-08-07 07:10:00+00:00,24562.45,24562.45,24552.45,24557.05,,
2026-08-07 07:15:00+00:00,24559.35,24570.05,24554.65,24567.0,,
2026-08-07 07:20:00+00:00,24568.5,24568.55,24554.5,24559.3,,
2026-08-07 07:25:00+00:00,24560.7,24561.25,24551.3,24553.65,,
2026-08-07 07:30:00+00:00,24556.25,24557.55,24548.15,24556.05,,
2026-08-07 07:35:00+00:00,24559.6,24567.25,24555.9,24557.9,,
2026-08-07 07:40:00+00:00,24559.5,24562.45,24546.7,24547.0,,
2026-08-07 07:45:00+00:00,24548.25,24560.25,24546.1,24546.45,,
2026-08-07 07:50:00+00:00,24549.15,24566.0,24546.15,24564.8,,
2026-08-07 07:55:00+00:00,24566.0,24573.5,24563.4,24565.95,,
2026-08-07 08:00:00+00:00,24567.55,24568.45,24545.7,24547.75,,
2026-08-07 08:05:00+00:00,24549.0,24558.15,24545.35,24547.55,,
2026-08-07 08:10:00+00:00,24549.25,24552.3,24545.7,24548.5,,
2026-08-07 08:15:00+00:00,24550.7,24574.85,24547.7,24573.45,,
2026-08-07 08:20:00+00:00,24576.2,24590.5,24569.0,24571.2,,
2026-08-07 08:25:00+00:00,24572.6,24574.0,24549.45,24563.95,,
2026-08-07 08:30:00+00:00,24565.85,24579.65,24549.85,24553.55,,
2026-08-07 08:35:00+00:00,24554.85,24559.15,24532.1,24538.2,,
2026-08-07 08:40:00+00:00,24539.2,24541.45,24522.9,24526.85,,
2026-08-07 08:45:00+00:00,24528.8,24542.95,24523.15,24536.55,,
2026-08-07 08:50:00+00:00,24537.85,24543.2,24529.2,24541.3,,
2026-08-07 08:55:00+00:00,24544.6,24547.1,24532.95,24534.1,,
2026-08-07 09:00:00+00:00,24535.8,24549.6,24526.15,24543.45,,
2026-08-07 09:05:00+00:00,24544.65,24546.45,24535.05,24537.1,,
2026-08-07 09:10:00+00:00,24536.7,24541.4,24531.15,24537.9,,
2026-08-07 09:15:00+00:00,24542.5,24561.45,24537.5,24559.05,,
2026-08-07 09:20:00+00:00,24559.35,24561.0,24528.55,24531.95,,
2026-08-07 09:25:00+00:00,24533.55,24547.1,24531.8,24542.15,,
2026-08-07 09:30:00+00:00,24542.55,24552.45,24541.6,24550.15,,
2026-08-07 09:35:00+00:00,24551.0,24554.7,24544.65,24552.2,,
2026-08-07 09:40:00+00:00,24553.85,24565.1,24552.35,24554.55,,
2026-08-07 09:45:00+00:00,24557.0,24557.0,24557.0,24557.0,,
2026-08-07 09:50:00+00:00,24557.0,24557.0,24557.0,24557.0,,
2026-08-07 09:55:00+00:00,24557.0,24570.65,24557.0,24570.65,,
2026-08-07 10:00:00+00:00,24570.65,24570.65,24570.65,24570.65,,
2026-08-07 10:05:00+00:00,24570.65,24570.65,24570.65,24570.65,,
2026-08-07 10:10:00+00:00,24570.65,24570.65,24570.65,24570.65,,
2026-08-07 10:15:00+00:00,24570.65,24570.65,24570.65,24570.65,,
2026-08-07 10:20:00+00:00,24570.65,24570.65,24570.65,24570.65,,
2026-08-07 10:25:00+00:00,24570.65,24570.65,24570.65,24570.65,,
2026-08-10 03:30:00+00:00,24570.65,24756.35,24561.6,24609.05,,
2026-08-10 03:35:00+00:00,24606.2,24606.2,24564.8,24581.25,,
2026-08-10 03:40:00+00:00,24581.25,24581.25,24581.25,24581.25,,
2026-08-10 03:45:00+00:00,24584.05,24607.7,24559.6,24602.7,,
2026-08-10 03:50:00+00:00,24602.85,24620.55,24590.0,24590.35,,
2026-08-10 03:55:00+00:00,24589.95,24592.4,24555.25,24555.9,,
2026-08-10 04:00:00+00:00,24557.9,24560.9,24533.5,24534.35,,
2026-08-10 04:05:00+00:00,24534.25,24536.15,24511.3,24528.05,,
2026-08-10 04:10:00+00:00,24528.85,24530.35,24512.95,24521.15,,
2026-08-10 04:15:00+00:00,24521.75,24538.8,24518.45,24527.6,,
2026-08-10 04:20:00+00:00,24529.3,24542.8,24524.55,24527.9,,
2026-08-10 04:25:00+00:00,24528.25,24538.2,24525.05,24534.25,,
2026-08-10 04:30:00+00:00,24536.35,24551.4,24530.25,24538.5,,
2026-08-10 04:35:00+00:00,24540.6,24547.0,24532.45,24534.65,,
2026-08-10 04:40:00+00:00,24535.3,24547.7,24533.75,24544.75,,
2026-08-10 04:45:00+00:00,24545.9,24574.9,24545.6,24574.25,,
2026-08-10 04:50:00+00:00,24574.95,24593.8,24571.35,24592.55,,
2026-08-10 04:55:00+00:00,24594.35,24595.4,24580.25,24594.8,,
2026-08-10 05:00:00+00:00,24595.2,24601.15,24584.85,24585.55,,
2026-08-10 05:05:00+00:00,24586.0,24595.05,24585.5,24593.85,,
2026-08-10 05:10:00+00:00,24594.9,24605.35,24592.9,24603.65,,
2026-08-10 05:15:00+00:00,24604.1,24614.5,24600.15,24600.9,,
2026-08-10 05:20:00+00:00,24601.2,24603.05,24586.35,24588.0,,
2026-08-10 05:25:00+00:00,24588.4,24590.9,24585.85,24588.2,,
2026-08-10 05:30:00+00:00,24588.8,24601.05,24587.95,24600.75,,
2026-08-10 05:35:00+00:00,24600.2,24602.05,24589.35,24591.3,,
2026-08-10 05:40:00+00:00,24591.95,24602.7,24586.2,24602.35,,
2026-08-10 05:45:00+00:00,24602.9,24604.15,24592.65,24601.6,,
2026-08-10 05:50:00+00:00,24602.5,24607.7,24597.15,24601.15,,
2026-08-10 05:55:00+00:00,24601.25,24610.45,24600.2,24603.9,,
2026-08-10 06:00:00+00:00,24604.25,24604.95,24581.65,24585.4,,
2026-08-10 06:05:00+00:00,24585.85,24599.9,24581.05,24595.55,,
2026-08-10 06:10:00+00:00,24596.65,24600.75,24582.7,24583.15,,
2026-08-10 06:15:00+00:00,24583.5,24598.5,24574.65,24591.25,,
2026-08-10 06:20:00+00:00,24591.9,24599.4,24586.45,24586.45,,
2026-08-10 06:25:00+00:00,24587.65,24597.5,24583.0,24588.2,,
2026-08-10 06:30:00+00:00,24588.9,24596.25,24584.25,24594.2,,
2026-08-10 06:35:00+00:00,24595.25,24597.4,24587.9,24593.95,,
2026-08-10 06:40:00+00:00,24594.1,24609.9,24591.15,24606.8,,
2026-08-10 06:45:00+00:00,24606.6,24618.9,24604.55,24608.0,,
2026-08-10 06:50:00+00:00,24608.75,24613.95,24601.3,24602.0,,
2026-08-10 06:55:00+00:00,24602.8,24615.85,24602.05,24610.6,,
2026-08-10 07:00:00+00:00,24610.35,24616.9,24605.75,24609.3,,
2026-08-10 07:05:00+00:00,24609.4,24615.35,24601.5,24612.5,,
2026-08-10 07:10:00+00:00,24612.15,24614.45,24598.1,24598.25,,
2026-08-10 07:15:00+00:00,24599.4,24603.75,24593.45,24596.1,,
2026-08-10 07:20:00+00:00,24595.7,24600.45,24588.15,24591.05,,
2026-08-10 07:25:00+00:00,24591.85,24593.15,24583.75,24587.75,,
2026-08-10 07:30:00+00:00,24587.1,24592.2,24577.9,24589.95,,
2026-08-10 07:35:00+00:00,24589.75,24596.0,24577.7,24579.25,,
2026-08-10 07:40:00+00:00,24578.8,24582.8,24571.35,24573.55,,
2026-08-10 07:45:00+00:00,24573.1,24589.8,24573.1,24586.85,,
2026-08-10 07:50:00+00:00,24586.95,24588.8,24581.45,24585.6,,
2026-08-10 07:55:00+00:00,24585.45,24595.35,24585.45,24589.8,,
2026-08-10 08:00:00+00:00,24590.55,24600.75,24587.65,24598.6,,
2026-08-10 08:05:00+00:00,24599.0,24602.35,24596.3,24599.6,,
2026-08-10 08:10:00+00:00,24599.25,24608.5,24597.55,24606.35,,
2026-08-10 08:15:00+00:00,24606.65,24610.3,24596.35,24604.6,,
2026-08-10 08:20:00+00:00,24605.05,24608.95,24601.0,24605.4,,
2026-08-10 08:25:00+00:00,24605.35,24606.75,24591.1,24591.85,,
2026-08-10 08:30:00+00:00,24591.8,24598.05,24582.5,24590.9,,
2026-08-10 08:35:00+00:00,24590.6,24605.35,24590.0,24597.85,,
2026-08-10 08:40:00+00:00,24597.2,24600.85,24586.95,24587.55,,
2026-08-10 08:45:00+00:00,24587.95,24593.55,24583.15,24583.9,,
2026-08-10 08:50:00+00:00,24584.45,24592.45,24583.7,24587.8,,
2026-08-10 08:55:00+00:00,24586.8,24594.4,24584.15,24586.75,,
2026-08-10 09:00:00+00:00,24586.75,24591.0,24578.0,24582.45,,
2026-08-10 09:05:00+00:00,24582.05,24582.25,24568.1,24573.95,,
2026-08-10 09:10:00+00:00,24573.65,24578.85,24565.55,24572.5,,
2026-08-10 09:15:00+00:00,24572.55,24572.55,24553.7,24556.25,,
2026-08-10 09:20:00+00:00,24554.6,24562.35,24549.0,24558.95,,
2026-08-10 09:25:00+00:00,24556.9,24568.2,24554.25,24567.85,,
2026-08-10 09:30:00+00:00,24566.55,24574.4,24547.6,24572.0,,
2026-08-10 09:35:00+00:00,24572.35,24575.3,24553.25,24553.5,,
2026-08-10 09:40:00+00:00,24555.35,24567.25,24543.05,24560.05,,
2026-08-10 09:45:00+00:00,24560.15,24560.15,24560.15,24560.15,,
2026-08-10 09:50:00+00:00,24560.15,24560.15,24560.15,24560.15,,
2026-08-10 09:55:00+00:00,24560.15,24583.8,24560.15,24583.8,,
2026-08-10 10:00:00+00:00,24583.8,24583.8,24583.8,24583.8,,
2026-08-10 10:05:00+00:00,24583.8,24583.8,24583.8,24583.8,,
2026-08-10 10:10:00+00:00,24583.8,24583.8,24583.8,24583.8,,
2026-08-10 10:15:00+00:00,24583.8,24583.8,24583.8,24583.8,,
2026-08-10 10:20:00+00:00,24583.8,24583.8,24583.8,24583.8,,
2026-08-10 10:25:00+00:00,24583.8,24583.8,24583.8,24583.8,,
2026-08-11 03:30:00+00:00,24583.8,24911.7,24580.05,24615.55,,
2026-08-11 03:35:00+00:00,24615.55,24617.05,24550.55,24575.1,,
2026-08-11 03:40:00+00:00,24575.1,24575.1,24575.1,24575.1,,
2026-08-11 03:45:00+00:00,24575.5,24575.5,24501.0,24504.75,,
2026-08-11 03:50:00+00:00,24503.5,24506.35,24493.0,24500.15,,
2026-08-11 03:55:00+00:00,24499.95,24508.3,24487.4,24487.4,,
2026-08-11 04:00:00+00:00,24486.9,24493.7,24479.05,24488.35,,
2026-08-11 04:05:00+00:00,24488.5,24497.6,24480.9,24481.75,,
2026-08-11 04:10:00+00:00,24482.35,24483.8,24468.4,24479.25,,
2026-08-11 04:15:00+00:00,24480.55,24483.65,24464.15,24472.15,,
2026-08-11 04:20:00+00:00,24471.7,24477.45,24464.2,24468.6,,
2026-08-11 04:25:00+00:00,24467.35,24487.55,24461.0,24486.85,,
2026-08-11 04:30:00+00:00,24486.4,24491.85,24479.3,24486.55,,
2026-08-11 04:35:00+00:00,24486.55,24489.25,24475.05,24479.55,,
2026-08-11 04:40:00+00:00,24479.75,24481.9,24472.6,24473.0,,
2026-08-11 04:45:00+00:00,24473.5,24481.05,24467.35,24467.6,,
2026-08-11 04:50:00+00:00,24467.65,24475.15,24463.6,24470.3,,
2026-08-11 04:55:00+00:00,24470.15,24484.8,24467.9,24479.0,,
2026-08-11 05:00:00+00:00,24479.15,24485.0,24474.15,24480.7,,
2026-08-11 05:05:00+00:00,24480.8,24484.3,24472.35,24478.95,,
2026-08-11 05:10:00+00:00,24479.4,24481.25,24471.5,24474.75,,
2026-08-11 05:15:00+00:00,24474.4,24474.85,24464.85,24468.4,,
2026-08-11 05:20:00+00:00,24468.65,24481.0,24468.35,24476.7,,
2026-08-11 05:25:00+00:00,24476.9,24479.3,24469.0,24469.0,,
2026-08-11 05:30:00+00:00,24469.55,24471.25,24449.7,24452.0,,
2026-08-11 05:35:00+00:00,24452.0,24458.95,24445.1,24445.65,,
2026-08-11 05:40:00+00:00,24445.7,24451.65,24440.4,24451.25,,
2026-08-11 05:45:00+00:00,24451.3,24455.7,24444.15,24449.2,,
2026-08-11 05:50:00+00:00,24449.55,24449.55,24443.6,24445.65,,
2026-08-11 05:55:00+00:00,24445.65,24447.1,24437.55,24442.6,,
2026-08-11 06:00:00+00:00,24442.8,24445.45,24436.95,24442.6,,
2026-08-11 06:05:00+00:00,24442.65,24450.15,24439.4,24447.65,,
2026-08-11 06:10:00+00:00,24447.5,24452.3,24445.4,24448.6,,
2026-08-11 06:15:00+00:00,24448.75,24456.45,24446.45,24453.4,,
2026-08-11 06:20:00+00:00,24453.65,24455.9,24440.9,24442.2,,
2026-08-11 06:25:00+00:00,24441.9,24445.15,24435.65,24444.05,,
2026-08-11 06:30:00+00:00,24444.1,24446.0,24429.6,24431.05,,
2026-08-11 06:35:00+00:00,24431.1,24438.25,24429.25,24434.65,,
2026-08-11 06:40:00+00:00,24434.25,24450.75,24434.25,24444.65,,
2026-08-11 06:45:00+00:00,24444.0,24449.0,24434.35,24439.3,,
2026-08-11 06:50:00+00:00,24439.1,24446.5,24431.25,24431.85,,
2026-08-11 06:55:00+00:00,24431.95,24441.9,24430.35,24439.65,,
2026-08-11 07:00:00+00:00,24439.35,24446.25,24437.35,24444.25,,
2026-08-11 07:05:00+00:00,24444.25,24445.4,24439.45,24439.85,,
2026-08-11 07:10:00+00:00,24440.25,24452.4,24433.5,24451.2,,
2026-08-11 07:15:00+00:00,24451.95,24461.75,24448.8,24458.4,,
2026-08-11 07:20:00+00:00,24458.55,24460.05,24446.8,24448.65,,
2026-08-11 07:25:00+00:00,24448.9,24450.55,24439.55,24440.5,,
2026-08-11 07:30:00+00:00,24440.65,24456.8,24438.9,24456.7,,
2026-08-11 07:35:00+00:00,24456.45,24466.65,24449.8,24462.0,,
2026-08-11 07:40:00+00:00,24461.9,24464.35,24451.1,24453.15,,
2026-08-11 07:45:00+00:00,24453.35,24453.8,24442.15,24450.0,,
2026-08-11 07:50:00+00:00,24450.1,24453.25,24441.8,24452.0,,
2026-08-11 07:55:00+00:00,24452.15,24474.9,24451.15,24455.05,,
2026-08-11 08:00:00+00:00,24454.95,24471.45,24454.85,24469.45,,
2026-08-11 08:05:00+00:00,24468.8,24468.8,24451.25,24454.5,,
2026-08-11 08:10:00+00:00,24454.55,24467.45,24454.35,24460.55,,
2026-08-11 08:15:00+00:00,24460.65,24469.1,24457.15,24458.5,,
2026-08-11 08:20:00+00:00,24457.45,24462.5,24450.2,24453.8,,
2026-08-11 08:25:00+00:00,24453.5,24453.9,24445.8,24450.15,,
2026-08-11 08:30:00+00:00,24451.0,24455.3,24445.8,24450.85,,
2026-08-11 08:35:00+00:00,24450.95,24466.15,24441.1,24460.95,,
2026-08-11 08:40:00+00:00,24463.95,24466.05,24453.05,24462.55,,
2026-08-11 08:45:00+00:00,24464.2,24470.0,24452.35,24454.05,,
2026-08-11 08:50:00+00:00,24453.75,24462.05,24449.95,24458.1,,
2026-08-11 08:55:00+00:00,24459.5,24465.85,24447.3,24449.15,,
2026-08-11 09:00:00+00:00,24450.15,24455.65,24442.15,24443.25,,
2026-08-11 09:05:00+00:00,24445.8,24452.3,24435.05,24437.75,,
2026-08-11 09:10:00+00:00,24441.6,24450.1,24439.5,24448.05,,
2026-08-11 09:15:00+00:00,24450.3,24455.45,24448.0,24453.35,,
2026-08-11 09:20:00+00:00,24456.1,24460.15,24451.75,24456.7,,
2026-08-11 09:25:00+00:00,24459.8,24469.2,24455.85,24464.2,,
2026-08-11 09:30:00+00:00,24465.3,24472.7,24457.3,24472.2,,
2026-08-11 09:35:00+00:00,24473.75,24476.45,24452.3,24454.6,,
2026-08-11 09:40:00+00:00,24454.35,24457.85,24442.65,24450.0,,
2026-08-11 09:45:00+00:00,24450.25,24450.25,24450.25,24450.25,,
2026-08-11 09:50:00+00:00,24450.25,24450.25,24450.25,24450.25,,
2026-08-11 09:55:00+00:00,24450.25,24471.7,24450.25,24471.7,,
2026-08-11 10:00:00+00:00,24471.7,24471.7,24471.7,24471.7,,
2026-08-11 10:05:00+00:00,24471.7,24471.7,24471.7,24471.7,,
2026-08-11 10:10:00+00:00,24471.7,24471.7,24471.7,24471.7,,
2026-08-11 10:15:00+00:00,24471.7,24471.7,24471.7,24471.7,,
2026-08-11 10:20:00+00:00,24471.7,24471.7,24471.7,24471.7,,
2026-08-11 10:25:00+00:00,24471.7,24471.7,24471.7,24471.7,,
2026-08-12 03:30:00+00:00,24471.7,24500.8,24429.2,24461.65,,
2026-08-12 03:35:00+00:00,24461.65,24488.95,24458.3,24472.45,,
2026-08-12 03:40:00+00:00,24472.45,24472.45,24472.45,24472.45,,
2026-08-12 03:45:00+00:00,24469.8,24469.8,24390.9,24407.15,,
2026-08-12 03:50:00+00:00,24409.9,24430.9,24403.6,24423.0,,
2026-08-12 03:55:00+00:00,24424.9,24463.5,24423.15,24457.4,,
2026-08-12 04:00:00+00:00,24458.55,24458.55,24432.9,24440.2,,
2026-08-12 04:05:00+00:00,24441.75,24442.4,24420.8,24427.85,,
2026-08-12 04:10:00+00:00,24428.85,24438.1,24425.9,24428.0,,
2026-08-12 04:15:00+00:00,24428.8,24428.85,24399.9,24402.55,,
2026-08-12 04:20:00+00:00,24404.05,24412.1,24392.7,24409.9,,
2026-08-12 04:25:00+00:00,24410.95,24410.95,24376.55,24378.55,,
2026-08-12 04:30:00+00:00,24379.5,24379.5,24361.55,24362.6,,
2026-08-12 04:35:00+00:00,24364.8,24367.5,24357.6,24363.75,,
2026-08-12 04:40:00+00:00,24365.25,24372.1,24362.25,24365.1,,
2026-08-12 04:45:00+00:00,24366.25,24383.35,24359.25,24373.5,,
2026-08-12 04:50:00+00:00,24375.45,24379.7,24372.05,24374.8,,
2026-08-12 04:55:00+00:00,24376.65,24382.15,24369.95,24371.5,,
2026-08-12 05:00:00+00:00,24374.65,24400.95,24370.2,24395.6,,
2026-08-12 05:05:00+00:00,24395.5,24395.95,24383.3,24386.55,,
2026-08-12 05:10:00+00:00,24387.05,24387.65,24370.6,24375.65,,
2026-08-12 05:15:00+00:00,24376.15,24376.15,24351.85,24357.25,,
2026-08-12 05:20:00+00:00,24358.75,24361.2,24356.45,24359.3,,
2026-08-12 05:25:00+00:00,24360.9,24361.8,24309.4,24318.65,,
2026-08-12 05:30:00+00:00,24321.25,24322.7,24297.25,24300.3,,
2026-08-12 05:35:00+00:00,24300.75,24310.2,24293.7,24305.6,,
2026-08-12 05:40:00+00:00,24307.35,24317.15,24294.4,24302.9,,
2026-08-12 05:45:00+00:00,24303.65,24308.5,24299.0,24307.05,,
2026-08-12 05:50:00+00:00,24308.4,24318.8,24303.3,24305.3,,
2026-08-12 05:55:00+00:00,24305.25,24308.95,24293.1,24297.05,,
2026-08-12 06:00:00+00:00,24297.55,24304.7,24286.2,24302.35,,
2026-08-12 06:05:00+00:00,24302.85,24303.0,24284.4,24285.95,,
2026-08-12 06:10:00+00:00,24288.15,24297.2,24278.5,24294.2,,
2026-08-12 06:15:00+00:00,24295.45,24298.05,24286.6,24290.6,,
2026-08-12 06:20:00+00:00,24292.15,24292.4,24281.5,24282.1,,
2026-08-12 06:25:00+00:00,24283.4,24285.35,24271.25,24279.65,,
2026-08-12 06:30:00+00:00,24280.65,24282.25,24271.45,24272.55,,
2026-08-12 06:35:00+00:00,24273.4,24281.75,24270.7,24272.7,,
2026-08-12 06:40:00+00:00,24273.3,24275.65,24265.95,24267.1,,
2026-08-12 06:45:00+00:00,24268.9,24280.1,24266.4,24277.45,,
2026-08-12 06:50:00+00:00,24278.05,24278.8,24271.65,24274.6,,
2026-08-12 06:55:00+00:00,24275.0,24282.8,24272.25,24282.1,,
2026-08-12 07:00:00+00:00,24282.7,24292.75,24275.25,24288.7,,
2026-08-12 07:05:00+00:00,24289.5,24290.85,24284.15,24289.45,,
2026-08-12 07:10:00+00:00,24289.95,24303.2,24280.4,24283.2,,
2026-08-12 07:15:00+00:00,24284.65,24288.55,24275.65,24283.3,,
2026-08-12 07:20:00+00:00,24283.6,24289.75,24274.9,24275.15,,
2026-08-12 07:25:00+00:00,24276.15,24276.85,24270.15,24276.55,,
2026-08-12 07:30:00+00:00,24276.6,24286.6,24272.9,24280.8,,
2026-08-12 07:35:00+00:00,24282.05,24282.7,24277.75,24280.95,,
2026-08-12 07:40:00+00:00,24282.0,24288.4,24278.95,24288.25,,
2026-08-12 07:45:00+00:00,24288.35,24300.7,24284.4,24295.95,,
2026-08-12 07:50:00+00:00,24296.8,24298.05,24291.6,24296.15,,
2026-08-12 07:55:00+00:00,24296.4,24298.2,24282.0,24292.85,,
2026-08-12 08:00:00+00:00,24294.3,24298.6,24290.65,24293.5,,
2026-08-12 08:05:00+00:00,24294.8,24301.45,24288.65,24294.0,,
2026-08-12 08:10:00+00:00,24295.4,24299.5,24285.55,24289.7,,
2026-08-12 08:15:00+00:00,24290.15,24292.4,24283.4,24289.95,,
2026-08-12 08:20:00+00:00,24289.85,24292.05,24285.25,24286.65,,
2026-08-12 08:25:00+00:00,24287.25,24290.2,24280.0,24286.4,,
2026-08-12 08:30:00+00:00,24286.25,24288.9,24276.85,24278.7,,
2026-08-12 08:35:00+00:00,24280.2,24286.1,24278.6,24284.35,,
2026-08-12 08:40:00+00:00,24285.65,24287.95,24275.4,24278.2,,
2026-08-12 08:45:00+00:00,24279.35,24291.25,24277.45,24289.65,,
2026-08-12 08:50:00+00:00,24291.0,24296.0,24287.4,24290.3,,
2026-08-12 08:55:00+00:00,24293.15,24300.7,24290.85,24298.55,,
2026-08-12 09:00:00+00:00,24299.65,24331.3,24297.75,24321.6,,
2026-08-12 09:05:00+00:00,24322.9,24325.8,24312.55,24315.8,,
2026-08-12 09:10:00+00:00,24318.1,24334.7,24314.3,24326.0,,
2026-08-12 09:15:00+00:00,24327.95,24333.2,24316.75,24322.2,,
2026-08-12 09:20:00+00:00,24324.0,24374.6,24319.3,24374.6,,
2026-08-12 09:25:00+00:00,24375.1,24384.9,24353.6,24371.15,,
2026-08-12 09:30:00+00:00,24371.45,24375.45,24361.4,24363.7,,
2026-08-12 09:35:00+00:00,24363.4,24364.2,24341.8,24356.5,,
2026-08-12 09:40:00+00:00,24355.0,24375.55,24350.8,24361.7,,
2026-08-12 09:45:00+00:00,24361.7,24361.7,24361.7,24361.7,,
2026-08-12 09:50:00+00:00,24361.7,24361.7,24361.7,24361.7,,
2026-08-12 09:55:00+00:00,24361.7,24435.95,24361.7,24435.95,,
2026-08-12 10:00:00+00:00,24435.95,24435.95,24435.95,24435.95,,
2026-08-12 10:05:00+00:00,24435.95,24435.95,24435.95,24435.95,,
2026-08-12 10:10:00+00:00,24435.95,24435.95,24435.95,24435.95,,
2026-08-12 10:15:00+00:00,24435.95,24435.95,24435.95,24435.95,,
2026-08-12 10:20:00+00:00,24435.95,24435.95,24435.95,24435.95,,
2026-08-12 10:25:00+00:00,24435.95,24435.95,24435.95,24435.95,,
2026-08-13 03:30:00+00:00,24435.95,24814.7,24388.25,24461.7,,
2026-08-13 03:35:00+00:00,24461.65,24463.25,24420.6,24431.6,,
2026-08-13 03:40:00+00:00,24431.6,24431.6,24431.6,24431.6,,
2026-08-13 03:45:00+00:00,24409.2,24409.2,24336.15,24342.55,,
2026-08-13 03:50:00+00:00,24344.9,24358.55,24339.7,24348.2,,
2026-08-13 03:55:00+00:00,24351.15,24352.3,24326.75,24339.15,,
2026-08-13 04:00:00+00:00,24342.05,24344.15,24316.5,24324.35,,
2026-08-13 04:05:00+00:00,24326.25,24342.0,24322.6,24339.65,,
2026-08-13 04:10:00+00:00,24341.95,24350.95,24335.8,24346.35,,
2026-08-13 04:15:00+00:00,24347.5,24355.3,24336.65,24349.55,,
2026-08-13 04:20:00+00:00,24350.85,24356.65,24337.55,24354.45,,
2026-08-13 04:25:00+00:00,24355.9,24356.2,24344.8,24351.55,,
2026-08-13 04:30:00+00:00,24352.0,24354.55,24342.35,24342.8,,
2026-08-13 04:35:00+00:00,24345.6,24353.35,24336.95,24337.2,,
2026-08-13 04:40:00+00:00,24338.95,24350.3,24330.3,24343.55,,
2026-08-13 04:45:00+00:00,24346.25,24346.25,24331.65,24336.6,,
2026-08-13 04:50:00+00:00,24338.35,24340.25,24327.55,24329.15,,
2026-08-13 04:55:00+00:00,24330.9,24332.6,24318.2,24319.15,,
2026-08-13 05:00:00+00:00,24320.4,24325.0,24311.45,24322.05,,
2026-08-13 05:05:00+00:00,24322.5,24330.35,24318.25,24327.1,,
2026-08-13 05:10:00+00:00,24328.15,24332.8,24324.75,24330.8,,
2026-08-13 05:15:00+00:00,24331.1,24341.7,24326.7,24339.65,,
2026-08-13 05:20:00+00:00,24340.35,24348.65,24338.65,24339.45,,
2026-08-13 05:25:00+00:00,24342.2,24345.1,24336.25,24338.25,,
2026-08-13 05:30:00+00:00,24339.85,24340.0,24322.1,24325.8,,
2026-08-13 05:35:00+00:00,24325.55,24325.6,24314.3,24324.5,,
2026-08-13 05:40:00+00:00,24325.9,24329.1,24316.95,24319.05,,
2026-08-13 05:45:00+00:00,24319.85,24326.5,24317.8,24324.65,,
2026-08-13 05:50:00+00:00,24326.0,24330.8,24320.2,24327.25,,
2026-08-13 05:55:00+00:00,24327.1,24339.6,24326.2,24338.8,,
2026-08-13 06:00:00+00:00,24339.95,24348.25,24338.1,24345.45,,
2026-08-13 06:05:00+00:00,24346.75,24359.85,24344.15,24358.5,,
2026-08-13 06:10:00+00:00,24360.2,24363.35,24347.45,24350.05,,
2026-08-13 06:15:00+00:00,24350.65,24358.2,24346.85,24357.2,,
2026-08-13 06:20:00+00:00,24359.0,24362.5,24355.25,24357.45,,
2026-08-13 06:25:00+00:00,24358.8,24386.8,24355.7,24386.45,,
2026-08-13 06:30:00+00:00,24387.6,24414.9,24386.3,24407.55,,
2026-08-13 06:35:00+00:00,24409.1,24413.8,24401.95,24402.85,,
2026-08-13 06:40:00+00:00,24404.8,24406.45,24391.8,24395.65,,
2026-08-13 06:45:00+00:00,24397.4,24399.15,24390.4,24392.15,,
2026-08-13 06:50:00+00:00,24393.2,24402.0,24388.25,24399.2,,
2026-08-13 06:55:00+00:00,24401.1,24403.55,24391.05,24393.35,,
2026-08-13 07:00:00+00:00,24395.8,24399.55,24391.65,24398.6,,
2026-08-13 07:05:00+00:00,24399.75,24400.2,24385.6,24390.4,,
2026-08-13 07:10:00+00:00,24391.6,24401.25,24389.15,24391.7,,
2026-08-13 07:15:00+00:00,24393.55,24393.55,24372.15,24372.4,,
2026-08-13 07:20:00+00:00,24373.85,24373.85,24361.35,24370.1,,
2026-08-13 07:25:00+00:00,24370.95,24370.95,24361.4,24369.15,,
2026-08-13 07:30:00+00:00,24370.15,24371.75,24360.55,24361.55,,
2026-08-13 07:35:00+00:00,24363.7,24369.35,24361.15,24367.15,,
2026-08-13 07:40:00+00:00,24368.75,24371.85,24353.6,24362.25,,
2026-08-13 07:45:00+00:00,24364.6,24372.8,24348.9,24355.25,,
2026-08-13 07:50:00+00:00,24357.3,24365.55,24350.95,24356.2,,
2026-08-13 07:55:00+00:00,24357.25,24361.85,24348.85,24356.75,,
2026-08-13 08:00:00+00:00,24358.55,24362.75,24348.8,24351.35,,
2026-08-13 08:05:00+00:00,24353.1,24364.8,24350.5,24363.45,,
2026-08-13 08:10:00+00:00,24365.35,24388.0,24361.05,24383.8,,
2026-08-13 08:15:00+00:00,24385.05,24395.1,24370.65,24377.35,,
2026-08-13 08:20:00+00:00,24381.35,24388.3,24374.55,24385.35,,
2026-08-13 08:25:00+00:00,24388.0,24396.55,24385.25,24394.15,,
2026-08-13 08:30:00+00:00,24395.5,24395.75,24374.35,24378.15,,
2026-08-13 08:35:00+00:00,24380.05,24382.4,24356.3,24359.0,,
2026-08-13 08:40:00+00:00,24360.65,24363.9,24353.15,24356.05,,
2026-08-13 08:45:00+00:00,24356.4,24363.9,24349.2,24360.8,,
2026-08-13 08:50:00+00:00,24363.1,24377.5,24362.4,24372.8,,
2026-08-13 08:55:00+00:00,24376.1,24377.2,24366.1,24371.65,,
2026-08-13 09:00:00+00:00,24373.5,24375.5,24357.95,24361.1,,
2026-08-13 09:05:00+00:00,24363.65,24367.35,24353.1,24365.4,,
2026-08-13 09:10:00+00:00,24366.55,24371.85,24358.45,24359.85,,
2026-08-13 09:15:00+00:00,24362.45,24362.45,24349.8,24352.25,,
2026-08-13 09:20:00+00:00,24354.75,24357.85,24347.15,24351.9,,
2026-08-13 09:25:00+00:00,24353.65,24355.8,24336.5,24344.45,,
2026-08-13 09:30:00+00:00,24345.55,24360.5,24339.25,24356.95,,
2026-08-13 09:35:00+00:00,24357.55,24357.55,24342.15,24347.75,,
2026-08-13 09:40:00+00:00,24348.45,24364.5,24342.25,24352.7,,
2026-08-13 09:45:00+00:00,24353.35,24353.35,24353.35,24353.35,,
2026-08-13 09:50:00+00:00,24353.35,24353.35,24353.35,24353.35,,
2026-08-13 09:55:00+00:00,24353.35,24395.85,24353.35,24395.85,,
2026-08-13 10:00:00+00:00,24395.85,24395.85,24395.85,24395.85,,
2026-08-13 10:05:00+00:00,24395.85,24395.85,24395.85,24395.85,,
2026-08-13 10:10:00+00:00,24395.85,24395.85,24395.85,24395.85,,
2026-08-13 10:15:00+00:00,24395.85,24395.85,24395.85,24395.85,,
2026-08-13 10:20:00+00:00,24395.85,24395.85,24395.85,24395.85,,
2026-08-13 10:25:00+00:00,24395.85,24395.85,24395.85,24395.85,,
2026-08-14 03:30:00+00:00,24395.85,24395.85,24189.45,24365.65,,
2026-08-14 03:35:00+00:00,24365.65,24389.4,24348.55,24361.9,,
2026-08-14 03:40:00+00:00,24361.9,24361.9,24361.9,24361.9,,
2026-08-14 03:45:00+00:00,24363.75,24363.75,24314.1,24322.7,,
2026-08-14 03:50:00+00:00,24323.7,24335.9,24315.75,24324.85,,
2026-08-14 03:55:00+00:00,24324.95,24326.05,24307.2,24309.1,,
2026-08-14 04:00:00+00:00,24309.45,24336.7,24304.6,24325.75,,
2026-08-14 04:05:00+00:00,24327.45,24345.2,24326.45,24337.65,,
2026-08-14 04:10:00+00:00,24338.45,24338.65,24326.15,24332.05,,
2026-08-14 04:15:00+00:00,24332.9,24346.8,24331.85,24341.6,,
2026-08-14 04:20:00+00:00,24341.15,24345.2,24324.2,24324.7,,
2026-08-14 04:25:00+00:00,24326.45,24344.85,24322.55,24343.55,,
2026-08-14 04:30:00+00:00,24343.55,24353.45,24340.65,24350.7,,
2026-08-14 04:35:00+00:00,24350.85,24355.15,24343.2,24355.15,,
2026-08-14 04:40:00+00:00,24354.65,24359.2,24342.65,24345.45,,
2026-08-14 04:45:00+00:00,24345.15,24347.0,24336.2,24336.9,,
2026-08-14 04:50:00+00:00,24337.4,24341.1,24332.15,24334.05,,
2026-08-14 04:55:00+00:00,24334.85,24338.1,24329.55,24331.25,,
2026-08-14 05:00:00+00:00,24331.9,24332.25,24298.35,24309.25,,
2026-08-14 05:05:00+00:00,24309.0,24321.8,24307.1,24321.75,,
2026-08-14 05:10:00+00:00,24322.2,24325.7,24316.75,24324.7,,
2026-08-14 05:15:00+00:00,24325.25,24335.2,24324.1,24333.8,,
2026-08-14 05:20:00+00:00,24334.35,24338.7,24331.2,24336.7,,
2026-08-14 05:25:00+00:00,24335.45,24337.75,24312.0,24312.2,,
2026-08-14 05:30:00+00:00,24313.05,24322.35,24306.4,24320.85,,
2026-08-14 05:35:00+00:00,24321.95,24321.95,24309.35,24314.25,,
2026-08-14 05:40:00+00:00,24314.8,24318.55,24311.7,24315.0,,
2026-08-14 05:45:00+00:00,24315.5,24329.95,24313.95,24327.85,,
2026-08-14 05:50:00+00:00,24328.45,24332.25,24322.95,24327.7,,
2026-08-14 05:55:00+00:00,24328.25,24329.85,24313.45,24315.8,,
2026-08-14 06:00:00+00:00,24315.7,24321.8,24309.4,24318.75,,
2026-08-14 06:05:00+00:00,24318.45,24322.35,24312.35,24320.45,,
2026-08-14 06:10:00+00:00,24322.2,24330.7,24319.3,24327.7,,
2026-08-14 06:15:00+00:00,24328.0,24336.95,24325.25,24326.95,,
2026-08-14 06:20:00+00:00,24327.65,24336.25,24325.2,24329.75,,
2026-08-14 06:25:00+00:00,24330.55,24333.6,24321.95,24326.9,,
2026-08-14 06:30:00+00:00,24328.2,24329.65,24319.25,24321.7,,
2026-08-14 06:35:00+00:00,24321.9,24340.65,24321.45,24335.35,,
2026-08-14 06:40:00+00:00,24335.75,24345.55,24335.1,24341.45,,
2026-08-14 06:45:00+00:00,24342.0,24349.25,24339.9,24349.0,,
2026-08-14 06:50:00+00:00,24349.3,24354.0,24345.5,24351.65,,
2026-08-14 06:55:00+00:00,24353.75,24354.65,24343.25,24347.3,,
2026-08-14 07:00:00+00:00,24346.8,24347.95,24340.0,24344.5,,
2026-08-14 07:05:00+00:00,24344.1,24346.8,24338.85,24340.9,,
2026-08-14 07:10:00+00:00,24342.0,24346.1,24333.45,24335.85,,
2026-08-14 07:15:00+00:00,24336.65,24347.7,24334.8,24345.3,,
2026-08-14 07:20:00+00:00,24345.45,24353.3,24343.7,24350.7,,
2026-08-14 07:25:00+00:00,24349.9,24352.0,24344.15,24349.55,,
2026-08-14 07:30:00+00:00,24349.4,24352.15,24343.95,24344.9,,
2026-08-14 07:35:00+00:00,24345.15,24347.35,24340.45,24342.0,,
2026-08-14 07:40:00+00:00,24341.8,24348.35,24340.75,24346.85,,
2026-08-14 07:45:00+00:00,24347.0,24348.8,24339.45,24343.75,,
2026-08-14 07:50:00+00:00,24344.2,24348.1,24341.7,24343.75,,
2026-08-14 07:55:00+00:00,24343.5,24344.7,24337.3,24340.55,,
2026-08-14 08:00:00+00:00,24340.2,24341.65,24328.35,24330.05,,
2026-08-14 08:05:00+00:00,24329.75,24349.5,24327.35,24348.3,,
2026-08-14 08:10:00+00:00,24348.7,24358.3,24348.2,24357.35,,
2026-08-14 08:15:00+00:00,24357.4,24391.1,24356.8,24383.7,,
2026-08-14 08:20:00+00:00,24383.7,24389.1,24380.4,24385.6,,
2026-08-14 08:25:00+00:00,24386.4,24397.8,24381.6,24395.0,,
2026-08-14 08:30:00+00:00,24395.0,24405.2,24393.0,24395.55,,
2026-08-14 08:35:00+00:00,24395.9,24398.8,24387.35,24389.95,,
2026-08-14 08:40:00+00:00,24390.5,24392.05,24382.5,24383.55,,
2026-08-14 08:45:00+00:00,24383.2,24389.2,24378.65,24379.95,,
2026-08-14 08:50:00+00:00,24378.7,24381.0,24372.8,24376.9,,
2026-08-14 08:55:00+00:00,24377.3,24379.2,24369.65,24371.6,,
2026-08-14 09:00:00+00:00,24372.6,24375.0,24367.55,24371.6,,
2026-08-14 09:05:00+00:00,24371.95,24373.5,24366.4,24369.35,,
2026-08-14 09:10:00+00:00,24369.35,24373.85,24368.4,24369.45,,
2026-08-14 09:15:00+00:00,24370.0,24374.15,24364.75,24366.8,,
2026-08-14 09:20:00+00:00,24365.65,24383.4,24365.65,24382.4,,
2026-08-14 09:25:00+00:00,24380.9,24384.4,24373.4,24374.6,,
2026-08-14 09:30:00+00:00,24374.25,24382.25,24370.7,24375.45,,
2026-08-14 09:35:00+00:00,24375.75,24377.45,24368.25,24371.05,,
2026-08-14 09:40:00+00:00,24371.15,24375.2,24354.45,24354.45,,
2026-08-14 09:45:00+00:00,24354.85,24354.85,24354.85,24354.85,,
2026-08-14 09:50:00+00:00,24354.85,24354.85,24354.85,24354.85,,
2026-08-14 09:55:00+00:00,24354.85,24366.0,24354.85,24366.0,,
2026-08-14 10:00:00+00:00,24366.0,24366.0,24366.0,24366.0,,
2026-08-14 10:05:00+00:00,24366.0,24366.0,24366.0,24366.0,,
2026-08-14 10:10:00+00:00,24366.0,24366.0,24366.0,24366.0,,
2026-08-14 10:15:00+00:00,24366.0,24366.0,24366.0,24366.0,,
2026-08-14 10:20:00+00:00,24366.0,24366.0,24366.0,24366.0,,
2026-08-14 10:25:00+00:00,24366.0,24366.0,24366.0,24366.0,,
2026-08-17 03:30:00+00:00,24366.0,24412.85,24277.4,24342.5,,
2026-08-17 03:35:00+00:00,24342.5,24399.6,24340.35,24343.45,,
2026-08-17 03:40:00+00:00,24343.45,24343.45,24343.45,24343.45,,
2026-08-17 03:45:00+00:00,24350.95,24357.6,24283.05,24306.05,,
2026-08-17 03:50:00+00:00,24305.25,24310.2,24293.25,24303.1,,
2026-08-17 03:55:00+00:00,24302.85,24312.4,24296.65,24306.05,,
2026-08-17 04:00:00+00:00,24306.5,24307.75,24281.45,24287.1,,
2026-08-17 04:05:00+00:00,24286.5,24302.9,24286.5,24293.15,,
2026-08-17 04:10:00+00:00,24294.0,24312.45,24293.2,24301.35,,
2026-08-17 04:15:00+00:00,24301.8,24307.0,24296.05,24305.15,,
2026-08-17 04:20:00+00:00,24305.05,24309.25,24295.45,24300.15,,
2026-08-17 04:25:00+00:00,24300.35,24301.7,24283.85,24283.95,,
2026-08-17 04:30:00+00:00,24284.85,24295.65,24283.65,24291.3,,
2026-08-17 04:35:00+00:00,24290.35,24295.05,24286.5,24291.3,,
2026-08-17 04:40:00+00:00,24291.7,24292.4,24277.4,24281.45,,
2026-08-17 04:45:00+00:00,24281.0,24283.9,24259.55,24264.25,,
2026-08-17 04:50:00+00:00,24264.15,24264.7,24251.9,24252.7,,
2026-08-17 04:55:00+00:00,24252.45,24263.05,24250.0,24260.45,,
2026-08-17 05:00:00+00:00,24260.35,24261.9,24252.35,24255.35,,
2026-08-17 05:05:00+00:00,24255.0,24259.3,24250.1,24254.3,,
2026-08-17 05:10:00+00:00,24253.25,24256.75,24235.55,24239.2,,
2026-08-17 05:15:00+00:00,24237.65,24240.0,24228.45,24238.4,,
2026-08-17 05:20:00+00:00,24238.65,24246.6,24236.65,24241.95,,
2026-08-17 05:25:00+00:00,24241.65,24247.45,24236.75,24237.55,,
2026-08-17 05:30:00+00:00,24236.35,24246.6,24232.5,24240.6,,
2026-08-17 05:35:00+00:00,24240.75,24242.7,24231.45,24235.7,,
2026-08-17 05:40:00+00:00,24235.4,24238.7,24232.85,24236.2,,
2026-08-17 05:45:00+00:00,24236.05,24240.0,24233.4,24235.65,,
2026-08-17 05:50:00+00:00,24235.3,24237.8,24226.95,24229.95,,
2026-08-17 05:55:00+00:00,24229.25,24243.6,24228.1,24239.85,,
2026-08-17 06:00:00+00:00,24239.1,24244.95,24234.25,24241.4,,
2026-08-17 06:05:00+00:00,24241.65,24248.35,24235.55,24239.45,,
2026-08-17 06:10:00+00:00,24239.0,24248.2,24235.75,24244.75,,
2026-08-17 06:15:00+00:00,24243.95,24257.55,24242.1,24254.35,,
2026-08-17 06:20:00+00:00,24254.25,24273.25,24253.5,24263.75,,
2026-08-17 06:25:00+00:00,24263.35,24275.25,24262.9,24271.65,,
2026-08-17 06:30:00+00:00,24271.75,24275.65,24263.85,24266.65,,
2026-08-17 06:35:00+00:00,24266.25,24270.1,24260.75,24265.0,,
2026-08-17 06:40:00+00:00,24264.45,24272.5,24256.55,24270.75,,
2026-08-17 06:45:00+00:00,24270.75,24287.6,24269.8,24285.7,,
2026-08-17 06:50:00+00:00,24285.8,24288.75,24281.5,24286.65,,
2026-08-17 06:55:00+00:00,24286.4,24292.0,24283.45,24289.95,,
2026-08-17 07:00:00+00:00,24288.6,24300.05,24286.1,24294.7,,
2026-08-17 07:05:00+00:00,24294.55,24305.7,24291.95,24297.2,,
2026-08-17 07:10:00+00:00,24297.05,24306.75,24295.6,24303.2,,
2026-08-17 07:15:00+00:00,24303.25,24332.0,24302.4,24321.35,,
2026-08-17 07:20:00+00:00,24321.65,24336.7,24321.65,24328.5,,
2026-08-17 07:25:00+00:00,24328.4,24335.0,24321.1,24334.0,,
2026-08-17 07:30:00+00:00,24334.15,24354.3,24332.5,24343.95,,
2026-08-17 07:35:00+00:00,24343.2,24350.55,24335.65,24338.5,,
2026-08-17 07:40:00+00:00,24338.9,24352.95,24335.2,24346.6,,
2026-08-17 07:45:00+00:00,24346.15,24355.05,24344.95,24349.25,,
2026-08-17 07:50:00+00:00,24350.55,24353.05,24342.1,24346.3,,
2026-08-17 07:55:00+00:00,24345.5,24356.15,24342.3,24352.95,,
2026-08-17 08:00:00+00:00,24352.5,24357.65,24345.2,24349.15,,
2026-08-17 08:05:00+00:00,24349.3,24350.75,24339.8,24346.0,,
2026-08-17 08:10:00+00:00,24346.4,24359.3,24340.45,24353.65,,
2026-08-17 08:15:00+00:00,24353.9,24359.35,24341.6,24343.7,,
2026-08-17 08:20:00+00:00,24343.7,24344.75,24335.9,24339.8,,
2026-08-17 08:25:00+00:00,24340.3,24342.75,24332.45,24338.3,,
2026-08-17 08:30:00+00:00,24338.6,24346.75,24334.4,24342.95,,
2026-08-17 08:35:00+00:00,24343.3,24346.1,24339.5,24340.8,,
2026-08-17 08:40:00+00:00,24341.5,24342.15,24329.5,24331.15,,
2026-08-17 08:45:00+00:00,24330.7,24343.05,24328.25,24339.15,,
2026-08-17 08:50:00+00:00,24337.15,24339.95,24322.7,24324.5,,
2026-08-17 08:55:00+00:00,24324.8,24328.65,24322.55,24326.75,,
2026-08-17 09:00:00+00:00,24327.35,24332.1,24325.45,24328.35,,
2026-08-17 09:05:00+00:00,24329.2,24331.8,24317.9,24328.5,,
2026-08-17 09:10:00+00:00,24328.55,24337.9,24326.75,24335.4,,
2026-08-17 09:15:00+00:00,24334.4,24340.6,24330.95,24339.2,,
2026-08-17 09:20:00+00:00,24336.9,24346.05,24333.9,24343.95,,
2026-08-17 09:25:00+00:00,24342.8,24345.1,24334.5,24338.2,,
2026-08-17 09:30:00+00:00,24337.7,24353.85,24331.8,24352.05,,
2026-08-17 09:35:00+00:00,24351.0,24353.7,24341.35,24349.4,,
2026-08-17 09:40:00+00:00,24348.75,24359.9,24330.7,24339.6,,
2026-08-17 09:45:00+00:00,24339.8,24339.8,24339.8,24339.8,,
2026-08-17 09:50:00+00:00,24339.8,24339.8,24339.8,24339.8,,
2026-08-17 09:55:00+00:00,24339.8,24339.8,24287.65,24287.65,,
2026-08-17 10:00:00+00:00,24287.65,24287.65,24287.65,24287.65,,
2026-08-17 10:05:00+00:00,24287.65,24287.65,24287.65,24287.65,,
2026-08-17 10:10:00+00:00,24287.65,24287.65,24287.65,24287.65,,
2026-08-17 10:15:00+00:00,24287.65,24287.65,24287.65,24287.65,,
2026-08-17 10:20:00+00:00,24287.65,24287.65,24287.65,24287.65,,
2026-08-17 10:25:00+00:00,24287.65,24287.65,24287.65,24287.65,,
2026-08-18 03:30:00+00:00,24287.65,24848.0,24273.55,24278.25,,
2026-08-18 03:35:00+00:00,24278.25,24278.25,24216.95,24223.85,,
2026-08-18 03:40:00+00:00,24223.85,24223.85,24223.85,24223.85,,
2026-08-18 03:45:00+00:00,24223.05,24253.95,24214.6,24238.85,,
2026-08-18 03:50:00+00:00,24239.6,24246.55,24229.85,24244.35,,
2026-08-18 03:55:00+00:00,24246.25,24269.5,24241.1,24245.1,,
2026-08-18 04:00:00+00:00,24246.4,24246.4,24220.65,24232.65,,
2026-08-18 04:05:00+00:00,24233.5,24248.7,24229.7,24247.3,,
2026-08-18 04:10:00+00:00,24249.2,24249.2,24222.95,24224.55,,
2026-08-18 04:15:00+00:00,24226.15,24232.05,24214.85,24228.5,,
2026-08-18 04:20:00+00:00,24230.8,24241.35,24224.15,24235.3,,
2026-08-18 04:25:00+00:00,24236.65,24237.3,24221.5,24234.5,,
2026-08-18 04:30:00+00:00,24234.1,24234.6,24213.0,24222.8,,
2026-08-18 04:35:00+00:00,24223.4,24228.4,24221.3,24221.6,,
2026-08-18 04:40:00+00:00,24223.05,24224.9,24218.0,24220.2,,
2026-08-18 04:45:00+00:00,24221.1,24221.1,24208.15,24214.05,,
2026-08-18 04:50:00+00:00,24215.05,24220.75,24210.8,24216.7,,
2026-08-18 04:55:00+00:00,24218.0,24231.05,24210.3,24225.85,,
2026-08-18 05:00:00+00:00,24227.0,24231.3,24225.4,24231.2,,
2026-08-18 05:05:00+00:00,24231.55,24233.4,24226.0,24226.1,,
2026-08-18 05:10:00+00:00,24227.3,24227.3,24210.05,24214.8,,
2026-08-18 05:15:00+00:00,24216.15,24216.4,24196.1,24204.75,,
2026-08-18 05:20:00+00:00,24206.25,24210.0,24192.6,24195.55,,
2026-08-18 05:25:00+00:00,24196.95,24201.8,24187.65,24200.25,,
2026-08-18 05:30:00+00:00,24201.95,24205.85,24194.85,24205.85,,
2026-08-18 05:35:00+00:00,24205.5,24211.5,24201.7,24207.25,,
2026-08-18 05:40:00+00:00,24208.25,24208.7,24197.25,24202.35,,
2026-08-18 05:45:00+00:00,24203.75,24209.15,24194.95,24197.75,,
2026-08-18 05:50:00+00:00,24198.9,24198.9,24189.65,24195.75,,
2026-08-18 05:55:00+00:00,24195.5,24195.6,24182.4,24182.65,,
2026-08-18 06:00:00+00:00,24183.75,24190.65,24174.5,24190.65,,
2026-08-18 06:05:00+00:00,24191.45,24201.9,24188.85,24196.6,,
2026-08-18 06:10:00+00:00,24198.0,24199.85,24193.85,24198.4,,
2026-08-18 06:15:00+00:00,24198.5,24203.8,24196.4,24200.1,,
2026-08-18 06:20:00+00:00,24201.55,24214.4,24198.3,24199.2,,
2026-08-18 06:25:00+00:00,24201.2,24208.5,24195.8,24206.8,,
2026-08-18 06:30:00+00:00,24208.3,24215.45,24201.85,24213.15,,
2026-08-18 06:35:00+00:00,24214.95,24220.2,24212.9,24215.8,,
2026-08-18 06:40:00+00:00,24217.45,24220.8,24208.1,24212.95,,
2026-08-18 06:45:00+00:00,24213.2,24215.1,24205.25,24209.2,,
2026-08-18 06:50:00+00:00,24210.0,24211.2,24203.65,24206.15,,
2026-08-18 06:55:00+00:00,24206.9,24217.4,24204.7,24212.8,,
2026-08-18 07:00:00+00:00,24213.25,24220.35,24212.35,24214.7,,
2026-08-18 07:05:00+00:00,24215.3,24218.25,24205.6,24208.25,,
2026-08-18 07:10:00+00:00,24208.7,24208.7,24196.0,24198.05,,
2026-08-18 07:15:00+00:00,24198.0,24206.85,24194.45,24205.55,,
2026-08-18 07:20:00+00:00,24206.3,24210.7,24203.5,24206.5,,
2026-08-18 07:25:00+00:00,24207.45,24210.05,24198.75,24199.05,,
2026-08-18 07:30:00+00:00,24200.0,24200.15,24187.85,24193.7,,
2026-08-18 07:35:00+00:00,24192.4,24200.2,24185.6,24198.75,,
2026-08-18 07:40:00+00:00,24200.05,24204.9,24196.35,24202.6,,
2026-08-18 07:45:00+00:00,24204.5,24210.7,24202.1,24206.95,,
2026-08-18 07:50:00+00:00,24207.4,24208.9,24200.85,24204.2,,
2026-08-18 07:55:00+00:00,24205.45,24208.05,24198.65,24207.85,,
2026-08-18 08:00:00+00:00,24208.35,24209.0,24201.75,24203.15,,
2026-08-18 08:05:00+00:00,24203.8,24205.35,24190.1,24194.75,,
2026-08-18 08:10:00+00:00,24195.4,24204.65,24193.75,24202.0,,
2026-08-18 08:15:00+00:00,24202.65,24207.6,24200.45,24204.7,,
2026-08-18 08:20:00+00:00,24206.1,24206.1,24194.75,24196.15,,
2026-08-18 08:25:00+00:00,24197.9,24200.1,24187.9,24190.8,,
2026-08-18 08:30:00+00:00,24192.95,24207.8,24191.0,24206.75,,
2026-08-18 08:35:00+00:00,24207.75,24209.5,24194.35,24195.95,,
2026-08-18 08:40:00+00:00,24196.55,24198.0,24189.2,24195.55,,
2026-08-18 08:45:00+00:00,24196.95,24198.3,24189.85,24191.0,,
2026-08-18 08:50:00+00:00,24191.45,24200.3,24185.85,24193.75,,
2026-08-18 08:55:00+00:00,24194.85,24203.5,24181.75,24199.1,,
2026-08-18 09:00:00+00:00,24201.1,24207.0,24194.1,24198.55,,
2026-08-18 09:05:00+00:00,24200.75,24204.45,24191.85,24201.55,,
2026-08-18 09:10:00+00:00,24201.75,24207.5,24198.7,24205.2,,
2026-08-18 09:15:00+00:00,24206.0,24211.15,24198.9,24207.1,,
2026-08-18 09:20:00+00:00,24208.7,24217.7,24204.7,24206.1,,
2026-08-18 09:25:00+00:00,24207.35,24221.1,24206.25,24214.3,,
2026-08-18 09:30:00+00:00,24216.6,24230.75,24202.65,24203.2,,
2026-08-18 09:35:00+00:00,24205.4,24206.4,24191.05,24197.3,,
2026-08-18 09:40:00+00:00,24196.5,24202.85,24165.8,24165.8,,
2026-08-18 09:45:00+00:00,24166.35,24166.35,24166.35,24166.35,,
2026-08-18 09:50:00+00:00,24166.35,24166.35,24166.35,24166.35,,
2026-08-18 09:55:00+00:00,24166.35,24166.35,24154.9,24154.9,,
2026-08-18 10:00:00+00:00,24154.9,24154.9,24154.9,24154.9,,
2026-08-18 10:05:00+00:00,24154.9,24154.9,24154.9,24154.9,,
2026-08-18 10:10:00+00:00,24154.9,24154.9,24154.9,24154.9,,
2026-08-18 10:15:00+00:00,24154.9,24154.9,24154.9,24154.9,,
2026-08-18 10:20:00+00:00,24154.9,24154.9,24154.9,24154.9,,
2026-08-18 10:25:00+00:00,24154.9,24154.9,24154.9,24154.9,,
2026-08-19 03:30:00+00:00,24154.9,24168.2,23730.95,24149.9,,
2026-08-19 03:35:00+00:00,24150.6,24166.7,24122.55,24152.05,,
2026-08-19 03:40:00+00:00,24152.05,24152.05,24152.05,24152.05,,
2026-08-19 03:45:00+00:00,24163.05,24166.95,24103.0,24118.7,,
2026-08-19 03:50:00+00:00,24119.75,24125.3,24105.3,24106.05,,
2026-08-19 03:55:00+00:00,24108.6,24109.4,24093.25,24096.75,,
2026-08-19 04:00:00+00:00,24098.25,24099.0,24071.9,24073.85,,
2026-08-19 04:05:00+00:00,24076.4,24080.05,24065.5,24079.55,,
2026-08-19 04:10:00+00:00,24080.5,24090.95,24069.15,24084.55,,
2026-08-19 04:15:00+00:00,24085.35,24095.45,24079.55,24094.15,,
2026-08-19 04:20:00+00:00,24095.35,24108.45,24093.5,24099.75,,
2026-08-19 04:25:00+00:00,24100.85,24105.15,24093.6,24097.8,,
2026-08-19 04:30:00+00:00,24097.15,24107.8,24093.1,24099.75,,
2026-08-19 04:35:00+00:00,24101.55,24102.5,24093.6,24094.45,,
2026-08-19 04:40:00+00:00,24094.85,24098.55,24085.15,24091.8,,
2026-08-19 04:45:00+00:00,24093.25,24094.5,24071.3,24072.7,,
2026-08-19 04:50:00+00:00,24074.45,24074.45,24063.2,24065.05,,
2026-08-19 04:55:00+00:00,24067.2,24071.25,24064.05,24065.2,,
2026-08-19 05:00:00+00:00,24066.4,24066.4,24056.6,24057.45,,
2026-08-19 05:05:00+00:00,24058.85,24063.2,24050.75,24051.95,,
2026-08-19 05:10:00+00:00,24054.0,24061.05,24043.4,24058.4,,
2026-08-19 05:15:00+00:00,24060.1,24060.1,24048.65,24053.1,,
2026-08-19 05:20:00+00:00,24054.9,24062.2,24049.65,24061.3,,
2026-08-19 05:25:00+00:00,24062.75,24068.3,24055.9,24056.1,,
2026-08-19 05:30:00+00:00,24058.95,24059.2,24044.95,24047.95,,
2026-08-19 05:35:00+00:00,24050.0,24050.0,24028.2,24041.2,,
2026-08-19 05:40:00+00:00,24043.85,24051.15,24038.4,24048.5,,
2026-08-19 05:45:00+00:00,24051.65,24055.4,24045.3,24053.15,,
2026-08-19 05:50:00+00:00,24057.0,24062.25,24051.55,24052.25,,
2026-08-19 05:55:00+00:00,24054.6,24057.85,24046.95,24054.35,,
2026-08-19 06:00:00+00:00,24056.75,24059.0,24050.25,24054.25,,
2026-08-19 06:05:00+00:00,24056.6,24057.0,24042.65,24048.1,,
2026-08-19 06:10:00+00:00,24050.35,24053.35,24044.35,24052.45,,
2026-08-19 06:15:00+00:00,24054.5,24069.05,24049.75,24066.9,,
2026-08-19 06:20:00+00:00,24068.95,24081.7,24067.35,24079.9,,
2026-08-19 06:25:00+00:00,24081.85,24082.2,24075.8,24078.3,,
2026-08-19 06:30:00+00:00,24080.35,24081.15,24058.8,24059.8,,
2026-08-19 06:35:00+00:00,24061.0,24068.55,24051.6,24056.15,,
2026-08-19 06:40:00+00:00,24058.45,24058.45,24050.25,24052.8,,
2026-08-19 06:45:00+00:00,24054.05,24061.3,24050.95,24060.2,,
2026-08-19 06:50:00+00:00,24060.5,24067.15,24055.3,24064.5,,
2026-08-19 06:55:00+00:00,24066.0,24066.35,24052.7,24059.85,,
2026-08-19 07:00:00+00:00,24061.55,24062.1,24049.05,24054.05,,
2026-08-19 07:05:00+00:00,24055.95,24061.2,24048.45,24054.55,,
2026-08-19 07:10:00+00:00,24057.0,24062.1,24051.15,24055.3,,
2026-08-19 07:15:00+00:00,24056.95,24056.95,24046.95,24052.05,,
2026-08-19 07:20:00+00:00,24053.7,24057.35,24050.25,24055.55,,
2026-08-19 07:25:00+00:00,24057.4,24057.75,24047.6,24055.3,,
2026-08-19 07:30:00+00:00,24056.2,24066.15,24053.55,24062.8,,
2026-08-19 07:35:00+00:00,24063.6,24064.7,24055.6,24064.45,,
2026-08-19 07:40:00+00:00,24065.9,24066.0,24045.15,24046.15,,
2026-08-19 07:45:00+00:00,24048.0,24051.2,24038.35,24043.1,,
2026-08-19 07:50:00+00:00,24044.75,24045.5,24038.0,24041.95,,
2026-08-19 07:55:00+00:00,24043.7,24045.4,24038.6,24041.1,,
2026-08-19 08:00:00+00:00,24042.5,24046.05,24037.75,24038.9,,
2026-08-19 08:05:00+00:00,24041.35,24050.6,24038.2,24046.55,,
2026-08-19 08:10:00+00:00,24047.9,24050.4,24041.55,24042.2,,
2026-08-19 08:15:00+00:00,24044.35,24052.7,24037.15,24041.9,,
2026-08-19 08:20:00+00:00,24043.6,24045.55,24035.7,24040.0,,
2026-08-19 08:25:00+00:00,24042.4,24050.0,24039.4,24044.95,,
2026-08-19 08:30:00+00:00,24046.5,24059.3,24044.25,24054.6,,
2026-08-19 08:35:00+00:00,24056.85,24062.6,24051.0,24054.65,,
2026-08-19 08:40:00+00:00,24056.85,24064.55,24048.05,24051.35,,
2026-08-19 08:45:00+00:00,24052.35,24054.05,24039.0,24039.7,,
2026-08-19 08:50:00+00:00,24041.7,24041.75,24026.1,24030.5,,
2026-08-19 08:55:00+00:00,24031.8,24041.4,24026.65,24039.05,,
2026-08-19 09:00:00+00:00,24040.45,24053.9,24037.9,24050.9,,
2026-08-19 09:05:00+00:00,24053.35,24087.05,24044.6,24046.85,,
2026-08-19 09:10:00+00:00,24049.5,24054.5,24040.75,24049.0,,
2026-08-19 09:15:00+00:00,24049.45,24054.35,24039.75,24041.55,,
2026-08-19 09:20:00+00:00,24044.05,24051.7,24042.25,24050.45,,
2026-08-19 09:25:00+00:00,24050.95,24058.6,24047.35,24053.1,,
2026-08-19 09:30:00+00:00,24052.75,24065.35,24050.45,24055.85,,
2026-08-19 09:35:00+00:00,24056.05,24057.95,24036.45,24038.4,,
2026-08-19 09:40:00+00:00,24040.0,24057.45,24034.2,24048.55,,
2026-08-19 09:45:00+00:00,24048.55,24048.55,24048.55,24048.55,,
2026-08-19 09:50:00+00:00,24048.55,24048.55,24048.55,24048.55,,
2026-08-19 09:55:00+00:00,24048.55,24078.3,24048.55,24078.3,,
2026-08-19 10:00:00+00:00,24078.3,24078.3,24078.3,24078.3,,
2026-08-19 10:05:00+00:00,24078.3,24078.3,24078.3,24078.3,,
2026-08-19 10:10:00+00:00,24078.3,24078.3,24078.3,24078.3,,
2026-08-19 10:15:00+00:00,24078.3,24078.3,24078.3,24078.3,,
2026-08-19 10:20:00+00:00,24078.3,24078.3,24078.3,24078.3,,
2026-08-19 10:25:00+00:00,24078.3,24078.3,24078.3,24078.3,,
2026-08-20 03:30:00+00:00,24078.3,24599.5,24078.3,24227.1,,
2026-08-20 03:35:00+00:00,24227.2,24231.1,24214.2,24225.45,,
2026-08-20 03:40:00+00:00,24225.45,24225.45,24225.45,24225.45,,
2026-08-20 03:45:00+00:00,24225.2,24225.2,24189.3,24192.85,,
2026-08-20 03:50:00+00:00,24191.8,24199.5,24185.1,24185.5,,
2026-08-20 03:55:00+00:00,24185.55,24201.6,24185.55,24190.8,,
2026-08-20 04:00:00+00:00,24190.95,24199.3,24185.1,24197.9,,
2026-08-20 04:05:00+00:00,24196.95,24209.65,24196.35,24201.35,,
2026-08-20 04:10:00+00:00,24200.9,24212.85,24200.35,24210.95,,
2026-08-20 04:15:00+00:00,24211.05,24215.05,24201.5,24203.35,,
2026-08-20 04:20:00+00:00,24203.0,24204.6,24195.95,24201.95,,
2026-08-20 04:25:00+00:00,24201.45,24214.25,24201.45,24203.8,,
2026-08-20 04:30:00+00:00,24204.05,24211.45,24199.7,24205.9,,
2026-08-20 04:35:00+00:00,24205.9,24214.4,24203.35,24211.6,,
2026-08-20 04:40:00+00:00,24211.25,24221.9,24208.75,24221.85,,
2026-08-20 04:45:00+00:00,24220.75,24226.7,24218.7,24219.6,,
2026-08-20 04:50:00+00:00,24219.3,24223.4,24212.55,24217.8,,
2026-08-20 04:55:00+00:00,24217.65,24219.35,24207.25,24210.15,,
2026-08-20 05:00:00+00:00,24209.65,24215.35,24207.75,24210.2,,
2026-08-20 05:05:00+00:00,24209.7,24213.35,24201.25,24205.0,,
2026-08-20 05:10:00+00:00,24204.5,24212.3,24203.95,24211.85,,
2026-08-20 05:15:00+00:00,24211.45,24218.1,24203.95,24215.55,,
2026-08-20 05:20:00+00:00,24215.5,24216.85,24204.0,24204.0,,
2026-08-20 05:25:00+00:00,24203.9,24214.55,24203.9,24212.55,,
2026-08-20 05:30:00+00:00,24212.5,24223.55,24210.05,24214.05,,
2026-08-20 05:35:00+00:00,24214.25,24217.85,24209.95,24211.45,,
2026-08-20 05:40:00+00:00,24211.15,24214.25,24202.5,24204.4,,
2026-08-20 05:45:00+00:00,24204.75,24207.7,24198.6,24198.75,,
2026-08-20 05:50:00+00:00,24198.95,24202.05,24194.2,24198.1,,
2026-08-20 05:55:00+00:00,24197.9,24201.35,24194.8,24201.0,,
2026-08-20 06:00:00+00:00,24200.75,24217.4,24200.1,24212.15,,
2026-08-20 06:05:00+00:00,24212.4,24217.3,24211.3,24211.75,,
2026-08-20 06:10:00+00:00,24211.65,24215.0,24209.0,24212.35,,
2026-08-20 06:15:00+00:00,24212.1,24218.85,24211.8,24212.4,,
2026-08-20 06:20:00+00:00,24211.75,24217.45,24210.9,24212.85,,
2026-08-20 06:25:00+00:00,24212.8,24220.5,24209.95,24216.6,,
2026-08-20 06:30:00+00:00,24216.55,24219.65,24210.8,24212.2,,
2026-08-20 06:35:00+00:00,24211.9,24216.8,24210.15,24213.0,,
2026-08-20 06:40:00+00:00,24213.1,24219.8,24211.25,24214.75,,
2026-08-20 06:45:00+00:00,24214.55,24223.0,24214.55,24216.75,,
2026-08-20 06:50:00+00:00,24216.35,24218.4,24210.75,24211.8,,
2026-08-20 06:55:00+00:00,24211.2,24215.85,24208.15,24213.75,,
2026-08-20 07:00:00+00:00,24213.75,24215.25,24209.1,24209.95,,
2026-08-20 07:05:00+00:00,24210.6,24217.0,24207.4,24216.95,,
2026-08-20 07:10:00+00:00,24217.0,24221.85,24214.4,24217.2,,
2026-08-20 07:15:00+00:00,24216.9,24247.3,24216.05,24241.45,,
2026-08-20 07:20:00+00:00,24241.0,24263.95,24240.15,24244.3,,
2026-08-20 07:25:00+00:00,24244.05,24248.4,24235.55,24244.25,,
2026-08-20 07:30:00+00:00,24244.15,24250.6,24239.05,24244.95,,
2026-08-20 07:35:00+00:00,24244.85,24250.4,24243.8,24248.5,,
2026-08-20 07:40:00+00:00,24248.25,24251.7,24241.0,24246.8,,
2026-08-20 07:45:00+00:00,24247.15,24250.7,24237.15,24241.0,,
2026-08-20 07:50:00+00:00,24240.25,24250.9,24238.35,24250.3,,
2026-08-20 07:55:00+00:00,24250.2,24251.75,24242.05,24247.55,,
2026-08-20 08:00:00+00:00,24246.85,24251.75,24245.55,24248.7,,
2026-08-20 08:05:00+00:00,24249.2,24252.15,24240.85,24243.0,,
2026-08-20 08:10:00+00:00,24242.45,24249.25,24238.4,24246.05,,
2026-08-20 08:15:00+00:00,24245.1,24249.85,24241.9,24246.25,,
2026-08-20 08:20:00+00:00,24245.15,24246.45,24237.3,24239.45,,
2026-08-20 08:25:00+00:00,24240.05,24242.9,24231.2,24232.95,,
2026-08-20 08:30:00+00:00,24231.7,24237.0,24227.25,24233.6,,
2026-08-20 08:35:00+00:00,24233.35,24241.0,24228.1,24236.6,,
2026-08-20 08:40:00+00:00,24235.75,24241.65,24232.1,24238.45,,
2026-08-20 08:45:00+00:00,24238.05,24239.55,24223.3,24238.0,,
2026-08-20 08:50:00+00:00,24237.15,24242.35,24229.65,24242.15,,
2026-08-20 08:55:00+00:00,24240.35,24246.3,24234.7,24245.8,,
2026-08-20 09:00:00+00:00,24244.85,24249.55,24240.45,24244.6,,
2026-08-20 09:05:00+00:00,24244.95,24247.55,24238.1,24244.0,,
2026-08-20 09:10:00+00:00,24244.0,24246.9,24236.0,24237.0,,
2026-08-20 09:15:00+00:00,24237.0,24238.2,24231.7,24236.65,,
2026-08-20 09:20:00+00:00,24236.3,24238.95,24231.15,24235.7,,
2026-08-20 09:25:00+00:00,24235.4,24240.9,24231.95,24238.1,,
2026-08-20 09:30:00+00:00,24238.05,24240.7,24224.55,24231.35,,
2026-08-20 09:35:00+00:00,24232.55,24232.55,24213.55,24215.7,,
2026-08-20 09:40:00+00:00,24215.95,24223.8,24205.3,24212.35,,
2026-08-20 09:45:00+00:00,24211.6,24211.6,24211.6,24211.6,,
2026-08-20 09:50:00+00:00,24211.6,24211.6,24211.6,24211.6,,
2026-08-20 09:55:00+00:00,24211.6,24231.85,24211.6,24231.85,,
2026-08-20 10:00:00+00:00,24231.85,24231.85,24231.85,24231.85,,
2026-08-20 10:05:00+00:00,24231.85,24231.85,24231.85,24231.85,,
2026-08-20 10:10:00+00:00,24231.85,24231.85,24231.85,24231.85,,
2026-08-20 10:15:00+00:00,24231.85,24231.85,24231.85,24231.85,,
2026-08-20 10:20:00+00:00,24231.85,24231.85,24231.85,24231.85,,
2026-08-20 10:25:00+00:00,24231.85,24231.85,24231.85,24231.85,,
2026-08-21 03:30:00+00:00,24231.85,24255.7,23864.1,24245.65,,
2026-08-21 03:35:00+00:00,24245.65,24318.0,24243.6,24284.05,,
2026-08-21 03:40:00+00:00,24284.05,24284.05,24284.05,24284.05,,
2026-08-21 03:45:00+00:00,24282.0,24282.0,24236.15,24238.1,,
2026-08-21 03:50:00+00:00,24237.55,24238.5,24210.8,24220.3,,
2026-08-21 03:55:00+00:00,24220.4,24236.2,24216.2,24230.8,,
2026-08-21 04:00:00+00:00,24230.95,24230.95,24206.95,24208.8,,
2026-08-21 04:05:00+00:00,24208.85,24221.75,24207.3,24220.7,,
2026-08-21 04:10:00+00:00,24220.75,24247.85,24220.55,24243.85,,
2026-08-21 04:15:00+00:00,24243.9,24250.5,24238.6,24243.5,,
2026-08-21 04:20:00+00:00,24243.4,24256.4,24240.65,24250.55,,
2026-08-21 04:25:00+00:00,24250.65,24251.95,24240.0,24246.9,,
2026-08-21 04:30:00+00:00,24246.9,24253.65,24238.15,24239.5,,
2026-08-21 04:35:00+00:00,24239.85,24241.2,24224.95,24225.25,,
2026-08-21 04:40:00+00:00,24225.5,24237.5,24224.6,24235.7,,
2026-08-21 04:45:00+00:00,24235.55,24237.9,24231.4,24232.1,,
2026-08-21 04:50:00+00:00,24232.15,24247.4,24229.35,24243.8,,
2026-08-21 04:55:00+00:00,24243.7,24256.85,24242.7,24255.0,,
2026-08-21 05:00:00+00:00,24255.7,24258.85,24248.5,24250.3,,
2026-08-21 05:05:00+00:00,24250.5,24252.85,24245.4,24249.35,,
2026-08-21 05:10:00+00:00,24249.25,24254.65,24247.8,24253.2,,
2026-08-21 05:15:00+00:00,24253.35,24259.0,24247.95,24253.5,,
2026-08-21 05:20:00+00:00,24253.2,24266.95,24252.55,24264.65,,
2026-08-21 05:25:00+00:00,24264.55,24267.65,24251.05,24261.0,,
2026-08-21 05:30:00+00:00,24260.65,24266.9,24260.15,24266.0,,
2026-08-21 05:35:00+00:00,24266.85,24267.3,24259.4,24259.8,,
2026-08-21 05:40:00+00:00,24260.05,24264.9,24257.85,24262.65,,
2026-08-21 05:45:00+00:00,24262.9,24265.85,24251.9,24255.35,,
2026-08-21 05:50:00+00:00,24255.1,24256.1,24248.15,24255.0,,
2026-08-21 05:55:00+00:00,24254.9,24259.4,24252.15,24256.6,,
2026-08-21 06:00:00+00:00,24256.55,24261.75,24254.25,24258.7,,
2026-08-21 06:05:00+00:00,24258.75,24260.7,24253.8,24257.2,,
2026-08-21 06:10:00+00:00,24257.3,24258.35,24248.85,24251.05,,
2026-08-21 06:15:00+00:00,24251.3,24255.7,24247.75,24254.35,,
2026-08-21 06:20:00+00:00,24254.45,24259.7,24245.25,24245.25,,
2026-08-21 06:25:00+00:00,24245.35,24248.25,24238.3,24239.3,,
2026-08-21 06:30:00+00:00,24238.45,24244.05,24237.05,24238.55,,
2026-08-21 06:35:00+00:00,24238.35,24241.85,24234.3,24236.25,,
2026-08-21 06:40:00+00:00,24236.2,24239.6,24232.55,24233.3,,
2026-08-21 06:45:00+00:00,24233.2,24238.9,24227.5,24237.95,,
2026-08-21 06:50:00+00:00,24237.45,24243.35,24236.15,24240.75,,
2026-08-21 06:55:00+00:00,24240.85,24243.3,24234.9,24238.25,,
2026-08-21 07:00:00+00:00,24238.0,24246.65,24238.0,24243.1,,
2026-08-21 07:05:00+00:00,24243.15,24246.7,24235.8,24236.55,,
2026-08-21 07:10:00+00:00,24236.4,24236.9,24227.45,24233.3,,
2026-08-21 07:15:00+00:00,24233.1,24239.4,24228.55,24230.4,,
2026-08-21 07:20:00+00:00,24230.3,24235.45,24230.2,24233.2,,
2026-08-21 07:25:00+00:00,24233.7,24236.45,24229.55,24232.8,,
2026-08-21 07:30:00+00:00,24232.6,24241.7,24231.95,24241.05,,
2026-08-21 07:35:00+00:00,24241.05,24253.1,24239.85,24250.35,,
2026-08-21 07:40:00+00:00,24250.35,24252.7,24242.85,24244.0,,
2026-08-21 07:45:00+00:00,24244.0,24248.2,24239.9,24246.0,,
2026-08-21 07:50:00+00:00,24245.7,24248.0,24234.9,24238.35,,
2026-08-21 07:55:00+00:00,24238.65,24247.15,24235.6,24246.8,,
2026-08-21 08:00:00+00:00,24247.05,24250.35,24237.65,24239.5,,
2026-08-21 08:05:00+00:00,24239.6,24242.45,24229.95,24233.7,,
2026-08-21 08:10:00+00:00,24233.9,24237.9,24229.75,24235.8,,
2026-08-21 08:15:00+00:00,24235.6,24237.95,24229.65,24231.45,,
2026-08-21 08:20:00+00:00,24231.2,24237.95,24226.1,24232.95,,
2026-08-21 08:25:00+00:00,24233.25,24242.9,24232.5,24233.95,,
2026-08-21 08:30:00+00:00,24232.9,24236.45,24227.15,24230.7,,
2026-08-21 08:35:00+00:00,24230.8,24233.15,24223.65,24225.45,,
2026-08-21 08:40:00+00:00,24225.15,24231.9,24223.7,24230.55,,
2026-08-21 08:45:00+00:00,24230.6,24239.6,24229.95,24236.15,,
2026-08-21 08:50:00+00:00,24236.8,24243.15,24234.2,24239.35,,
2026-08-21 08:55:00+00:00,24239.6,24243.25,24234.3,24243.1,,
2026-08-21 09:00:00+00:00,24242.7,24246.25,24236.4,24237.75,,
2026-08-21 09:05:00+00:00,24238.4,24239.85,24233.85,24234.7,,
2026-08-21 09:10:00+00:00,24233.75,24238.3,24232.9,24235.35,,
2026-08-21 09:15:00+00:00,24234.85,24243.95,24234.7,24237.6,,
2026-08-21 09:20:00+00:00,24238.0,24244.4,24237.55,24238.6,,
2026-08-21 09:25:00+00:00,24239.0,24241.45,24233.3,24236.3,,
2026-08-21 09:30:00+00:00,24235.85,24243.45,24233.05,24235.75,,
2026-08-21 09:35:00+00:00,24234.7,24240.25,24230.9,24234.05,,
2026-08-21 09:40:00+00:00,24234.0,24238.95,24223.6,24234.75,,
2026-08-21 09:45:00+00:00,24234.75,24234.75,24234.75,24234.75,,
2026-08-21 09:50:00+00:00,24234.75,24234.75,24234.75,24234.75,,
2026-08-21 09:55:00+00:00,24234.75,24252.0,24234.75,24252.0,,
2026-08-21 10:00:00+00:00,24252.0,24252.0,24252.0,24252.0,,
2026-08-21 10:05:00+00:00,24252.0,24252.0,24252.0,24252.0,,
2026-08-21 10:10:00+00:00,24252.0,24252.0,24252.0,24252.0,,
2026-08-21 10:15:00+00:00,24252.0,24252.0,24252.0,24252.0,,
2026-08-21 10:20:00+00:00,24252.0,24252.0,24252.0,24252.0,,
2026-08-21 10:25:00+00:00,24252.0,24252.0,24252.0,24252.0,,
2026-08-24 03:30:00+00:00,24252.0,24359.05,24197.4,24272.15,,
2026-08-24 03:35:00+00:00,24277.05,24293.35,24247.45,24285.05,,
2026-08-24 03:40:00+00:00,24285.05,24285.05,24285.05,24285.05,,
2026-08-24 03:45:00+00:00,24291.05,24312.85,24276.75,24303.4,,
2026-08-24 03:50:00+00:00,24303.9,24311.9,24298.75,24303.0,,
2026-08-24 03:55:00+00:00,24304.65,24306.3,24287.15,24287.15,,
2026-08-24 04:00:00+00:00,24290.3,24291.05,24272.55,24276.7,,
2026-08-24 04:05:00+00:00,24278.45,24288.6,24273.4,24283.1,,
2026-08-24 04:10:00+00:00,24284.7,24286.2,24274.25,24281.65,,
2026-08-24 04:15:00+00:00,24282.55,24285.15,24276.15,24281.35,,
2026-08-24 04:20:00+00:00,24281.2,24283.95,24272.1,24272.65,,
2026-08-24 04:25:00+00:00,24273.75,24281.35,24267.3,24268.65,,
2026-08-24 04:30:00+00:00,24270.3,24276.55,24267.65,24269.5,,
2026-08-24 04:35:00+00:00,24271.1,24274.3,24267.7,24270.3,,
2026-08-24 04:40:00+00:00,24272.25,24276.2,24269.6,24273.05,,
2026-08-24 04:45:00+00:00,24274.15,24281.9,24271.75,24278.2,,
2026-08-24 04:50:00+00:00,24280.05,24284.25,24276.6,24278.6,,
2026-08-24 04:55:00+00:00,24279.8,24281.75,24274.55,24277.7,,
2026-08-24 05:00:00+00:00,24278.35,24282.35,24275.05,24280.3,,
2026-08-24 05:05:00+00:00,24281.95,24287.7,24278.55,24280.25,,
2026-08-24 05:10:00+00:00,24280.95,24282.4,24275.4,24279.7,,
2026-08-24 05:15:00+00:00,24280.9,24280.9,24269.75,24270.6,,
2026-08-24 05:20:00+00:00,24272.35,24272.4,24262.45,24269.2,,
2026-08-24 05:25:00+00:00,24270.0,24272.75,24240.95,24243.25,,
2026-08-24 05:30:00+00:00,24244.2,24255.0,24227.45,24230.95,,
2026-08-24 05:35:00+00:00,24231.25,24232.35,24219.65,24221.65,,
2026-08-24 05:40:00+00:00,24222.1,24223.55,24209.6,24210.75,,
2026-08-24 05:45:00+00:00,24212.25,24219.7,24207.1,24215.1,,
2026-08-24 05:50:00+00:00,24216.6,24220.8,24196.9,24203.25,,
2026-08-24 05:55:00+00:00,24203.3,24204.4,24196.4,24202.05,,
2026-08-24 06:00:00+00:00,24202.5,24204.05,24177.35,24180.0,,
2026-08-24 06:05:00+00:00,24180.4,24184.3,24173.85,24180.85,,
2026-08-24 06:10:00+00:00,24181.4,24193.25,24180.3,24187.15,,
2026-08-24 06:15:00+00:00,24188.2,24198.6,24187.65,24196.85,,
2026-08-24 06:20:00+00:00,24197.75,24200.5,24189.9,24191.65,,
2026-08-24 06:25:00+00:00,24192.1,24196.55,24180.4,24181.2,,
2026-08-24 06:30:00+00:00,24182.65,24195.25,24179.7,24190.25,,
2026-08-24 06:35:00+00:00,24190.9,24196.5,24184.9,24194.7,,
2026-08-24 06:40:00+00:00,24195.3,24198.85,24191.35,24194.1,,
2026-08-24 06:45:00+00:00,24194.55,24196.35,24187.95,24190.5,,
2026-08-24 06:50:00+00:00,24192.0,24195.75,24189.4,24192.7,,
2026-08-24 06:55:00+00:00,24194.6,24199.55,24182.95,24183.85,,
2026-08-24 07:00:00+00:00,24184.6,24189.7,24182.45,24183.35,,
2026-08-24 07:05:00+00:00,24184.95,24193.1,24178.5,24180.1,,
2026-08-24 07:10:00+00:00,24181.15,24183.3,24175.65,24180.1,,
2026-08-24 07:15:00+00:00,24180.9,24189.1,24179.6,24185.1,,
2026-08-24 07:20:00+00:00,24187.3,24188.0,24180.0,24182.85,,
2026-08-24 07:25:00+00:00,24183.95,24190.4,24179.0,24180.95,,
2026-08-24 07:30:00+00:00,24181.85,24182.85,24165.2,24169.85,,
2026-08-24 07:35:00+00:00,24171.3,24173.15,24153.35,24159.6,,
2026-08-24 07:40:00+00:00,24159.6,24169.05,24158.5,24166.15,,
2026-08-24 07:45:00+00:00,24167.1,24174.55,24161.75,24173.35,,
2026-08-24 07:50:00+00:00,24175.1,24178.4,24172.3,24175.8,,
2026-08-24 07:55:00+00:00,24176.45,24181.85,24173.25,24178.75,,
2026-08-24 08:00:00+00:00,24178.75,24181.05,24163.45,24165.2,,
2026-08-24 08:05:00+00:00,24167.15,24173.8,24162.65,24169.5,,
2026-08-24 08:10:00+00:00,24170.55,24174.15,24166.3,24167.05,,
2026-08-24 08:15:00+00:00,24168.75,24172.4,24162.25,24166.9,,
2026-08-24 08:20:00+00:00,24167.75,24172.8,24160.3,24160.9,,
2026-08-24 08:25:00+00:00,24162.6,24164.3,24157.4,24158.55,,
2026-08-24 08:30:00+00:00,24160.5,24169.0,24154.7,24160.15,,
2026-08-24 08:35:00+00:00,24162.35,24166.15,24155.75,24162.6,,
2026-08-24 08:40:00+00:00,24164.1,24164.65,24148.3,24151.1,,
2026-08-24 08:45:00+00:00,24151.3,24157.85,24144.45,24154.15,,
2026-08-24 08:50:00+00:00,24155.55,24160.25,24145.8,24149.15,,
2026-08-24 08:55:00+00:00,24151.0,24166.75,24149.05,24161.05,,
2026-08-24 09:00:00+00:00,24162.05,24179.7,24158.35,24175.0,,
2026-08-24 09:05:00+00:00,24175.9,24180.9,24167.65,24171.85,,
2026-08-24 09:10:00+00:00,24172.8,24174.05,24159.6,24165.25,,
2026-08-24 09:15:00+00:00,24169.9,24170.1,24158.0,24163.75,,
2026-08-24 09:20:00+00:00,24165.4,24171.55,24159.25,24170.6,,
2026-08-24 09:25:00+00:00,24170.65,24175.0,24169.35,24172.45,,
2026-08-24 09:30:00+00:00,24173.9,24180.05,24171.5,24173.3,,
2026-08-24 09:35:00+00:00,24173.0,24177.0,24161.95,24174.5,,
2026-08-24 09:40:00+00:00,24175.1,24185.65,24169.6,24182.8,,
2026-08-24 09:45:00+00:00,24182.8,24182.8,24182.8,24182.8,,
2026-08-24 09:50:00+00:00,24182.8,24182.8,24182.8,24182.8,,
2026-08-24 09:55:00+00:00,24182.8,24219.05,24182.8,24219.05,,
2026-08-24 10:00:00+00:00,24219.05,24219.05,24219.05,24219.05,,
2026-08-24 10:05:00+00:00,24219.05,24219.05,24219.05,24219.05,,
2026-08-24 10:10:00+00:00,24219.05,24219.05,24219.05,24219.05,,
2026-08-24 10:15:00+00:00,24219.05,24219.05,24219.05,24219.05,,
2026-08-24 10:20:00+00:00,24219.05,24219.05,24219.05,24219.05,,
2026-08-24 10:25:00+00:00,24219.05,24219.05,24219.05,24219.05,,
2026-08-25 03:30:00+00:00,24219.05,24232.4,23988.05,24172.8,,
2026-08-25 03:35:00+00:00,24172.8,24190.7,24169.15,24175.75,,
2026-08-25 03:40:00+00:00,24175.75,24175.75,24175.75,24175.75,,
2026-08-25 03:45:00+00:00,24182.45,24185.7,24129.15,24184.05,,
2026-08-25 03:50:00+00:00,24185.5,24198.1,24173.7,24175.05,,
2026-08-25 03:55:00+00:00,24176.05,24189.85,24170.8,24181.5,,
2026-08-25 04:00:00+00:00,24182.2,24197.75,24179.2,24190.9,,
2026-08-25 04:05:00+00:00,24192.8,24195.2,24169.15,24172.8,,
2026-08-25 04:10:00+00:00,24175.45,24175.45,24153.0,24154.85,,
2026-08-25 04:15:00+00:00,24156.9,24166.1,24149.45,24154.15,,
2026-08-25 04:20:00+00:00,24156.1,24159.3,24133.8,24138.1,,
2026-08-25 04:25:00+00:00,24141.0,24150.1,24136.0,24138.85,,
2026-08-25 04:30:00+00:00,24141.95,24144.9,24130.35,24143.9,,
2026-08-25 04:35:00+00:00,24145.15,24149.5,24134.6,24135.05,,
2026-08-25 04:40:00+00:00,24136.05,24145.55,24135.35,24141.2,,
2026-08-25 04:45:00+00:00,24141.95,24142.7,24129.7,24134.1,,
2026-08-25 04:50:00+00:00,24136.65,24136.65,24119.5,24120.5,,
2026-08-25 04:55:00+00:00,24122.3,24129.05,24115.55,24126.35,,
2026-08-25 05:00:00+00:00,24128.3,24137.15,24123.55,24129.75,,
2026-08-25 05:05:00+00:00,24132.35,24134.2,24126.75,24131.65,,
2026-08-25 05:10:00+00:00,24133.2,24140.45,24125.85,24135.95,,
2026-08-25 05:15:00+00:00,24140.05,24157.4,24135.7,24154.5,,
2026-08-25 05:20:00+00:00,24157.6,24166.9,24152.2,24155.4,,
2026-08-25 05:25:00+00:00,24158.1,24161.8,24141.9,24142.7,,
2026-08-25 05:30:00+00:00,24144.55,24149.25,24137.2,24139.8,,
2026-08-25 05:35:00+00:00,24141.9,24147.8,24136.85,24140.65,,
2026-08-25 05:40:00+00:00,24144.25,24147.65,24133.45,24147.55,,
2026-08-25 05:45:00+00:00,24147.75,24151.25,24141.75,24146.2,,
2026-08-25 05:50:00+00:00,24147.9,24157.5,24143.4,24150.75,,
2026-08-25 05:55:00+00:00,24154.5,24156.4,24145.25,24149.2,,
2026-08-25 06:00:00+00:00,24150.9,24157.65,24146.6,24151.1,,
2026-08-25 06:05:00+00:00,24151.3,24154.9,24140.35,24152.95,,
2026-08-25 06:10:00+00:00,24154.8,24155.35,24148.9,24152.05,,
2026-08-25 06:15:00+00:00,24154.55,24155.5,24138.9,24146.3,,
2026-08-25 06:20:00+00:00,24146.9,24163.75,24139.75,24163.15,,
2026-08-25 06:25:00+00:00,24163.75,24189.95,24161.0,24178.3,,
2026-08-25 06:30:00+00:00,24180.45,24183.8,24163.8,24179.55,,
2026-08-25 06:35:00+00:00,24181.1,24182.1,24170.35,24170.8,,
2026-08-25 06:40:00+00:00,24174.05,24176.7,24166.25,24171.6,,
2026-08-25 06:45:00+00:00,24174.3,24181.0,24171.85,24173.35,,
2026-08-25 06:50:00+00:00,24175.5,24180.85,24167.4,24170.55,,
2026-08-25 06:55:00+00:00,24173.55,24176.35,24163.8,24169.85,,
2026-08-25 07:00:00+00:00,24172.25,24175.25,24160.55,24171.35,,
2026-08-25 07:05:00+00:00,24174.2,24174.2,24158.1,24162.85,,
2026-08-25 07:10:00+00:00,24164.75,24164.85,24150.6,24156.3,,
2026-08-25 07:15:00+00:00,24157.75,24162.25,24149.7,24157.75,,
2026-08-25 07:20:00+00:00,24159.5,24161.15,24150.7,24152.15,,
2026-08-25 07:25:00+00:00,24156.05,24162.4,24147.1,24157.05,,
2026-08-25 07:30:00+00:00,24157.6,24160.85,24135.2,24144.2,,
2026-08-25 07:35:00+00:00,24145.55,24145.55,24136.45,24139.55,,
2026-08-25 07:40:00+00:00,24141.4,24147.45,24125.9,24129.9,,
2026-08-25 07:45:00+00:00,24129.2,24137.3,24125.0,24129.6,,
2026-08-25 07:50:00+00:00,24132.7,24132.7,24124.15,24125.4,,
2026-08-25 07:55:00+00:00,24127.15,24130.85,24122.25,24126.45,,
2026-08-25 08:00:00+00:00,24127.95,24138.45,24125.05,24132.2,,
2026-08-25 08:05:00+00:00,24133.9,24138.7,24127.25,24137.6,,
2026-08-25 08:10:00+00:00,24138.85,24146.0,24136.65,24140.4,,
2026-08-25 08:15:00+00:00,24142.35,24142.9,24131.65,24133.85,,
2026-08-25 08:20:00+00:00,24135.45,24177.3,24128.95,24177.3,,
2026-08-25 08:25:00+00:00,24179.1,24179.9,24154.65,24156.6,,
2026-08-25 08:30:00+00:00,24157.3,24158.4,24139.3,24156.95,,
2026-08-25 08:35:00+00:00,24158.8,24159.4,24149.15,24153.05,,
2026-08-25 08:40:00+00:00,24154.1,24161.6,24151.75,24154.2,,
2026-08-25 08:45:00+00:00,24153.95,24161.6,24150.9,24158.7,,
2026-08-25 08:50:00+00:00,24159.45,24171.25,24156.65,24160.6,,
2026-08-25 08:55:00+00:00,24162.65,24185.2,24158.5,24181.85,,
2026-08-25 09:00:00+00:00,24183.15,24212.3,24173.4,24196.65,,
2026-08-25 09:05:00+00:00,24199.25,24210.7,24185.8,24198.8,,
2026-08-25 09:10:00+00:00,24200.1,24215.6,24195.8,24209.15,,
2026-08-25 09:15:00+00:00,24208.9,24227.4,24207.05,24224.3,,
2026-08-25 09:20:00+00:00,24224.45,24246.85,24216.75,24238.3,,
2026-08-25 09:25:00+00:00,24237.4,24256.75,24236.7,24253.1,,
2026-08-25 09:30:00+00:00,24252.8,24256.4,24239.1,24251.3,,
2026-08-25 09:35:00+00:00,24249.75,24252.8,24243.05,24248.65,,
2026-08-25 09:40:00+00:00,24247.05,24266.85,24245.6,24260.15,,
2026-08-25 09:45:00+00:00,24260.05,24260.05,24260.05,24260.05,,
2026-08-25 09:50:00+00:00,24260.05,24260.05,24260.05,24260.05,,
2026-08-25 09:55:00+00:00,24260.05,24334.55,24260.05,24334.55,,
2026-08-25 10:00:00+00:00,24334.55,24334.55,24334.55,24334.55,,
2026-08-25 10:05:00+00:00,24334.55,24334.55,24334.55,24334.55,,
2026-08-25 10:10:00+00:00,24334.55,24334.55,24334.55,24334.55,,
2026-08-25 10:15:00+00:00,24334.55,24334.55,24334.55,24334.55,,
2026-08-25 10:20:00+00:00,24334.55,24334.55,24334.55,24334.55,,
2026-08-25 10:25:00+00:00,24334.55,24334.55,24334.55,24334.55,,
2026-08-26 03:30:00+00:00,24334.55,24358.15,23947.2,24335.35,,
2026-08-26 03:35:00+00:00,24335.35,24358.75,24285.0,24341.95,,
2026-08-26 03:40:00+00:00,24341.95,24341.95,24341.95,24341.95,,
2026-08-26 03:45:00+00:00,24343.05,24355.35,24309.95,24318.3,,
2026-08-26 03:50:00+00:00,24316.95,24355.85,24316.45,24354.0,,
2026-08-26 03:55:00+00:00,24353.3,24362.9,24345.6,24351.15,,
2026-08-26 04:00:00+00:00,24350.9,24354.75,24341.1,24344.65,,
2026-08-26 04:05:00+00:00,24344.5,24356.15,24343.3,24356.05,,
2026-08-26 04:10:00+00:00,24355.65,24375.7,24355.65,24371.6,,
2026-08-26 04:15:00+00:00,24371.35,24378.0,24367.6,24370.0,,
2026-08-26 04:20:00+00:00,24370.4,24372.2,24360.8,24364.85,,
2026-08-26 04:25:00+00:00,24364.35,24375.25,24363.95,24365.8,,
2026-08-26 04:30:00+00:00,24366.05,24369.05,24351.25,24358.0,,
2026-08-26 04:35:00+00:00,24358.25,24360.6,24340.4,24346.3,,
2026-08-26 04:40:00+00:00,24345.8,24349.95,24333.45,24342.95,,
2026-08-26 04:45:00+00:00,24343.1,24348.3,24316.2,24318.35,,
2026-08-26 04:50:00+00:00,24318.4,24320.15,24294.7,24302.4,,
2026-08-26 04:55:00+00:00,24302.45,24306.0,24294.35,24304.6,,
2026-08-26 05:00:00+00:00,24304.65,24321.4,24303.45,24318.05,,
2026-08-26 05:05:00+00:00,24318.1,24323.95,24316.8,24320.85,,
2026-08-26 05:10:00+00:00,24321.0,24331.3,24315.9,24327.45,,
2026-08-26 05:15:00+00:00,24328.25,24328.95,24312.9,24317.9,,
2026-08-26 05:20:00+00:00,24318.05,24320.5,24311.9,24319.35,,
2026-08-26 05:25:00+00:00,24319.65,24329.25,24317.8,24320.4,,
2026-08-26 05:30:00+00:00,24319.95,24320.95,24309.6,24313.05,,
2026-08-26 05:35:00+00:00,24313.85,24321.55,24306.85,24321.25,,
2026-08-26 05:40:00+00:00,24321.8,24331.6,24320.0,24330.8,,
2026-08-26 05:45:00+00:00,24330.6,24332.65,24305.85,24310.2,,
2026-08-26 05:50:00+00:00,24310.25,24314.65,24297.95,24303.1,,
2026-08-26 05:55:00+00:00,24303.85,24309.25,24300.7,24304.95,,
2026-08-26 06:00:00+00:00,24305.8,24306.55,24292.75,24301.25,,
2026-08-26 06:05:00+00:00,24301.7,24313.4,24300.1,24309.7,,
2026-08-26 06:10:00+00:00,24309.3,24311.6,24306.9,24308.2,,
2026-08-26 06:15:00+00:00,24308.2,24309.1,24298.05,24299.6,,
2026-08-26 06:20:00+00:00,24299.6,24301.2,24282.95,24285.15,,
2026-08-26 06:25:00+00:00,24286.1,24295.15,24283.2,24288.45,,
2026-08-26 06:30:00+00:00,24288.65,24290.05,24270.05,24276.45,,
2026-08-26 06:35:00+00:00,24276.7,24281.45,24269.1,24270.4,,
2026-08-26 06:40:00+00:00,24271.1,24281.5,24266.65,24280.75,,
2026-08-26 06:45:00+00:00,24281.6,24289.05,24276.05,24288.0,,
2026-08-26 06:50:00+00:00,24286.25,24291.4,24277.8,24290.35,,
2026-08-26 06:55:00+00:00,24290.65,24290.7,24273.7,24278.1,,
2026-08-26 07:00:00+00:00,24278.45,24280.95,24268.9,24279.5,,
2026-08-26 07:05:00+00:00,24279.2,24286.05,24277.2,24277.7,,
2026-08-26 07:10:00+00:00,24276.3,24285.5,24272.2,24283.9,,
2026-08-26 07:15:00+00:00,24283.45,24285.45,24274.8,24277.5,,
2026-08-26 07:20:00+00:00,24277.5,24279.2,24273.75,24277.7,,
2026-08-26 07:25:00+00:00,24278.35,24284.6,24276.3,24279.05,,
2026-08-26 07:30:00+00:00,24279.2,24280.95,24268.25,24274.1,,
2026-08-26 07:35:00+00:00,24275.1,24283.05,24272.35,24273.3,,
2026-08-26 07:40:00+00:00,24273.25,24274.5,24268.15,24269.2,,
2026-08-26 07:45:00+00:00,24269.4,24269.95,24254.15,24263.6,,
2026-08-26 07:50:00+00:00,24264.05,24264.65,24254.95,24258.6,,
2026-08-26 07:55:00+00:00,24258.65,24265.45,24254.05,24265.45,,
2026-08-26 08:00:00+00:00,24265.0,24269.0,24261.7,24267.0,,
2026-08-26 08:05:00+00:00,24267.15,24268.6,24261.1,24264.95,,
2026-08-26 08:10:00+00:00,24265.4,24271.25,24261.05,24261.9,,
2026-08-26 08:15:00+00:00,24262.0,24263.6,24257.0,24262.05,,
2026-08-26 08:20:00+00:00,24262.45,24269.95,24259.0,24264.65,,
2026-08-26 08:25:00+00:00,24264.55,24266.3,24259.55,24263.35,,
2026-08-26 08:30:00+00:00,24262.7,24269.4,24258.65,24267.65,,
2026-08-26 08:35:00+00:00,24267.75,24269.4,24260.5,24266.05,,
2026-08-26 08:40:00+00:00,24265.95,24279.55,24263.35,24273.5,,
2026-08-26 08:45:00+00:00,24272.8,24280.85,24272.8,24275.6,,
2026-08-26 08:50:00+00:00,24275.75,24281.2,24271.4,24273.1,,
2026-08-26 08:55:00+00:00,24272.7,24276.5,24266.05,24273.25,,
2026-08-26 09:00:00+00:00,24273.1,24281.1,24270.1,24278.5,,
2026-08-26 09:05:00+00:00,24279.15,24284.0,24275.2,24278.15,,
2026-08-26 09:10:00+00:00,24277.75,24281.75,24275.05,24278.7,,
2026-08-26 09:15:00+00:00,24278.8,24291.9,24276.8,24290.8,,
2026-08-26 09:20:00+00:00,24289.9,24296.65,24286.9,24294.0,,
2026-08-26 09:25:00+00:00,24294.1,24297.05,24285.55,24290.8,,
2026-08-26 09:30:00+00:00,24288.95,24292.35,24278.65,24287.5,,
2026-08-26 09:35:00+00:00,24287.25,24289.65,24271.0,24275.35,,
2026-08-26 09:40:00+00:00,24275.45,24284.35,24270.65,24276.6,,
2026-08-26 09:45:00+00:00,24276.9,24276.9,24276.9,24276.9,,
2026-08-26 09:50:00+00:00,24276.9,24276.9,24276.9,24276.9,,
2026-08-26 09:55:00+00:00,24276.9,24276.9,24207.75,24207.75,,
2026-08-26 10:00:00+00:00,24207.75,24207.75,24207.75,24207.75,,
2026-08-26 10:05:00+00:00,24207.75,24207.75,24207.75,24207.75,,
2026-08-26 10:10:00+00:00,24207.75,24207.75,24207.75,24207.75,,
2026-08-26 10:15:00+00:00,24207.75,24207.75,24207.75,24207.75,,
2026-08-26 10:20:00+00:00,24207.75,24207.75,24207.75,24207.75,,
2026-08-26 10:25:00+00:00,24207.75,24207.75,24207.75,24207.75,,
2026-08-27 03:30:00+00:00,24207.75,24634.7,24207.75,24281.5,,
2026-08-27 03:35:00+00:00,24280.3,24285.15,24257.75,24277.6,,
2026-08-27 03:40:00+00:00,24277.6,24277.6,24277.6,24277.6,,
2026-08-27 03:45:00+00:00,24266.85,24296.9,24239.25,24250.05,,
2026-08-27 03:50:00+00:00,24249.3,24253.65,24223.1,24224.65,,
2026-08-27 03:55:00+00:00,24225.15,24232.3,24198.4,24201.1,,
2026-08-27 04:00:00+00:00,24202.5,24211.7,24188.8,24210.85,,
2026-08-27 04:05:00+00:00,24210.55,24216.9,24192.45,24198.65,,
2026-08-27 04:10:00+00:00,24200.65,24214.85,24195.95,24214.4,,
2026-08-27 04:15:00+00:00,24214.35,24228.2,24211.85,24225.1,,
2026-08-27 04:20:00+00:00,24225.85,24226.0,24206.5,24210.1,,
2026-08-27 04:25:00+00:00,24210.6,24211.3,24189.3,24196.75,,
2026-08-27 04:30:00+00:00,24196.1,24197.6,24181.55,24191.25,,
2026-08-27 04:35:00+00:00,24192.05,24196.45,24183.35,24195.8,,
2026-08-27 04:40:00+00:00,24195.9,24197.1,24180.05,24183.55,,
2026-08-27 04:45:00+00:00,24184.45,24192.3,24182.0,24188.3,,
2026-08-27 04:50:00+00:00,24188.0,24191.4,24181.4,24184.65,,
2026-08-27 04:55:00+00:00,24184.85,24190.45,24178.65,24182.5,,
2026-08-27 05:00:00+00:00,24183.05,24191.9,24178.25,24188.55,,
2026-08-27 05:05:00+00:00,24189.4,24190.85,24182.75,24184.25,,
2026-08-27 05:10:00+00:00,24185.7,24187.2,24169.1,24169.1,,
2026-08-27 05:15:00+00:00,24172.1,24179.75,24167.8,24171.6,,
2026-08-27 05:20:00+00:00,24173.1,24174.3,24157.85,24162.2,,
2026-08-27 05:25:00+00:00,24163.45,24164.6,24154.25,24159.65,,
2026-08-27 05:30:00+00:00,24161.15,24164.75,24148.8,24163.55,,
2026-08-27 05:35:00+00:00,24164.7,24168.75,24160.75,24166.45,,
2026-08-27 05:40:00+00:00,24167.1,24167.45,24155.75,24155.85,,
2026-08-27 05:45:00+00:00,24156.85,24158.75,24146.2,24146.35,,
2026-08-27 05:50:00+00:00,24147.35,24148.9,24138.0,24140.2,,
2026-08-27 05:55:00+00:00,24139.95,24146.4,24137.65,24144.05,,
2026-08-27 06:00:00+00:00,24144.55,24158.0,24141.6,24156.4,,
2026-08-27 06:05:00+00:00,24156.25,24160.15,24153.15,24155.35,,
2026-08-27 06:10:00+00:00,24155.0,24162.2,24149.25,24151.55,,
2026-08-27 06:15:00+00:00,24151.5,24155.65,24145.35,24148.45,,
2026-08-27 06:20:00+00:00,24148.85,24157.3,24143.25,24152.85,,
2026-08-27 06:25:00+00:00,24154.0,24163.4,24152.3,24158.8,,
2026-08-27 06:30:00+00:00,24158.85,24160.5,24146.2,24153.7,,
2026-08-27 06:35:00+00:00,24152.75,24154.1,24133.8,24142.1,,
2026-08-27 06:40:00+00:00,24141.3,24156.2,24138.5,24154.85,,
2026-08-27 06:45:00+00:00,24154.85,24161.8,24145.3,24146.5,,
2026-08-27 06:50:00+00:00,24146.1,24148.8,24140.55,24143.05,,
2026-08-27 06:55:00+00:00,24143.1,24162.25,24141.7,24158.35,,
2026-08-27 07:00:00+00:00,24158.0,24161.75,24150.2,24159.7,,
2026-08-27 07:05:00+00:00,24159.0,24176.75,24153.35,24174.25,,
2026-08-27 07:10:00+00:00,24173.95,24177.4,24166.9,24173.0,,
2026-08-27 07:15:00+00:00,24172.85,24178.4,24166.0,24176.5,,
2026-08-27 07:20:00+00:00,24177.1,24192.35,24167.4,24186.55,,
2026-08-27 07:25:00+00:00,24186.4,24188.65,24179.85,24180.05,,
2026-08-27 07:30:00+00:00,24180.5,24189.2,24179.2,24181.9,,
2026-08-27 07:35:00+00:00,24181.85,24186.1,24175.25,24182.75,,
2026-08-27 07:40:00+00:00,24182.15,24195.55,24179.5,24194.1,,
2026-08-27 07:45:00+00:00,24193.1,24199.9,24180.2,24186.3,,
2026-08-27 07:50:00+00:00,24185.65,24193.15,24179.4,24193.0,,
2026-08-27 07:55:00+00:00,24192.2,24193.5,24174.45,24182.3,,
2026-08-27 08:00:00+00:00,24181.05,24187.85,24167.8,24176.95,,
2026-08-27 08:05:00+00:00,24175.9,24181.7,24171.55,24179.1,,
2026-08-27 08:10:00+00:00,24178.85,24179.75,24163.15,24163.3,,
2026-08-27 08:15:00+00:00,24163.65,24165.15,24136.2,24142.95,,
2026-08-27 08:20:00+00:00,24141.8,24145.15,24136.3,24138.3,,
2026-08-27 08:25:00+00:00,24139.65,24139.9,24129.25,24131.25,,
2026-08-27 08:30:00+00:00,24130.8,24135.3,24127.4,24129.1,,
2026-08-27 08:35:00+00:00,24129.2,24134.5,24120.8,24123.95,,
2026-08-27 08:40:00+00:00,24125.75,24143.05,24122.5,24131.75,,
2026-08-27 08:45:00+00:00,24131.9,24144.0,24129.15,24142.7,,
2026-08-27 08:50:00+00:00,24142.8,24149.35,24138.35,24148.75,,
2026-08-27 08:55:00+00:00,24149.0,24158.0,24144.05,24158.0,,
2026-08-27 09:00:00+00:00,24158.15,24167.2,24138.1,24152.95,,
2026-08-27 09:05:00+00:00,24152.3,24153.8,24138.85,24153.4,,
2026-08-27 09:10:00+00:00,24153.3,24154.85,24139.35,24143.3,,
2026-08-27 09:15:00+00:00,24143.15,24154.4,24140.9,24152.2,,
2026-08-27 09:20:00+00:00,24152.65,24157.55,24144.65,24149.55,,
2026-08-27 09:25:00+00:00,24149.9,24156.3,24147.85,24156.3,,
2026-08-27 09:30:00+00:00,24155.95,24162.25,24147.55,24148.1,,
2026-08-27 09:35:00+00:00,24150.25,24150.25,24137.0,24143.25,,
2026-08-27 09:40:00+00:00,24143.9,24146.95,24128.6,24133.6,,
2026-08-27 09:45:00+00:00,24133.05,24133.05,24133.05,24133.05,,
2026-08-27 09:50:00+00:00,24133.05,24133.05,24133.05,24133.05,,
2026-08-27 09:55:00+00:00,24133.05,24133.05,24090.85,24090.85,,
2026-08-27 10:00:00+00:00,24090.85,24090.85,24090.85,24090.85,,
2026-08-27 10:05:00+00:00,24090.85,24090.85,24090.85,24090.85,,
2026-08-27 10:10:00+00:00,24090.85,24090.85,24090.85,24090.85,,
2026-08-27 10:15:00+00:00,24090.85,24090.85,24090.85,24090.85,,
2026-08-27 10:20:00+00:00,24090.85,24090.85,24090.85,24090.85,,
2026-08-27 10:25:00+00:00,24090.85,24090.85,24090.85,24090.85,,
2026-08-28 03:30:00+00:00,24090.85,24190.7,23932.45,24125.5,,
2026-08-28 03:35:00+00:00,24125.5,24137.5,24108.95,24122.6,,
2026-08-28 03:40:00+00:00,24122.6,24122.6,24122.6,24122.6,,
2026-08-28 03:45:00+00:00,24128.95,24145.8,24110.4,24112.2,,
2026-08-28 03:50:00+00:00,24113.0,24131.4,24107.1,24129.55,,
2026-08-28 03:55:00+00:00,24131.5,24157.65,24131.0,24149.55,,
2026-08-28 04:00:00+00:00,24148.35,24154.9,24137.8,24145.45,,
2026-08-28 04:05:00+00:00,24149.15,24149.15,24130.4,24140.35,,
2026-08-28 04:10:00+00:00,24141.1,24166.15,24138.6,24160.05,,
2026-08-28 04:15:00+00:00,24161.4,24163.05,24144.45,24146.95,,
2026-08-28 04:20:00+00:00,24148.3,24155.7,24136.15,24154.9,,
2026-08-28 04:25:00+00:00,24156.2,24161.3,24152.75,24156.5,,
2026-08-28 04:30:00+00:00,24158.3,24159.15,24145.3,24146.05,,
2026-08-28 04:35:00+00:00,24147.0,24158.65,24141.5,24151.95,,
2026-08-28 04:40:00+00:00,24153.05,24167.85,24150.65,24167.2,,
2026-08-28 04:45:00+00:00,24168.25,24188.3,24165.0,24165.0,,
2026-08-28 04:50:00+00:00,24166.6,24170.55,24161.5,24170.2,,
2026-08-28 04:55:00+00:00,24171.1,24172.35,24158.55,24169.85,,
2026-08-28 05:00:00+00:00,24171.25,24171.25,24160.15,24160.8,,
2026-08-28 05:05:00+00:00,24162.2,24164.55,24157.35,24161.95,,
2026-08-28 05:10:00+00:00,24163.25,24168.1,24154.75,24156.15,,
2026-08-28 05:15:00+00:00,24157.05,24165.65,24151.7,24163.4,,
2026-08-28 05:20:00+00:00,24163.95,24170.6,24155.45,24155.6,,
2026-08-28 05:25:00+00:00,24157.0,24161.95,24149.75,24155.7,,
2026-08-28 05:30:00+00:00,24156.8,24163.0,24152.65,24160.25,,
2026-08-28 05:35:00+00:00,24162.05,24163.3,24141.55,24142.45,,
2026-08-28 05:40:00+00:00,24143.05,24166.05,24141.95,24160.95,,
2026-08-28 05:45:00+00:00,24162.7,24163.4,24147.85,24151.5,,
2026-08-28 05:50:00+00:00,24151.75,24152.3,24138.15,24140.5,,
2026-08-28 05:55:00+00:00,24139.9,24140.3,24117.0,24117.85,,
2026-08-28 06:00:00+00:00,24117.85,24123.2,24102.95,24107.75,,
2026-08-28 06:05:00+00:00,24108.45,24108.95,24092.85,24101.3,,
2026-08-28 06:10:00+00:00,24101.65,24107.75,24098.05,24105.7,,
2026-08-28 06:15:00+00:00,24106.35,24107.15,24098.1,24105.6,,
2026-08-28 06:20:00+00:00,24106.4,24109.65,24098.25,24098.25,,
2026-08-28 06:25:00+00:00,24099.95,24100.15,24077.0,24083.15,,
2026-08-28 06:30:00+00:00,24084.25,24091.8,24080.0,24088.05,,
2026-08-28 06:35:00+00:00,24089.95,24098.7,24085.3,24086.3,,
2026-08-28 06:40:00+00:00,24086.75,24088.8,24077.0,24086.9,,
2026-08-28 06:45:00+00:00,24087.6,24090.0,24084.75,24088.75,,
2026-08-28 06:50:00+00:00,24089.8,24095.45,24083.85,24085.95,,
2026-08-28 06:55:00+00:00,24087.25,24096.1,24084.1,24094.65,,
2026-08-28 07:00:00+00:00,24096.15,24103.35,24093.45,24101.4,,
2026-08-28 07:05:00+00:00,24102.2,24108.1,24099.35,24105.85,,
2026-08-28 07:10:00+00:00,24106.65,24108.0,24103.85,24105.6,,
2026-08-28 07:15:00+00:00,24105.8,24109.8,24101.95,24109.8,,
2026-08-28 07:20:00+00:00,24109.65,24110.95,24104.35,24105.3,,
2026-08-28 07:25:00+00:00,24106.7,24106.7,24096.45,24096.45,,
2026-08-28 07:30:00+00:00,24098.7,24100.2,24092.0,24093.2,,
2026-08-28 07:35:00+00:00,24094.45,24103.35,24089.35,24102.1,,
2026-08-28 07:40:00+00:00,24103.55,24110.0,24100.6,24103.55,,
2026-08-28 07:45:00+00:00,24105.35,24110.35,24100.3,24107.55,,
2026-08-28 07:50:00+00:00,24108.55,24113.25,24104.4,24108.6,,
2026-08-28 07:55:00+00:00,24110.7,24116.45,24095.5,24096.15,,
2026-08-28 08:00:00+00:00,24097.25,24112.95,24095.3,24109.85,,
2026-08-28 08:05:00+00:00,24111.15,24114.1,24105.4,24111.8,,
2026-08-28 08:10:00+00:00,24112.65,24119.0,24109.5,24113.1,,
2026-08-28 08:15:00+00:00,24114.25,24114.6,24100.9,24103.75,,
2026-08-28 08:20:00+00:00,24104.9,24105.6,24097.45,24103.35,,
2026-08-28 08:25:00+00:00,24104.15,24112.25,24097.85,24110.85,,
2026-08-28 08:30:00+00:00,24111.9,24112.1,24101.25,24102.9,,
2026-08-28 08:35:00+00:00,24103.75,24106.45,24098.55,24103.65,,
2026-08-28 08:40:00+00:00,24103.85,24113.35,24103.0,24110.8,,
2026-08-28 08:45:00+00:00,24111.9,24119.15,24107.15,24109.85,,
2026-08-28 08:50:00+00:00,24109.45,24115.95,24109.3,24115.9,,
2026-08-28 08:55:00+00:00,24115.6,24121.3,24112.95,24120.35,,
2026-08-28 09:00:00+00:00,24120.45,24123.8,24113.1,24120.2,,
2026-08-28 09:05:00+00:00,24120.8,24122.45,24115.75,24118.9,,
2026-08-28 09:10:00+00:00,24119.45,24121.3,24113.85,24118.1,,
2026-08-28 09:15:00+00:00,24119.0,24127.5,24113.5,24126.65,,
2026-08-28 09:20:00+00:00,24128.35,24140.15,24124.3,24138.35,,
2026-08-28 09:25:00+00:00,24139.35,24140.75,24128.7,24129.45,,
2026-08-28 09:30:00+00:00,24128.45,24129.0,24104.9,24108.9,,
2026-08-28 09:35:00+00:00,24108.95,24124.45,24108.25,24123.0,,
2026-08-28 09:40:00+00:00,24122.3,24159.1,24121.75,24142.95,,
2026-08-28 09:45:00+00:00,24142.45,24142.45,24142.45,24142.45,,
2026-08-28 09:50:00+00:00,24142.45,24142.45,24142.45,24142.45,,
2026-08-28 09:55:00+00:00,24142.45,24175.65,24142.45,24175.65,,
2026-08-28 10:00:00+00:00,24175.65,24175.65,24175.65,24175.65,,
2026-08-28 10:05:00+00:00,24175.65,24175.65,24175.65,24175.65,,
2026-08-28 10:10:00+00:00,24175.65,24175.65,24175.65,24175.65,,
2026-08-28 10:15:00+00:00,24175.65,24175.65,24175.65,24175.65,,
2026-08-28 10:20:00+00:00,24175.65,24175.65,24175.65,24175.65,,
2026-08-28 10:25:00+00:00,24175.65,24175.65,24175.65,24175.65,,
2026-08-31 03:30:00+00:00,24175.65,24175.65,23940.65,24121.15,,
2026-08-31 03:35:00+00:00,24120.15,24141.8,24094.95,24117.55,,
2026-08-31 03:40:00+00:00,24117.55,24117.55,24117.55,24117.55,,
2026-08-31 03:45:00+00:00,24117.1,24126.55,24040.2,24065.05,,
2026-08-31 03:50:00+00:00,24067.2,24085.1,24057.6,24066.7,,
2026-08-31 03:55:00+00:00,24068.8,24070.8,24037.05,24043.05,,
2026-08-31 04:00:00+00:00,24045.5,24067.4,24039.8,24057.55,,
2026-08-31 04:05:00+00:00,24060.0,24063.0,24045.65,24046.9,,
2026-08-31 04:10:00+00:00,24049.45,24050.5,24024.4,24024.6,,
2026-08-31 04:15:00+00:00,24026.65,24038.4,24019.65,24026.2,,
2026-08-31 04:20:00+00:00,24026.95,24036.15,24021.5,24023.35,,
2026-08-31 04:25:00+00:00,24026.6,24026.6,24013.25,24025.5,,
2026-08-31 04:30:00+00:00,24027.65,24033.75,24023.4,24031.8,,
2026-08-31 04:35:00+00:00,24034.35,24043.35,24028.35,24029.75,,
2026-08-31 04:40:00+00:00,24032.15,24032.15,24010.5,24017.85,,
2026-08-31 04:45:00+00:00,24018.7,24021.15,24010.65,24012.15,,
2026-08-31 04:50:00+00:00,24013.8,24017.5,24004.85,24009.5,,
2026-08-31 04:55:00+00:00,24010.85,24033.3,24005.75,24028.85,,
2026-08-31 05:00:00+00:00,24029.65,24032.1,24008.05,24008.05,,
2026-08-31 05:05:00+00:00,24012.0,24012.0,23998.1,24002.1,,
2026-08-31 05:10:00+00:00,24004.55,24013.15,23997.45,24010.65,,
2026-08-31 05:15:00+00:00,24012.25,24015.25,24004.45,24007.05,,
2026-08-31 05:20:00+00:00,24009.6,24010.35,23997.15,24003.8,,
2026-08-31 05:25:00+00:00,24005.8,24015.8,24001.3,24010.3,,
2026-08-31 05:30:00+00:00,24012.65,24017.2,24008.45,24011.4,,
2026-08-31 05:35:00+00:00,24011.7,24014.1,23995.7,23997.45,,
2026-08-31 05:40:00+00:00,23999.2,24002.7,23993.85,24001.6,,
2026-08-31 05:45:00+00:00,24003.3,24009.35,24000.25,24004.15,,
2026-08-31 05:50:00+00:00,24006.1,24009.9,24000.65,24002.95,,
2026-08-31 05:55:00+00:00,24005.85,24010.85,24001.65,24009.75,,
2026-08-31 06:00:00+00:00,24011.25,24018.9,24008.4,24014.5,,
2026-08-31 06:05:00+00:00,24018.3,24026.7,24013.55,24017.85,,
2026-08-31 06:10:00+00:00,24022.1,24031.35,24017.4,24024.85,,
2026-08-31 06:15:00+00:00,24027.0,24036.3,24018.8,24032.15,,
2026-08-31 06:20:00+00:00,24033.9,24073.85,24030.6,24072.85,,
2026-08-31 06:25:00+00:00,24074.25,24088.7,24062.05,24063.9,,
2026-08-31 06:30:00+00:00,24067.0,24078.15,24059.1,24075.85,,
2026-08-31 06:35:00+00:00,24078.7,24078.7,24061.45,24064.25,,
2026-08-31 06:40:00+00:00,24066.95,24067.05,24053.5,24055.95,,
2026-08-31 06:45:00+00:00,24057.75,24070.8,24052.45,24070.2,,
2026-08-31 06:50:00+00:00,24071.9,24080.2,24064.3,24065.3,,
2026-08-31 06:55:00+00:00,24067.7,24070.1,24061.6,24064.2,,
2026-08-31 07:00:00+00:00,24066.25,24067.55,24054.05,24057.0,,
2026-08-31 07:05:00+00:00,24061.0,24072.25,24057.35,24071.4,,
2026-08-31 07:10:00+00:00,24073.0,24079.35,24068.15,24073.95,,
2026-08-31 07:15:00+00:00,24076.5,24076.5,24062.15,24067.8,,
2026-08-31 07:20:00+00:00,24070.6,24078.45,24066.4,24077.6,,
2026-08-31 07:25:00+00:00,24079.05,24079.05,24062.15,24062.15,,
2026-08-31 07:30:00+00:00,24064.85,24072.35,24057.4,24068.6,,
2026-08-31 07:35:00+00:00,24071.45,24071.45,24058.0,24060.85,,
2026-08-31 07:40:00+00:00,24062.65,24076.8,24057.55,24074.15,,
2026-08-31 07:45:00+00:00,24076.0,24076.0,24064.75,24066.0,,
2026-08-31 07:50:00+00:00,24067.75,24070.15,24063.0,24065.0,,
2026-08-31 07:55:00+00:00,24067.8,24076.15,24063.1,24067.05,,
2026-08-31 08:00:00+00:00,24069.1,24073.7,24062.85,24069.85,,
2026-08-31 08:05:00+00:00,24071.2,24072.2,24058.85,24061.8,,
2026-08-31 08:10:00+00:00,24063.65,24067.0,24053.65,24055.05,,
2026-08-31 08:15:00+00:00,24058.15,24066.75,24054.6,24064.65,,
2026-08-31 08:20:00+00:00,24065.7,24067.15,24056.5,24058.25,,
2026-08-31 08:25:00+00:00,24060.1,24060.1,24043.2,24047.05,,
2026-08-31 08:30:00+00:00,24049.05,24050.7,24031.9,24033.55,,
2026-08-31 08:35:00+00:00,24036.45,24043.3,24024.8,24031.7,,
2026-08-31 08:40:00+00:00,24034.9,24039.1,24029.1,24031.55,,
2026-08-31 08:45:00+00:00,24033.5,24040.25,24027.0,24034.55,,
2026-08-31 08:50:00+00:00,24036.05,24036.05,24020.9,24024.75,,
2026-08-31 08:55:00+00:00,24027.95,24032.9,24020.6,24022.2,,
2026-08-31 09:00:00+00:00,24023.85,24035.35,24020.5,24033.75,,
2026-08-31 09:05:00+00:00,24035.3,24046.6,24030.85,24044.65,,
2026-08-31 09:10:00+00:00,24045.0,24063.6,24045.0,24054.1,,
2026-08-31 09:15:00+00:00,24056.15,24114.0,24055.4,24077.1,,
2026-08-31 09:20:00+00:00,24077.25,24096.55,24075.6,24094.45,,
2026-08-31 09:25:00+00:00,24095.05,24096.15,24069.7,24075.2,,
2026-08-31 09:30:00+00:00,24074.95,24074.95,24054.25,24057.6,,
2026-08-31 09:35:00+00:00,24056.7,24070.5,24046.25,24068.1,,
2026-08-31 09:40:00+00:00,24068.3,24069.8,24044.65,24051.95,,
2026-08-31 09:45:00+00:00,24050.25,24050.25,24050.25,24050.25,,
2026-08-31 09:50:00+00:00,24050.25,24050.25,24050.25,24050.25,,
2026-08-31 09:55:00+00:00,24050.25,24080.4,24050.25,24080.4,,
2026-08-31 10:00:00+00:00,24080.4,24080.4,24080.4,24080.4,,
2026-08-31 10:05:00+00:00,24080.4,24080.4,24080.4,24080.4,,
2026-08-31 10:10:00+00:00,24080.4,24080.4,24080.4,24080.4,,
2026-08-31 10:15:00+00:00,24080.4,24080.4,24080.4,24080.4,,
2026-08-31 10:20:00+00:00,24080.4,24080.4,24080.4,24080.4,,
2026-08-31 10:25:00+00:00,24080.4,24080.4,24080.4,24080.4,,
2026-09-01 03:30:00+00:00,24080.4,24215.15,23750.7,24103.5,,
2026-09-01 03:35:00+00:00,24100.85,24116.8,24072.4,24077.55,,
2026-09-01 03:40:00+00:00,24077.55,24077.55,24077.55,24077.55,,
2026-09-01 03:45:00+00:00,24077.05,24077.05,24028.0,24041.15,,
2026-09-01 03:50:00+00:00,24042.55,24051.05,24031.7,24039.1,,
2026-09-01 03:55:00+00:00,24039.4,24065.6,24032.95,24063.95,,
2026-09-01 04:00:00+00:00,24064.75,24076.65,24058.7,24066.2,,
2026-09-01 04:05:00+00:00,24066.35,24067.75,24039.95,24040.85,,
2026-09-01 04:10:00+00:00,24041.25,24047.75,24025.55,24028.35,,
2026-09-01 04:15:00+00:00,24030.15,24030.15,24010.55,24021.2,,
2026-09-01 04:20:00+00:00,24021.35,24031.35,24014.35,24022.05,,
2026-09-01 04:25:00+00:00,24023.0,24027.7,24014.7,24018.25,,
2026-09-01 04:30:00+00:00,24019.0,24036.1,24015.05,24032.95,,
2026-09-01 04:35:00+00:00,24033.95,24036.5,24023.3,24033.0,,
2026-09-01 04:40:00+00:00,24034.0,24040.95,24031.05,24036.25,,
2026-09-01 04:45:00+00:00,24037.55,24056.95,24035.3,24050.2,,
2026-09-01 04:50:00+00:00,24052.3,24064.05,24045.2,24062.5,,
2026-09-01 04:55:00+00:00,24062.95,24066.25,24055.1,24061.05,,
2026-09-01 05:00:00+00:00,24062.8,24073.2,24060.2,24064.75,,
2026-09-01 05:05:00+00:00,24067.3,24073.05,24058.8,24068.55,,
2026-09-01 05:10:00+00:00,24069.1,24070.95,24058.6,24064.95,,
2026-09-01 05:15:00+00:00,24066.0,24071.45,24062.1,24069.7,,
2026-09-01 05:20:00+00:00,24069.6,24092.45,24066.2,24087.2,,
2026-09-01 05:25:00+00:00,24088.65,24091.4,24074.45,24082.0,,
2026-09-01 05:30:00+00:00,24083.65,24088.2,24072.4,24077.4,,
2026-09-01 05:35:00+00:00,24078.75,24096.3,24072.95,24092.85,,
2026-09-01 05:40:00+00:00,24094.75,24111.75,24091.0,24107.05,,
2026-09-01 05:45:00+00:00,24108.75,24122.65,24107.0,24121.65,,
2026-09-01 05:50:00+00:00,24123.95,24127.3,24117.55,24120.35,,
2026-09-01 05:55:00+00:00,24121.7,24130.25,24116.5,24126.3,,
2026-09-01 06:00:00+00:00,24127.9,24142.85,24123.55,24124.55,,
2026-09-01 06:05:00+00:00,24126.65,24127.45,24110.7,24112.6,,
2026-09-01 06:10:00+00:00,24113.4,24121.95,24104.0,24119.0,,
2026-09-01 06:15:00+00:00,24120.0,24125.4,24109.45,24110.6,,
2026-09-01 06:20:00+00:00,24111.55,24119.5,24108.2,24117.65,,
2026-09-01 06:25:00+00:00,24119.65,24125.4,24114.9,24116.7,,
2026-09-01 06:30:00+00:00,24118.65,24123.1,24110.6,24121.3,,
2026-09-01 06:35:00+00:00,24124.2,24128.65,24121.95,24127.9,,
2026-09-01 06:40:00+00:00,24129.1,24132.2,24114.5,24117.75,,
2026-09-01 06:45:00+00:00,24118.5,24120.75,24104.85,24110.1,,
2026-09-01 06:50:00+00:00,24111.65,24113.7,24097.0,24097.65,,
2026-09-01 06:55:00+00:00,24098.75,24112.75,24094.65,24109.65,,
2026-09-01 07:00:00+00:00,24110.9,24115.7,24102.75,24108.4,,
2026-09-01 07:05:00+00:00,24109.85,24113.05,24105.05,24111.05,,
2026-09-01 07:10:00+00:00,24111.8,24117.35,24108.7,24115.15,,
2026-09-01 07:15:00+00:00,24116.5,24118.7,24106.55,24107.45,,
2026-09-01 07:20:00+00:00,24109.3,24109.8,24092.3,24093.5,,
2026-09-01 07:25:00+00:00,24095.1,24097.35,24087.45,24092.25,,
2026-09-01 07:30:00+00:00,24094.05,24094.1,24081.7,24084.15,,
2026-09-01 07:35:00+00:00,24085.05,24085.2,24070.7,24074.95,,
2026-09-01 07:40:00+00:00,24075.8,24075.8,24049.8,24050.2,,
2026-09-01 07:45:00+00:00,24050.75,24051.0,24041.8,24049.05,,
2026-09-01 07:50:00+00:00,24050.35,24059.25,24046.65,24056.9,,
2026-09-01 07:55:00+00:00,24058.25,24060.25,24045.6,24049.8,,
2026-09-01 08:00:00+00:00,24051.45,24062.45,24049.9,24059.95,,
2026-09-01 08:05:00+00:00,24060.6,24065.65,24033.3,24036.9,,
2026-09-01 08:10:00+00:00,24038.0,24038.15,24021.2,24034.2,,
2026-09-01 08:15:00+00:00,24034.9,24034.95,24017.2,24019.25,,
2026-09-01 08:20:00+00:00,24019.65,24019.65,23988.2,23993.8,,
2026-09-01 08:25:00+00:00,23995.0,24010.95,23988.05,24000.15,,
2026-09-01 08:30:00+00:00,24001.8,24001.8,23977.15,23978.55,,
2026-09-01 08:35:00+00:00,23980.45,23983.95,23953.9,23956.35,,
2026-09-01 08:40:00+00:00,23957.85,23972.95,23956.25,23965.05,,
2026-09-01 08:45:00+00:00,23967.25,23968.7,23958.0,23965.65,,
2026-09-01 08:50:00+00:00,23967.15,23967.35,23953.9,23958.05,,
2026-09-01 08:55:00+00:00,23959.65,23982.25,23952.6,23981.6,,
2026-09-01 09:00:00+00:00,23982.45,23988.6,23968.45,23984.45,,
2026-09-01 09:05:00+00:00,23985.6,23989.7,23965.5,23966.0,,
2026-09-01 09:10:00+00:00,23967.5,23972.45,23958.4,23961.95,,
2026-09-01 09:15:00+00:00,23963.7,23978.05,23960.6,23969.65,,
2026-09-01 09:20:00+00:00,23970.4,23985.5,23970.0,23980.75,,
2026-09-01 09:25:00+00:00,23980.85,23993.35,23978.85,23980.5,,
2026-09-01 09:30:00+00:00,23980.8,23986.05,23968.3,23975.9,,
2026-09-01 09:35:00+00:00,23975.85,23985.35,23969.2,23969.65,,
2026-09-01 09:40:00+00:00,23970.7,23990.25,23959.15,23984.45,,
2026-09-01 09:45:00+00:00,23980.55,23980.55,23980.55,23980.55,,
2026-09-01 09:50:00+00:00,23980.55,23980.55,23980.55,23980.55,,
2026-09-01 09:55:00+00:00,23980.55,24055.8,23980.55,24055.8,,
2026-09-01 10:00:00+00:00,24055.8,24055.8,24055.8,24055.8,,
2026-09-01 10:05:00+00:00,24055.8,24055.8,24055.8,24055.8,,
2026-09-01 10:10:00+00:00,24055.8,24055.8,24055.8,24055.8,,
2026-09-01 10:15:00+00:00,24055.8,24055.8,24055.8,24055.8,,
2026-09-01 10:20:00+00:00,24055.8,24055.8,24055.8,24055.8,,
2026-09-01 10:25:00+00:00,24055.8,24055.8,24055.8,24055.8,,
2026-09-02 03:30:00+00:00,24055.8,24055.8,23717.15,23856.35,,
2026-09-02 03:35:00+00:00,23856.05,23880.45,23847.7,23858.0,,
2026-09-02 03:40:00+00:00,23858.0,23858.0,23858.0,23858.0,,
2026-09-02 03:45:00+00:00,23879.4,23879.4,23808.75,23824.7,,
2026-09-02 03:50:00+00:00,23824.35,23828.6,23788.05,23803.4,,
2026-09-02 03:55:00+00:00,23804.6,23833.95,23803.6,23821.7,,
2026-09-02 04:00:00+00:00,23822.55,23843.25,23813.4,23843.25,,
2026-09-02 04:05:00+00:00,23843.2,23849.95,23827.4,23827.85,,
2026-09-02 04:10:00+00:00,23828.25,23848.25,23827.35,23841.6,,
2026-09-02 04:15:00+00:00,23842.0,23842.45,23821.55,23835.35,,
2026-09-02 04:20:00+00:00,23835.25,23847.25,23828.4,23830.7,,
2026-09-02 04:25:00+00:00,23831.35,23855.9,23828.75,23851.0,,
2026-09-02 04:30:00+00:00,23851.0,23857.6,23845.5,23853.25,,
2026-09-02 04:35:00+00:00,23853.55,23862.2,23845.75,23848.1,,
2026-09-02 04:40:00+00:00,23848.25,23857.7,23839.9,23848.3,,
2026-09-02 04:45:00+00:00,23848.05,23859.05,23844.75,23855.4,,
2026-09-02 04:50:00+00:00,23856.15,23881.0,23855.95,23876.1,,
2026-09-02 04:55:00+00:00,23876.55,23883.1,23871.95,23882.75,,
2026-09-02 05:00:00+00:00,23882.6,23895.55,23880.0,23881.1,,
2026-09-02 05:05:00+00:00,23880.8,23882.4,23861.9,23864.5,,
2026-09-02 05:10:00+00:00,23864.4,23870.3,23860.05,23860.65,,
2026-09-02 05:15:00+00:00,23861.25,23866.55,23856.5,23862.9,,
2026-09-02 05:20:00+00:00,23862.9,23871.55,23840.6,23854.55,,
2026-09-02 05:25:00+00:00,23855.9,23865.8,23855.1,23859.95,,
2026-09-02 05:30:00+00:00,23859.8,23862.05,23835.9,23836.6,,
2026-09-02 05:35:00+00:00,23837.35,23841.9,23830.4,23830.65,,
2026-09-02 05:40:00+00:00,23829.9,23834.45,23826.15,23832.35,,
2026-09-02 05:45:00+00:00,23832.1,23840.9,23826.05,23834.95,,
2026-09-02 05:50:00+00:00,23835.35,23838.55,23823.65,23824.95,,
2026-09-02 05:55:00+00:00,23824.85,23827.45,23818.5,23819.6,,
2026-09-02 06:00:00+00:00,23819.0,23821.9,23809.75,23813.95,,
2026-09-02 06:05:00+00:00,23813.7,23818.1,23807.1,23817.7,,
2026-09-02 06:10:00+00:00,23817.95,23819.8,23808.7,23810.7,,
2026-09-02 06:15:00+00:00,23811.95,23815.05,23806.05,23811.9,,
2026-09-02 06:20:00+00:00,23813.1,23825.05,23811.1,23824.35,,
2026-09-02 06:25:00+00:00,23825.2,23830.15,23810.05,23812.95,,
2026-09-02 06:30:00+00:00,23814.8,23818.55,23801.1,23805.05,,
2026-09-02 06:35:00+00:00,23806.1,23813.15,23803.85,23811.75,,
2026-09-02 06:40:00+00:00,23812.5,23839.4,23811.4,23838.35,,
2026-09-02 06:45:00+00:00,23838.85,23843.4,23826.15,23828.3,,
2026-09-02 06:50:00+00:00,23829.0,23829.65,23815.95,23825.7,,
2026-09-02 06:55:00+00:00,23826.35,23837.45,23825.25,23836.25,,
2026-09-02 07:00:00+00:00,23836.2,23855.3,23834.3,23847.9,,
2026-09-02 07:05:00+00:00,23848.85,23858.05,23846.6,23851.05,,
2026-09-02 07:10:00+00:00,23851.25,23868.2,23849.4,23860.95,,
2026-09-02 07:15:00+00:00,23860.65,23862.45,23850.7,23859.3,,
2026-09-02 07:20:00+00:00,23859.95,23864.6,23858.9,23863.15,,
2026-09-02 07:25:00+00:00,23863.3,23870.55,23858.1,23869.7,,
2026-09-02 07:30:00+00:00,23869.95,23876.8,23866.2,23866.25,,
2026-09-02 07:35:00+00:00,23867.5,23869.7,23855.8,23857.75,,
2026-09-02 07:40:00+00:00,23858.7,23876.1,23855.65,23873.85,,
2026-09-02 07:45:00+00:00,23874.2,23875.9,23867.2,23871.2,,
2026-09-02 07:50:00+00:00,23872.25,23879.2,23870.55,23877.5,,
2026-09-02 07:55:00+00:00,23877.65,23884.8,23872.9,23875.1,,
2026-09-02 08:00:00+00:00,23875.8,23877.85,23865.95,23877.85,,
2026-09-02 08:05:00+00:00,23877.95,23888.1,23863.25,23863.55,,
2026-09-02 08:10:00+00:00,23863.5,23870.8,23859.05,23868.65,,
2026-09-02 08:15:00+00:00,23868.4,23878.3,23863.95,23864.45,,
2026-09-02 08:20:00+00:00,23864.75,23867.65,23850.8,23866.4,,
2026-09-02 08:25:00+00:00,23866.8,23872.55,23864.5,23872.0,,
2026-09-02 08:30:00+00:00,23872.3,23885.2,23872.3,23874.05,,
2026-09-02 08:35:00+00:00,23874.6,23895.0,23872.0,23892.4,,
2026-09-02 08:40:00+00:00,23892.9,23894.95,23881.7,23885.25,,
2026-09-02 08:45:00+00:00,23885.75,23886.9,23878.2,23883.05,,
2026-09-02 08:50:00+00:00,23882.9,23885.6,23873.0,23874.45,,
2026-09-02 08:55:00+00:00,23874.8,23886.6,23871.8,23886.4,,
2026-09-02 09:00:00+00:00,23886.65,23908.85,23886.3,23901.6,,
2026-09-02 09:05:00+00:00,23901.35,23910.45,23892.85,23903.45,,
2026-09-02 09:10:00+00:00,23903.75,23907.85,23886.3,23887.65,,
2026-09-02 09:15:00+00:00,23887.65,23905.8,23882.45,23898.9,,
2026-09-02 09:20:00+00:00,23899.45,23899.65,23881.15,23883.75,,
2026-09-02 09:25:00+00:00,23884.55,23885.0,23867.95,23873.15,,
2026-09-02 09:30:00+00:00,23872.8,23872.8,23859.25,23860.8,,
2026-09-02 09:35:00+00:00,23860.4,23862.4,23851.9,23862.05,,
2026-09-02 09:40:00+00:00,23862.0,23888.95,23861.55,23883.5,,
2026-09-02 09:45:00+00:00,23882.85,23882.85,23882.85,23882.85,,
2026-09-02 09:50:00+00:00,23882.85,23882.85,23882.85,23882.85,,
2026-09-02 09:55:00+00:00,23882.85,23914.45,23882.85,23914.45,,
2026-09-02 10:00:00+00:00,23914.45,23914.45,23914.45,23914.45,,
2026-09-02 10:05:00+00:00,23914.45,23914.45,23914.45,23914.45,,
2026-09-02 10:10:00+00:00,23914.45,23914.45,23914.45,23914.45,,
2026-09-02 10:15:00+00:00,23914.45,23914.45,23914.45,23914.45,,
2026-09-02 10:20:00+00:00,23914.45,23914.45,23914.45,23914.45,,
2026-09-02 10:25:00+00:00,23914.45,23914.45,23914.45,23914.45,,
2026-09-03 03:30:00+00:00,23914.45,24216.85,23765.6,24002.05,,
2026-09-03 03:35:00+00:00,24001.65,24011.55,23980.75,23997.95,,
2026-09-03 03:40:00+00:00,23997.95,23997.95,23997.95,23997.95,,
2026-09-03 03:45:00+00:00,24005.75,24018.85,23960.75,23968.65,,
2026-09-03 03:50:00+00:00,23969.55,23989.35,23957.3,23957.65,,
2026-09-03 03:55:00+00:00,23959.2,23983.1,23955.4,23982.2,,
2026-09-03 04:00:00+00:00,23982.8,23997.85,23980.05,23994.15,,
2026-09-03 04:05:00+00:00,23994.75,24007.45,23991.9,24006.1,,
2026-09-03 04:10:00+00:00,24007.75,24020.6,24005.95,24016.85,,
2026-09-03 04:15:00+00:00,24018.4,24022.85,24008.55,24015.8,,
2026-09-03 04:20:00+00:00,24016.8,24018.25,24004.5,24005.5,,
2026-09-03 04:25:00+00:00,24006.7,24011.65,24000.1,24007.6,,
2026-09-03 04:30:00+00:00,24007.4,24007.4,23996.35,24005.05,,
2026-09-03 04:35:00+00:00,24005.15,24007.7,23990.8,24002.45,,
2026-09-03 04:40:00+00:00,24003.0,24008.1,23990.8,23991.15,,
2026-09-03 04:45:00+00:00,23993.55,24001.2,23988.25,23998.25,,
2026-09-03 04:50:00+00:00,24000.4,24004.65,23994.3,24000.85,,
2026-09-03 04:55:00+00:00,24001.05,24001.05,23984.25,23984.7,,
2026-09-03 05:00:00+00:00,23987.4,23989.45,23976.8,23977.85,,
2026-09-03 05:05:00+00:00,23980.05,23980.25,23960.5,23974.2,,
2026-09-03 05:10:00+00:00,23975.4,23975.45,23952.6,23967.05,,
2026-09-03 05:15:00+00:00,23967.35,23976.05,23963.05,23971.25,,
2026-09-03 05:20:00+00:00,23971.25,23973.95,23957.25,23958.85,,
2026-09-03 05:25:00+00:00,23960.1,23968.25,23954.95,23960.9,,
2026-09-03 05:30:00+00:00,23962.4,23966.15,23952.45,23952.7,,
2026-09-03 05:35:00+00:00,23953.85,23953.85,23928.5,23928.6,,
2026-09-03 05:40:00+00:00,23930.05,23940.25,23922.75,23926.9,,
2026-09-03 05:45:00+00:00,23927.9,23949.45,23920.65,23948.9,,
2026-09-03 05:50:00+00:00,23947.65,23960.1,23944.8,23949.35,,
2026-09-03 05:55:00+00:00,23950.5,23966.6,23949.2,23964.15,,
2026-09-03 06:00:00+00:00,23965.65,23973.0,23963.4,23968.3,,
2026-09-03 06:05:00+00:00,23969.45,23978.0,23966.1,23969.2,,
2026-09-03 06:10:00+00:00,23970.85,23974.25,23959.95,23965.25,,
2026-09-03 06:15:00+00:00,23967.15,23974.05,23957.85,23964.4,,
2026-09-03 06:20:00+00:00,23966.5,23970.25,23955.1,23958.9,,
2026-09-03 06:25:00+00:00,23960.45,23961.45,23948.2,23956.75,,
2026-09-03 06:30:00+00:00,23957.7,23960.1,23930.7,23937.65,,
2026-09-03 06:35:00+00:00,23938.45,23944.0,23927.9,23928.85,,
2026-09-03 06:40:00+00:00,23931.9,23940.1,23927.1,23935.95,,
2026-09-03 06:45:00+00:00,23938.15,23938.15,23915.05,23918.05,,
2026-09-03 06:50:00+00:00,23921.0,23925.25,23905.8,23906.15,,
2026-09-03 06:55:00+00:00,23909.2,23917.05,23905.15,23907.75,,
2026-09-03 07:00:00+00:00,23910.1,23918.6,23906.35,23909.75,,
2026-09-03 07:05:00+00:00,23912.25,23919.9,23903.5,23915.2,,
2026-09-03 07:10:00+00:00,23917.55,23918.15,23903.95,23909.05,,
2026-09-03 07:15:00+00:00,23911.45,23915.6,23908.5,23909.75,,
2026-09-03 07:20:00+00:00,23911.85,23929.75,23909.6,23923.75,,
2026-09-03 07:25:00+00:00,23926.95,23930.35,23912.7,23920.3,,
2026-09-03 07:30:00+00:00,23921.5,23922.15,23911.85,23920.05,,
2026-09-03 07:35:00+00:00,23920.3,23928.15,23917.95,23923.75,,
2026-09-03 07:40:00+00:00,23924.85,23936.15,23920.85,23926.0,,
2026-09-03 07:45:00+00:00,23928.35,23937.3,23924.15,23930.3,,
2026-09-03 07:50:00+00:00,23932.15,23932.35,23910.7,23911.0,,
2026-09-03 07:55:00+00:00,23913.55,23915.75,23898.25,23910.05,,
2026-09-03 08:00:00+00:00,23911.75,23936.9,23909.75,23930.15,,
2026-09-03 08:05:00+00:00,23932.0,23936.3,23908.25,23910.75,,
2026-09-03 08:10:00+00:00,23912.75,23915.4,23903.25,23907.35,,
2026-09-03 08:15:00+00:00,23908.6,23913.8,23894.75,23912.6,,
2026-09-03 08:20:00+00:00,23913.75,23918.15,23899.55,23906.05,,
2026-09-03 08:25:00+00:00,23907.8,23923.9,23902.25,23918.15,,
2026-09-03 08:30:00+00:00,23921.15,23922.65,23903.5,23911.65,,
2026-09-03 08:35:00+00:00,23912.75,23917.9,23907.7,23912.45,,
2026-09-03 08:40:00+00:00,23914.4,23918.35,23910.05,23913.3,,
2026-09-03 08:45:00+00:00,23913.95,23914.6,23902.05,23912.65,,
2026-09-03 08:50:00+00:00,23914.25,23924.55,23908.05,23913.9,,
2026-09-03 08:55:00+00:00,23915.6,23930.35,23910.9,23921.85,,
2026-09-03 09:00:00+00:00,23922.9,23923.75,23911.6,23920.35,,
2026-09-03 09:05:00+00:00,23921.95,23921.95,23908.0,23911.5,,
2026-09-03 09:10:00+00:00,23912.15,23912.9,23903.55,23908.2,,
2026-09-03 09:15:00+00:00,23909.15,23912.65,23901.6,23908.35,,
2026-09-03 09:20:00+00:00,23908.6,23916.95,23907.95,23908.75,,
2026-09-03 09:25:00+00:00,23908.85,23909.3,23893.7,23897.35,,
2026-09-03 09:30:00+00:00,23896.45,23904.4,23888.5,23889.8,,
2026-09-03 09:35:00+00:00,23889.85,23890.2,23877.55,23887.5,,
2026-09-03 09:40:00+00:00,23886.6,23915.15,23886.4,23903.9,,
2026-09-03 09:45:00+00:00,23904.1,23904.1,23904.1,23904.1,,
2026-09-03 09:50:00+00:00,23904.1,23904.1,23904.1,23904.1,,
2026-09-03 09:55:00+00:00,23904.1,23904.1,23873.45,23873.45,,
2026-09-03 10:00:00+00:00,23873.45,23873.45,23873.45,23873.45,,
2026-09-03 10:05:00+00:00,23873.45,23873.45,23873.45,23873.45,,
2026-09-03 10:10:00+00:00,23873.45,23873.45,23873.45,23873.45,,
2026-09-03 10:15:00+00:00,23873.45,23873.45,23873.45,23873.45,,
2026-09-03 10:20:00+00:00,23873.45,23873.45,23873.45,23873.45,,
2026-09-03 10:25:00+00:00,23873.45,23873.45,23873.45,23873.45,,
2026-09-04 03:30:00+00:00,23873.45,23915.45,23780.85,23906.85,,
2026-09-04 03:35:00+00:00,23904.9,23925.75,23882.35,23910.9,,
2026-09-04 03:40:00+00:00,23910.9,23910.9,23910.9,23910.9,,
2026-09-04 03:45:00+00:00,23915.45,23948.35,23903.15,23927.2,,
2026-09-04 03:50:00+00:00,23928.1,23931.3,23910.05,23915.3,,
2026-09-04 03:55:00+00:00,23916.55,23923.35,23900.2,23908.35,,
2026-09-04 04:00:00+00:00,23908.7,23916.3,23898.35,23907.2,,
2026-09-04 04:05:00+00:00,23907.35,23908.95,23896.0,23904.0,,
2026-09-04 04:10:00+00:00,23904.05,23913.9,23903.4,23910.55,,
2026-09-04 04:15:00+00:00,23912.5,23929.65,23910.6,23925.45,,
2026-09-04 04:20:00+00:00,23926.25,23947.55,23925.2,23945.15,,
2026-09-04 04:25:00+00:00,23946.0,23954.9,23945.95,23948.4,,
2026-09-04 04:30:00+00:00,23948.7,23962.45,23947.15,23959.3,,
2026-09-04 04:35:00+00:00,23959.05,23961.2,23945.5,23945.9,,
2026-09-04 04:40:00+00:00,23948.25,23948.5,23936.05,23939.45,,
2026-09-04 04:45:00+00:00,23939.55,23952.7,23936.45,23946.15,,
2026-09-04 04:50:00+00:00,23946.1,23956.4,23945.85,23951.85,,
2026-09-04 04:55:00+00:00,23952.35,23964.7,23951.4,23963.8,,
2026-09-04 05:00:00+00:00,23964.35,23971.15,23959.85,23959.95,,
2026-09-04 05:05:00+00:00,23960.8,23964.45,23952.85,23960.6,,
2026-09-04 05:10:00+00:00,23961.3,23963.85,23952.45,23953.2,,
2026-09-04 05:15:00+00:00,23954.2,23960.75,23951.8,23959.15,,
2026-09-04 05:20:00+00:00,23959.3,23965.2,23955.35,23963.05,,
2026-09-04 05:25:00+00:00,23964.3,23967.25,23959.85,23967.05,,
2026-09-04 05:30:00+00:00,23967.3,23971.9,23957.85,23965.35,,
2026-09-04 05:35:00+00:00,23966.85,23974.05,23961.8,23971.65,,
2026-09-04 05:40:00+00:00,23972.7,23975.75,23962.95,23965.05,,
2026-09-04 05:45:00+00:00,23965.25,23974.95,23960.95,23974.7,,
2026-09-04 05:50:00+00:00,23975.25,23987.7,23971.2,23979.9,,
2026-09-04 05:55:00+00:00,23980.4,23989.55,23977.35,23982.15,,
2026-09-04 06:00:00+00:00,23982.85,23989.95,23982.75,23987.6,,
2026-09-04 06:05:00+00:00,23987.6,24004.85,23984.85,23999.05,,
2026-09-04 06:10:00+00:00,24001.3,24004.2,23980.3,23981.5,,
2026-09-04 06:15:00+00:00,23981.85,23987.75,23978.1,23984.15,,
2026-09-04 06:20:00+00:00,23984.45,23991.75,23982.3,23985.25,,
2026-09-04 06:25:00+00:00,23986.0,23988.65,23977.35,23978.65,,
2026-09-04 06:30:00+00:00,23979.7,23979.7,23958.7,23959.1,,
2026-09-04 06:35:00+00:00,23959.3,23966.65,23957.05,23964.5,,
2026-09-04 06:40:00+00:00,23965.3,23965.7,23946.8,23952.85,,
2026-09-04 06:45:00+00:00,23951.7,23954.35,23943.15,23948.55,,
2026-09-04 06:50:00+00:00,23948.35,23949.6,23940.4,23940.5,,
2026-09-04 06:55:00+00:00,23941.3,23951.55,23937.55,23947.0,,
2026-09-04 07:00:00+00:00,23948.55,23950.4,23942.2,23944.95,,
2026-09-04 07:05:00+00:00,23947.2,23947.5,23937.15,23942.3,,
2026-09-04 07:10:00+00:00,23944.3,23946.7,23938.0,23938.6,,
2026-09-04 07:15:00+00:00,23940.15,23942.8,23934.8,23940.4,,
2026-09-04 07:20:00+00:00,23942.3,23946.7,23938.4,23942.25,,
2026-09-04 07:25:00+00:00,23944.05,23944.05,23927.25,23935.1,,
2026-09-04 07:30:00+00:00,23936.95,23941.75,23933.55,23935.3,,
2026-09-04 07:35:00+00:00,23936.7,23944.6,23933.65,23943.75,,
2026-09-04 07:40:00+00:00,23945.9,23952.65,23943.25,23946.35,,
2026-09-04 07:45:00+00:00,23948.45,23957.9,23945.0,23951.1,,
2026-09-04 07:50:00+00:00,23952.65,23956.05,23947.95,23953.4,,
2026-09-04 07:55:00+00:00,23956.2,23956.2,23935.65,23939.4,,
2026-09-04 08:00:00+00:00,23940.9,23941.75,23931.65,23933.7,,
2026-09-04 08:05:00+00:00,23935.0,23943.35,23933.5,23942.2,,
2026-09-04 08:10:00+00:00,23944.2,23951.7,23936.7,23944.35,,
2026-09-04 08:15:00+00:00,23946.4,23953.75,23944.3,23948.75,,
2026-09-04 08:20:00+00:00,23950.9,23950.9,23937.1,23941.6,,
2026-09-04 08:25:00+00:00,23942.85,23946.7,23938.4,23939.15,,
2026-09-04 08:30:00+00:00,23942.2,23946.25,23938.65,23943.15,,
2026-09-04 08:35:00+00:00,23945.1,23950.0,23940.2,23942.8,,
2026-09-04 08:40:00+00:00,23944.9,23951.3,23942.45,23948.2,,
2026-09-04 08:45:00+00:00,23950.05,23950.05,23942.1,23946.35,,
2026-09-04 08:50:00+00:00,23947.2,23954.0,23943.8,23947.45,,
2026-09-04 08:55:00+00:00,23950.75,23961.1,23947.15,23957.6,,
2026-09-04 09:00:00+00:00,23958.95,23966.35,23956.35,23956.35,,
2026-09-04 09:05:00+00:00,23958.35,23960.45,23939.4,23941.65,,
2026-09-04 09:10:00+00:00,23943.45,23948.25,23937.05,23937.25,,
2026-09-04 09:15:00+00:00,23937.7,23940.85,23934.0,23939.95,,
2026-09-04 09:20:00+00:00,23939.95,23944.75,23934.35,23940.55,,
2026-09-04 09:25:00+00:00,23941.25,23943.3,23935.1,23938.1,,
2026-09-04 09:30:00+00:00,23936.8,23942.95,23929.6,23931.0,,
2026-09-04 09:35:00+00:00,23930.0,23940.05,23928.75,23938.6,,
2026-09-04 09:40:00+00:00,23937.0,23944.4,23928.25,23938.4,,
2026-09-04 09:45:00+00:00,23937.9,23937.9,23937.9,23937.9,,
2026-09-04 09:50:00+00:00,23937.9,23937.9,23937.9,23937.9,,
2026-09-04 09:55:00+00:00,23937.9,23937.9,23897.7,23897.7,,
2026-09-04 10:00:00+00:00,23897.7,23897.7,23897.7,23897.7,,
2026-09-04 10:05:00+00:00,23897.7,23897.7,23897.7,23897.7,,
2026-09-04 10:10:00+00:00,23897.7,23897.7,23897.7,23897.7,,
2026-09-04 10:15:00+00:00,23897.7,23897.7,23897.7,23897.7,,
2026-09-04 10:20:00+00:00,23897.7,23897.7,23897.7,23897.7,,
2026-09-04 10:25:00+00:00,23897.7,23897.7,23897.7,23897.7,,
2026-09-07 03:30:00+00:00,23897.7,24077.4,23857.9,23891.95,,
2026-09-07 03:35:00+00:00,23892.15,23981.6,23880.8,23883.15,,
2026-09-07 03:40:00+00:00,23883.15,23883.15,23883.15,23883.15,,
2026-09-07 03:45:00+00:00,23879.55,23888.8,23819.15,23858.8,,
2026-09-07 03:50:00+00:00,23859.35,23861.3,23838.25,23838.25,,
2026-09-07 03:55:00+00:00,23841.75,23841.75,23826.65,23828.65,,
2026-09-07 04:00:00+00:00,23830.95,23841.05,23828.25,23839.2,,
2026-09-07 04:05:00+00:00,23840.5,23845.0,23833.85,23838.0,,
2026-09-07 04:10:00+00:00,23839.25,23845.65,23833.5,23835.85,,
2026-09-07 04:15:00+00:00,23837.65,23841.8,23827.7,23829.25,,
2026-09-07 04:20:00+00:00,23830.45,23833.3,23815.0,23817.15,,
2026-09-07 04:25:00+00:00,23818.15,23827.8,23810.35,23815.95,,
2026-09-07 04:30:00+00:00,23817.05,23827.05,23812.1,23822.15,,
2026-09-07 04:35:00+00:00,23823.55,23823.55,23816.15,23816.95,,
2026-09-07 04:40:00+00:00,23819.45,23820.65,23806.2,23806.45,,
2026-09-07 04:45:00+00:00,23808.1,23811.15,23789.5,23796.55,,
2026-09-07 04:50:00+00:00,23797.75,23809.45,23795.7,23801.6,,
2026-09-07 04:55:00+00:00,23802.4,23806.0,23798.4,23799.6,,
2026-09-07 05:00:00+00:00,23801.1,23805.45,23798.5,23799.1,,
2026-09-07 05:05:00+00:00,23800.85,23804.05,23795.1,23799.15,,
2026-09-07 05:10:00+00:00,23800.7,23802.8,23796.1,23802.05,,
2026-09-07 05:15:00+00:00,23803.05,23803.9,23791.75,23794.3,,
2026-09-07 05:20:00+00:00,23795.7,23799.8,23788.05,23789.0,,
2026-09-07 05:25:00+00:00,23790.6,23795.35,23785.7,23788.15,,
2026-09-07 05:30:00+00:00,23789.2,23789.2,23772.3,23774.1,,
2026-09-07 05:35:00+00:00,23775.35,23778.25,23768.8,23770.2,,
2026-09-07 05:40:00+00:00,23771.2,23775.15,23764.05,23769.15,,
2026-09-07 05:45:00+00:00,23770.25,23772.05,23762.95,23769.3,,
2026-09-07 05:50:00+00:00,23769.5,23777.65,23766.95,23770.3,,
2026-09-07 05:55:00+00:00,23770.95,23771.45,23764.45,23766.6,,
2026-09-07 06:00:00+00:00,23767.5,23772.25,23764.25,23767.15,,
2026-09-07 06:05:00+00:00,23768.25,23768.3,23762.45,23764.5,,
2026-09-07 06:10:00+00:00,23765.05,23773.1,23757.8,23771.9,,
2026-09-07 06:15:00+00:00,23773.75,23775.0,23767.9,23768.85,,
2026-09-07 06:20:00+00:00,23771.85,23779.35,23768.5,23775.5,,
2026-09-07 06:25:00+00:00,23777.15,23777.2,23770.3,23774.75,,
2026-09-07 06:30:00+00:00,23776.1,23777.0,23769.25,23774.8,,
2026-09-07 06:35:00+00:00,23776.25,23788.75,23771.45,23787.1,,
2026-09-07 06:40:00+00:00,23787.75,23787.75,23778.4,23785.95,,
2026-09-07 06:45:00+00:00,23786.7,23788.4,23767.5,23769.4,,
2026-09-07 06:50:00+00:00,23769.3,23772.8,23763.85,23767.85,,
2026-09-07 06:55:00+00:00,23768.15,23768.55,23759.8,23761.4,,
2026-09-07 07:00:00+00:00,23761.9,23764.0,23752.9,23761.4,,
2026-09-07 07:05:00+00:00,23762.1,23768.15,23751.9,23761.0,,
2026-09-07 07:10:00+00:00,23762.45,23764.0,23755.45,23758.4,,
2026-09-07 07:15:00+00:00,23760.45,23760.45,23750.8,23752.75,,
2026-09-07 07:20:00+00:00,23753.85,23753.85,23739.7,23744.65,,
2026-09-07 07:25:00+00:00,23744.7,23746.75,23739.3,23744.45,,
2026-09-07 07:30:00+00:00,23744.8,23750.35,23741.05,23746.25,,
2026-09-07 07:35:00+00:00,23747.25,23755.9,23745.7,23751.4,,
2026-09-07 07:40:00+00:00,23753.2,23754.9,23749.2,23750.15,,
2026-09-07 07:45:00+00:00,23751.35,23757.5,23747.3,23754.05,,
2026-09-07 07:50:00+00:00,23755.25,23761.15,23754.15,23756.55,,
2026-09-07 07:55:00+00:00,23759.15,23763.75,23755.35,23756.85,,
2026-09-07 08:00:00+00:00,23758.0,23758.3,23751.0,23756.1,,
2026-09-07 08:05:00+00:00,23757.65,23765.35,23752.85,23759.95,,
2026-09-07 08:10:00+00:00,23761.3,23763.2,23757.15,23761.8,,
2026-09-07 08:15:00+00:00,23763.5,23770.0,23759.45,23765.95,,
2026-09-07 08:20:00+00:00,23767.65,23781.5,23764.1,23778.2,,
2026-09-07 08:25:00+00:00,23780.05,23781.7,23774.85,23775.05,,
2026-09-07 08:30:00+00:00,23777.65,23784.5,23775.5,23780.15,,
2026-09-07 08:35:00+00:00,23781.15,23781.9,23767.5,23771.8,,
2026-09-07 08:40:00+00:00,23773.4,23777.0,23772.1,23774.05,,
2026-09-07 08:45:00+00:00,23776.0,23778.85,23768.95,23771.7,,
2026-09-07 08:50:00+00:00,23773.05,23782.45,23771.9,23780.2,,
2026-09-07 08:55:00+00:00,23781.0,23786.65,23779.35,23784.15,,
2026-09-07 09:00:00+00:00,23784.9,23786.8,23773.3,23774.25,,
2026-09-07 09:05:00+00:00,23776.8,23779.7,23765.75,23766.5,,
2026-09-07 09:10:00+00:00,23767.2,23767.2,23758.3,23758.7,,
2026-09-07 09:15:00+00:00,23759.15,23759.35,23754.0,23754.4,,
2026-09-07 09:20:00+00:00,23757.35,23765.5,23748.85,23750.6,,
2026-09-07 09:25:00+00:00,23751.4,23756.55,23745.65,23749.4,,
2026-09-07 09:30:00+00:00,23749.35,23757.35,23742.85,23750.15,,
2026-09-07 09:35:00+00:00,23749.95,23752.1,23738.05,23740.7,,
2026-09-07 09:40:00+00:00,23741.55,23765.7,23740.2,23759.4,,
2026-09-07 09:45:00+00:00,23760.3,23760.3,23760.3,23760.3,,
2026-09-07 09:50:00+00:00,23760.3,23760.3,23760.3,23760.3,,
2026-09-07 09:55:00+00:00,23760.3,23779.15,23760.3,23779.15,,
2026-09-07 10:00:00+00:00,23779.15,23779.15,23779.15,23779.15,,
2026-09-07 10:05:00+00:00,23779.15,23779.15,23779.15,23779.15,,
2026-09-07 10:10:00+00:00,23779.15,23779.15,23779.15,23779.15,,
2026-09-07 10:15:00+00:00,23779.15,23779.15,23779.15,23779.15,,
2026-09-07 10:20:00+00:00,23779.15,23779.15,23779.15,23779.15,,
2026-09-07 10:25:00+00:00,23779.15,23779.15,23779.15,23779.15,,
2026-09-08 03:30:00+00:00,23779.15,24190.6,23745.95,23748.85,,
2026-09-08 03:35:00+00:00,23749.0,23749.0,23709.5,23743.1,,
2026-09-08 03:40:00+00:00,23743.1,23743.1,23743.1,23743.1,,
2026-09-08 03:45:00+00:00,23746.75,23755.6,23680.8,23694.15,,
2026-09-08 03:50:00+00:00,23693.6,23695.4,23679.1,23679.5,,
2026-09-08 03:55:00+00:00,23680.6,23685.05,23669.7,23672.5,,
2026-09-08 04:00:00+00:00,23670.85,23680.05,23669.85,23676.0,,
2026-09-08 04:05:00+00:00,23676.4,23692.45,23674.6,23686.7,,
2026-09-08 04:10:00+00:00,23688.3,23690.7,23669.65,23674.35,,
2026-09-08 04:15:00+00:00,23673.9,23689.45,23671.85,23686.45,,
2026-09-08 04:20:00+00:00,23687.2,23691.6,23674.5,23678.55,,
2026-09-08 04:25:00+00:00,23679.55,23679.6,23664.85,23666.95,,
2026-09-08 04:30:00+00:00,23666.95,23674.85,23659.15,23659.7,,
2026-09-08 04:35:00+00:00,23661.3,23683.25,23657.2,23681.65,,
2026-09-08 04:40:00+00:00,23681.85,23708.5,23678.85,23707.9,,
2026-09-08 04:45:00+00:00,23708.75,23717.25,23695.35,23703.65,,
2026-09-08 04:50:00+00:00,23704.65,23708.85,23696.2,23698.25,,
2026-09-08 04:55:00+00:00,23699.1,23700.6,23686.6,23693.9,,
2026-09-08 05:00:00+00:00,23694.6,23701.6,23687.95,23692.35,,
2026-09-08 05:05:00+00:00,23693.0,23693.0,23669.2,23671.85,,
2026-09-08 05:10:00+00:00,23673.0,23674.0,23667.75,23669.3,,
2026-09-08 05:15:00+00:00,23669.8,23692.15,23669.55,23689.25,,
2026-09-08 05:20:00+00:00,23690.2,23698.6,23681.7,23682.35,,
2026-09-08 05:25:00+00:00,23683.0,23683.3,23669.3,23670.35,,
2026-09-08 05:30:00+00:00,23671.05,23671.75,23662.5,23662.6,,
2026-09-08 05:35:00+00:00,23663.35,23680.4,23662.1,23676.3,,
2026-09-08 05:40:00+00:00,23676.9,23681.1,23670.0,23677.65,,
2026-09-08 05:45:00+00:00,23678.25,23685.3,23671.3,23684.35,,
2026-09-08 05:50:00+00:00,23685.0,23685.0,23670.65,23672.55,,
2026-09-08 05:55:00+00:00,23673.15,23687.6,23670.95,23672.9,,
2026-09-08 06:00:00+00:00,23673.85,23680.7,23663.7,23667.55,,
2026-09-08 06:05:00+00:00,23669.25,23674.5,23666.75,23672.25,,
2026-09-08 06:10:00+00:00,23674.0,23676.8,23667.9,23673.35,,
2026-09-08 06:15:00+00:00,23673.3,23677.2,23661.45,23662.85,,
2026-09-08 06:20:00+00:00,23663.6,23671.45,23653.2,23668.75,,
2026-09-08 06:25:00+00:00,23669.1,23670.55,23653.55,23657.25,,
2026-09-08 06:30:00+00:00,23658.0,23658.55,23648.8,23649.1,,
2026-09-08 06:35:00+00:00,23649.65,23649.65,23638.2,23644.35,,
2026-09-08 06:40:00+00:00,23645.25,23654.05,23643.45,23649.7,,
2026-09-08 06:45:00+00:00,23650.6,23654.65,23644.2,23651.7,,
2026-09-08 06:50:00+00:00,23652.3,23661.45,23647.4,23658.85,,
2026-09-08 06:55:00+00:00,23659.45,23663.0,23654.3,23662.6,,
2026-09-08 07:00:00+00:00,23662.95,23669.2,23657.3,23663.8,,
2026-09-08 07:05:00+00:00,23665.0,23675.1,23663.8,23667.95,,
2026-09-08 07:10:00+00:00,23668.9,23671.65,23659.95,23660.65,,
2026-09-08 07:15:00+00:00,23660.8,23660.8,23649.4,23654.75,,
2026-09-08 07:20:00+00:00,23654.65,23657.75,23648.35,23656.6,,
2026-09-08 07:25:00+00:00,23656.55,23663.85,23654.9,23655.1,,
2026-09-08 07:30:00+00:00,23655.75,23660.8,23649.4,23650.45,,
2026-09-08 07:35:00+00:00,23651.25,23656.6,23649.15,23653.6,,
2026-09-08 07:40:00+00:00,23654.8,23662.25,23651.5,23661.3,,
2026-09-08 07:45:00+00:00,23661.7,23662.85,23652.5,23655.6,,
2026-09-08 07:50:00+00:00,23656.9,23658.15,23651.05,23652.75,,
2026-09-08 07:55:00+00:00,23653.7,23653.85,23645.6,23647.05,,
2026-09-08 08:00:00+00:00,23648.45,23651.3,23638.65,23642.65,,
2026-09-08 08:05:00+00:00,23643.65,23653.95,23641.15,23644.85,,
2026-09-08 08:10:00+00:00,23644.55,23650.1,23638.1,23638.55,,
2026-09-08 08:15:00+00:00,23640.25,23645.65,23636.1,23639.75,,
2026-09-08 08:20:00+00:00,23641.5,23642.5,23623.25,23631.7,,
2026-09-08 08:25:00+00:00,23632.25,23637.7,23631.05,23633.75,,
2026-09-08 08:30:00+00:00,23634.8,23646.5,23633.0,23644.85,,
2026-09-08 08:35:00+00:00,23645.55,23656.65,23643.55,23648.15,,
2026-09-08 08:40:00+00:00,23649.55,23656.9,23646.0,23649.1,,
2026-09-08 08:45:00+00:00,23649.9,23659.25,23646.7,23653.2,,
2026-09-08 08:50:00+00:00,23654.15,23656.8,23648.6,23650.6,,
2026-09-08 08:55:00+00:00,23651.65,23656.15,23642.7,23654.0,,
2026-09-08 09:00:00+00:00,23654.95,23658.3,23648.3,23656.65,,
2026-09-08 09:05:00+00:00,23657.2,23658.85,23645.85,23649.0,,
2026-09-08 09:10:00+00:00,23649.4,23654.75,23645.5,23648.15,,
2026-09-08 09:15:00+00:00,23648.7,23649.2,23640.65,23641.3,,
2026-09-08 09:20:00+00:00,23642.8,23647.85,23637.5,23647.85,,
2026-09-08 09:25:00+00:00,23647.4,23648.3,23638.25,23644.55,,
2026-09-08 09:30:00+00:00,23642.75,23649.55,23638.75,23642.25,,
2026-09-08 09:35:00+00:00,23642.25,23647.3,23637.0,23647.3,,
2026-09-08 09:40:00+00:00,23646.0,23659.3,23634.1,23641.1,,
2026-09-08 09:45:00+00:00,23640.05,23640.05,23640.05,23640.05,,
2026-09-08 09:50:00+00:00,23640.05,23640.05,23640.05,23640.05,,
2026-09-08 09:55:00+00:00,23640.05,23640.05,23635.1,23635.1,,
2026-09-08 10:00:00+00:00,23635.1,23635.1,23635.1,23635.1,,
2026-09-08 10:05:00+00:00,23635.1,23635.1,23635.1,23635.1,,
2026-09-08 10:10:00+00:00,23635.1,23635.1,23635.1,23635.1,,
2026-09-08 10:15:00+00:00,23635.1,23635.1,23635.1,23635.1,,
2026-09-08 10:20:00+00:00,23635.1,23635.1,23635.1,23635.1,,
2026-09-08 10:25:00+00:00,23635.1,23635.1,23635.1,23635.1,,
2026-09-09 03:30:00+00:00,23635.1,23635.1,23036.85,23521.55,,
2026-09-09 03:35:00+00:00,23520.65,23535.5,23515.65,23522.05,,
2026-09-09 03:40:00+00:00,23522.05,23522.05,23522.05,23522.05,,
2026-09-09 03:45:00+00:00,23526.05,23531.8,23478.95,23500.45,,
2026-09-09 03:50:00+00:00,23500.35,23515.0,23493.8,23512.4,,
2026-09-09 03:55:00+00:00,23511.8,23521.75,23503.95,23509.4,,
2026-09-09 04:00:00+00:00,23510.85,23518.2,23506.2,23515.9,,
2026-09-09 04:05:00+00:00,23515.1,23531.25,23506.6,23526.25,,
2026-09-09 04:10:00+00:00,23527.6,23533.45,23524.35,23525.45,,
2026-09-09 04:15:00+00:00,23526.6,23527.75,23497.5,23498.55,,
2026-09-09 04:20:00+00:00,23498.6,23500.9,23488.4,23497.4,,
2026-09-09 04:25:00+00:00,23498.0,23498.8,23484.4,23488.85,,
2026-09-09 04:30:00+00:00,23491.0,23491.0,23468.8,23479.8,,
2026-09-09 04:35:00+00:00,23480.5,23481.35,23468.4,23475.8,,
2026-09-09 04:40:00+00:00,23477.7,23487.2,23467.1,23484.85,,
2026-09-09 04:45:00+00:00,23486.0,23519.85,23484.7,23516.8,,
2026-09-09 04:50:00+00:00,23518.25,23549.0,23515.55,23537.8,,
2026-09-09 04:55:00+00:00,23538.7,23541.65,23533.1,23539.65,,
2026-09-09 05:00:00+00:00,23540.1,23545.45,23525.5,23525.8,,
2026-09-09 05:05:00+00:00,23527.2,23527.2,23505.85,23512.05,,
2026-09-09 05:10:00+00:00,23512.1,23512.35,23501.6,23509.75,,
2026-09-09 05:15:00+00:00,23510.65,23525.2,23507.85,23518.35,,
2026-09-09 05:20:00+00:00,23519.2,23525.25,23514.35,23525.25,,
2026-09-09 05:25:00+00:00,23525.35,23537.15,23523.95,23535.6,,
2026-09-09 05:30:00+00:00,23536.65,23543.7,23533.15,23536.95,,
2026-09-09 05:35:00+00:00,23537.3,23537.3,23527.5,23531.6,,
2026-09-09 05:40:00+00:00,23531.5,23533.2,23524.0,23524.95,,
2026-09-09 05:45:00+00:00,23527.0,23530.95,23518.0,23526.95,,
2026-09-09 05:50:00+00:00,23527.7,23531.4,23514.05,23517.05,,
2026-09-09 05:55:00+00:00,23518.45,23522.8,23512.6,23517.1,,
2026-09-09 06:00:00+00:00,23517.75,23520.5,23514.65,23515.85,,
2026-09-09 06:05:00+00:00,23515.85,23520.1,23513.15,23517.2,,
2026-09-09 06:10:00+00:00,23518.25,23531.45,23516.6,23528.75,,
2026-09-09 06:15:00+00:00,23530.45,23532.35,23515.45,23517.0,,
2026-09-09 06:20:00+00:00,23518.15,23518.15,23502.2,23502.3,,
2026-09-09 06:25:00+00:00,23503.3,23503.85,23486.95,23488.5,,
2026-09-09 06:30:00+00:00,23490.3,23491.7,23477.15,23481.15,,
2026-09-09 06:35:00+00:00,23481.9,23484.3,23470.85,23474.95,,
2026-09-09 06:40:00+00:00,23476.3,23490.35,23472.8,23487.8,,
2026-09-09 06:45:00+00:00,23488.85,23489.45,23477.35,23479.2,,
2026-09-09 06:50:00+00:00,23480.5,23489.0,23477.05,23487.05,,
2026-09-09 06:55:00+00:00,23487.85,23511.1,23485.9,23510.6,,
2026-09-09 07:00:00+00:00,23512.15,23554.45,23510.7,23547.85,,
2026-09-09 07:05:00+00:00,23548.55,23564.6,23548.1,23557.45,,
2026-09-09 07:10:00+00:00,23557.95,23571.35,23552.8,23566.15,,
2026-09-09 07:15:00+00:00,23566.35,23568.65,23556.4,23558.9,,
2026-09-09 07:20:00+00:00,23560.0,23563.15,23545.55,23548.55,,
2026-09-09 07:25:00+00:00,23548.55,23567.25,23542.7,23566.0,,
2026-09-09 07:30:00+00:00,23566.2,23569.6,23544.45,23548.4,,
2026-09-09 07:35:00+00:00,23549.15,23561.35,23547.2,23549.1,,
2026-09-09 07:40:00+00:00,23549.95,23550.6,23537.15,23543.95,,
2026-09-09 07:45:00+00:00,23544.3,23545.15,23538.25,23541.1,,
2026-09-09 07:50:00+00:00,23541.9,23557.1,23536.95,23545.65,,
2026-09-09 07:55:00+00:00,23546.95,23560.05,23544.5,23558.45,,
2026-09-09 08:00:00+00:00,23559.75,23560.6,23542.45,23545.25,,
2026-09-09 08:05:00+00:00,23546.2,23558.1,23542.35,23555.4,,
2026-09-09 08:10:00+00:00,23556.5,23560.4,23552.75,23554.1,,
2026-09-09 08:15:00+00:00,23554.9,23557.1,23548.9,23553.5,,
2026-09-09 08:20:00+00:00,23554.0,23559.25,23543.25,23543.45,,
2026-09-09 08:25:00+00:00,23544.75,23552.2,23536.65,23551.95,,
2026-09-09 08:30:00+00:00,23552.55,23561.8,23550.95,23554.65,,
2026-09-09 08:35:00+00:00,23555.1,23568.3,23554.55,23554.55,,
2026-09-09 08:40:00+00:00,23556.0,23556.25,23537.7,23546.85,,
2026-09-09 08:45:00+00:00,23546.9,23548.75,23537.65,23543.05,,
2026-09-09 08:50:00+00:00,23543.55,23549.15,23538.15,23540.65,,
2026-09-09 08:55:00+00:00,23541.6,23544.15,23533.5,23535.65,,
2026-09-09 09:00:00+00:00,23537.95,23537.95,23510.95,23511.35,,
2026-09-09 09:05:00+00:00,23513.4,23516.6,23490.1,23492.85,,
2026-09-09 09:10:00+00:00,23495.1,23496.0,23485.85,23487.65,,
2026-09-09 09:15:00+00:00,23489.8,23489.8,23477.65,23487.4,,
2026-09-09 09:20:00+00:00,23486.75,23494.8,23483.7,23487.5,,
2026-09-09 09:25:00+00:00,23488.1,23491.35,23482.05,23486.0,,
2026-09-09 09:30:00+00:00,23486.95,23487.8,23461.4,23462.3,,
2026-09-09 09:35:00+00:00,23461.3,23470.7,23451.1,23470.0,,
2026-09-09 09:40:00+00:00,23470.2,23473.7,23458.5,23462.4,,
2026-09-09 09:45:00+00:00,23462.45,23462.45,23462.45,23462.45,,
2026-09-09 09:50:00+00:00,23462.45,23462.45,23462.45,23462.45,,
2026-09-09 09:55:00+00:00,23462.45,23462.45,23431.5,23431.5,,
2026-09-09 10:00:00+00:00,23431.5,23431.5,23431.5,23431.5,,
2026-09-09 10:05:00+00:00,23431.5,23431.5,23431.5,23431.5,,
2026-09-09 10:10:00+00:00,23431.5,23431.5,23431.5,23431.5,,
2026-09-09 10:15:00+00:00,23431.5,23431.5,23431.5,23431.5,,
2026-09-09 10:20:00+00:00,23431.5,23431.5,23431.5,23431.5,,
2026-09-09 10:25:00+00:00,23431.5,23431.5,23431.5,23431.5,,
2026-09-10 03:30:00+00:00,23431.5,23552.45,23217.65,23453.25,,
2026-09-10 03:35:00+00:00,23453.4,23486.4,23436.35,23446.6,,
2026-09-10 03:40:00+00:00,23446.6,23446.6,23446.6,23446.6,,
2026-09-10 03:45:00+00:00,23448.45,23489.7,23431.55,23460.3,,
2026-09-10 03:50:00+00:00,23460.3,23463.2,23414.4,23428.6,,
2026-09-10 03:55:00+00:00,23429.15,23446.4,23419.5,23437.35,,
2026-09-10 04:00:00+00:00,23439.15,23440.65,23410.15,23432.0,,
2026-09-10 04:05:00+00:00,23433.7,23436.0,23416.05,23418.8,,
2026-09-10 04:10:00+00:00,23419.95,23434.7,23417.8,23422.6,,
2026-09-10 04:15:00+00:00,23423.25,23437.3,23421.65,23435.65,,
2026-09-10 04:20:00+00:00,23437.3,23451.6,23436.55,23442.3,,
2026-09-10 04:25:00+00:00,23443.4,23445.7,23424.8,23428.05,,
2026-09-10 04:30:00+00:00,23430.2,23430.2,23412.5,23422.65,,
2026-09-10 04:35:00+00:00,23423.75,23427.0,23404.5,23414.8,,
2026-09-10 04:40:00+00:00,23415.75,23417.0,23404.4,23413.6,,
2026-09-10 04:45:00+00:00,23415.15,23435.85,23412.35,23426.75,,
2026-09-10 04:50:00+00:00,23428.45,23430.4,23415.0,23424.25,,
2026-09-10 04:55:00+00:00,23425.15,23428.6,23420.7,23424.8,,
2026-09-10 05:00:00+00:00,23425.5,23430.85,23424.25,23428.15,,
2026-09-10 05:05:00+00:00,23428.7,23437.05,23426.1,23436.25,,
2026-09-10 05:10:00+00:00,23436.95,23448.4,23433.1,23448.4,,
2026-09-10 05:15:00+00:00,23449.3,23451.35,23423.6,23424.15,,
2026-09-10 05:20:00+00:00,23426.2,23426.2,23410.8,23410.8,,
2026-09-10 05:25:00+00:00,23412.9,23414.2,23403.2,23409.75,,
2026-09-10 05:30:00+00:00,23412.5,23422.3,23410.75,23417.45,,
2026-09-10 05:35:00+00:00,23418.75,23423.2,23409.85,23417.4,,
2026-09-10 05:40:00+00:00,23418.8,23439.1,23416.45,23438.95,,
2026-09-10 05:45:00+00:00,23439.5,23446.8,23435.3,23436.75,,
2026-09-10 05:50:00+00:00,23438.1,23438.1,23423.75,23433.05,,
2026-09-10 05:55:00+00:00,23435.1,23436.45,23424.8,23426.7,,
2026-09-10 06:00:00+00:00,23428.55,23439.05,23418.85,23420.75,,
2026-09-10 06:05:00+00:00,23421.65,23425.25,23412.05,23413.0,,
2026-09-10 06:10:00+00:00,23414.3,23421.85,23405.35,23421.55,,
2026-09-10 06:15:00+00:00,23422.4,23433.55,23420.3,23431.4,,
2026-09-10 06:20:00+00:00,23433.45,23435.5,23426.25,23432.55,,
2026-09-10 06:25:00+00:00,23433.0,23439.6,23422.0,23439.4,,
2026-09-10 06:30:00+00:00,23441.1,23449.4,23439.8,23447.0,,
2026-09-10 06:35:00+00:00,23448.45,23448.85,23437.1,23437.6,,
2026-09-10 06:40:00+00:00,23439.35,23464.85,23437.3,23458.2,,
2026-09-10 06:45:00+00:00,23460.15,23466.3,23459.0,23462.1,,
2026-09-10 06:50:00+00:00,23463.5,23473.9,23456.05,23457.35,,
2026-09-10 06:55:00+00:00,23459.15,23466.85,23456.35,23457.5,,
2026-09-10 07:00:00+00:00,23459.3,23460.3,23448.9,23450.4,,
2026-09-10 07:05:00+00:00,23452.2,23453.0,23439.7,23446.05,,
2026-09-10 07:10:00+00:00,23446.7,23462.0,23443.25,23458.85,,
2026-09-10 07:15:00+00:00,23460.8,23465.2,23448.95,23456.55,,
2026-09-10 07:20:00+00:00,23458.4,23461.9,23449.75,23452.7,,
2026-09-10 07:25:00+00:00,23454.6,23455.55,23437.05,23437.65,,
2026-09-10 07:30:00+00:00,23439.85,23442.8,23431.85,23437.85,,
2026-09-10 07:35:00+00:00,23439.95,23441.6,23423.15,23436.7,,
2026-09-10 07:40:00+00:00,23438.8,23448.45,23433.65,23447.3,,
2026-09-10 07:45:00+00:00,23450.45,23451.1,23434.55,23436.3,,
2026-09-10 07:50:00+00:00,23438.7,23443.3,23432.4,23440.4,,
2026-09-10 07:55:00+00:00,23440.7,23443.95,23428.7,23431.15,,
2026-09-10 08:00:00+00:00,23432.05,23435.35,23424.55,23428.6,,
2026-09-10 08:05:00+00:00,23430.1,23440.5,23427.15,23439.35,,
2026-09-10 08:10:00+00:00,23441.2,23446.35,23436.35,23440.0,,
2026-09-10 08:15:00+00:00,23440.5,23440.85,23428.05,23431.9,,
2026-09-10 08:20:00+00:00,23433.55,23437.65,23429.3,23431.2,,
2026-09-10 08:25:00+00:00,23432.85,23433.55,23423.05,23425.2,,
2026-09-10 08:30:00+00:00,23427.4,23430.15,23417.05,23417.9,,
2026-09-10 08:35:00+00:00,23419.25,23422.95,23413.8,23419.4,,
2026-09-10 08:40:00+00:00,23420.1,23421.8,23414.35,23417.9,,
2026-09-10 08:45:00+00:00,23419.1,23419.1,23406.5,23410.15,,
2026-09-10 08:50:00+00:00,23410.95,23425.85,23409.7,23425.35,,
2026-09-10 08:55:00+00:00,23426.75,23428.15,23411.65,23418.65,,
2026-09-10 09:00:00+00:00,23420.05,23421.45,23413.65,23416.35,,
2026-09-10 09:05:00+00:00,23417.55,23417.55,23404.5,23406.6,,
2026-09-10 09:10:00+00:00,23407.55,23416.45,23397.8,23414.7,,
2026-09-10 09:15:00+00:00,23416.2,23425.55,23413.9,23425.3,,
2026-09-10 09:20:00+00:00,23426.65,23433.35,23420.25,23424.3,,
2026-09-10 09:25:00+00:00,23425.1,23427.3,23409.45,23411.8,,
2026-09-10 09:30:00+00:00,23412.25,23412.25,23382.0,23392.6,,
2026-09-10 09:35:00+00:00,23392.2,23392.65,23380.65,23391.8,,
2026-09-10 09:40:00+00:00,23392.15,23396.75,23382.4,23389.25,,
2026-09-10 09:45:00+00:00,23389.25,23389.25,23389.25,23389.25,,
2026-09-10 09:50:00+00:00,23389.25,23389.25,23389.25,23389.25,,
2026-09-10 09:55:00+00:00,23389.25,23477.8,23389.25,23477.8,,
2026-09-10 10:00:00+00:00,23477.8,23477.8,23477.8,23477.8,,
2026-09-10 10:05:00+00:00,23477.8,23477.8,23477.8,23477.8,,
2026-09-10 10:10:00+00:00,23477.8,23477.8,23477.8,23477.8,,
2026-09-10 10:15:00+00:00,23477.8,23477.8,23477.8,23477.8,,
2026-09-10 10:20:00+00:00,23477.8,23477.8,23477.8,23477.8,,
2026-09-10 10:25:00+00:00,23477.8,23477.8,23477.8,23477.8,,
2026-09-11 03:30:00+00:00,23477.8,23477.8,23040.8,23289.45,,
2026-09-11 03:35:00+00:00,23289.4,23313.5,23265.65,23270.3,,
2026-09-11 03:40:00+00:00,23270.3,23270.3,23270.3,23270.3,,
2026-09-11 03:45:00+00:00,23270.9,23270.9,23232.25,23258.6,,
2026-09-11 03:50:00+00:00,23259.0,23263.95,23248.35,23258.95,,
2026-09-11 03:55:00+00:00,23258.9,23266.0,23251.7,23258.25,,
2026-09-11 04:00:00+00:00,23258.4,23267.15,23238.25,23256.05,,
2026-09-11 04:05:00+00:00,23257.9,23267.25,23254.95,23259.15,,
2026-09-11 04:10:00+00:00,23259.6,23259.6,23239.15,23248.2,,
2026-09-11 04:15:00+00:00,23249.95,23254.1,23241.25,23246.55,,
2026-09-11 04:20:00+00:00,23247.8,23252.3,23242.3,23246.25,,
2026-09-11 04:25:00+00:00,23247.05,23263.35,23244.75,23259.25,,
2026-09-11 04:30:00+00:00,23259.9,23274.8,23257.3,23271.9,,
2026-09-11 04:35:00+00:00,23272.65,23285.55,23269.6,23284.7,,
2026-09-11 04:40:00+00:00,23285.6,23299.35,23280.35,23297.2,,
2026-09-11 04:45:00+00:00,23297.65,23297.65,23288.6,23292.5,,
2026-09-11 04:50:00+00:00,23293.7,23311.65,23290.1,23300.2,,
2026-09-11 04:55:00+00:00,23301.15,23301.15,23275.45,23275.45,,
2026-09-11 05:00:00+00:00,23276.8,23289.05,23272.6,23285.5,,
2026-09-11 05:05:00+00:00,23287.4,23298.2,23284.4,23293.8,,
2026-09-11 05:10:00+00:00,23294.3,23305.35,23290.8,23305.3,,
2026-09-11 05:15:00+00:00,23307.1,23313.25,23292.0,23296.65,,
2026-09-11 05:20:00+00:00,23297.3,23297.3,23280.55,23280.6,,
2026-09-11 05:25:00+00:00,23282.95,23283.15,23273.15,23278.75,,
2026-09-11 05:30:00+00:00,23280.25,23293.4,23278.8,23283.15,,
2026-09-11 05:35:00+00:00,23284.35,23299.55,23280.15,23297.95,,
2026-09-11 05:40:00+00:00,23298.75,23339.05,23296.35,23337.9,,
2026-09-11 05:45:00+00:00,23338.2,23352.95,23323.85,23341.8,,
2026-09-11 05:50:00+00:00,23343.35,23351.0,23333.4,23348.85,,
2026-09-11 05:55:00+00:00,23351.3,23352.65,23339.25,23341.85,,
2026-09-11 06:00:00+00:00,23342.3,23350.25,23333.55,23345.4,,
2026-09-11 06:05:00+00:00,23346.85,23353.55,23340.1,23344.65,,
2026-09-11 06:10:00+00:00,23345.55,23357.85,23343.45,23355.25,,
2026-09-11 06:15:00+00:00,23357.25,23360.4,23339.65,23341.5,,
2026-09-11 06:20:00+00:00,23343.3,23347.45,23334.75,23344.05,,
2026-09-11 06:25:00+00:00,23345.4,23353.45,23341.0,23352.3,,
2026-09-11 06:30:00+00:00,23354.0,23354.7,23344.75,23349.65,,
2026-09-11 06:35:00+00:00,23350.5,23352.5,23344.9,23346.6,,
2026-09-11 06:40:00+00:00,23348.0,23348.0,23323.75,23332.0,,
2026-09-11 06:45:00+00:00,23333.75,23341.9,23327.1,23339.65,,
2026-09-11 06:50:00+00:00,23341.2,23343.4,23330.25,23341.8,,
2026-09-11 06:55:00+00:00,23343.85,23344.2,23335.3,23337.15,,
2026-09-11 07:00:00+00:00,23338.5,23347.05,23335.7,23346.0,,
2026-09-11 07:05:00+00:00,23348.15,23355.55,23342.8,23346.0,,
2026-09-11 07:10:00+00:00,23348.2,23360.75,23343.15,23349.5,,
2026-09-11 07:15:00+00:00,23351.25,23351.25,23337.0,23342.55,,
2026-09-11 07:20:00+00:00,23344.15,23350.7,23336.7,23347.75,,
2026-09-11 07:25:00+00:00,23348.85,23358.65,23347.95,23353.9,,
2026-09-11 07:30:00+00:00,23355.15,23355.15,23331.15,23331.15,,
2026-09-11 07:35:00+00:00,23331.3,23337.0,23325.15,23328.15,,
2026-09-11 07:40:00+00:00,23329.95,23339.05,23320.7,23337.1,,
2026-09-11 07:45:00+00:00,23339.05,23339.75,23327.0,23328.5,,
2026-09-11 07:50:00+00:00,23330.65,23340.2,23325.15,23337.85,,
2026-09-11 07:55:00+00:00,23339.1,23356.3,23335.25,23352.7,,
2026-09-11 08:00:00+00:00,23353.45,23359.75,23346.95,23347.75,,
2026-09-11 08:05:00+00:00,23348.7,23348.7,23335.25,23337.7,,
2026-09-11 08:10:00+00:00,23339.65,23346.1,23314.0,23336.65,,
2026-09-11 08:15:00+00:00,23336.9,23340.15,23320.3,23338.85,,
2026-09-11 08:20:00+00:00,23339.9,23380.25,23338.2,23349.2,,
2026-09-11 08:25:00+00:00,23351.65,23390.2,23348.55,23386.15,,
2026-09-11 08:30:00+00:00,23385.85,23447.9,23383.3,23436.6,,
2026-09-11 08:35:00+00:00,23438.35,23438.8,23409.4,23415.75,,
2026-09-11 08:40:00+00:00,23417.1,23418.9,23407.25,23417.15,,
2026-09-11 08:45:00+00:00,23418.1,23418.65,23405.0,23406.05,,
2026-09-11 08:50:00+00:00,23406.95,23418.85,23403.3,23416.9,,
2026-09-11 08:55:00+00:00,23418.35,23427.1,23412.75,23424.4,,
2026-09-11 09:00:00+00:00,23426.15,23436.45,23420.25,23424.0,,
2026-09-11 09:05:00+00:00,23424.9,23440.55,23415.5,23428.4,,
2026-09-11 09:10:00+00:00,23429.55,23437.35,23422.75,23433.8,,
2026-09-11 09:15:00+00:00,23434.25,23434.95,23419.5,23424.7,,
2026-09-11 09:20:00+00:00,23425.85,23431.35,23418.35,23422.75,,
2026-09-11 09:25:00+00:00,23423.8,23430.9,23419.6,23420.25,,
2026-09-11 09:30:00+00:00,23420.9,23421.55,23394.25,23396.55,,
2026-09-11 09:35:00+00:00,23398.75,23415.9,23387.2,23413.95,,
2026-09-11 09:40:00+00:00,23413.15,23436.6,23412.25,23435.3,,
2026-09-11 09:45:00+00:00,23435.1,23435.1,23435.1,23435.1,,
2026-09-11 09:50:00+00:00,23435.1,23435.1,23435.1,23435.1,,
2026-09-11 09:55:00+00:00,23435.1,23435.1,23398.1,23398.1,,
2026-09-11 10:00:00+00:00,23398.1,23398.1,23398.1,23398.1,,
2026-09-11 10:05:00+00:00,23398.1,23398.1,23398.1,23398.1,,
2026-09-11 10:10:00+00:00,23398.1,23398.1,23398.1,23398.1,,
2026-09-11 10:15:00+00:00,23398.1,23398.1,23398.1,23398.1,,
2026-09-11 10:20:00+00:00,23398.1,23398.1,23398.1,23398.1,,
2026-09-11 10:25:00+00:00,23398.1,23398.1,23398.1,23398.1,,
2026-09-15 03:30:00+00:00,23398.1,24251.45,23398.1,23538.25,,
2026-09-15 03:35:00+00:00,23538.5,23597.1,23518.2,23576.15,,
2026-09-15 03:40:00+00:00,23576.15,23576.15,23576.15,23576.15,,
2026-09-15 03:45:00+00:00,23576.15,23588.3,23487.45,23501.05,,
2026-09-15 03:50:00+00:00,23501.25,23504.05,23473.35,23474.2,,
2026-09-15 03:55:00+00:00,23473.8,23474.05,23452.1,23463.9,,
2026-09-15 04:00:00+00:00,23464.2,23465.7,23446.6,23455.55,,
2026-09-15 04:05:00+00:00,23455.55,23465.0,23439.35,23456.75,,
2026-09-15 04:10:00+00:00,23456.85,23466.45,23446.25,23448.1,,
2026-09-15 04:15:00+00:00,23447.85,23448.05,23415.55,23417.2,,
2026-09-15 04:20:00+00:00,23417.6,23426.6,23402.9,23403.5,,
2026-09-15 04:25:00+00:00,23403.85,23404.35,23372.95,23394.6,,
2026-09-15 04:30:00+00:00,23394.7,23395.7,23374.85,23385.2,,
2026-09-15 04:35:00+00:00,23386.5,23393.35,23372.55,23374.35,,
2026-09-15 04:40:00+00:00,23375.05,23399.3,23369.8,23386.75,,
2026-09-15 04:45:00+00:00,23386.8,23396.2,23375.25,23389.55,,
2026-09-15 04:50:00+00:00,23389.5,23391.7,23370.5,23383.45,,
2026-09-15 04:55:00+00:00,23384.25,23384.7,23361.25,23362.65,,
2026-09-15 05:00:00+00:00,23362.75,23370.65,23351.5,23365.6,,
2026-09-15 05:05:00+00:00,23365.1,23375.65,23364.25,23371.4,,
2026-09-15 05:10:00+00:00,23371.25,23372.15,23348.5,23351.2,,
2026-09-15 05:15:00+00:00,23351.2,23353.15,23338.4,23339.2,,
2026-09-15 05:20:00+00:00,23339.7,23349.35,23330.75,23336.0,,
2026-09-15 05:25:00+00:00,23336.0,23338.8,23327.45,23338.45,,
2026-09-15 05:30:00+00:00,23337.75,23360.45,23336.75,23360.45,,
2026-09-15 05:35:00+00:00,23359.95,23360.2,23332.85,23333.9,,
2026-09-15 05:40:00+00:00,23334.35,23351.5,23323.8,23345.4,,
2026-09-15 05:45:00+00:00,23345.45,23355.9,23317.75,23322.1,,
2026-09-15 05:50:00+00:00,23322.0,23336.2,23316.55,23331.35,,
2026-09-15 05:55:00+00:00,23330.55,23333.5,23313.2,23317.65,,
2026-09-15 06:00:00+00:00,23317.35,23328.55,23311.8,23323.9,,
2026-09-15 06:05:00+00:00,23324.25,23347.1,23323.65,23345.75,,
2026-09-15 06:10:00+00:00,23345.15,23348.5,23331.35,23342.05,,
2026-09-15 06:15:00+00:00,23342.1,23343.25,23329.15,23329.85,,
2026-09-15 06:20:00+00:00,23329.7,23336.15,23319.55,23322.95,,
2026-09-15 06:25:00+00:00,23322.45,23338.45,23319.85,23336.4,,
2026-09-15 06:30:00+00:00,23335.55,23351.65,23334.3,23345.3,,
2026-09-15 06:35:00+00:00,23345.45,23353.9,23336.15,23338.4,,
2026-09-15 06:40:00+00:00,23339.0,23344.8,23330.2,23335.85,,
2026-09-15 06:45:00+00:00,23335.9,23339.2,23324.35,23326.7,,
2026-09-15 06:50:00+00:00,23326.1,23335.35,23324.95,23332.4,,
2026-09-15 06:55:00+00:00,23332.15,23340.0,23327.5,23337.4,,
2026-09-15 07:00:00+00:00,23338.1,23338.1,23313.8,23320.55,,
2026-09-15 07:05:00+00:00,23320.3,23332.1,23316.0,23322.55,,
2026-09-15 07:10:00+00:00,23322.35,23327.8,23315.05,23315.05,,
2026-09-15 07:15:00+00:00,23315.05,23328.4,23312.7,23327.15,,
2026-09-15 07:20:00+00:00,23326.9,23337.25,23323.35,23328.9,,
2026-09-15 07:25:00+00:00,23328.7,23331.35,23301.7,23308.6,,
2026-09-15 07:30:00+00:00,23308.95,23313.25,23297.5,23308.6,,
2026-09-15 07:35:00+00:00,23308.9,23315.75,23303.45,23305.9,,
2026-09-15 07:40:00+00:00,23304.9,23310.85,23288.8,23294.95,,
2026-09-15 07:45:00+00:00,23295.1,23300.5,23281.15,23294.15,,
2026-09-15 07:50:00+00:00,23293.5,23296.55,23279.9,23285.4,,
2026-09-15 07:55:00+00:00,23285.1,23296.55,23279.95,23281.05,,
2026-09-15 08:00:00+00:00,23281.45,23285.05,23263.0,23272.05,,
2026-09-15 08:05:00+00:00,23271.55,23282.2,23267.1,23269.3,,
2026-09-15 08:10:00+00:00,23269.1,23269.25,23251.85,23263.25,,
2026-09-15 08:15:00+00:00,23263.35,23272.85,23262.0,23271.35,,
2026-09-15 08:20:00+00:00,23271.0,23276.05,23268.25,23269.1,,
2026-09-15 08:25:00+00:00,23269.5,23274.9,23262.3,23272.35,,
2026-09-15 08:30:00+00:00,23272.8,23277.45,23268.7,23271.45,,
2026-09-15 08:35:00+00:00,23271.45,23276.55,23258.7,23260.1,,
2026-09-15 08:40:00+00:00,23260.05,23260.95,23229.4,23230.2,,
2026-09-15 08:45:00+00:00,23228.0,23229.3,23195.35,23197.9,,
2026-09-15 08:50:00+00:00,23197.65,23220.35,23197.15,23206.25,,
2026-09-15 08:55:00+00:00,23206.35,23213.3,23197.6,23202.8,,
2026-09-15 09:00:00+00:00,23202.55,23213.95,23199.95,23210.2,,
2026-09-15 09:05:00+00:00,23210.4,23224.5,23206.45,23215.85,,
2026-09-15 09:10:00+00:00,23216.05,23225.2,23212.45,23215.75,,
2026-09-15 09:15:00+00:00,23216.05,23217.55,23152.5,23164.0,,
2026-09-15 09:20:00+00:00,23165.0,23195.55,23163.95,23177.75,,
2026-09-15 09:25:00+00:00,23178.45,23187.6,23173.6,23174.9,,
2026-09-15 09:30:00+00:00,23174.7,23185.15,23169.3,23182.75,,
2026-09-15 09:35:00+00:00,23184.35,23185.0,23165.7,23172.95,,
2026-09-15 09:40:00+00:00,23173.25,23192.35,23166.2,23172.25,,
2026-09-15 09:45:00+00:00,23172.35,23172.35,23172.35,23172.35,,
2026-09-15 09:50:00+00:00,23172.35,23172.35,23172.35,23172.35,,
2026-09-15 09:55:00+00:00,23172.35,23172.35,23118.6,23118.6,,
2026-09-15 10:00:00+00:00,23118.6,23118.6,23118.6,23118.6,,
2026-09-15 10:05:00+00:00,23118.6,23118.6,23118.6,23118.6,,
2026-09-15 10:10:00+00:00,23118.6,23118.6,23118.6,23118.6,,
2026-09-15 10:15:00+00:00,23118.6,23118.6,23118.6,23118.6,,
2026-09-15 10:20:00+00:00,23118.6,23118.6,23118.6,23118.6,,
2026-09-15 10:25:00+00:00,23118.6,23118.6,23118.6,23118.6,,
2026-09-16 03:30:00+00:00,23118.6,23363.2,23030.8,23151.85,,
2026-09-16 03:35:00+00:00,23151.85,23220.15,23150.1,23201.6,,
2026-09-16 03:40:00+00:00,23201.6,23201.6,23201.6,23201.6,,
2026-09-16 03:45:00+00:00,23201.05,23281.05,23188.3,23247.25,,
2026-09-16 03:50:00+00:00,23247.65,23255.9,23228.2,23236.25,,
2026-09-16 03:55:00+00:00,23235.9,23240.4,23194.15,23204.2,,
2026-09-16 04:00:00+00:00,23204.0,23213.9,23175.9,23209.4,,
2026-09-16 04:05:00+00:00,23209.45,23209.45,23150.1,23151.3,,
2026-09-16 04:10:00+00:00,23150.65,23155.65,23120.95,23120.95,,
2026-09-16 04:15:00+00:00,23121.0,23153.2,23116.35,23152.2,,
2026-09-16 04:20:00+00:00,23152.6,23212.9,23150.35,23212.8,,
2026-09-16 04:25:00+00:00,23212.4,23235.75,23202.1,23224.6,,
2026-09-16 04:30:00+00:00,23224.5,23225.15,23183.0,23183.9,,
2026-09-16 04:35:00+00:00,23184.05,23191.35,23163.4,23178.15,,
2026-09-16 04:40:00+00:00,23178.1,23200.85,23175.4,23177.75,,
2026-09-16 04:45:00+00:00,23177.85,23215.3,23172.1,23193.1,,
2026-09-16 04:50:00+00:00,23193.4,23226.6,23192.45,23223.8,,
2026-09-16 04:55:00+00:00,23223.5,23239.45,23219.5,23229.8,,
2026-09-16 05:00:00+00:00,23229.55,23248.1,23223.7,23245.2,,
2026-09-16 05:05:00+00:00,23245.8,23249.0,23225.55,23240.05,,
2026-09-16 05:10:00+00:00,23239.6,23250.1,23237.65,23248.5,,
2026-09-16 05:15:00+00:00,23248.6,23266.1,23244.75,23260.1,,
2026-09-16 05:20:00+00:00,23260.05,23268.65,23246.6,23254.3,,
2026-09-16 05:25:00+00:00,23254.15,23254.45,23236.95,23252.0,,
2026-09-16 05:30:00+00:00,23252.0,23278.75,23251.9,23272.55,,
2026-09-16 05:35:00+00:00,23272.35,23273.35,23252.3,23257.85,,
2026-09-16 05:40:00+00:00,23258.05,23265.7,23248.4,23250.7,,
2026-09-16 05:45:00+00:00,23250.85,23269.0,23247.6,23248.5,,
2026-09-16 05:50:00+00:00,23248.45,23263.55,23232.85,23243.4,,
2026-09-16 05:55:00+00:00,23243.45,23246.25,23219.35,23220.25,,
2026-09-16 06:00:00+00:00,23220.2,23241.45,23219.95,23226.3,,
2026-09-16 06:05:00+00:00,23226.4,23245.4,23220.75,23234.5,,
2026-09-16 06:10:00+00:00,23233.9,23239.6,23230.65,23233.65,,
2026-09-16 06:15:00+00:00,23233.55,23234.7,23222.45,23226.3,,
2026-09-16 06:20:00+00:00,23226.3,23242.75,23223.35,23226.7,,
2026-09-16 06:25:00+00:00,23226.6,23228.05,23213.7,23214.85,,
2026-09-16 06:30:00+00:00,23215.95,23220.85,23206.2,23213.05,,
2026-09-16 06:35:00+00:00,23213.0,23230.95,23212.65,23223.25,,
2026-09-16 06:40:00+00:00,23223.3,23246.85,23222.5,23233.05,,
2026-09-16 06:45:00+00:00,23232.85,23246.8,23220.55,23240.4,,
2026-09-16 06:50:00+00:00,23240.3,23241.75,23230.9,23237.1,,
2026-09-16 06:55:00+00:00,23237.1,23239.7,23227.8,23234.15,,
2026-09-16 07:00:00+00:00,23234.4,23264.45,23234.15,23250.25,,
2026-09-16 07:05:00+00:00,23249.9,23260.15,23243.9,23246.35,,
2026-09-16 07:10:00+00:00,23246.9,23260.35,23243.8,23258.6,,
2026-09-16 07:15:00+00:00,23258.65,23259.05,23244.6,23253.75,,
2026-09-16 07:20:00+00:00,23253.9,23257.2,23246.8,23253.5,,
2026-09-16 07:25:00+00:00,23253.3,23258.8,23241.75,23242.1,,
2026-09-16 07:30:00+00:00,23242.8,23257.5,23240.55,23255.95,,
2026-09-16 07:35:00+00:00,23255.8,23284.75,23254.75,23274.05,,
2026-09-16 07:40:00+00:00,23274.25,23278.15,23256.85,23258.7,,
2026-09-16 07:45:00+00:00,23258.4,23271.3,23252.35,23269.55,,
2026-09-16 07:50:00+00:00,23269.25,23269.4,23244.0,23245.0,,
2026-09-16 07:55:00+00:00,23244.75,23247.3,23220.6,23220.85,,
2026-09-16 08:00:00+00:00,23220.8,23235.65,23220.15,23227.05,,
2026-09-16 08:05:00+00:00,23227.2,23237.35,23219.0,23222.25,,
2026-09-16 08:10:00+00:00,23222.2,23224.55,23209.8,23212.1,,
2026-09-16 08:15:00+00:00,23212.2,23229.15,23212.2,23217.45,,
2026-09-16 08:20:00+00:00,23217.45,23226.75,23212.95,23224.65,,
2026-09-16 08:25:00+00:00,23224.7,23225.9,23217.15,23221.5,,
2026-09-16 08:30:00+00:00,23221.05,23235.75,23220.45,23233.6,,
2026-09-16 08:35:00+00:00,23233.4,23236.75,23219.35,23222.7,,
2026-09-16 08:40:00+00:00,23222.65,23239.25,23219.75,23238.55,,
2026-09-16 08:45:00+00:00,23238.3,23246.45,23230.95,23231.3,,
2026-09-16 08:50:00+00:00,23231.2,23242.65,23229.9,23233.75,,
2026-09-16 08:55:00+00:00,23233.55,23237.75,23224.4,23232.4,,
2026-09-16 09:00:00+00:00,23231.75,23236.35,23225.5,23229.6,,
2026-09-16 09:05:00+00:00,23229.65,23237.2,23221.85,23228.45,,
2026-09-16 09:10:00+00:00,23228.2,23237.65,23226.05,23234.35,,
2026-09-16 09:15:00+00:00,23234.25,23239.75,23230.7,23236.65,,
2026-09-16 09:20:00+00:00,23237.15,23244.55,23232.9,23239.45,,
2026-09-16 09:25:00+00:00,23239.5,23261.4,23234.5,23235.8,,
2026-09-16 09:30:00+00:00,23236.35,23236.35,23221.75,23231.5,,
2026-09-16 09:35:00+00:00,23231.15,23232.7,23221.25,23229.9,,
2026-09-16 09:40:00+00:00,23229.25,23237.0,23215.85,23224.3,,
2026-09-16 09:45:00+00:00,23224.15,23224.15,23224.15,23224.15,,
2026-09-16 09:50:00+00:00,23224.15,23224.15,23224.15,23224.15,,
2026-09-16 09:55:00+00:00,23224.15,23224.15,23217.6,23217.6,,
2026-09-16 10:00:00+00:00,23217.6,23217.6,23217.6,23217.6,,
2026-09-16 10:05:00+00:00,23217.6,23217.6,23217.6,23217.6,,
2026-09-16 10:10:00+00:00,23217.6,23217.6,23217.6,23217.6,,
2026-09-16 10:15:00+00:00,23217.6,23217.6,23217.6,23217.6,,
2026-09-16 10:20:00+00:00,23217.6,23217.6,23217.6,23217.6,,
2026-09-16 10:25:00+00:00,23217.6,23217.6,23217.6,23217.6,,
2026-09-17 03:30:00+00:00,23217.6,23470.1,23173.55,23213.6,,
2026-09-17 03:35:00+00:00,23213.6,23226.25,23187.4,23195.25,,
2026-09-17 03:40:00+00:00,23195.25,23195.25,23195.25,23195.25,,
2026-09-17 03:45:00+00:00,23196.4,23263.2,23195.05,23255.95,,
2026-09-17 03:50:00+00:00,23257.45,23267.7,23227.15,23228.7,,
2026-09-17 03:55:00+00:00,23230.45,23259.75,23227.45,23252.05,,
2026-09-17 04:00:00+00:00,23253.45,23289.45,23250.6,23284.45,,
2026-09-17 04:05:00+00:00,23285.15,23303.8,23272.4,23274.1,,
2026-09-17 04:10:00+00:00,23275.2,23275.8,23229.45,23252.3,,
2026-09-17 04:15:00+00:00,23254.6,23272.95,23244.3,23267.65,,
2026-09-17 04:20:00+00:00,23268.4,23286.7,23258.2,23282.9,,
2026-09-17 04:25:00+00:00,23283.75,23290.1,23273.4,23284.5,,
2026-09-17 04:30:00+00:00,23286.65,23297.2,23279.8,23293.9,,
2026-09-17 04:35:00+00:00,23295.2,23314.65,23293.6,23307.5,,
2026-09-17 04:40:00+00:00,23308.85,23325.25,23307.6,23311.1,,
2026-09-17 04:45:00+00:00,23313.3,23319.5,23295.65,23296.3,,
2026-09-17 04:50:00+00:00,23297.15,23305.0,23290.1,23293.35,,
2026-09-17 04:55:00+00:00,23294.6,23296.7,23286.85,23294.95,,
2026-09-17 05:00:00+00:00,23295.0,23297.0,23272.5,23273.6,,
2026-09-17 05:05:00+00:00,23274.45,23298.45,23270.2,23280.5,,
2026-09-17 05:10:00+00:00,23281.55,23281.65,23265.45,23266.8,,
2026-09-17 05:15:00+00:00,23268.85,23275.8,23260.6,23265.5,,
2026-09-17 05:20:00+00:00,23267.3,23276.3,23265.15,23270.5,,
2026-09-17 05:25:00+00:00,23272.25,23283.9,23266.95,23267.85,,
2026-09-17 05:30:00+00:00,23268.45,23268.9,23235.95,23238.4,,
2026-09-17 05:35:00+00:00,23239.55,23239.55,23214.25,23219.1,,
2026-09-17 05:40:00+00:00,23220.45,23231.85,23210.3,23224.05,,
2026-09-17 05:45:00+00:00,23226.05,23247.35,23222.6,23246.7,,
2026-09-17 05:50:00+00:00,23248.5,23256.85,23240.0,23248.8,,
2026-09-17 05:55:00+00:00,23249.9,23254.35,23240.45,23246.05,,
2026-09-17 06:00:00+00:00,23247.25,23256.95,23234.65,23253.0,,
2026-09-17 06:05:00+00:00,23254.95,23254.95,23244.7,23252.3,,
2026-09-17 06:10:00+00:00,23255.0,23276.65,23252.65,23276.15,,
2026-09-17 06:15:00+00:00,23276.75,23281.15,23264.8,23275.15,,
2026-09-17 06:20:00+00:00,23276.9,23294.15,23271.25,23288.05,,
2026-09-17 06:25:00+00:00,23288.3,23315.3,23287.65,23315.3,,
2026-09-17 06:30:00+00:00,23316.75,23320.5,23296.8,23300.15,,
2026-09-17 06:35:00+00:00,23301.6,23339.15,23297.55,23333.7,,
2026-09-17 06:40:00+00:00,23334.45,23346.2,23330.6,23337.9,,
2026-09-17 06:45:00+00:00,23340.65,23352.05,23334.8,23346.2,,
2026-09-17 06:50:00+00:00,23348.45,23363.25,23344.75,23354.25,,
2026-09-17 06:55:00+00:00,23355.55,23355.8,23341.95,23346.75,,
2026-09-17 07:00:00+00:00,23347.85,23350.25,23338.35,23345.2,,
2026-09-17 07:05:00+00:00,23348.8,23361.4,23345.7,23357.1,,
2026-09-17 07:10:00+00:00,23359.1,23361.4,23345.25,23346.85,,
2026-09-17 07:15:00+00:00,23348.6,23350.3,23335.3,23336.3,,
2026-09-17 07:20:00+00:00,23338.0,23349.4,23333.95,23342.45,,
2026-09-17 07:25:00+00:00,23345.3,23345.3,23335.6,23340.65,,
2026-09-17 07:30:00+00:00,23342.3,23346.3,23326.3,23326.9,,
2026-09-17 07:35:00+00:00,23328.45,23331.4,23319.95,23326.65,,
2026-09-17 07:40:00+00:00,23328.3,23329.8,23320.7,23321.65,,
2026-09-17 07:45:00+00:00,23322.5,23325.25,23316.2,23319.3,,
2026-09-17 07:50:00+00:00,23320.5,23324.85,23308.35,23309.4,,
2026-09-17 07:55:00+00:00,23312.35,23312.35,23263.2,23263.3,,
2026-09-17 08:00:00+00:00,23266.0,23270.15,23252.25,23257.8,,
2026-09-17 08:05:00+00:00,23260.45,23262.05,23244.05,23258.55,,
2026-09-17 08:10:00+00:00,23260.6,23278.1,23259.1,23263.85,,
2026-09-17 08:15:00+00:00,23265.95,23277.1,23261.8,23268.15,,
2026-09-17 08:20:00+00:00,23270.35,23277.15,23261.0,23267.0,,
2026-09-17 08:25:00+00:00,23269.25,23273.2,23262.35,23263.7,,
2026-09-17 08:30:00+00:00,23265.4,23272.6,23262.1,23269.85,,
2026-09-17 08:35:00+00:00,23271.3,23286.25,23267.5,23280.85,,
2026-09-17 08:40:00+00:00,23283.25,23287.15,23273.8,23277.7,,
2026-09-17 08:45:00+00:00,23279.55,23290.45,23269.45,23280.35,,
2026-09-17 08:50:00+00:00,23282.75,23291.75,23280.6,23285.5,,
2026-09-17 08:55:00+00:00,23287.5,23287.5,23269.45,23282.55,,
2026-09-17 09:00:00+00:00,23283.75,23287.45,23273.4,23276.15,,
2026-09-17 09:05:00+00:00,23278.1,23309.95,23273.65,23305.05,,
2026-09-17 09:10:00+00:00,23305.7,23306.3,23282.65,23286.8,,
2026-09-17 09:15:00+00:00,23286.75,23311.65,23286.75,23302.15,,
2026-09-17 09:20:00+00:00,23302.25,23306.15,23295.15,23297.45,,
2026-09-17 09:25:00+00:00,23297.25,23298.8,23283.45,23285.0,,
2026-09-17 09:30:00+00:00,23284.65,23293.7,23278.75,23284.4,,
2026-09-17 09:35:00+00:00,23285.25,23290.85,23280.9,23283.0,,
2026-09-17 09:40:00+00:00,23282.6,23298.15,23278.95,23294.5,,
2026-09-17 09:45:00+00:00,23294.35,23294.35,23294.35,23294.35,,
2026-09-17 09:50:00+00:00,23294.35,23294.35,23294.35,23294.35,,
2026-09-17 09:55:00+00:00,23294.35,23294.35,23270.6,23270.6,,
2026-09-17 10:00:00+00:00,23270.6,23270.6,23270.6,23270.6,,
2026-09-17 10:05:00+00:00,23270.6,23270.6,23270.6,23270.6,,
2026-09-17 10:10:00+00:00,23270.6,23270.6,23270.6,23270.6,,
2026-09-17 10:15:00+00:00,23270.6,23270.6,23270.6,23270.6,,
2026-09-17 10:20:00+00:00,23270.6,23270.6,23270.6,23270.6,,
2026-09-17 10:25:00+00:00,23270.6,23270.6,23270.6,23270.6,,
2026-09-18 03:30:00+00:00,23270.6,23459.6,23259.5,23357.4,,
2026-09-18 03:35:00+00:00,23357.4,23361.8,23322.8,23334.7,,
2026-09-18 03:40:00+00:00,23334.7,23334.7,23334.7,23334.7,,
2026-09-18 03:45:00+00:00,23332.15,23359.35,23315.45,23323.45,,
2026-09-18 03:50:00+00:00,23323.8,23332.65,23305.15,23328.25,,
2026-09-18 03:55:00+00:00,23328.0,23328.0,23292.1,23300.95,,
2026-09-18 04:00:00+00:00,23300.75,23305.95,23288.4,23289.55,,
2026-09-18 04:05:00+00:00,23289.5,23320.75,23286.8,23317.9,,
2026-09-18 04:10:00+00:00,23317.0,23325.1,23302.05,23312.85,,
2026-09-18 04:15:00+00:00,23312.2,23323.5,23305.0,23312.3,,
2026-09-18 04:20:00+00:00,23311.75,23326.35,23307.25,23325.9,,
2026-09-18 04:25:00+00:00,23325.6,23338.4,23318.8,23328.75,,
2026-09-18 04:30:00+00:00,23328.35,23332.95,23318.05,23320.6,,
2026-09-18 04:35:00+00:00,23320.0,23332.35,23309.0,23325.05,,
2026-09-18 04:40:00+00:00,23324.25,23331.55,23324.2,23327.6,,
2026-09-18 04:45:00+00:00,23327.05,23332.0,23318.35,23319.55,,
2026-09-18 04:50:00+00:00,23319.1,23325.85,23304.3,23306.7,,
2026-09-18 04:55:00+00:00,23306.4,23314.2,23299.75,23312.55,,
2026-09-18 05:00:00+00:00,23312.25,23317.3,23299.15,23304.2,,
2026-09-18 05:05:00+00:00,23303.8,23310.75,23299.7,23302.9,,
2026-09-18 05:10:00+00:00,23302.5,23308.65,23294.0,23305.0,,
2026-09-18 05:15:00+00:00,23304.85,23307.75,23297.7,23302.25,,
2026-09-18 05:20:00+00:00,23301.2,23316.2,23300.9,23309.2,,
2026-09-18 05:25:00+00:00,23308.95,23314.6,23304.9,23309.15,,
2026-09-18 05:30:00+00:00,23309.0,23313.3,23299.65,23299.75,,
2026-09-18 05:35:00+00:00,23299.55,23304.9,23289.75,23302.6,,
2026-09-18 05:40:00+00:00,23302.45,23309.65,23298.7,23304.35,,
2026-09-18 05:45:00+00:00,23303.65,23306.6,23292.55,23295.6,,
2026-09-18 05:50:00+00:00,23295.1,23305.0,23295.05,23301.7,,
2026-09-18 05:55:00+00:00,23301.2,23301.9,23291.55,23294.75,,
2026-09-18 06:00:00+00:00,23294.5,23306.8,23291.7,23299.45,,
2026-09-18 06:05:00+00:00,23299.0,23304.15,23296.8,23301.6,,
2026-09-18 06:10:00+00:00,23301.2,23304.5,23296.35,23298.55,,
2026-09-18 06:15:00+00:00,23298.2,23313.15,23298.2,23310.6,,
2026-09-18 06:20:00+00:00,23310.35,23325.4,23306.5,23321.3,,
2026-09-18 06:25:00+00:00,23320.9,23332.75,23315.8,23317.5,,
2026-09-18 06:30:00+00:00,23317.7,23332.3,23312.3,23313.85,,
2026-09-18 06:35:00+00:00,23313.75,23318.65,23307.45,23311.45,,
2026-09-18 06:40:00+00:00,23311.35,23323.55,23311.3,23320.9,,
2026-09-18 06:45:00+00:00,23320.65,23322.45,23309.7,23311.35,,
2026-09-18 06:50:00+00:00,23310.9,23320.8,23305.95,23316.05,,
2026-09-18 06:55:00+00:00,23316.1,23323.65,23310.2,23322.2,,
2026-09-18 07:00:00+00:00,23322.05,23328.65,23321.05,23323.55,,
2026-09-18 07:05:00+00:00,23323.0,23335.55,23322.45,23325.95,,
2026-09-18 07:10:00+00:00,23325.4,23339.5,23324.5,23331.05,,
2026-09-18 07:15:00+00:00,23330.45,23333.7,23323.95,23325.6,,
2026-09-18 07:20:00+00:00,23325.15,23330.95,23323.45,23330.0,,
2026-09-18 07:25:00+00:00,23329.5,23332.35,23321.8,23329.6,,
2026-09-18 07:30:00+00:00,23329.3,23342.55,23328.9,23337.4,,
2026-09-18 07:35:00+00:00,23337.15,23339.5,23331.85,23333.55,,
2026-09-18 07:40:00+00:00,23333.5,23335.25,23327.3,23330.05,,
2026-09-18 07:45:00+00:00,23330.25,23331.95,23320.7,23323.6,,
2026-09-18 07:50:00+00:00,23323.45,23330.3,23319.15,23322.9,,
2026-09-18 07:55:00+00:00,23322.4,23329.5,23318.45,23323.7,,
2026-09-18 08:00:00+00:00,23323.6,23334.1,23319.85,23326.4,,
2026-09-18 08:05:00+00:00,23325.95,23329.6,23319.1,23322.8,,
2026-09-18 08:10:00+00:00,23322.15,23323.75,23309.4,23310.05,,
2026-09-18 08:15:00+00:00,23308.9,23322.4,23304.7,23313.75,,
2026-09-18 08:20:00+00:00,23313.5,23333.35,23312.9,23331.15,,
2026-09-18 08:25:00+00:00,23330.9,23337.3,23328.4,23329.5,,
2026-09-18 08:30:00+00:00,23328.65,23337.2,23327.25,23336.55,,
2026-09-18 08:35:00+00:00,23335.45,23357.95,23335.45,23355.8,,
2026-09-18 08:40:00+00:00,23354.9,23359.55,23346.95,23348.45,,
2026-09-18 08:45:00+00:00,23347.4,23357.1,23346.25,23352.9,,
2026-09-18 08:50:00+00:00,23351.7,23361.95,23351.7,23353.7,,
2026-09-18 08:55:00+00:00,23352.5,23366.4,23350.9,23365.95,,
2026-09-18 09:00:00+00:00,23364.65,23375.7,23364.6,23371.6,,
2026-09-18 09:05:00+00:00,23370.65,23371.95,23365.6,23366.5,,
2026-09-18 09:10:00+00:00,23365.35,23368.7,23353.65,23354.1,,
2026-09-18 09:15:00+00:00,23354.2,23368.55,23352.3,23367.5,,
2026-09-18 09:20:00+00:00,23367.45,23386.55,23366.8,23383.55,,
2026-09-18 09:25:00+00:00,23381.9,23389.15,23378.95,23384.15,,
2026-09-18 09:30:00+00:00,23383.8,23383.8,23351.7,23352.05,,
2026-09-18 09:35:00+00:00,23351.65,23358.4,23340.0,23343.75,,
2026-09-18 09:40:00+00:00,23343.4,23347.25,23332.4,23341.85,,
2026-09-18 09:45:00+00:00,23341.85,23341.85,23341.85,23341.85,,
2026-09-18 09:50:00+00:00,23341.85,23341.85,23341.85,23341.85,,
2026-09-18 09:55:00+00:00,23341.85,23346.4,23341.85,23346.4,,
2026-09-18 10:00:00+00:00,23346.4,23346.4,23346.4,23346.4,,
2026-09-18 10:05:00+00:00,23346.4,23346.4,23346.4,23346.4,,
2026-09-18 10:10:00+00:00,23346.4,23346.4,23346.4,23346.4,,
2026-09-18 10:15:00+00:00,23346.4,23346.4,23346.4,23346.4,,
2026-09-18 10:20:00+00:00,23346.4,23346.4,23346.4,23346.4,,
2026-09-18 10:25:00+00:00,23346.4,23346.4,23346.4,23346.4,,
2026-09-21 03:30:00+00:00,23346.4,23462.1,23101.05,23310.75,,
2026-09-21 03:35:00+00:00,23310.75,23376.7,23310.75,23330.2,,
2026-09-21 03:40:00+00:00,23330.2,23330.2,23330.2,23330.2,,
2026-09-21 03:45:00+00:00,23328.05,23396.35,23317.15,23384.65,,
2026-09-21 03:50:00+00:00,23386.15,23391.3,23372.7,23376.8,,
2026-09-21 03:55:00+00:00,23376.65,23402.95,23375.25,23400.25,,
2026-09-21 04:00:00+00:00,23399.8,23406.25,23390.1,23395.85,,
2026-09-21 04:05:00+00:00,23396.0,23407.8,23389.0,23392.45,,
2026-09-21 04:10:00+00:00,23392.6,23396.95,23385.8,23393.2,,
2026-09-21 04:15:00+00:00,23392.6,23410.75,23392.6,23401.5,,
2026-09-21 04:20:00+00:00,23401.35,23406.4,23393.3,23394.55,,
2026-09-21 04:25:00+00:00,23394.7,23405.8,23389.55,23394.85,,
2026-09-21 04:30:00+00:00,23395.2,23398.9,23378.3,23382.9,,
2026-09-21 04:35:00+00:00,23382.5,23389.6,23377.2,23385.75,,
2026-09-21 04:40:00+00:00,23384.7,23393.25,23373.0,23373.65,,
2026-09-21 04:45:00+00:00,23374.05,23381.8,23371.45,23374.65,,
2026-09-21 04:50:00+00:00,23374.9,23380.0,23369.7,23373.0,,
2026-09-21 04:55:00+00:00,23373.05,23373.15,23358.75,23372.75,,
2026-09-21 05:00:00+00:00,23372.85,23373.7,23356.95,23362.2,,
2026-09-21 05:05:00+00:00,23361.4,23370.25,23361.3,23365.05,,
2026-09-21 05:10:00+00:00,23364.75,23378.35,23364.5,23376.6,,
2026-09-21 05:15:00+00:00,23377.05,23387.0,23374.65,23376.65,,
2026-09-21 05:20:00+00:00,23376.75,23389.0,23376.75,23386.75,,
2026-09-21 05:25:00+00:00,23386.85,23389.95,23379.55,23386.8,,
2026-09-21 05:30:00+00:00,23388.1,23393.65,23381.95,23389.35,,
2026-09-21 05:35:00+00:00,23388.4,23395.5,23384.95,23394.0,,
2026-09-21 05:40:00+00:00,23393.75,23402.4,23392.2,23397.45,,
2026-09-21 05:45:00+00:00,23397.65,23399.6,23385.8,23390.3,,
2026-09-21 05:50:00+00:00,23390.9,23397.1,23387.65,23393.55,,
2026-09-21 05:55:00+00:00,23393.35,23400.25,23391.6,23398.0,,
2026-09-21 06:00:00+00:00,23398.35,23410.75,23398.15,23405.05,,
2026-09-21 06:05:00+00:00,23405.1,23405.6,23397.5,23398.5,,
2026-09-21 06:10:00+00:00,23398.95,23405.25,23396.4,23403.65,,
2026-09-21 06:15:00+00:00,23402.5,23404.8,23394.5,23398.5,,
2026-09-21 06:20:00+00:00,23398.0,23416.85,23397.75,23416.25,,
2026-09-21 06:25:00+00:00,23417.2,23430.85,23414.2,23425.45,,
2026-09-21 06:30:00+00:00,23425.95,23434.05,23419.5,23425.05,,
2026-09-21 06:35:00+00:00,23424.8,23427.0,23414.25,23415.55,,
2026-09-21 06:40:00+00:00,23415.75,23419.85,23411.15,23417.55,,
2026-09-21 06:45:00+00:00,23418.4,23419.95,23414.3,23418.45,,
2026-09-21 06:50:00+00:00,23418.8,23422.1,23409.65,23413.95,,
2026-09-21 06:55:00+00:00,23414.65,23421.0,23413.4,23419.45,,
2026-09-21 07:00:00+00:00,23419.75,23424.25,23409.95,23414.9,,
2026-09-21 07:05:00+00:00,23415.8,23417.7,23411.1,23412.5,,
2026-09-21 07:10:00+00:00,23412.75,23415.75,23407.95,23414.45,,
2026-09-21 07:15:00+00:00,23414.65,23417.25,23411.25,23413.6,,
2026-09-21 07:20:00+00:00,23413.4,23417.55,23410.5,23415.1,,
2026-09-21 07:25:00+00:00,23416.4,23418.0,23411.95,23412.65,,
2026-09-21 07:30:00+00:00,23412.4,23415.45,23403.25,23405.75,,
2026-09-21 07:35:00+00:00,23404.8,23410.95,23400.7,23401.3,,
2026-09-21 07:40:00+00:00,23400.6,23411.45,23397.65,23409.2,,
2026-09-21 07:45:00+00:00,23409.05,23424.55,23409.05,23423.65,,
2026-09-21 07:50:00+00:00,23422.85,23429.15,23420.65,23425.0,,
2026-09-21 07:55:00+00:00,23424.9,23432.25,23424.25,23430.75,,
2026-09-21 08:00:00+00:00,23430.45,23437.45,23425.35,23436.95,,
2026-09-21 08:05:00+00:00,23435.9,23437.6,23430.75,23433.4,,
2026-09-21 08:10:00+00:00,23432.35,23433.85,23423.35,23427.9,,
2026-09-21 08:15:00+00:00,23427.2,23434.45,23427.2,23433.65,,
2026-09-21 08:20:00+00:00,23431.95,23441.0,23431.95,23436.9,,
2026-09-21 08:25:00+00:00,23435.9,23466.65,23435.9,23463.0,,
2026-09-21 08:30:00+00:00,23462.2,23466.6,23458.1,23460.0,,
2026-09-21 08:35:00+00:00,23459.0,23460.65,23451.9,23453.85,,
2026-09-21 08:40:00+00:00,23452.25,23459.15,23449.6,23452.7,,
2026-09-21 08:45:00+00:00,23451.7,23461.5,23450.3,23459.0,,
2026-09-21 08:50:00+00:00,23458.5,23464.05,23450.0,23455.2,,
2026-09-21 08:55:00+00:00,23454.8,23462.0,23445.3,23448.9,,
2026-09-21 09:00:00+00:00,23448.2,23450.05,23441.5,23446.35,,
2026-09-21 09:05:00+00:00,23446.2,23453.05,23441.35,23447.7,,
2026-09-21 09:10:00+00:00,23446.95,23452.9,23446.95,23450.3,,
2026-09-21 09:15:00+00:00,23450.25,23453.05,23447.05,23450.65,,
2026-09-21 09:20:00+00:00,23450.25,23456.0,23446.95,23453.2,,
2026-09-21 09:25:00+00:00,23452.3,23456.3,23444.15,23447.25,,
2026-09-21 09:30:00+00:00,23448.4,23450.0,23439.55,23441.15,,
2026-09-21 09:35:00+00:00,23442.1,23443.3,23433.1,23437.65,,
2026-09-21 09:40:00+00:00,23438.6,23441.3,23423.6,23429.0,,
2026-09-21 09:45:00+00:00,23429.0,23429.0,23429.0,23429.0,,
2026-09-21 09:50:00+00:00,23429.0,23429.0,23429.0,23429.0,,
2026-09-21 09:55:00+00:00,23429.0,23429.0,23414.3,23414.3,,
2026-09-21 10:00:00+00:00,23414.3,23414.3,23414.3,23414.3,,
2026-09-21 10:05:00+00:00,23414.3,23414.3,23414.3,23414.3,,
2026-09-21 10:10:00+00:00,23414.3,23414.3,23414.3,23414.3,,
2026-09-21 10:15:00+00:00,23414.3,23414.3,23414.3,23414.3,,
2026-09-21 10:20:00+00:00,23414.3,23414.3,23414.3,23414.3,,
2026-09-21 10:25:00+00:00,23414.3,23414.3,23414.3,23414.3,,
2026-09-22 03:30:00+00:00,23414.3,23447.85,23204.55,23422.35,,
2026-09-22 03:35:00+00:00,23422.35,23454.5,23421.1,23454.05,,
2026-09-22 03:40:00+00:00,23454.05,23454.05,23454.05,23454.05,,
2026-09-22 03:45:00+00:00,23454.1,23489.0,23434.1,23446.5,,
2026-09-22 03:50:00+00:00,23446.9,23453.5,23436.45,23447.75,,
2026-09-22 03:55:00+00:00,23449.5,23449.5,23425.8,23445.95,,
2026-09-22 04:00:00+00:00,23447.95,23453.9,23434.5,23436.35,,
2026-09-22 04:05:00+00:00,23438.7,23453.75,23433.2,23451.7,,
2026-09-22 04:10:00+00:00,23453.1,23459.55,23442.95,23456.0,,
2026-09-22 04:15:00+00:00,23456.25,23464.55,23452.7,23455.45,,
2026-09-22 04:20:00+00:00,23455.25,23461.85,23452.05,23457.1,,
2026-09-22 04:25:00+00:00,23457.45,23459.35,23449.55,23457.2,,
2026-09-22 04:30:00+00:00,23457.25,23465.1,23453.8,23461.1,,
2026-09-22 04:35:00+00:00,23461.05,23469.9,23453.0,23467.05,,
2026-09-22 04:40:00+00:00,23466.9,23470.6,23457.6,23465.2,,
2026-09-22 04:45:00+00:00,23465.1,23465.95,23453.15,23458.5,,
2026-09-22 04:50:00+00:00,23458.8,23460.35,23435.75,23444.1,,
2026-09-22 04:55:00+00:00,23444.05,23444.35,23431.35,23437.35,,
2026-09-22 05:00:00+00:00,23437.35,23439.75,23414.25,23422.25,,
2026-09-22 05:05:00+00:00,23422.25,23422.25,23398.7,23400.15,,
2026-09-22 05:10:00+00:00,23400.15,23411.3,23368.2,23382.7,,
2026-09-22 05:15:00+00:00,23382.6,23385.7,23372.6,23376.75,,
2026-09-22 05:20:00+00:00,23377.1,23377.5,23363.1,23375.6,,
2026-09-22 05:25:00+00:00,23375.5,23390.75,23373.05,23388.55,,
2026-09-22 05:30:00+00:00,23389.0,23390.0,23370.25,23374.85,,
2026-09-22 05:35:00+00:00,23374.95,23379.0,23368.75,23377.75,,
2026-09-22 05:40:00+00:00,23378.3,23395.1,23376.8,23393.3,,
2026-09-22 05:45:00+00:00,23393.45,23399.15,23384.35,23385.2,,
2026-09-22 05:50:00+00:00,23385.55,23401.1,23384.5,23399.65,,
2026-09-22 05:55:00+00:00,23399.55,23404.0,23391.25,23392.15,,
2026-09-22 06:00:00+00:00,23392.85,23393.65,23378.35,23380.65,,
2026-09-22 06:05:00+00:00,23380.7,23381.45,23369.95,23370.7,,
2026-09-22 06:10:00+00:00,23371.45,23377.15,23365.85,23371.4,,
2026-09-22 06:15:00+00:00,23371.8,23373.05,23357.45,23363.8,,
2026-09-22 06:20:00+00:00,23363.95,23365.05,23351.95,23351.95,,
2026-09-22 06:25:00+00:00,23352.4,23361.15,23341.5,23361.05,,
2026-09-22 06:30:00+00:00,23360.85,23362.45,23353.55,23359.4,,
2026-09-22 06:35:00+00:00,23359.45,23365.65,23355.25,23365.15,,
2026-09-22 06:40:00+00:00,23365.1,23367.25,23354.35,23356.9,,
2026-09-22 06:45:00+00:00,23356.9,23367.25,23350.0,23366.65,,
2026-09-22 06:50:00+00:00,23366.85,23368.1,23358.85,23360.85,,
2026-09-22 06:55:00+00:00,23361.05,23367.3,23356.25,23358.2,,
2026-09-22 07:00:00+00:00,23358.25,23363.85,23352.15,23363.55,,
2026-09-22 07:05:00+00:00,23362.75,23365.4,23355.7,23358.0,,
2026-09-22 07:10:00+00:00,23358.7,23363.2,23344.45,23345.95,,
2026-09-22 07:15:00+00:00,23346.45,23353.65,23340.55,23342.75,,
2026-09-22 07:20:00+00:00,23342.8,23345.65,23331.4,23334.2,,
2026-09-22 07:25:00+00:00,23334.8,23339.1,23324.65,23332.1,,
2026-09-22 07:30:00+00:00,23332.3,23334.45,23319.15,23325.1,,
2026-09-22 07:35:00+00:00,23325.05,23341.75,23324.0,23340.9,,
2026-09-22 07:40:00+00:00,23341.25,23343.0,23335.1,23339.15,,
2026-09-22 07:45:00+00:00,23339.55,23344.05,23329.25,23334.65,,
2026-09-22 07:50:00+00:00,23335.1,23335.95,23325.7,23331.8,,
2026-09-22 07:55:00+00:00,23331.7,23341.0,23329.15,23339.85,,
2026-09-22 08:00:00+00:00,23339.95,23347.4,23338.35,23343.55,,
2026-09-22 08:05:00+00:00,23344.2,23348.55,23341.2,23344.85,,
2026-09-22 08:10:00+00:00,23344.9,23355.35,23338.4,23339.35,,
2026-09-22 08:15:00+00:00,23339.35,23339.35,23321.35,23328.8,,
2026-09-22 08:20:00+00:00,23328.6,23329.2,23299.35,23307.5,,
2026-09-22 08:25:00+00:00,23308.0,23319.85,23302.45,23305.2,,
2026-09-22 08:30:00+00:00,23305.05,23308.8,23285.95,23308.45,,
2026-09-22 08:35:00+00:00,23308.1,23313.05,23296.1,23312.85,,
2026-09-22 08:40:00+00:00,23313.25,23383.9,23312.4,23382.6,,
2026-09-22 08:45:00+00:00,23383.6,23402.3,23359.6,23384.45,,
2026-09-22 08:50:00+00:00,23383.3,23403.1,23377.05,23379.05,,
2026-09-22 08:55:00+00:00,23379.2,23396.55,23378.1,23389.8,,
2026-09-22 09:00:00+00:00,23390.25,23397.65,23377.15,23381.3,,
2026-09-22 09:05:00+00:00,23381.2,23396.45,23379.95,23384.4,,
2026-09-22 09:10:00+00:00,23385.75,23389.4,23359.9,23369.0,,
2026-09-22 09:15:00+00:00,23369.15,23381.95,23367.6,23372.25,,
2026-09-22 09:20:00+00:00,23372.15,23383.5,23367.75,23378.3,,
2026-09-22 09:25:00+00:00,23378.55,23379.3,23350.75,23357.7,,
2026-09-22 09:30:00+00:00,23358.05,23365.3,23353.05,23358.25,,
2026-09-22 09:35:00+00:00,23357.7,23363.8,23348.55,23356.85,,
2026-09-22 09:40:00+00:00,23357.4,23363.5,23346.7,23349.55,,
2026-09-22 09:45:00+00:00,23349.5,23349.5,23349.5,23349.5,,
2026-09-22 09:50:00+00:00,23349.5,23349.5,23349.5,23349.5,,
2026-09-22 09:55:00+00:00,23349.5,23349.5,23329.0,23329.0,,
2026-09-22 10:00:00+00:00,23329.0,23329.0,23329.0,23329.0,,
2026-09-22 10:05:00+00:00,23329.0,23329.0,23329.0,23329.0,,
2026-09-22 10:10:00+00:00,23329.0,23329.0,23329.0,23329.0,,
2026-09-22 10:15:00+00:00,23329.0,23329.0,23329.0,23329.0,,
2026-09-22 10:20:00+00:00,23329.0,23329.0,23329.0,23329.0,,
2026-09-22 10:25:00+00:00,23329.0,23329.0,23329.0,23329.0,,
