timestamp,open,high,low,close,volume,oi
2026-07-20 03:30:00+00:00,24334.3,24352.45,24149.25,24209.4,,
2026-07-20 03:35:00+00:00,24209.4,24231.25,24181.0,24190.05,,
2026-07-20 03:40:00+00:00,24190.05,24190.05,24190.05,24190.05,,
2026-07-20 03:45:00+00:00,24190.05,24261.6,24170.95,24209.7,,
2026-07-20 03:50:00+00:00,24205.85,24217.15,24178.3,24212.65,,
2026-07-20 03:55:00+00:00,24213.5,24214.4,24181.65,24191.7,,
2026-07-20 04:00:00+00:00,24191.9,24193.05,24170.2,24180.45,,
2026-07-20 04:05:00+00:00,24182.0,24191.8,24162.75,24162.75,,
2026-07-20 04:10:00+00:00,24162.6,24178.9,24159.6,24171.45,,
2026-07-20 04:15:00+00:00,24170.6,24175.6,24157.5,24163.3,,
2026-07-20 04:20:00+00:00,24162.7,24179.15,24162.05,24178.15,,
2026-07-20 04:25:00+00:00,24176.2,24198.5,24174.75,24190.25,,
2026-07-20 04:30:00+00:00,24191.25,24207.1,24179.8,24194.55,,
2026-07-20 04:35:00+00:00,24194.55,24209.5,24190.5,24201.55,,
2026-07-20 04:40:00+00:00,24201.7,24219.4,24199.85,24209.95,,
2026-07-20 04:45:00+00:00,24210.4,24232.35,24207.35,24228.1,,
2026-07-20 04:50:00+00:00,24228.3,24230.15,24208.0,24213.75,,
2026-07-20 04:55:00+00:00,24213.75,24230.25,24209.9,24230.25,,
2026-07-20 05:00:00+00:00,24229.9,24239.2,24224.2,24224.2,,
2026-07-20 05:05:00+00:00,24225.6,24226.9,24213.95,24224.2,,
2026-07-20 05:10:00+00:00,24224.0,24229.9,24213.55,24218.45,,
2026-07-20 05:15:00+00:00,24218.4,24228.15,24216.55,24225.8,,
2026-07-20 05:20:00+00:00,24225.95,24232.4,24216.75,24223.15,,
2026-07-20 05:25:00+00:00,24223.8,24231.55,24216.55,24228.65,,
2026-07-20 05:30:00+00:00,24228.6,24231.0,24219.25,24222.8,,
2026-07-20 05:35:00+00:00,24222.85,24234.9,24211.05,24229.15,,
2026-07-20 05:40:00+00:00,24229.65,24231.65,24213.9,24214.6,,
2026-07-20 05:45:00+00:00,24215.45,24221.1,24203.05,24216.65,,
2026-07-20 05:50:00+00:00,24217.3,24224.8,24208.75,24211.5,,
2026-07-20 05:55:00+00:00,24211.2,24222.2,24205.85,24209.9,,
2026-07-20 06:00:00+00:00,24210.05,24212.55,24200.35,24207.15,,
2026-07-20 06:05:00+00:00,24206.75,24215.45,24194.95,24209.85,,
2026-07-20 06:10:00+00:00,24209.65,24211.85,24195.45,24196.25,,
2026-07-20 06:15:00+00:00,24196.45,24197.15,24188.15,24191.95,,
2026-07-20 06:20:00+00:00,24192.6,24194.8,24179.35,24179.5,,
2026-07-20 06:25:00+00:00,24179.75,24192.95,24177.0,24189.5,,
2026-07-20 06:30:00+00:00,24189.6,24191.35,24174.25,24177.05,,
2026-07-20 06:35:00+00:00,24177.2,24185.4,24175.1,24179.5,,
2026-07-20 06:40:00+00:00,24179.3,24192.45,24178.6,24187.7,,
2026-07-20 06:45:00+00:00,24187.7,24199.9,24186.95,24196.0,,
2026-07-20 06:50:00+00:00,24195.55,24198.3,24179.5,24179.8,,
2026-07-20 06:55:00+00:00,24180.0,24185.1,24168.2,24171.7,,
2026-07-20 07:00:00+00:00,24172.0,24182.3,24172.0,24175.25,,
2026-07-20 07:05:00+00:00,24175.85,24179.2,24163.4,24166.25,,
2026-07-20 07:10:00+00:00,24166.55,24173.3,24156.05,24157.2,,
2026-07-20 07:15:00+00:00,24157.4,24159.35,24136.25,24143.5,,
2026-07-20 07:20:00+00:00,24142.55,24166.4,24142.55,24164.85,,
2026-07-20 07:25:00+00:00,24164.85,24190.3,24163.3,24186.8,,
2026-07-20 07:30:00+00:00,24186.7,24189.35,24179.9,24185.2,,
2026-07-20 07:35:00+00:00,24185.55,24186.55,24175.8,24179.85,,
2026-07-20 07:40:00+00:00,24180.15,24226.0,24178.05,24225.0,,
2026-07-20 07:45:00+00:00,24224.75,24236.5,24212.4,24219.95,,
2026-07-20 07:50:00+00:00,24220.95,24237.5,24218.9,24234.7,,
2026-07-20 07:55:00+00:00,24234.6,24246.35,24224.8,24243.3,,
2026-07-20 08:00:00+00:00,24243.2,24246.5,24235.4,24236.45,,
2026-07-20 08:05:00+00:00,24237.4,24250.05,24234.45,24241.15,,
2026-07-20 08:10:00+00:00,24240.75,24241.05,24227.5,24228.8,,
2026-07-20 08:15:00+00:00,24228.25,24256.6,24227.15,24252.4,,
2026-07-20 08:20:00+00:00,24252.4,24253.75,24232.8,24240.5,,
2026-07-20 08:25:00+00:00,24240.65,24257.9,24240.0,24254.65,,
2026-07-20 08:30:00+00:00,24254.5,24262.9,24248.25,24262.25,,
2026-07-20 08:35:00+00:00,24261.85,24265.55,24253.95,24254.1,,
2026-07-20 08:40:00+00:00,24253.75,24261.75,24250.15,24250.9,,
2026-07-20 08:45:00+00:00,24250.55,24255.45,24241.05,24254.25,,
2026-07-20 08:50:00+00:00,24254.85,24259.1,24249.45,24253.95,,
2026-07-20 08:55:00+00:00,24253.75,24258.35,24249.65,24254.75,,
2026-07-20 09:00:00+00:00,24254.8,24256.55,24239.7,24242.9,,
2026-07-20 09:05:00+00:00,24242.6,24245.7,24224.75,24230.15,,
2026-07-20 09:10:00+00:00,24230.45,24242.75,24225.6,24237.1,,
2026-07-20 09:15:00+00:00,24237.1,24243.05,24233.1,24237.35,,
2026-07-20 09:20:00+00:00,24237.35,24251.0,24237.0,24243.95,,
2026-07-20 09:25:00+00:00,24243.65,24247.4,24230.1,24230.7,,
2026-07-20 09:30:00+00:00,24233.6,24246.5,24228.4,24233.45,,
2026-07-20 09:35:00+00:00,24234.95,24239.9,24229.55,24235.45,,
2026-07-20 09:40:00+00:00,24236.7,24243.55,24234.5,24238.15,,
2026-07-20 09:45:00+00:00,24240.15,24243.6,24233.35,24239.25,,
2026-07-20 09:50:00+00:00,24241.25,24247.05,24234.6,24245.15,,
2026-07-20 09:55:00+00:00,24246.95,24248.45,24237.85,24239.5,,
2026-07-20 10:00:00+00:00,24241.35,24241.45,24238.5,24238.5,,
2026-07-20 10:05:00+00:00,24238.5,24238.5,24238.5,24238.5,,
2026-07-20 10:10:00+00:00,24238.5,24238.5,24238.5,24238.5,,
2026-07-20 10:15:00+00:00,24238.5,24238.5,24238.5,24238.5,,
2026-07-20 10:20:00+00:00,24238.5,24238.5,24238.5,24238.5,,
2026-07-20 10:25:00+00:00,24238.5,24238.5,24238.5,24238.5,,
2026-07-21 03:30:00+00:00,24238.5,24604.95,24191.55,24201.6,,
2026-07-21 03:35:00+00:00,24201.6,24225.85,24170.95,24216.05,,
2026-07-21 03:40:00+00:00,24216.05,24216.05,24216.05,24216.05,,
2026-07-21 03:45:00+00:00,24215.95,24262.2,24206.85,24255.55,,
2026-07-21 03:50:00+00:00,24256.15,24257.8,24228.4,24236.55,,
2026-07-21 03:55:00+00:00,24237.9,24255.95,24224.95,24247.75,,
2026-07-21 04:00:00+00:00,24248.6,24255.8,24224.2,24225.8,,
2026-07-21 04:05:00+00:00,24228.85,24237.15,24217.35,24226.05,,
2026-07-21 04:10:00+00:00,24226.7,24238.0,24221.0,24236.95,,
2026-07-21 04:15:00+00:00,24237.1,24237.95,24216.9,24222.15,,
2026-07-21 04:20:00+00:00,24224.2,24240.9,24219.65,24230.55,,
2026-07-21 04:25:00+00:00,24232.6,24235.9,24225.3,24229.4,,
2026-07-21 04:30:00+00:00,24232.0,24233.6,24217.65,24220.15,,
2026-07-21 04:35:00+00:00,24221.6,24229.85,24217.55,24226.55,,
2026-07-21 04:40:00+00:00,24226.95,24227.5,24211.75,24212.3,,
2026-07-21 04:45:00+00:00,24214.7,24214.7,24202.25,24207.35,,
2026-07-21 04:50:00+00:00,24208.9,24208.9,24188.2,24192.4,,
2026-07-21 04:55:00+00:00,24194.5,24201.1,24186.65,24199.6,,
2026-07-21 05:00:00+00:00,24202.4,24202.4,24185.6,24187.3,,
2026-07-21 05:05:00+00:00,24188.8,24192.7,24174.4,24176.9,,
2026-07-21 05:10:00+00:00,24178.05,24192.15,24175.05,24187.8,,
2026-07-21 05:15:00+00:00,24189.05,24189.05,24173.8,24176.9,,
2026-07-21 05:20:00+00:00,24178.45,24178.45,24163.9,24169.0,,
2026-07-21 05:25:00+00:00,24170.9,24186.85,24166.85,24185.15,,
2026-07-21 05:30:00+00:00,24186.1,24194.65,24181.6,24190.85,,
2026-07-21 05:35:00+00:00,24192.4,24196.6,24180.75,24181.5,,
2026-07-21 05:40:00+00:00,24183.15,24192.2,24180.95,24186.5,,
2026-07-21 05:45:00+00:00,24186.45,24188.7,24177.05,24184.05,,
2026-07-21 05:50:00+00:00,24185.45,24185.65,24166.65,24175.15,,
2026-07-21 05:55:00+00:00,24177.3,24182.0,24170.5,24173.05,,
2026-07-21 06:00:00+00:00,24174.25,24187.1,24170.3,24184.15,,
2026-07-21 06:05:00+00:00,24185.0,24188.1,24168.8,24172.3,,
2026-07-21 06:10:00+00:00,24173.65,24173.65,24159.65,24161.65,,
2026-07-21 06:15:00+00:00,24162.65,24169.5,24158.35,24164.45,,
2026-07-21 06:20:00+00:00,24165.95,24169.25,24162.1,24164.45,,
2026-07-21 06:25:00+00:00,24165.7,24175.2,24162.45,24169.3,,
2026-07-21 06:30:00+00:00,24172.55,24181.9,24168.45,24181.5,,
2026-07-21 06:35:00+00:00,24182.3,24183.7,24173.9,24174.8,,
2026-07-21 06:40:00+00:00,24176.2,24180.6,24172.15,24173.65,,
2026-07-21 06:45:00+00:00,24174.9,24177.85,24170.75,24171.95,,
2026-07-21 06:50:00+00:00,24173.45,24182.7,24169.85,24173.35,,
2026-07-21 06:55:00+00:00,24174.5,24179.25,24170.45,24171.95,,
2026-07-21 07:00:00+00:00,24173.25,24186.4,24169.55,24180.8,,
2026-07-21 07:05:00+00:00,24182.9,24190.5,24178.5,24179.0,,
2026-07-21 07:10:00+00:00,24180.9,24181.2,24167.7,24172.8,,
2026-07-21 07:15:00+00:00,24175.9,24177.3,24168.65,24174.15,,
2026-07-21 07:20:00+00:00,24174.4,24174.65,24163.7,24169.1,,
2026-07-21 07:25:00+00:00,24170.85,24172.8,24148.9,24151.05,,
2026-07-21 07:30:00+00:00,24153.05,24153.25,24135.9,24142.0,,
2026-07-21 07:35:00+00:00,24144.05,24153.4,24139.35,24152.45,,
2026-07-21 07:40:00+00:00,24153.8,24159.1,24149.55,24151.55,,
2026-07-21 07:45:00+00:00,24152.2,24156.45,24148.4,24153.5,,
2026-07-21 07:50:00+00:00,24156.0,24169.4,24152.75,24165.5,,
2026-07-21 07:55:00+00:00,24166.95,24174.1,24163.95,24171.85,,
2026-07-21 08:00:00+00:00,24173.9,24181.4,24170.45,24180.7,,
2026-07-21 08:05:00+00:00,24182.4,24191.45,24180.8,24190.1,,
2026-07-21 08:10:00+00:00,24192.0,24195.3,24183.7,24190.45,,
2026-07-21 08:15:00+00:00,24192.5,24192.5,24176.2,24188.2,,
2026-07-21 08:20:00+00:00,24187.95,24192.1,24177.8,24179.75,,
2026-07-21 08:25:00+00:00,24181.3,24181.3,24158.45,24163.25,,
2026-07-21 08:30:00+00:00,24164.55,24178.05,24163.05,24175.0,,
2026-07-21 08:35:00+00:00,24176.25,24182.05,24163.8,24166.75,,
2026-07-21 08:40:00+00:00,24168.45,24170.6,24161.1,24163.25,,
2026-07-21 08:45:00+00:00,24164.65,24179.25,24154.3,24178.15,,
2026-07-21 08:50:00+00:00,24176.75,24179.3,24167.15,24174.55,,
2026-07-21 08:55:00+00:00,24176.4,24180.5,24167.95,24167.95,,
2026-07-21 09:00:00+00:00,24169.6,24175.6,24161.85,24167.15,,
2026-07-21 09:05:00+00:00,24168.1,24176.3,24156.05,24159.6,,
2026-07-21 09:10:00+00:00,24161.05,24173.0,24160.2,24173.0,,
2026-07-21 09:15:00+00:00,24173.4,24185.05,24165.85,24184.75,,
2026-07-21 09:20:00+00:00,24186.15,24186.5,24164.85,24180.5,,
2026-07-21 09:25:00+00:00,24181.75,24192.75,24174.6,24182.1,,
2026-07-21 09:30:00+00:00,24183.75,24197.2,24180.75,24181.65,,
2026-07-21 09:35:00+00:00,24183.3,24195.5,24181.5,24185.75,,
2026-07-21 09:40:00+00:00,24184.15,24188.25,24180.05,24184.1,,
2026-07-21 09:45:00+00:00,24183.4,24192.7,24182.1,24185.85,,
2026-07-21 09:50:00+00:00,24184.4,24191.05,24183.15,24188.55,,
2026-07-21 09:55:00+00:00,24187.55,24196.15,24183.55,24193.05,,
2026-07-21 10:00:00+00:00,24192.85,24192.85,24187.55,24187.7,,
2026-07-21 10:05:00+00:00,24187.7,24187.7,24187.7,24187.7,,
2026-07-21 10:10:00+00:00,24187.7,24187.7,24187.7,24187.7,,
2026-07-21 10:15:00+00:00,24187.7,24187.7,24187.7,24187.7,,
2026-07-21 10:20:00+00:00,24187.7,24187.7,24187.7,24187.7,,
2026-07-21 10:25:00+00:00,24187.7,24187.7,24187.7,24187.7,,
2026-07-22 03:30:00+00:00,24187.7,24220.5,23974.05,24135.55,,
2026-07-22 03:35:00+00:00,24137.25,24165.3,24133.0,24150.45,,
2026-07-22 03:40:00+00:00,24150.45,24150.45,24150.45,24150.45,,
2026-07-22 03:45:00+00:00,24146.9,24164.65,24077.1,24094.1,,
2026-07-22 03:50:00+00:00,24096.6,24111.35,24087.55,24095.35,,
2026-07-22 03:55:00+00:00,24097.2,24097.2,24047.15,24048.9,,
2026-07-22 04:00:00+00:00,24051.0,24058.05,24022.2,24024.25,,
2026-07-22 04:05:00+00:00,24026.25,24032.5,24016.4,24024.05,,
2026-07-22 04:10:00+00:00,24025.8,24031.15,24022.0,24027.0,,
2026-07-22 04:15:00+00:00,24028.35,24031.3,24012.3,24014.45,,
2026-07-22 04:20:00+00:00,24015.55,24027.3,24012.25,24020.45,,
2026-07-22 04:25:00+00:00,24021.1,24022.75,24008.9,24020.2,,
2026-07-22 04:30:00+00:00,24021.8,24029.7,24012.75,24025.05,,
2026-07-22 04:35:00+00:00,24027.55,24052.75,24020.55,24050.9,,
2026-07-22 04:40:00+00:00,24052.1,24052.1,24030.85,24033.45,,
2026-07-22 04:45:00+00:00,24033.8,24033.8,24016.5,24021.45,,
2026-07-22 04:50:00+00:00,24022.65,24022.65,24000.3,24001.75,,
2026-07-22 04:55:00+00:00,24003.95,24008.4,23973.85,24007.6,,
2026-07-22 05:00:00+00:00,24009.25,24013.5,23997.85,24002.1,,
2026-07-22 05:05:00+00:00,24003.5,24007.4,23993.45,23994.1,,
2026-07-22 05:10:00+00:00,23996.4,23997.55,23989.2,23989.2,,
2026-07-22 05:15:00+00:00,23991.6,24015.45,23988.25,24010.9,,
2026-07-22 05:20:00+00:00,24013.0,24021.3,24008.2,24017.7,,
2026-07-22 05:25:00+00:00,24019.75,24030.8,24017.6,24025.95,,
2026-07-22 05:30:00+00:00,24027.35,24028.1,24013.55,24018.35,,
2026-07-22 05:35:00+00:00,24019.4,24022.65,24011.35,24022.35,,
2026-07-22 05:40:00+00:00,24024.0,24027.1,24012.25,24013.7,,
2026-07-22 05:45:00+00:00,24015.2,24030.5,24012.9,24024.95,,
2026-07-22 05:50:00+00:00,24027.9,24040.35,24023.2,24037.7,,
2026-07-22 05:55:00+00:00,24039.55,24042.0,24034.4,24041.55,,
2026-07-22 06:00:00+00:00,24042.75,24048.95,24038.15,24047.65,,
2026-07-22 06:05:00+00:00,24048.7,24050.65,24036.5,24041.8,,
2026-07-22 06:10:00+00:00,24043.0,24047.9,24037.9,24045.7,,
2026-07-22 06:15:00+00:00,24046.8,24049.0,24038.2,24039.2,,
2026-07-22 06:20:00+00:00,24041.4,24042.3,24030.1,24030.1,,
2026-07-22 06:25:00+00:00,24031.75,24034.15,24022.0,24022.0,,
2026-07-22 06:30:00+00:00,24023.4,24024.5,23998.35,24009.25,,
2026-07-22 06:35:00+00:00,24011.0,24016.25,23999.0,23999.45,,
2026-07-22 06:40:00+00:00,24001.15,24005.05,23995.25,23996.25,,
2026-07-22 06:45:00+00:00,23997.85,23999.8,23978.55,23978.85,,
2026-07-22 06:50:00+00:00,23979.25,23990.4,23968.65,23988.8,,
2026-07-22 06:55:00+00:00,23990.15,23992.95,23979.35,23980.9,,
2026-07-22 07:00:00+00:00,23982.4,23982.4,23969.4,23974.95,,
2026-07-22 07:05:00+00:00,23976.3,23976.5,23962.7,23965.15,,
2026-07-22 07:10:00+00:00,23965.95,23983.4,23961.6,23983.25,,
2026-07-22 07:15:00+00:00,23985.1,24003.65,23978.0,24003.1,,
2026-07-22 07:20:00+00:00,24004.5,24017.05,24001.5,24006.65,,
2026-07-22 07:25:00+00:00,24008.1,24013.2,24002.85,24003.6,,
2026-07-22 07:30:00+00:00,24003.3,24003.8,23985.1,23985.1,,
2026-07-22 07:35:00+00:00,23986.75,23993.4,23981.75,23988.75,,
2026-07-22 07:40:00+00:00,23990.3,23991.65,23968.3,23978.85,,
2026-07-22 07:45:00+00:00,23980.45,23986.35,23976.15,23979.9,,
2026-07-22 07:50:00+00:00,23982.45,23986.05,23973.75,23978.65,,
2026-07-22 07:55:00+00:00,23980.7,23983.7,23973.15,23979.3,,
2026-07-22 08:00:00+00:00,23981.45,23995.15,23979.3,23994.2,,
2026-07-22 08:05:00+00:00,23996.4,24014.4,23990.75,23997.8,,
2026-07-22 08:10:00+00:00,23999.4,24002.0,23983.25,23995.35,,
2026-07-22 08:15:00+00:00,23996.45,23996.55,23980.8,23981.6,,
2026-07-22 08:20:00+00:00,23983.3,23984.65,23977.15,23977.85,,
2026-07-22 08:25:00+00:00,23980.7,23986.05,23974.4,23976.5,,
2026-07-22 08:30:00+00:00,23978.15,23984.6,23971.7,23976.0,,
2026-07-22 08:35:00+00:00,23978.15,23981.8,23973.35,23977.4,,
2026-07-22 08:40:00+00:00,23979.15,23979.85,23964.6,23973.35,,
2026-07-22 08:45:00+00:00,23975.25,23988.8,23970.6,23984.3,,
2026-07-22 08:50:00+00:00,23986.4,23987.35,23975.25,23981.15,,
2026-07-22 08:55:00+00:00,23983.9,23983.9,23970.95,23972.35,,
2026-07-22 09:00:00+00:00,23974.3,23980.05,23968.5,23977.85,,
2026-07-22 09:05:00+00:00,23980.4,23992.05,23979.45,23983.35,,
2026-07-22 09:10:00+00:00,23985.45,23988.25,23972.7,23976.3,,
2026-07-22 09:15:00+00:00,23978.45,23983.0,23974.95,23981.55,,
2026-07-22 09:20:00+00:00,23982.6,23991.85,23978.85,23987.45,,
2026-07-22 09:25:00+00:00,23990.1,23990.75,23975.0,23979.9,,
2026-07-22 09:30:00+00:00,23979.9,23993.5,23973.35,23981.65,,
2026-07-22 09:35:00+00:00,23981.25,24005.4,23980.5,23997.9,,
2026-07-22 09:40:00+00:00,23998.35,24023.95,23996.05,24021.15,,
2026-07-22 09:45:00+00:00,24021.6,24024.8,24010.05,24016.2,,
2026-07-22 09:50:00+00:00,24017.85,24018.25,23991.45,23999.2,,
2026-07-22 09:55:00+00:00,24000.1,24002.25,23990.8,23991.05,,
2026-07-22 10:00:00+00:00,23991.25,23996.3,23991.25,23996.25,,
2026-07-22 10:05:00+00:00,23996.25,23996.25,23996.25,23996.25,,
2026-07-22 10:10:00+00:00,23996.25,23996.25,23996.25,23996.25,,
2026-07-22 10:15:00+00:00,23996.25,23996.25,23996.25,23996.25,,
2026-07-22 10:20:00+00:00,23996.25,23996.25,23996.25,23996.25,,
2026-07-22 10:25:00+00:00,23996.25,23996.25,23996.25,23996.25,,
2026-07-23 03:30:00+00:00,23996.25,24305.5,23898.2,23910.7,,
2026-07-23 03:35:00+00:00,23910.7,23923.4,23894.05,23904.8,,
2026-07-23 03:40:00+00:00,23904.8,23904.8,23904.8,23904.8,,
2026-07-23 03:45:00+00:00,23907.45,23915.7,23876.75,23915.35,,
2026-07-23 03:50:00+00:00,23913.6,23951.5,23913.6,23950.2,,
2026-07-23 03:55:00+00:00,23950.15,23950.15,23920.35,23921.55,,
2026-07-23 04:00:00+00:00,23922.55,23929.8,23906.3,23917.7,,
2026-07-23 04:05:00+00:00,23918.3,23919.85,23892.6,23916.45,,
2026-07-23 04:10:00+00:00,23916.15,23917.2,23904.05,23907.75,,
2026-07-23 04:15:00+00:00,23907.6,23923.6,23901.45,23917.2,,
2026-07-23 04:20:00+00:00,23917.15,23930.9,23911.9,23922.85,,
2026-07-23 04:25:00+00:00,23923.6,23944.0,23923.6,23942.95,,
2026-07-23 04:30:00+00:00,23943.55,23964.5,23940.25,23962.45,,
2026-07-23 04:35:00+00:00,23962.5,23969.75,23946.6,23965.55,,
2026-07-23 04:40:00+00:00,23966.6,23968.0,23955.75,23957.35,,
2026-07-23 04:45:00+00:00,23957.35,23968.15,23951.3,23955.75,,
2026-07-23 04:50:00+00:00,23957.6,23958.2,23943.8,23954.8,,
2026-07-23 04:55:00+00:00,23952.0,23973.6,23949.95,23969.65,,
2026-07-23 05:00:00+00:00,23970.3,23973.2,23958.2,23962.8,,
2026-07-23 05:05:00+00:00,23962.55,23974.8,23962.45,23969.85,,
2026-07-23 05:10:00+00:00,23969.45,23978.85,23969.45,23974.95,,
2026-07-23 05:15:00+00:00,23974.8,23982.05,23969.9,23979.6,,
2026-07-23 05:20:00+00:00,23980.7,23984.2,23966.15,23967.0,,
2026-07-23 05:25:00+00:00,23967.95,23981.05,23966.25,23977.3,,
2026-07-23 05:30:00+00:00,23978.45,23988.7,23977.35,23986.7,,
2026-07-23 05:35:00+00:00,23987.45,23990.7,23979.3,23986.3,,
2026-07-23 05:40:00+00:00,23986.75,23989.05,23971.45,23972.1,,
2026-07-23 05:45:00+00:00,23973.8,23973.8,23960.2,23962.1,,
2026-07-23 05:50:00+00:00,23963.45,23963.45,23952.6,23954.55,,
2026-07-23 05:55:00+00:00,23954.85,23956.55,23944.25,23945.05,,
2026-07-23 06:00:00+00:00,23946.9,23956.3,23941.95,23953.25,,
2026-07-23 06:05:00+00:00,23953.85,23955.6,23939.95,23944.0,,
2026-07-23 06:10:00+00:00,23944.65,23950.05,23941.25,23947.6,,
2026-07-23 06:15:00+00:00,23948.55,23950.05,23943.4,23945.4,,
2026-07-23 06:20:00+00:00,23945.2,23946.85,23930.65,23938.25,,
2026-07-23 06:25:00+00:00,23938.9,23956.45,23933.9,23953.5,,
2026-07-23 06:30:00+00:00,23954.35,23964.3,23944.7,23945.55,,
2026-07-23 06:35:00+00:00,23947.0,23959.6,23942.05,23959.35,,
2026-07-23 06:40:00+00:00,23958.8,23962.0,23933.2,23934.85,,
2026-07-23 06:45:00+00:00,23936.4,23939.35,23930.5,23935.85,,
2026-07-23 06:50:00+00:00,23937.0,23937.9,23922.45,23925.05,,
2026-07-23 06:55:00+00:00,23926.05,23926.4,23911.85,23911.85,,
2026-07-23 07:00:00+00:00,23912.5,23915.0,23883.35,23899.65,,
2026-07-23 07:05:00+00:00,23899.7,23900.25,23880.25,23886.85,,
2026-07-23 07:10:00+00:00,23888.05,23888.05,23855.15,23856.95,,
2026-07-23 07:15:00+00:00,23857.25,23864.45,23849.95,23852.2,,
2026-07-23 07:20:00+00:00,23852.4,23855.95,23843.45,23854.55,,
2026-07-23 07:25:00+00:00,23855.15,23860.85,23843.85,23852.6,,
2026-07-23 07:30:00+00:00,23853.2,23854.35,23840.3,23842.6,,
2026-07-23 07:35:00+00:00,23843.75,23843.75,23831.0,23833.05,,
2026-07-23 07:40:00+00:00,23833.5,23839.25,23826.75,23831.95,,
2026-07-23 07:45:00+00:00,23832.45,23840.0,23812.0,23831.0,,
2026-07-23 07:50:00+00:00,23832.3,23844.1,23830.35,23839.85,,
2026-07-23 07:55:00+00:00,23839.9,23846.15,23832.9,23838.05,,
2026-07-23 08:00:00+00:00,23838.75,23840.45,23825.95,23829.75,,
2026-07-23 08:05:00+00:00,23831.2,23858.65,23827.35,23855.0,,
2026-07-23 08:10:00+00:00,23855.2,23864.35,23840.45,23850.8,,
2026-07-23 08:15:00+00:00,23851.85,23871.15,23850.9,23863.5,,
2026-07-23 08:20:00+00:00,23864.6,23871.95,23856.85,23857.55,,
2026-07-23 08:25:00+00:00,23858.5,23866.85,23852.0,23861.9,,
2026-07-23 08:30:00+00:00,23862.05,23867.45,23855.2,23864.15,,
2026-07-23 08:35:00+00:00,23862.95,23868.1,23852.35,23852.7,,
2026-07-23 08:40:00+00:00,23854.15,23860.8,23849.9,23850.6,,
2026-07-23 08:45:00+00:00,23851.9,23863.5,23846.8,23852.25,,
2026-07-23 08:50:00+00:00,23853.45,23869.3,23851.75,23864.2,,
2026-07-23 08:55:00+00:00,23866.05,23867.6,23857.5,23859.65,,
2026-07-23 09:00:00+00:00,23860.4,23889.0,23852.3,23888.8,,
2026-07-23 09:05:00+00:00,23889.3,23891.25,23850.85,23851.5,,
2026-07-23 09:10:00+00:00,23852.5,23853.3,23829.5,23835.75,,
2026-07-23 09:15:00+00:00,23836.65,23838.55,23816.95,23817.95,,
2026-07-23 09:20:00+00:00,23817.4,23827.8,23807.35,23823.8,,
2026-07-23 09:25:00+00:00,23824.8,23843.3,23823.55,23840.35,,
2026-07-23 09:30:00+00:00,23841.3,23871.95,23830.4,23847.05,,
2026-07-23 09:35:00+00:00,23849.15,23880.0,23846.8,23868.95,,
2026-07-23 09:40:00+00:00,23870.55,23875.15,23860.6,23873.05,,
2026-07-23 09:45:00+00:00,23873.6,23878.1,23858.55,23866.65,,
2026-07-23 09:50:00+00:00,23868.45,23883.65,23859.9,23881.95,,
2026-07-23 09:55:00+00:00,23883.55,23889.9,23863.9,23871.7,,
2026-07-23 10:00:00+00:00,23871.85,23871.85,23869.6,23869.6,,
2026-07-23 10:05:00+00:00,23869.6,23869.6,23869.6,23869.6,,
2026-07-23 10:10:00+00:00,23869.6,23869.6,23869.6,23869.6,,
2026-07-23 10:15:00+00:00,23869.6,23869.6,23869.6,23869.6,,
2026-07-23 10:20:00+00:00,23869.6,23869.6,23869.6,23869.6,,
2026-07-23 10:25:00+00:00,23869.6,23869.6,23869.6,23869.6,,
2026-07-24 03:30:00+00:00,23869.6,23869.6,23322.3,23672.7,,
2026-07-24 03:35:00+00:00,23672.7,23691.0,23652.5,23666.35,,
2026-07-24 03:40:00+00:00,23666.35,23666.35,23666.35,23666.35,,
2026-07-24 03:45:00+00:00,23674.4,23752.05,23650.3,23751.7,,
2026-07-24 03:50:00+00:00,23751.7,23762.75,23731.1,23731.4,,
2026-07-24 03:55:00+00:00,23732.7,23732.7,23693.25,23703.55,,
2026-07-24 04:00:00+00:00,23703.4,23713.0,23686.75,23688.6,,
2026-07-24 04:05:00+00:00,23688.8,23696.2,23668.3,23669.45,,
2026-07-24 04:10:00+00:00,23669.8,23677.1,23652.6,23656.7,,
2026-07-24 04:15:00+00:00,23657.4,23664.6,23641.95,23649.0,,
2026-07-24 04:20:00+00:00,23648.7,23657.05,23631.6,23653.7,,
2026-07-24 04:25:00+00:00,23654.75,23664.75,23645.85,23646.05,,
2026-07-24 04:30:00+00:00,23647.05,23648.1,23619.75,23624.65,,
2026-07-24 04:35:00+00:00,23625.2,23629.25,23612.85,23619.05,,
2026-07-24 04:40:00+00:00,23619.0,23624.95,23607.6,23608.7,,
2026-07-24 04:45:00+00:00,23608.3,23627.65,23607.5,23611.9,,
2026-07-24 04:50:00+00:00,23611.35,23622.9,23606.45,23620.0,,
2026-07-24 04:55:00+00:00,23619.8,23623.55,23613.45,23622.25,,
2026-07-24 05:00:00+00:00,23622.2,23626.25,23610.9,23614.9,,
2026-07-24 05:05:00+00:00,23614.15,23641.7,23612.0,23637.15,,
2026-07-24 05:10:00+00:00,23637.35,23646.05,23629.55,23640.9,,
2026-07-24 05:15:00+00:00,23640.4,23651.25,23639.95,23649.1,,
2026-07-24 05:20:00+00:00,23649.25,23652.25,23634.85,23637.05,,
2026-07-24 05:25:00+00:00,23637.0,23638.65,23626.3,23627.65,,
2026-07-24 05:30:00+00:00,23627.3,23634.5,23624.05,23633.65,,
2026-07-24 05:35:00+00:00,23633.45,23637.4,23623.6,23628.85,,
2026-07-24 05:40:00+00:00,23629.4,23634.5,23617.1,23624.25,,
2026-07-24 05:45:00+00:00,23624.25,23655.05,23622.6,23651.8,,
2026-07-24 05:50:00+00:00,23651.8,23678.15,23650.85,23670.2,,
2026-07-24 05:55:00+00:00,23670.35,23673.6,23655.2,23655.7,,
2026-07-24 06:00:00+00:00,23655.7,23658.35,23649.15,23653.35,,
2026-07-24 06:05:00+00:00,23654.05,23665.05,23651.25,23663.2,,
2026-07-24 06:10:00+00:00,23663.45,23687.5,23662.4,23682.2,,
2026-07-24 06:15:00+00:00,23682.25,23699.85,23682.2,23698.25,,
2026-07-24 06:20:00+00:00,23698.45,23710.7,23698.3,23704.05,,
2026-07-24 06:25:00+00:00,23702.45,23704.85,23693.6,23696.7,,
2026-07-24 06:30:00+00:00,23697.25,23713.95,23689.25,23713.95,,
2026-07-24 06:35:00+00:00,23713.85,23717.9,23709.0,23713.05,,
2026-07-24 06:40:00+00:00,23713.2,23715.2,23701.85,23702.85,,
2026-07-24 06:45:00+00:00,23702.45,23719.5,23701.35,23717.25,,
2026-07-24 06:50:00+00:00,23717.05,23739.85,23713.75,23737.45,,
2026-07-24 06:55:00+00:00,23737.45,23792.1,23736.9,23784.25,,
2026-07-24 07:00:00+00:00,23783.8,23794.3,23760.6,23766.5,,
2026-07-24 07:05:00+00:00,23766.85,23775.2,23756.0,23771.2,,
2026-07-24 07:10:00+00:00,23771.95,23796.4,23769.55,23793.65,,
2026-07-24 07:15:00+00:00,23793.8,23805.2,23784.65,23799.9,,
2026-07-24 07:20:00+00:00,23798.95,23805.85,23793.2,23795.45,,
2026-07-24 07:25:00+00:00,23795.55,23808.55,23790.7,23797.5,,
2026-07-24 07:30:00+00:00,23797.35,23800.25,23771.45,23774.65,,
2026-07-24 07:35:00+00:00,23774.5,23775.25,23763.3,23767.5,,
2026-07-24 07:40:00+00:00,23767.85,23784.45,23767.5,23783.85,,
2026-07-24 07:45:00+00:00,23783.75,23792.9,23775.2,23790.9,,
2026-07-24 07:50:00+00:00,23792.2,23797.4,23784.45,23791.05,,
2026-07-24 07:55:00+00:00,23790.85,23800.05,23786.75,23790.65,,
2026-07-24 08:00:00+00:00,23790.6,23791.65,23764.4,23765.7,,
2026-07-24 08:05:00+00:00,23765.2,23768.3,23752.2,23766.3,,
2026-07-24 08:10:00+00:00,23767.2,23768.15,23736.0,23747.75,,
2026-07-24 08:15:00+00:00,23747.9,23765.1,23742.25,23762.3,,
2026-07-24 08:20:00+00:00,23762.95,23786.8,23762.95,23784.05,,
2026-07-24 08:25:00+00:00,23784.5,23803.05,23780.1,23802.95,,
2026-07-24 08:30:00+00:00,23803.05,23823.6,23788.8,23817.15,,
2026-07-24 08:35:00+00:00,23816.85,23817.75,23800.35,23800.35,,
2026-07-24 08:40:00+00:00,23799.7,23801.65,23790.0,23797.4,,
2026-07-24 08:45:00+00:00,23797.5,23805.75,23787.05,23789.9,,
2026-07-24 08:50:00+00:00,23789.8,23791.0,23772.6,23776.0,,
2026-07-24 08:55:00+00:00,23776.1,23788.0,23770.4,23777.65,,
2026-07-24 09:00:00+00:00,23777.35,23783.3,23765.65,23767.15,,
2026-07-24 09:05:00+00:00,23766.65,23776.7,23761.05,23772.35,,
2026-07-24 09:10:00+00:00,23772.5,23778.15,23760.2,23768.4,,
2026-07-24 09:15:00+00:00,23768.1,23774.15,23761.85,23773.7,,
2026-07-24 09:20:00+00:00,23773.15,23794.15,23770.8,23790.45,,
2026-07-24 09:25:00+00:00,23791.35,23792.7,23773.3,23776.8,,
2026-07-24 09:30:00+00:00,23777.95,23782.45,23747.65,23756.4,,
2026-07-24 09:35:00+00:00,23756.45,23764.25,23751.35,23757.15,,
2026-07-24 09:40:00+00:00,23757.35,23772.35,23751.95,23771.9,,
2026-07-24 09:45:00+00:00,23771.45,23789.8,23767.45,23772.7,,
2026-07-24 09:50:00+00:00,23774.2,23782.2,23772.2,23779.4,,
2026-07-24 09:55:00+00:00,23779.3,23792.95,23772.05,23787.0,,
2026-07-24 10:00:00+00:00,23786.7,23786.7,23767.45,23767.45,,
2026-07-24 10:05:00+00:00,23767.45,23767.45,23767.45,23767.45,,
2026-07-24 10:10:00+00:00,23767.45,23767.45,23767.45,23767.45,,
2026-07-24 10:15:00+00:00,23767.45,23767.45,23767.45,23767.45,,
2026-07-24 10:20:00+00:00,23767.45,23767.45,23767.45,23767.45,,
2026-07-24 10:25:00+00:00,23767.45,23767.45,23767.45,23767.45,,
2026-07-27 03:30:00+00:00,23767.45,23922.4,23138.2,23913.85,,
2026-07-27 03:35:00+00:00,23913.85,23950.8,23853.5,23928.4,,
2026-07-27 03:40:00+00:00,23928.4,23928.4,23928.4,23928.4,,
2026-07-27 03:45:00+00:00,23929.5,23963.2,23897.2,23912.3,,
2026-07-27 03:50:00+00:00,23913.75,23939.5,23911.75,23929.4,,
2026-07-27 03:55:00+00:00,23930.35,23940.75,23913.6,23939.95,,
2026-07-27 04:00:00+00:00,23941.8,23948.85,23927.75,23937.35,,
2026-07-27 04:05:00+00:00,23939.6,23952.3,23936.05,23944.1,,
2026-07-27 04:10:00+00:00,23944.9,23951.3,23941.1,23951.05,,
2026-07-27 04:15:00+00:00,23952.1,23955.9,23945.05,23951.85,,
2026-07-27 04:20:00+00:00,23953.45,23953.45,23929.5,23933.4,,
2026-07-27 04:25:00+00:00,23934.95,23936.0,23916.8,23933.85,,
2026-07-27 04:30:00+00:00,23933.35,23934.9,23916.75,23918.85,,
2026-07-27 04:35:00+00:00,23920.4,23925.8,23909.0,23912.6,,
2026-07-27 04:40:00+00:00,23913.25,23933.35,23910.4,23933.3,,
2026-07-27 04:45:00+00:00,23934.0,23935.75,23920.65,23923.95,,
2026-07-27 04:50:00+00:00,23925.35,23925.5,23908.75,23911.4,,
2026-07-27 04:55:00+00:00,23912.8,23918.4,23910.3,23915.2,,
2026-07-27 05:00:00+00:00,23917.05,23924.05,23906.5,23915.9,,
2026-07-27 05:05:00+00:00,23917.45,23917.45,23891.7,23892.1,,
2026-07-27 05:10:00+00:00,23894.25,23927.65,23892.25,23925.3,,
2026-07-27 05:15:00+00:00,23927.25,23927.75,23912.5,23917.2,,
2026-07-27 05:20:00+00:00,23918.3,23924.3,23907.8,23917.1,,
2026-07-27 05:25:00+00:00,23917.8,23939.3,23911.05,23933.45,,
2026-07-27 05:30:00+00:00,23935.6,23938.4,23927.7,23930.05,,
2026-07-27 05:35:00+00:00,23931.15,23936.25,23920.0,23932.85,,
2026-07-27 05:40:00+00:00,23936.05,23937.45,23922.75,23924.75,,
2026-07-27 05:45:00+00:00,23926.0,23945.0,23923.35,23944.4,,
2026-07-27 05:50:00+00:00,23945.7,23950.95,23939.5,23949.45,,
2026-07-27 05:55:00+00:00,23951.55,23968.2,23949.1,23961.9,,
2026-07-27 06:00:00+00:00,23963.55,23971.75,23958.9,23964.0,,
2026-07-27 06:05:00+00:00,23966.45,23966.45,23956.3,23960.2,,
2026-07-27 06:10:00+00:00,23961.7,23968.9,23959.4,23963.55,,
2026-07-27 06:15:00+00:00,23966.05,23970.3,23952.65,23954.2,,
2026-07-27 06:20:00+00:00,23956.25,23961.0,23949.1,23959.7,,
2026-07-27 06:25:00+00:00,23961.95,23972.8,23959.25,23963.4,,
2026-07-27 06:30:00+00:00,23965.7,23967.4,23953.15,23955.3,,
2026-07-27 06:35:00+00:00,23957.3,23958.05,23949.05,23952.35,,
2026-07-27 06:40:00+00:00,23954.3,23963.15,23945.6,23956.2,,
2026-07-27 06:45:00+00:00,23959.05,23965.8,23955.1,23959.25,,
2026-07-27 06:50:00+00:00,23960.6,23961.75,23952.9,23957.9,,
2026-07-27 06:55:00+00:00,23960.3,23962.9,23954.25,23954.75,,
2026-07-27 07:00:00+00:00,23956.9,23967.3,23951.1,23958.5,,
2026-07-27 07:05:00+00:00,23961.8,23961.8,23948.8,23951.2,,
2026-07-27 07:10:00+00:00,23952.05,23953.35,23943.05,23951.2,,
2026-07-27 07:15:00+00:00,23952.55,23957.65,23949.2,23951.2,,
2026-07-27 07:20:00+00:00,23953.8,23958.0,23946.85,23949.0,,
2026-07-27 07:25:00+00:00,23951.3,23958.05,23943.75,23953.9,,
2026-07-27 07:30:00+00:00,23955.85,23968.8,23948.2,23962.7,,
2026-07-27 07:35:00+00:00,23965.8,23970.7,23959.6,23962.2,,
2026-07-27 07:40:00+00:00,23964.55,23970.8,23959.0,23970.1,,
2026-07-27 07:45:00+00:00,23971.9,23979.15,23969.35,23972.3,,
2026-07-27 07:50:00+00:00,23974.2,23975.7,23968.1,23972.2,,
2026-07-27 07:55:00+00:00,23973.8,23973.8,23954.3,23954.55,,
2026-07-27 08:00:00+00:00,23956.25,23960.85,23938.5,23938.5,,
2026-07-27 08:05:00+00:00,23940.6,23959.55,23935.4,23958.35,,
2026-07-27 08:10:00+00:00,23959.95,23960.7,23946.6,23956.25,,
2026-07-27 08:15:00+00:00,23958.25,23967.25,23953.25,23957.65,,
2026-07-27 08:20:00+00:00,23959.0,23967.3,23954.1,23964.3,,
2026-07-27 08:25:00+00:00,23965.8,23972.4,23962.0,23971.35,,
2026-07-27 08:30:00+00:00,23973.6,23989.5,23970.5,23984.65,,
2026-07-27 08:35:00+00:00,23986.75,23995.15,23981.25,23993.25,,
2026-07-27 08:40:00+00:00,23995.95,23998.3,23987.7,23995.9,,
2026-07-27 08:45:00+00:00,23997.55,23998.85,23984.55,23990.15,,
2026-07-27 08:50:00+00:00,23992.55,23998.4,23988.5,23998.25,,
2026-07-27 08:55:00+00:00,23999.3,24009.7,23995.2,24006.7,,
2026-07-27 09:00:00+00:00,24008.65,24011.1,23996.0,23998.1,,
2026-07-27 09:05:00+00:00,24000.45,24003.7,23988.3,23998.1,,
2026-07-27 09:10:00+00:00,23999.6,24001.75,23988.8,23996.25,,
2026-07-27 09:15:00+00:00,23997.65,24003.5,23986.9,23992.65,,
2026-07-27 09:20:00+00:00,23995.2,24000.35,23984.8,23985.4,,
2026-07-27 09:25:00+00:00,23986.75,23997.4,23984.1,23989.15,,
2026-07-27 09:30:00+00:00,23989.55,24000.85,23988.5,23990.7,,
2026-07-27 09:35:00+00:00,23991.2,23998.3,23990.6,23995.85,,
2026-07-27 09:40:00+00:00,23996.85,24001.75,23986.4,23987.15,,
2026-07-27 09:45:00+00:00,23985.1,23997.15,23985.1,23996.75,,
2026-07-27 09:50:00+00:00,23995.35,24007.45,23993.0,24003.75,,
2026-07-27 09:55:00+00:00,24003.2,24008.1,23996.6,24003.65,,
2026-07-27 10:00:00+00:00,24002.1,24002.1,23995.15,23995.95,,
2026-07-27 10:05:00+00:00,23995.95,23995.95,23995.95,23995.95,,
2026-07-27 10:10:00+00:00,23995.95,23995.95,23995.95,23995.95,,
2026-07-27 10:15:00+00:00,23995.95,23995.95,23995.95,23995.95,,
2026-07-27 10:20:00+00:00,23995.95,23995.95,23995.95,23995.95,,
2026-07-27 10:25:00+00:00,23995.95,23995.95,23995.95,23995.95,,
2026-07-28 03:30:00+00:00,23995.95,24009.95,23225.5,23971.9,,
2026-07-28 03:35:00+00:00,23975.0,24017.4,23969.35,23971.25,,
2026-07-28 03:40:00+00:00,23971.25,23971.25,23971.25,23971.25,,
2026-07-28 03:45:00+00:00,23973.0,24039.85,23969.25,24029.7,,
2026-07-28 03:50:00+00:00,24030.15,24037.05,24011.15,24015.55,,
2026-07-28 03:55:00+00:00,24015.3,24015.45,23994.1,24006.25,,
2026-07-28 04:00:00+00:00,24006.7,24013.4,23985.75,23993.4,,
2026-07-28 04:05:00+00:00,23994.3,24020.45,23993.9,24018.75,,
2026-07-28 04:10:00+00:00,24020.05,24025.2,24015.25,24018.05,,
2026-07-28 04:15:00+00:00,24018.6,24019.9,24005.2,24012.95,,
2026-07-28 04:20:00+00:00,24012.25,24014.05,23995.25,24012.4,,
2026-07-28 04:25:00+00:00,24012.7,24017.95,24007.35,24012.25,,
2026-07-28 04:30:00+00:00,24011.7,24013.55,23967.15,23972.9,,
2026-07-28 04:35:00+00:00,23973.25,23978.6,23962.15,23971.25,,
2026-07-28 04:40:00+00:00,23971.3,23988.4,23962.45,23985.6,,
2026-07-28 04:45:00+00:00,23985.8,24006.1,23985.05,23997.4,,
2026-07-28 04:50:00+00:00,23997.8,23999.55,23984.8,23994.7,,
2026-07-28 04:55:00+00:00,23994.95,24001.9,23985.65,23986.55,,
2026-07-28 05:00:00+00:00,23986.6,24007.3,23986.2,23999.15,,
2026-07-28 05:05:00+00:00,24000.9,24014.0,23996.1,24007.5,,
2026-07-28 05:10:00+00:00,24007.4,24023.35,24006.1,24020.1,,
2026-07-28 05:15:00+00:00,24020.35,24033.35,24020.0,24030.7,,
2026-07-28 05:20:00+00:00,24030.3,24039.0,24025.6,24036.4,,
2026-07-28 05:25:00+00:00,24036.65,24041.0,24032.7,24035.75,,
2026-07-28 05:30:00+00:00,24036.65,24039.55,24017.9,24024.45,,
2026-07-28 05:35:00+00:00,24023.7,24025.8,24017.95,24024.1,,
2026-07-28 05:40:00+00:00,24023.75,24024.55,24010.05,24015.2,,
2026-07-28 05:45:00+00:00,24015.05,24029.8,24014.9,24025.3,,
2026-07-28 05:50:00+00:00,24025.35,24026.15,24013.45,24014.9,,
2026-07-28 05:55:00+00:00,24014.75,24021.3,24010.65,24013.9,,
2026-07-28 06:00:00+00:00,24014.45,24016.15,24001.8,24002.8,,
2026-07-28 06:05:00+00:00,24002.1,24010.7,23999.95,24010.7,,
2026-07-28 06:10:00+00:00,24010.2,24025.05,24008.15,24021.2,,
2026-07-28 06:15:00+00:00,24020.9,24036.8,24018.5,24030.8,,
2026-07-28 06:20:00+00:00,24030.85,24031.9,24011.2,24013.75,,
2026-07-28 06:25:00+00:00,24014.1,24015.85,24003.65,24011.0,,
2026-07-28 06:30:00+00:00,24011.05,24014.2,24003.75,24008.8,,
2026-07-28 06:35:00+00:00,24008.25,24022.75,24005.65,24021.45,,
2026-07-28 06:40:00+00:00,24020.75,24028.6,24018.2,24026.25,,
2026-07-28 06:45:00+00:00,24026.5,24028.4,24015.3,24017.75,,
2026-07-28 06:50:00+00:00,24017.35,24020.25,24010.85,24017.75,,
2026-07-28 06:55:00+00:00,24017.7,24028.9,24012.85,24023.5,,
2026-07-28 07:00:00+00:00,24023.6,24027.25,24017.3,24017.3,,
2026-07-28 07:05:00+00:00,24017.25,24021.3,24009.4,24018.15,,
2026-07-28 07:10:00+00:00,24017.75,24023.45,24014.3,24015.65,,
2026-07-28 07:15:00+00:00,24015.75,24022.0,24011.15,24015.25,,
2026-07-28 07:20:00+00:00,24014.85,24016.2,24009.35,24013.45,,
2026-07-28 07:25:00+00:00,24014.25,24017.95,24003.9,24004.05,,
2026-07-28 07:30:00+00:00,24005.45,24008.75,24000.85,24002.15,,
2026-07-28 07:35:00+00:00,24003.35,24007.85,24000.35,24005.7,,
2026-07-28 07:40:00+00:00,24006.3,24006.35,23982.9,23983.05,,
2026-07-28 07:45:00+00:00,23982.65,23984.05,23968.65,23978.55,,
2026-07-28 07:50:00+00:00,23979.35,23993.7,23974.55,23991.15,,
2026-07-28 07:55:00+00:00,23990.25,23991.1,23982.1,23984.85,,
2026-07-28 08:00:00+00:00,23984.85,23992.5,23980.5,23987.05,,
2026-07-28 08:05:00+00:00,23986.65,23993.1,23982.1,23985.0,,
2026-07-28 08:10:00+00:00,23985.2,23986.8,23977.4,23983.35,,
2026-07-28 08:15:00+00:00,23983.3,23984.25,23972.4,23980.65,,
2026-07-28 08:20:00+00:00,23980.65,24009.15,23980.45,24006.2,,
2026-07-28 08:25:00+00:00,24006.4,24011.75,23995.45,24001.9,,
2026-07-28 08:30:00+00:00,24000.85,24005.0,23997.0,24001.4,,
2026-07-28 08:35:00+00:00,24003.55,24005.9,23996.7,23998.2,,
2026-07-28 08:40:00+00:00,23998.0,23999.85,23989.75,23993.35,,
2026-07-28 08:45:00+00:00,23993.25,24001.25,23987.2,23991.7,,
2026-07-28 08:50:00+00:00,23991.4,23996.4,23985.0,23988.3,,
2026-07-28 08:55:00+00:00,23986.2,23998.4,23986.2,23987.55,,
2026-07-28 09:00:00+00:00,23986.25,23986.7,23970.1,23973.4,,
2026-07-28 09:05:00+00:00,23972.2,23993.75,23972.2,23991.45,,
2026-07-28 09:10:00+00:00,23989.05,23998.5,23981.45,23995.35,,
2026-07-28 09:15:00+00:00,23992.9,23995.45,23974.3,23975.3,,
2026-07-28 09:20:00+00:00,23974.85,23991.1,23968.1,23987.95,,
2026-07-28 09:25:00+00:00,23986.8,23991.0,23977.15,23980.9,,
2026-07-28 09:30:00+00:00,23981.6,23985.15,23954.7,23962.9,,
2026-07-28 09:35:00+00:00,23963.4,23971.35,23962.6,23966.0,,
2026-07-28 09:40:00+00:00,23966.0,23970.2,23961.9,23969.4,,
2026-07-28 09:45:00+00:00,23969.0,24004.4,23968.7,24004.2,,
2026-07-28 09:50:00+00:00,24003.1,24013.35,23989.1,23991.75,,
2026-07-28 09:55:00+00:00,23990.55,23995.65,23976.4,23987.8,,
2026-07-28 10:00:00+00:00,23987.6,23991.35,23985.35,23985.35,,
2026-07-28 10:05:00+00:00,23985.35,23985.35,23985.35,23985.35,,
2026-07-28 10:10:00+00:00,23985.35,23985.35,23985.35,23985.35,,
2026-07-28 10:15:00+00:00,23985.35,23985.35,23985.35,23985.35,,
2026-07-28 10:20:00+00:00,23985.35,23985.35,23985.35,23985.35,,
2026-07-28 10:25:00+00:00,23985.35,23985.35,23985.35,23985.35,,
2026-07-29 03:30:00+00:00,23985.35,24205.0,23354.7,24146.4,,
2026-07-29 03:35:00+00:00,24146.4,24208.4,24142.1,24176.65,,
2026-07-29 03:40:00+00:00,24176.65,24176.65,24176.65,24176.65,,
2026-07-29 03:45:00+00:00,24176.65,24195.5,24141.75,24187.1,,
2026-07-29 03:50:00+00:00,24187.15,24191.55,24162.0,24177.35,,
2026-07-29 03:55:00+00:00,24177.85,24196.2,24170.9,24178.5,,
2026-07-29 04:00:00+00:00,24175.6,24193.45,24175.6,24187.95,,
2026-07-29 04:05:00+00:00,24188.15,24210.75,24185.95,24208.3,,
2026-07-29 04:10:00+00:00,24208.5,24217.65,24199.05,24212.2,,
2026-07-29 04:15:00+00:00,24211.85,24218.4,24204.0,24218.0,,
2026-07-29 04:20:00+00:00,24217.95,24221.6,24197.2,24204.95,,
2026-07-29 04:25:00+00:00,24205.55,24209.15,24184.95,24187.65,,
2026-07-29 04:30:00+00:00,24186.3,24207.0,24186.3,24204.65,,
2026-07-29 04:35:00+00:00,24204.4,24223.4,24203.9,24220.6,,
2026-07-29 04:40:00+00:00,24219.65,24223.75,24213.1,24221.3,,
2026-07-29 04:45:00+00:00,24220.9,24229.1,24214.0,24220.05,,
2026-07-29 04:50:00+00:00,24219.55,24232.7,24219.55,24228.9,,
2026-07-29 04:55:00+00:00,24231.3,24235.35,24224.8,24225.3,,
2026-07-29 05:00:00+00:00,24224.75,24236.55,24221.75,24234.2,,
2026-07-29 05:05:00+00:00,24234.15,24238.3,24229.3,24231.15,,
2026-07-29 05:10:00+00:00,24230.7,24238.35,24230.2,24233.8,,
2026-07-29 05:15:00+00:00,24233.7,24234.05,24213.4,24219.0,,
2026-07-29 05:20:00+00:00,24219.5,24221.85,24214.25,24218.15,,
2026-07-29 05:25:00+00:00,24218.4,24226.3,24218.3,24220.65,,
2026-07-29 05:30:00+00:00,24221.2,24234.1,24215.25,24232.4,,
2026-07-29 05:35:00+00:00,24232.35,24243.85,24230.85,24238.65,,
2026-07-29 05:40:00+00:00,24238.75,24241.6,24229.2,24233.7,,
2026-07-29 05:45:00+00:00,24233.3,24235.2,24223.35,24230.35,,
2026-07-29 05:50:00+00:00,24230.2,24241.35,24228.1,24237.25,,
2026-07-29 05:55:00+00:00,24237.05,24241.1,24232.4,24232.4,,
2026-07-29 06:00:00+00:00,24232.15,24237.1,24228.45,24229.3,,
2026-07-29 06:05:00+00:00,24229.8,24231.1,24218.75,24221.35,,
2026-07-29 06:10:00+00:00,24221.85,24235.2,24221.3,24232.25,,
2026-07-29 06:15:00+00:00,24232.5,24240.35,24227.8,24231.8,,
2026-07-29 06:20:00+00:00,24231.9,24234.2,24223.9,24228.95,,
2026-07-29 06:25:00+00:00,24229.2,24231.1,24219.8,24225.65,,
2026-07-29 06:30:00+00:00,24225.85,24232.45,24223.25,24230.2,,
2026-07-29 06:35:00+00:00,24230.35,24247.45,24229.45,24244.7,,
2026-07-29 06:40:00+00:00,24244.05,24246.15,24236.2,24238.45,,
2026-07-29 06:45:00+00:00,24238.8,24240.4,24227.0,24228.25,,
2026-07-29 06:50:00+00:00,24229.05,24234.55,24225.4,24227.4,,
2026-07-29 06:55:00+00:00,24228.05,24229.55,24219.7,24221.5,,
2026-07-29 07:00:00+00:00,24222.1,24233.0,24221.05,24231.3,,
2026-07-29 07:05:00+00:00,24232.05,24234.95,24225.65,24228.05,,
2026-07-29 07:10:00+00:00,24228.05,24232.45,24218.9,24220.8,,
2026-07-29 07:15:00+00:00,24221.45,24225.15,24210.6,24210.65,,
2026-07-29 07:20:00+00:00,24211.05,24229.15,24209.95,24227.1,,
2026-07-29 07:25:00+00:00,24227.4,24231.45,24222.15,24228.75,,
2026-07-29 07:30:00+00:00,24228.85,24240.85,24228.65,24235.9,,
2026-07-29 07:35:00+00:00,24236.3,24255.25,24236.3,24252.25,,
2026-07-29 07:40:00+00:00,24253.05,24261.35,24252.65,24257.55,,
2026-07-29 07:45:00+00:00,24257.4,24259.9,24248.5,24254.55,,
2026-07-29 07:50:00+00:00,24254.25,24255.15,24245.8,24246.5,,
2026-07-29 07:55:00+00:00,24247.05,24254.2,24244.55,24245.8,,
2026-07-29 08:00:00+00:00,24245.75,24256.7,24245.0,24255.0,,
2026-07-29 08:05:00+00:00,24255.1,24256.85,24243.35,24245.15,,
2026-07-29 08:10:00+00:00,24245.45,24251.7,24236.0,24238.4,,
2026-07-29 08:15:00+00:00,24236.2,24257.5,24235.65,24246.2,,
2026-07-29 08:20:00+00:00,24245.85,24259.95,24245.35,24258.25,,
2026-07-29 08:25:00+00:00,24257.9,24259.25,24249.65,24250.5,,
2026-07-29 08:30:00+00:00,24249.75,24271.15,24249.75,24267.1,,
2026-07-29 08:35:00+00:00,24269.15,24271.6,24258.1,24263.85,,
2026-07-29 08:40:00+00:00,24263.6,24271.7,24261.15,24263.8,,
2026-07-29 08:45:00+00:00,24263.8,24277.7,24263.3,24274.1,,
2026-07-29 08:50:00+00:00,24274.2,24278.05,24266.3,24270.05,,
2026-07-29 08:55:00+00:00,24269.95,24274.75,24263.4,24272.65,,
2026-07-29 09:00:00+00:00,24272.1,24279.0,24267.1,24270.15,,
2026-07-29 09:05:00+00:00,24270.15,24271.5,24259.55,24263.35,,
2026-07-29 09:10:00+00:00,24263.6,24266.1,24251.45,24259.6,,
2026-07-29 09:15:00+00:00,24259.65,24277.25,24259.65,24267.2,,
2026-07-29 09:20:00+00:00,24267.05,24274.0,24262.25,24273.3,,
2026-07-29 09:25:00+00:00,24272.75,24283.0,24271.45,24272.5,,
2026-07-29 09:30:00+00:00,24274.4,24278.55,24260.9,24262.5,,
2026-07-29 09:35:00+00:00,24263.05,24263.05,24251.6,24258.95,,
2026-07-29 09:40:00+00:00,24259.4,24261.9,24249.7,24252.0,,
2026-07-29 09:45:00+00:00,24251.45,24251.9,24238.75,24241.75,,
2026-07-29 09:50:00+00:00,24243.55,24247.1,24234.75,24238.05,,
2026-07-29 09:55:00+00:00,24238.2,24245.8,24231.05,24242.0,,
2026-07-29 10:00:00+00:00,24241.0,24250.2,24241.0,24250.2,,
2026-07-29 10:05:00+00:00,24250.2,24250.2,24250.2,24250.2,,
2026-07-29 10:10:00+00:00,24250.2,24250.2,24250.2,24250.2,,
2026-07-29 10:15:00+00:00,24250.2,24250.2,24250.2,24250.2,,
2026-07-29 10:20:00+00:00,24250.2,24250.2,24250.2,24250.2,,
2026-07-29 10:25:00+00:00,24250.2,24250.2,24250.2,24250.2,,
2026-07-30 03:30:00+00:00,24250.2,24754.8,24122.95,24241.85,,
2026-07-30 03:35:00+00:00,24241.85,24271.1,24228.2,24249.55,,
2026-07-30 03:40:00+00:00,24249.55,24249.55,24249.55,24249.55,,
2026-07-30 03:45:00+00:00,24250.4,24266.65,24190.0,24266.55,,
2026-07-30 03:50:00+00:00,24266.45,24278.05,24255.35,24273.0,,
2026-07-30 03:55:00+00:00,24273.05,24280.25,24268.55,24276.95,,
2026-07-30 04:00:00+00:00,24274.5,24287.25,24267.55,24274.4,,
2026-07-30 04:05:00+00:00,24275.0,24278.65,24254.6,24258.55,,
2026-07-30 04:10:00+00:00,24258.7,24261.65,24245.8,24255.85,,
2026-07-30 04:15:00+00:00,24257.25,24283.3,24250.05,24271.55,,
2026-07-30 04:20:00+00:00,24272.7,24285.55,24260.1,24262.0,,
2026-07-30 04:25:00+00:00,24262.8,24280.0,24258.8,24275.6,,
2026-07-30 04:30:00+00:00,24276.75,24281.3,24269.1,24275.7,,
2026-07-30 04:35:00+00:00,24275.9,24278.95,24260.0,24260.4,,
2026-07-30 04:40:00+00:00,24261.9,24264.8,24241.5,24243.5,,
2026-07-30 04:45:00+00:00,24243.75,24261.15,24242.6,24243.65,,
2026-07-30 04:50:00+00:00,24244.45,24251.2,24236.0,24248.65,,
2026-07-30 04:55:00+00:00,24249.85,24251.65,24231.15,24232.1,,
2026-07-30 05:00:00+00:00,24232.75,24238.2,24224.85,24237.6,,
2026-07-30 05:05:00+00:00,24238.25,24251.65,24232.85,24243.6,,
2026-07-30 05:10:00+00:00,24243.5,24261.35,24236.6,24259.15,,
2026-07-30 05:15:00+00:00,24260.25,24262.7,24253.35,24258.45,,
2026-07-30 05:20:00+00:00,24259.5,24270.65,24258.6,24259.9,,
2026-07-30 05:25:00+00:00,24261.15,24264.15,24253.2,24256.9,,
2026-07-30 05:30:00+00:00,24256.45,24265.0,24248.15,24261.9,,
2026-07-30 05:35:00+00:00,24262.1,24263.6,24249.45,24257.1,,
2026-07-30 05:40:00+00:00,24256.8,24270.55,24256.8,24265.05,,
2026-07-30 05:45:00+00:00,24264.9,24282.5,24262.7,24273.15,,
2026-07-30 05:50:00+00:00,24273.0,24278.25,24262.1,24267.1,,
2026-07-30 05:55:00+00:00,24266.35,24279.4,24265.1,24274.6,,
2026-07-30 06:00:00+00:00,24274.2,24277.85,24267.15,24277.15,,
2026-07-30 06:05:00+00:00,24277.4,24279.45,24269.6,24270.9,,
2026-07-30 06:10:00+00:00,24270.05,24274.55,24264.85,24265.5,,
2026-07-30 06:15:00+00:00,24265.8,24266.7,24251.05,24256.3,,
2026-07-30 06:20:00+00:00,24256.65,24260.55,24251.55,24255.65,,
2026-07-30 06:25:00+00:00,24255.8,24265.4,24254.4,24262.5,,
2026-07-30 06:30:00+00:00,24262.6,24263.85,24253.3,24260.6,,
2026-07-30 06:35:00+00:00,24261.05,24266.4,24252.25,24253.5,,
2026-07-30 06:40:00+00:00,24253.65,24261.3,24248.85,24254.1,,
2026-07-30 06:45:00+00:00,24253.95,24260.2,24249.0,24260.2,,
2026-07-30 06:50:00+00:00,24260.15,24267.4,24257.2,24258.8,,
2026-07-30 06:55:00+00:00,24258.8,24267.45,24256.1,24264.05,,
2026-07-30 07:00:00+00:00,24264.3,24331.05,24261.95,24306.75,,
2026-07-30 07:05:00+00:00,24306.6,24321.1,24293.35,24304.05,,
2026-07-30 07:10:00+00:00,24303.65,24314.5,24297.65,24308.35,,
2026-07-30 07:15:00+00:00,24308.45,24309.55,24294.6,24301.05,,
2026-07-30 07:20:00+00:00,24300.15,24304.3,24291.55,24297.3,,
2026-07-30 07:25:00+00:00,24296.7,24300.55,24290.8,24295.7,,
2026-07-30 07:30:00+00:00,24295.65,24296.25,24279.3,24282.65,,
2026-07-30 07:35:00+00:00,24282.0,24297.55,24276.5,24281.9,,
2026-07-30 07:40:00+00:00,24281.05,24283.15,24248.85,24264.0,,
2026-07-30 07:45:00+00:00,24264.05,24267.15,24259.1,24264.7,,
2026-07-30 07:50:00+00:00,24264.95,24281.95,24264.35,24279.35,,
2026-07-30 07:55:00+00:00,24279.25,24285.55,24267.3,24269.4,,
2026-07-30 08:00:00+00:00,24269.15,24278.7,24266.9,24276.9,,
2026-07-30 08:05:00+00:00,24276.9,24300.25,24275.75,24287.25,,
2026-07-30 08:10:00+00:00,24287.15,24298.55,24287.15,24289.45,,
2026-07-30 08:15:00+00:00,24288.4,24289.6,24279.9,24280.05,,
2026-07-30 08:20:00+00:00,24280.15,24296.45,24272.3,24295.5,,
2026-07-30 08:25:00+00:00,24295.1,24299.45,24275.95,24283.85,,
2026-07-30 08:30:00+00:00,24283.35,24287.75,24277.1,24281.1,,
2026-07-30 08:35:00+00:00,24280.45,24282.75,24261.55,24263.8,,
2026-07-30 08:40:00+00:00,24263.7,24267.7,24255.45,24255.7,,
2026-07-30 08:45:00+00:00,24255.2,24260.25,24247.7,24257.2,,
2026-07-30 08:50:00+00:00,24256.8,24257.55,24236.55,24244.2,,
2026-07-30 08:55:00+00:00,24244.6,24245.0,24228.95,24235.0,,
2026-07-30 09:00:00+00:00,24235.3,24257.95,24227.25,24246.6,,
2026-07-30 09:05:00+00:00,24245.15,24268.55,24237.7,24267.55,,
2026-07-30 09:10:00+00:00,24267.65,24269.6,24249.9,24258.7,,
2026-07-30 09:15:00+00:00,24258.85,24283.45,24251.1,24277.6,,
2026-07-30 09:20:00+00:00,24276.6,24277.8,24266.3,24267.95,,
2026-07-30 09:25:00+00:00,24267.55,24276.15,24264.0,24272.85,,
2026-07-30 09:30:00+00:00,24273.1,24302.35,24268.75,24299.85,,
2026-07-30 09:35:00+00:00,24301.1,24325.6,24296.85,24319.2,,
2026-07-30 09:40:00+00:00,24321.35,24329.55,24316.6,24318.25,,
2026-07-30 09:45:00+00:00,24316.9,24318.75,24307.95,24314.75,,
2026-07-30 09:50:00+00:00,24314.95,24340.85,24309.8,24335.65,,
2026-07-30 09:55:00+00:00,24337.05,24342.95,24292.75,24296.6,,
2026-07-30 10:00:00+00:00,24296.5,24317.15,24296.5,24317.15,,
2026-07-30 10:05:00+00:00,24317.15,24317.15,24317.15,24317.15,,
2026-07-30 10:10:00+00:00,24317.15,24317.15,24317.15,24317.15,,
2026-07-30 10:15:00+00:00,24317.15,24317.15,24317.15,24317.15,,
2026-07-30 10:20:00+00:00,24317.15,24317.15,24317.15,24317.15,,
2026-07-30 10:25:00+00:00,24317.15,24317.15,24317.15,24317.15,,
2026-07-31 03:30:00+00:00,24317.15,24779.9,24306.2,24369.65,,
2026-07-31 03:35:00+00:00,24369.65,24374.75,24358.7,24361.45,,
2026-07-31 03:40:00+00:00,24361.45,24361.45,24361.45,24361.45,,
2026-07-31 03:45:00+00:00,24359.8,24377.55,24328.2,24350.5,,
2026-07-31 03:50:00+00:00,24350.3,24365.25,24341.05,24353.15,,
2026-07-31 03:55:00+00:00,24353.6,24355.3,24341.2,24345.75,,
2026-07-31 04:00:00+00:00,24344.75,24347.7,24308.9,24312.25,,
2026-07-31 04:05:00+00:00,24312.05,24315.8,24299.7,24310.0,,
2026-07-31 04:10:00+00:00,24310.3,24352.9,24309.1,24349.3,,
2026-07-31 04:15:00+00:00,24348.9,24360.65,24335.75,24358.65,,
2026-07-31 04:20:00+00:00,24358.7,24361.45,24338.35,24354.8,,
2026-07-31 04:25:00+00:00,24354.2,24362.95,24350.4,24357.55,,
2026-07-31 04:30:00+00:00,24357.6,24359.65,24347.75,24351.0,,
2026-07-31 04:35:00+00:00,24350.6,24352.0,24333.65,24341.6,,
2026-07-31 04:40:00+00:00,24341.3,24352.7,24339.75,24346.05,,
2026-07-31 04:45:00+00:00,24346.2,24348.65,24332.9,24347.75,,
2026-07-31 04:50:00+00:00,24347.4,24355.45,24345.6,24353.85,,
2026-07-31 04:55:00+00:00,24353.5,24355.35,24346.3,24352.1,,
2026-07-31 05:00:00+00:00,24350.8,24354.9,24337.15,24341.0,,
2026-07-31 05:05:00+00:00,24340.45,24361.05,24336.15,24357.7,,
2026-07-31 05:10:00+00:00,24357.4,24359.9,24350.6,24353.55,,
2026-07-31 05:15:00+00:00,24353.0,24362.35,24352.05,24356.75,,
2026-07-31 05:20:00+00:00,24355.75,24357.4,24345.3,24351.6,,
2026-07-31 05:25:00+00:00,24352.65,24356.65,24348.4,24354.2,,
2026-07-31 05:30:00+00:00,24354.1,24357.3,24346.8,24354.65,,
2026-07-31 05:35:00+00:00,24354.35,24355.5,24335.95,24337.7,,
2026-07-31 05:40:00+00:00,24337.1,24357.9,24334.15,24357.75,,
2026-07-31 05:45:00+00:00,24357.75,24365.35,24355.7,24362.9,,
2026-07-31 05:50:00+00:00,24362.0,24370.55,24362.0,24367.75,,
2026-07-31 05:55:00+00:00,24366.45,24374.95,24363.9,24365.7,,
2026-07-31 06:00:00+00:00,24366.25,24370.0,24360.2,24363.05,,
2026-07-31 06:05:00+00:00,24362.7,24369.9,24360.45,24360.95,,
2026-07-31 06:10:00+00:00,24361.35,24367.0,24357.85,24364.7,,
2026-07-31 06:15:00+00:00,24364.6,24366.55,24359.0,24362.05,,
2026-07-31 06:20:00+00:00,24362.1,24369.1,24358.35,24361.6,,
2026-07-31 06:25:00+00:00,24362.75,24368.45,24361.1,24364.45,,
2026-07-31 06:30:00+00:00,24364.85,24368.55,24361.35,24362.3,,
2026-07-31 06:35:00+00:00,24362.25,24374.3,24360.95,24371.9,,
2026-07-31 06:40:00+00:00,24371.9,24382.5,24365.8,24382.1,,
2026-07-31 06:45:00+00:00,24381.55,24384.35,24374.3,24374.7,,
2026-07-31 06:50:00+00:00,24374.65,24380.15,24374.4,24378.45,,
2026-07-31 06:55:00+00:00,24378.65,24392.9,24378.0,24386.3,,
2026-07-31 07:00:00+00:00,24385.7,24392.8,24378.65,24392.6,,
2026-07-31 07:05:00+00:00,24392.85,24397.5,24389.8,24396.15,,
2026-07-31 07:10:00+00:00,24396.75,24404.45,24394.5,24401.75,,
2026-07-31 07:15:00+00:00,24402.0,24413.95,24400.05,24413.1,,
2026-07-31 07:20:00+00:00,24412.55,24414.8,24402.85,24408.75,,
2026-07-31 07:25:00+00:00,24408.9,24424.55,24407.9,24413.75,,
2026-07-31 07:30:00+00:00,24412.95,24417.35,24407.55,24414.45,,
2026-07-31 07:35:00+00:00,24414.75,24427.85,24414.45,24418.85,,
2026-07-31 07:40:00+00:00,24419.15,24421.45,24412.15,24414.8,,
2026-07-31 07:45:00+00:00,24414.3,24421.75,24412.7,24420.6,,
2026-07-31 07:50:00+00:00,24420.7,24426.2,24415.55,24423.6,,
2026-07-31 07:55:00+00:00,24423.15,24429.4,24414.35,24417.85,,
2026-07-31 08:00:00+00:00,24417.9,24419.8,24396.05,24398.8,,
2026-07-31 08:05:00+00:00,24399.2,24411.3,24397.9,24400.15,,
2026-07-31 08:10:00+00:00,24400.4,24402.6,24391.45,24395.2,,
2026-07-31 08:15:00+00:00,24395.75,24403.05,24390.2,24400.15,,
2026-07-31 08:20:00+00:00,24399.7,24406.45,24397.5,24403.9,,
2026-07-31 08:25:00+00:00,24404.95,24413.1,24402.75,24412.2,,
2026-07-31 08:30:00+00:00,24413.05,24413.75,24394.05,24394.75,,
2026-07-31 08:35:00+00:00,24395.75,24397.8,24386.0,24391.15,,
2026-07-31 08:40:00+00:00,24392.2,24406.4,24389.85,24402.65,,
2026-07-31 08:45:00+00:00,24403.5,24404.8,24391.15,24395.45,,
2026-07-31 08:50:00+00:00,24395.7,24399.9,24390.15,24398.9,,
2026-07-31 08:55:00+00:00,24399.5,24407.05,24391.6,24394.3,,
2026-07-31 09:00:00+00:00,24395.8,24401.9,24373.7,24375.1,,
2026-07-31 09:05:00+00:00,24375.15,24382.3,24368.0,24373.4,,
2026-07-31 09:10:00+00:00,24375.0,24375.55,24357.1,24361.85,,
2026-07-31 09:15:00+00:00,24361.65,24372.65,24361.35,24370.3,,
2026-07-31 09:20:00+00:00,24370.9,24375.05,24365.95,24369.65,,
2026-07-31 09:25:00+00:00,24370.75,24370.9,24355.05,24360.55,,
2026-07-31 09:30:00+00:00,24361.2,24385.85,24361.2,24384.2,,
2026-07-31 09:35:00+00:00,24385.45,24399.0,24381.95,24398.35,,
2026-07-31 09:40:00+00:00,24399.0,24399.15,24388.75,24390.2,,
2026-07-31 09:45:00+00:00,24391.3,24392.4,24377.3,24377.9,,
2026-07-31 09:50:00+00:00,24377.45,24382.0,24373.0,24379.85,,
2026-07-31 09:55:00+00:00,24380.55,24382.35,24359.65,24366.7,,
2026-07-31 10:00:00+00:00,24366.8,24383.6,24366.8,24383.6,,
2026-07-31 10:05:00+00:00,24383.6,24383.6,24383.6,24383.6,,
2026-07-31 10:10:00+00:00,24383.6,24383.6,24383.6,24383.6,,
2026-07-31 10:15:00+00:00,24383.6,24383.6,24383.6,24383.6,,
2026-07-31 10:20:00+00:00,24383.6,24383.6,24383.6,24383.6,,
2026-07-31 10:25:00+00:00,24383.6,24383.6,24383.6,24383.6,,
2026-08-03 03:30:00+00:00,24383.6,24564.25,24089.6,24564.25,,
2026-08-03 03:35:00+00:00,24564.25,24578.6,24511.5,24572.7,,
2026-08-03 03:40:00+00:00,24572.7,24572.7,24572.7,24572.7,,
2026-08-03 03:45:00+00:00,24568.0,24568.0,24518.0,24530.1,,
2026-08-03 03:50:00+00:00,24530.15,24539.5,24515.5,24527.05,,
2026-08-03 03:55:00+00:00,24526.7,24551.95,24523.35,24550.2,,
2026-08-03 04:00:00+00:00,24550.25,24558.4,24541.8,24553.45,,
2026-08-03 04:05:00+00:00,24553.2,24557.0,24543.75,24554.4,,
2026-08-03 04:10:00+00:00,24553.25,24560.45,24550.35,24558.05,,
2026-08-03 04:15:00+00:00,24558.45,24558.85,24546.05,24548.25,,
2026-08-03 04:20:00+00:00,24548.1,24560.9,24545.75,24559.6,,
2026-08-03 04:25:00+00:00,24558.75,24571.6,24558.15,24564.7,,
2026-08-03 04:30:00+00:00,24564.1,24574.6,24559.05,24568.4,,
2026-08-03 04:35:00+00:00,24569.0,24572.9,24560.3,24567.2,,
2026-08-03 04:40:00+00:00,24567.15,24581.7,24563.85,24579.2,,
2026-08-03 04:45:00+00:00,24579.0,24592.45,24577.75,24588.15,,
2026-08-03 04:50:00+00:00,24588.15,24589.4,24572.8,24578.2,,
2026-08-03 04:55:00+00:00,24578.4,24586.85,24575.95,24580.8,,
2026-08-03 05:00:00+00:00,24580.15,24584.75,24564.4,24570.35,,
2026-08-03 05:05:00+00:00,24570.95,24585.45,24562.7,24584.2,,
2026-08-03 05:10:00+00:00,24583.95,24585.7,24575.6,24583.65,,
2026-08-03 05:15:00+00:00,24583.75,24589.45,24579.45,24588.85,,
2026-08-03 05:20:00+00:00,24587.65,24592.4,24585.05,24589.9,,
2026-08-03 05:25:00+00:00,24589.85,24595.45,24581.8,24586.45,,
2026-08-03 05:30:00+00:00,24586.9,24601.75,24585.65,24598.15,,
2026-08-03 05:35:00+00:00,24597.55,24602.4,24590.45,24593.65,,
2026-08-03 05:40:00+00:00,24593.95,24597.35,24584.9,24589.45,,
2026-08-03 05:45:00+00:00,24588.95,24600.45,24586.05,24591.6,,
2026-08-03 05:50:00+00:00,24591.45,24600.95,24589.5,24598.15,,
2026-08-03 05:55:00+00:00,24598.0,24599.2,24588.75,24591.75,,
2026-08-03 06:00:00+00:00,24591.85,24594.2,24579.8,24585.45,,
2026-08-03 06:05:00+00:00,24584.85,24595.7,24583.05,24593.85,,
2026-08-03 06:10:00+00:00,24593.8,24600.3,24590.65,24592.3,,
2026-08-03 06:15:00+00:00,24592.5,24597.85,24584.8,24597.85,,
2026-08-03 06:20:00+00:00,24597.95,24605.5,24595.7,24601.6,,
2026-08-03 06:25:00+00:00,24602.25,24603.3,24590.55,24592.0,,
2026-08-03 06:30:00+00:00,24591.55,24594.9,24585.7,24588.25,,
2026-08-03 06:35:00+00:00,24588.0,24598.7,24587.65,24597.0,,
2026-08-03 06:40:00+00:00,24596.8,24602.6,24591.65,24601.3,,
2026-08-03 06:45:00+00:00,24601.3,24608.75,24599.25,24606.4,,
2026-08-03 06:50:00+00:00,24605.3,24607.2,24598.05,24605.6,,
2026-08-03 06:55:00+00:00,24605.75,24609.45,24602.25,24604.05,,
2026-08-03 07:00:00+00:00,24604.45,24606.55,24591.15,24593.75,,
2026-08-03 07:05:00+00:00,24593.7,24595.45,24584.4,24587.1,,
2026-08-03 07:10:00+00:00,24588.4,24596.8,24585.85,24593.0,,
2026-08-03 07:15:00+00:00,24594.65,24602.15,24570.15,24582.1,,
2026-08-03 07:20:00+00:00,24584.35,24591.85,24578.25,24588.7,,
2026-08-03 07:25:00+00:00,24591.15,24591.15,24580.15,24584.65,,
2026-08-03 07:30:00+00:00,24584.2,24585.95,24575.75,24578.2,,
2026-08-03 07:35:00+00:00,24578.15,24583.95,24576.1,24582.9,,
2026-08-03 07:40:00+00:00,24583.5,24585.7,24575.9,24577.7,,
2026-08-03 07:45:00+00:00,24578.2,24588.05,24576.05,24587.05,,
2026-08-03 07:50:00+00:00,24587.3,24587.95,24580.6,24584.0,,
2026-08-03 07:55:00+00:00,24584.3,24592.05,24583.05,24589.7,,
2026-08-03 08:00:00+00:00,24589.25,24598.45,24585.85,24597.8,,
2026-08-03 08:05:00+00:00,24597.35,24606.05,24592.0,24592.3,,
2026-08-03 08:10:00+00:00,24592.0,24601.0,24581.2,24596.1,,
2026-08-03 08:15:00+00:00,24595.2,24601.15,24591.35,24592.7,,
2026-08-03 08:20:00+00:00,24592.1,24595.85,24583.1,24586.75,,
2026-08-03 08:25:00+00:00,24585.9,24592.65,24581.7,24586.8,,
2026-08-03 08:30:00+00:00,24586.7,24591.05,24583.5,24589.45,,
2026-08-03 08:35:00+00:00,24590.05,24593.2,24585.1,24588.4,,
2026-08-03 08:40:00+00:00,24588.75,24595.05,24583.95,24593.5,,
2026-08-03 08:45:00+00:00,24594.5,24595.05,24577.7,24583.85,,
2026-08-03 08:50:00+00:00,24584.2,24591.55,24580.65,24584.65,,
2026-08-03 08:55:00+00:00,24585.1,24592.3,24584.05,24589.85,,
2026-08-03 09:00:00+00:00,24589.45,24593.65,24587.1,24590.95,,
2026-08-03 09:05:00+00:00,24591.45,24601.15,24585.4,24597.6,,
2026-08-03 09:10:00+00:00,24597.4,24602.0,24594.35,24597.55,,
2026-08-03 09:15:00+00:00,24598.35,24601.5,24593.45,24598.55,,
2026-08-03 09:20:00+00:00,24598.2,24602.75,24588.85,24592.7,,
2026-08-03 09:25:00+00:00,24592.2,24599.2,24590.55,24595.0,,
2026-08-03 09:30:00+00:00,24594.85,24596.55,24583.25,24583.9,,
2026-08-03 09:35:00+00:00,24584.2,24584.95,24554.95,24571.05,,
2026-08-03 09:40:00+00:00,24568.8,24584.05,24554.2,24573.55,,
2026-08-03 09:45:00+00:00,24573.35,24573.35,24573.35,24573.35,,
2026-08-03 09:50:00+00:00,24573.35,24573.35,24573.35,24573.35,,
2026-08-03 09:55:00+00:00,24573.35,24774.3,24573.35,24774.3,,
2026-08-03 10:00:00+00:00,24774.3,24774.3,24774.3,24774.3,,
2026-08-03 10:05:00+00:00,24774.3,24774.3,24774.3,24774.3,,
2026-08-03 10:10:00+00:00,24774.3,24774.3,24774.3,24774.3,,
2026-08-03 10:15:00+00:00,24774.3,24774.3,24774.3,24774.3,,
2026-08-03 10:20:00+00:00,24774.3,24774.3,24774.3,24774.3,,
2026-08-03 10:25:00+00:00,24774.3,24774.3,24774.3,24774.3,,
2026-08-04 03:30:00+00:00,24774.3,25053.05,24678.7,24712.65,,
2026-08-04 03:35:00+00:00,24712.9,24732.95,24677.2,24703.9,,
2026-08-04 03:40:00+00:00,24703.9,24703.9,24703.9,24703.9,,
2026-08-04 03:45:00+00:00,24653.0,24653.0,24591.3,24599.8,,
2026-08-04 03:50:00+00:00,24604.9,24626.45,24600.4,24615.85,,
2026-08-04 03:55:00+00:00,24618.45,24618.45,24595.6,24597.6,,
2026-08-04 04:00:00+00:00,24598.5,24606.4,24589.8,24590.65,,
2026-08-04 04:05:00+00:00,24591.65,24606.2,24589.8,24604.65,,
2026-08-04 04:10:00+00:00,24606.0,24629.55,24604.6,24623.6,,
2026-08-04 04:15:00+00:00,24623.7,24635.95,24621.85,24635.15,,
2026-08-04 04:20:00+00:00,24635.8,24647.65,24631.3,24634.15,,
2026-08-04 04:25:00+00:00,24634.8,24639.6,24628.75,24631.55,,
2026-08-04 04:30:00+00:00,24633.8,24634.75,24625.35,24626.4,,
2026-08-04 04:35:00+00:00,24628.15,24630.65,24610.3,24611.4,,
2026-08-04 04:40:00+00:00,24613.95,24619.0,24607.45,24615.5,,
2026-08-04 04:45:00+00:00,24617.6,24620.75,24610.15,24616.2,,
2026-08-04 04:50:00+00:00,24617.55,24618.15,24593.55,24593.8,,
2026-08-04 04:55:00+00:00,24596.4,24598.1,24588.4,24592.8,,
2026-08-04 05:00:00+00:00,24594.15,24594.95,24581.0,24582.9,,
2026-08-04 05:05:00+00:00,24584.95,24586.25,24578.65,24581.95,,
2026-08-04 05:10:00+00:00,24584.0,24588.55,24580.1,24582.0,,
2026-08-04 05:15:00+00:00,24583.95,24585.55,24578.7,24583.5,,
2026-08-04 05:20:00+00:00,24586.35,24588.9,24580.95,24581.8,,
2026-08-04 05:25:00+00:00,24584.55,24585.25,24569.05,24575.4,,
2026-08-04 05:30:00+00:00,24577.95,24592.05,24576.15,24589.2,,
2026-08-04 05:35:00+00:00,24590.65,24593.7,24584.0,24587.9,,
2026-08-04 05:40:00+00:00,24590.1,24592.5,24585.75,24590.9,,
2026-08-04 05:45:00+00:00,24593.3,24598.8,24588.7,24593.35,,
2026-08-04 05:50:00+00:00,24595.45,24595.45,24585.5,24585.9,,
2026-08-04 05:55:00+00:00,24587.95,24589.45,24575.6,24577.05,,
2026-08-04 06:00:00+00:00,24579.55,24579.55,24568.5,24568.8,,
2026-08-04 06:05:00+00:00,24571.55,24572.55,24560.15,24571.05,,
2026-08-04 06:10:00+00:00,24571.4,24571.85,24553.9,24555.45,,
2026-08-04 06:15:00+00:00,24557.5,24557.5,24530.65,24532.8,,
2026-08-04 06:20:00+00:00,24534.75,24540.4,24529.65,24532.75,,
2026-08-04 06:25:00+00:00,24534.3,24535.8,24522.05,24524.15,,
2026-08-04 06:30:00+00:00,24524.75,24529.1,24505.55,24521.9,,
2026-08-04 06:35:00+00:00,24522.6,24524.05,24504.05,24506.35,,
2026-08-04 06:40:00+00:00,24507.9,24511.5,24496.95,24511.3,,
2026-08-04 06:45:00+00:00,24513.4,24523.6,24505.4,24519.75,,
2026-08-04 06:50:00+00:00,24521.7,24524.35,24513.6,24519.35,,
2026-08-04 06:55:00+00:00,24521.35,24521.45,24511.95,24515.7,,
2026-08-04 07:00:00+00:00,24517.65,24519.65,24506.7,24507.55,,
2026-08-04 07:05:00+00:00,24509.1,24509.1,24491.6,24503.25,,
2026-08-04 07:10:00+00:00,24504.9,24506.15,24488.15,24493.35,,
2026-08-04 07:15:00+00:00,24495.0,24506.65,24493.95,24503.3,,
2026-08-04 07:20:00+00:00,24504.65,24509.8,24499.1,24500.05,,
2026-08-04 07:25:00+00:00,24500.65,24500.65,24489.35,24491.75,,
2026-08-04 07:30:00+00:00,24493.4,24500.85,24488.75,24493.65,,
2026-08-04 07:35:00+00:00,24494.65,24495.8,24483.25,24483.7,,
2026-08-04 07:40:00+00:00,24486.65,24489.75,24477.35,24479.6,,
2026-08-04 07:45:00+00:00,24481.7,24487.95,24474.1,24482.05,,
2026-08-04 07:50:00+00:00,24484.05,24493.45,24475.15,24491.8,,
2026-08-04 07:55:00+00:00,24492.75,24492.75,24469.35,24471.2,,
2026-08-04 08:00:00+00:00,24473.5,24474.0,24458.2,24463.7,,
2026-08-04 08:05:00+00:00,24464.7,24470.85,24455.95,24468.2,,
2026-08-04 08:10:00+00:00,24468.75,24471.0,24453.8,24453.8,,
2026-08-04 08:15:00+00:00,24454.8,24467.45,24451.95,24465.45,,
2026-08-04 08:20:00+00:00,24466.75,24468.45,24440.95,24446.7,,
2026-08-04 08:25:00+00:00,24446.4,24449.6,24428.2,24448.9,,
2026-08-04 08:30:00+00:00,24450.6,24450.6,24436.15,24445.4,,
2026-08-04 08:35:00+00:00,24447.8,24458.75,24444.3,24450.2,,
2026-08-04 08:40:00+00:00,24452.5,24463.3,24450.1,24462.35,,
2026-08-04 08:45:00+00:00,24463.8,24487.35,24460.45,24486.0,,
2026-08-04 08:50:00+00:00,24487.3,24494.3,24463.8,24473.4,,
2026-08-04 08:55:00+00:00,24476.0,24482.85,24461.1,24470.5,,
2026-08-04 09:00:00+00:00,24470.1,24490.3,24456.3,24463.15,,
2026-08-04 09:05:00+00:00,24464.85,24471.5,24456.85,24463.3,,
2026-08-04 09:10:00+00:00,24463.85,24467.55,24456.65,24456.65,,
2026-08-04 09:15:00+00:00,24459.4,24472.05,24455.95,24469.2,,
2026-08-04 09:20:00+00:00,24469.65,24476.3,24465.9,24474.8,,
2026-08-04 09:25:00+00:00,24475.7,24481.45,24465.6,24465.85,,
2026-08-04 09:30:00+00:00,24469.1,24474.3,24449.75,24450.35,,
2026-08-04 09:35:00+00:00,24450.35,24458.3,24445.0,24452.3,,
2026-08-04 09:40:00+00:00,24454.0,24466.15,24443.6,24462.95,,
2026-08-04 09:45:00+00:00,24463.45,24463.45,24463.45,24463.45,,
2026-08-04 09:50:00+00:00,24463.45,24463.45,24463.45,24463.45,,
2026-08-04 09:55:00+00:00,24463.45,24614.9,24463.45,24614.9,,
2026-08-04 10:00:00+00:00,24614.9,24614.9,24614.9,24614.9,,
2026-08-04 10:05:00+00:00,24614.9,24614.9,24614.9,24614.9,,
2026-08-04 10:10:00+00:00,24614.9,24614.9,24614.9,24614.9,,
2026-08-04 10:15:00+00:00,24614.9,24614.9,24614.9,24614.9,,
2026-08-04 10:20:00+00:00,24614.9,24614.9,24614.9,24614.9,,
2026-08-04 10:25:00+00:00,24614.9,24614.9,24614.9,24614.9,,
2026-08-05 03:30:00+00:00,24614.9,24771.2,24588.8,24626.65,,
2026-08-05 03:35:00+00:00,24623.45,24711.4,24622.8,24669.2,,
2026-08-05 03:40:00+00:00,24669.2,24669.2,24669.2,24669.2,,
2026-08-05 03:45:00+00:00,24646.1,24662.75,24619.05,24636.2,,
2026-08-05 03:50:00+00:00,24636.5,24642.15,24621.05,24626.1,,
2026-08-05 03:55:00+00:00,24624.0,24628.2,24611.45,24621.4,,
2026-08-05 04:00:00+00:00,24622.2,24624.05,24605.6,24610.65,,
2026-08-05 04:05:00+00:00,24612.8,24622.6,24604.95,24622.25,,
2026-08-05 04:10:00+00:00,24622.75,24635.95,24620.45,24628.05,,
2026-08-05 04:15:00+00:00,24629.85,24631.7,24621.6,24629.5,,
2026-08-05 04:20:00+00:00,24629.05,24630.5,24591.2,24592.1,,
2026-08-05 04:25:00+00:00,24592.55,24595.3,24581.7,24594.25,,
2026-08-05 04:30:00+00:00,24595.05,24620.6,24595.05,24612.15,,
2026-08-05 04:35:00+00:00,24612.2,24614.75,24588.45,24605.6,,
2026-08-05 04:40:00+00:00,24607.1,24623.2,24605.35,24621.25,,
2026-08-05 04:45:00+00:00,24621.75,24621.75,24601.7,24610.8,,
2026-08-05 04:50:00+00:00,24612.9,24618.9,24604.7,24616.0,,
2026-08-05 04:55:00+00:00,24616.1,24616.8,24580.7,24582.15,,
2026-08-05 05:00:00+00:00,24582.8,24583.1,24562.4,24580.15,,
2026-08-05 05:05:00+00:00,24580.4,24591.2,24575.1,24581.5,,
2026-08-05 05:10:00+00:00,24583.65,24605.05,24578.85,24594.4,,
2026-08-05 05:15:00+00:00,24596.25,24610.4,24593.9,24609.5,,
2026-08-05 05:20:00+00:00,24611.4,24619.55,24604.3,24616.2,,
2026-08-05 05:25:00+00:00,24618.2,24644.75,24615.4,24643.5,,
2026-08-05 05:30:00+00:00,24643.9,24657.15,24643.5,24647.95,,
2026-08-05 05:35:00+00:00,24650.4,24662.6,24625.65,24626.2,,
2026-08-05 05:40:00+00:00,24627.25,24640.65,24617.9,24631.45,,
2026-08-05 05:45:00+00:00,24631.2,24637.65,24622.05,24622.4,,
2026-08-05 05:50:00+00:00,24623.45,24629.15,24616.1,24619.55,,
2026-08-05 05:55:00+00:00,24620.25,24621.15,24608.0,24610.95,,
2026-08-05 06:00:00+00:00,24609.55,24612.25,24589.25,24590.2,,
2026-08-05 06:05:00+00:00,24591.05,24599.3,24586.5,24598.2,,
2026-08-05 06:10:00+00:00,24599.3,24601.1,24589.85,24594.4,,
2026-08-05 06:15:00+00:00,24595.75,24595.75,24583.05,24583.65,,
2026-08-05 06:20:00+00:00,24584.95,24584.95,24569.4,24573.7,,
2026-08-05 06:25:00+00:00,24575.85,24575.85,24561.75,24570.05,,
2026-08-05 06:30:00+00:00,24570.85,24579.05,24568.3,24575.85,,
2026-08-05 06:35:00+00:00,24576.35,24578.6,24571.9,24576.4,,
2026-08-05 06:40:00+00:00,24577.5,24577.5,24564.75,24572.85,,
2026-08-05 06:45:00+00:00,24573.75,24580.35,24566.3,24566.5,,
2026-08-05 06:50:00+00:00,24567.95,24576.8,24560.95,24571.9,,
2026-08-05 06:55:00+00:00,24573.1,24576.15,24564.1,24566.9,,
2026-08-05 07:00:00+00:00,24567.3,24568.3,24542.05,24543.95,,
2026-08-05 07:05:00+00:00,24544.3,24545.3,24530.1,24540.0,,
2026-08-05 07:10:00+00:00,24541.2,24545.65,24525.95,24531.85,,
2026-08-05 07:15:00+00:00,24533.6,24535.1,24520.7,24523.85,,
2026-08-05 07:20:00+00:00,24525.1,24526.1,24517.65,24523.05,,
2026-08-05 07:25:00+00:00,24524.55,24528.5,24515.65,24516.35,,
2026-08-05 07:30:00+00:00,24518.1,24534.6,24513.7,24530.9,,
2026-08-05 07:35:00+00:00,24532.3,24536.9,24508.45,24536.65,,
2026-08-05 07:40:00+00:00,24537.65,24540.1,24519.25,24534.95,,
2026-08-05 07:45:00+00:00,24535.85,24548.5,24530.55,24547.3,,
2026-08-05 07:50:00+00:00,24548.7,24559.3,24522.95,24524.45,,
2026-08-05 07:55:00+00:00,24526.05,24532.05,24515.75,24528.55,,
2026-08-05 08:00:00+00:00,24529.2,24535.1,24515.6,24519.05,,
2026-08-05 08:05:00+00:00,24520.8,24528.1,24516.9,24520.1,,
2026-08-05 08:10:00+00:00,24521.45,24521.45,24498.7,24502.95,,
2026-08-05 08:15:00+00:00,24503.7,24528.0,24502.1,24527.45,,
2026-08-05 08:20:00+00:00,24529.0,24532.5,24507.8,24517.05,,
2026-08-05 08:25:00+00:00,24517.3,24517.45,24506.5,24514.45,,
2026-08-05 08:30:00+00:00,24515.55,24526.85,24513.45,24524.5,,
2026-08-05 08:35:00+00:00,24525.9,24534.3,24522.25,24523.7,,
2026-08-05 08:40:00+00:00,24524.8,24532.25,24512.6,24513.25,,
2026-08-05 08:45:00+00:00,24514.0,24515.8,24498.25,24507.45,,
2026-08-05 08:50:00+00:00,24506.7,24516.8,24503.4,24505.5,,
2026-08-05 08:55:00+00:00,24505.9,24513.05,24501.1,24504.75,,
2026-08-05 09:00:00+00:00,24507.15,24511.75,24503.25,24504.85,,
2026-08-05 09:05:00+00:00,24506.1,24520.35,24501.5,24516.65,,
2026-08-05 09:10:00+00:00,24516.05,24516.75,24500.75,24505.0,,
2026-08-05 09:15:00+00:00,24506.1,24520.8,24503.85,24517.1,,
2026-08-05 09:20:00+00:00,24517.45,24520.6,24507.45,24511.2,,
2026-08-05 09:25:00+00:00,24512.5,24530.8,24506.2,24523.8,,
2026-08-05 09:30:00+00:00,24525.8,24536.15,24517.3,24533.3,,
2026-08-05 09:35:00+00:00,24533.55,24548.95,24518.6,24540.75,,
2026-08-05 09:40:00+00:00,24542.25,24575.75,24528.5,24570.2,,
2026-08-05 09:45:00+00:00,24570.2,24570.2,24570.2,24570.2,,
2026-08-05 09:50:00+00:00,24570.2,24570.2,24570.2,24570.2,,
2026-08-05 09:55:00+00:00,24570.2,24624.65,24570.2,24624.65,,
2026-08-05 10:00:00+00:00,24624.65,24624.65,24624.65,24624.65,,
2026-08-05 10:05:00+00:00,24624.65,24624.65,24624.65,24624.65,,
2026-08-05 10:10:00+00:00,24624.65,24624.65,24624.65,24624.65,,
2026-08-05 10:15:00+00:00,24624.65,24624.65,24624.65,24624.65,,
2026-08-05 10:20:00+00:00,24624.65,24624.65,24624.65,24624.65,,
2026-08-05 10:25:00+00:00,24624.65,24624.65,24624.65,24624.65,,
2026-08-06 03:30:00+00:00,24624.65,25056.6,24624.65,24672.6,,
2026-08-06 03:35:00+00:00,24672.6,24714.1,24639.5,24641.0,,
2026-08-06 03:40:00+00:00,24641.0,24641.0,24641.0,24641.0,,
2026-08-06 03:45:00+00:00,24632.7,24641.15,24607.75,24625.95,,
2026-08-06 03:50:00+00:00,24627.0,24646.9,24625.4,24637.5,,
2026-08-06 03:55:00+00:00,24638.2,24641.95,24626.25,24635.25,,
2026-08-06 04:00:00+00:00,24637.75,24649.3,24620.65,24624.55,,
2026-08-06 04:05:00+00:00,24625.55,24639.4,24622.7,24632.95,,
2026-08-06 04:10:00+00:00,24635.55,24646.4,24632.0,24645.15,,
2026-08-06 04:15:00+00:00,24647.9,24664.45,24645.2,24659.65,,
2026-08-06 04:20:00+00:00,24660.2,24664.95,24655.4,24662.3,,
2026-08-06 04:25:00+00:00,24663.05,24663.05,24635.3,24636.35,,
2026-08-06 04:30:00+00:00,24637.55,24637.55,24606.45,24614.55,,
2026-08-06 04:35:00+00:00,24614.05,24621.5,24605.95,24620.7,,
2026-08-06 04:40:00+00:00,24621.05,24638.9,24619.55,24630.85,,
2026-08-06 04:45:00+00:00,24631.75,24631.75,24617.75,24619.9,,
2026-08-06 04:50:00+00:00,24621.0,24639.25,24618.65,24638.65,,
2026-08-06 04:55:00+00:00,24639.45,24639.7,24627.65,24635.7,,
2026-08-06 05:00:00+00:00,24636.55,24643.35,24634.4,24635.55,,
2026-08-06 05:05:00+00:00,24636.05,24643.35,24630.35,24639.6,,
2026-08-06 05:10:00+00:00,24639.95,24641.1,24632.05,24636.65,,
2026-08-06 05:15:00+00:00,24637.0,24637.25,24621.65,24626.9,,
2026-08-06 05:20:00+00:00,24626.05,24629.95,24616.0,24628.05,,
2026-08-06 05:25:00+00:00,24629.4,24640.6,24623.4,24630.7,,
2026-08-06 05:30:00+00:00,24630.9,24634.7,24621.6,24629.75,,
2026-08-06 05:35:00+00:00,24629.9,24639.6,24628.8,24638.35,,
2026-08-06 05:40:00+00:00,24639.0,24655.6,24637.8,24652.45,,
2026-08-06 05:45:00+00:00,24653.8,24666.3,24647.9,24663.9,,
2026-08-06 05:50:00+00:00,24664.6,24670.15,24663.85,24669.65,,
2026-08-06 05:55:00+00:00,24669.95,24674.8,24663.85,24672.55,,
2026-08-06 06:00:00+00:00,24674.0,24676.8,24658.6,24659.75,,
2026-08-06 06:05:00+00:00,24660.65,24663.4,24650.65,24651.5,,
2026-08-06 06:10:00+00:00,24651.65,24656.55,24628.95,24633.65,,
2026-08-06 06:15:00+00:00,24633.75,24636.35,24626.9,24635.65,,
2026-08-06 06:20:00+00:00,24636.45,24650.75,24636.1,24645.3,,
2026-08-06 06:25:00+00:00,24646.15,24664.35,24644.7,24659.9,,
2026-08-06 06:30:00+00:00,24660.55,24661.8,24652.85,24654.7,,
2026-08-06 06:35:00+00:00,24655.25,24657.65,24648.9,24651.65,,
2026-08-06 06:40:00+00:00,24651.7,24651.8,24638.3,24643.15,,
2026-08-06 06:45:00+00:00,24644.2,24660.75,24643.35,24646.35,,
2026-08-06 06:50:00+00:00,24646.5,24646.7,24627.2,24635.6,,
2026-08-06 06:55:00+00:00,24636.1,24641.7,24630.85,24637.05,,
2026-08-06 07:00:00+00:00,24637.35,24648.55,24636.4,24645.3,,
2026-08-06 07:05:00+00:00,24645.9,24649.45,24639.35,24642.65,,
2026-08-06 07:10:00+00:00,24643.6,24651.1,24638.8,24646.25,,
2026-08-06 07:15:00+00:00,24646.2,24648.45,24634.2,24636.3,,
2026-08-06 07:20:00+00:00,24636.8,24641.8,24627.85,24631.95,,
2026-08-06 07:25:00+00:00,24632.65,24636.25,24622.05,24629.05,,
2026-08-06 07:30:00+00:00,24629.25,24650.95,24628.35,24642.55,,
2026-08-06 07:35:00+00:00,24643.05,24647.25,24622.45,24627.15,,
2026-08-06 07:40:00+00:00,24627.65,24644.05,24621.25,24622.2,,
2026-08-06 07:45:00+00:00,24623.0,24653.45,24611.85,24651.6,,
2026-08-06 07:50:00+00:00,24651.8,24655.9,24617.9,24618.9,,
2026-08-06 07:55:00+00:00,24619.5,24633.45,24615.95,24628.0,,
2026-08-06 08:00:00+00:00,24628.05,24643.4,24628.05,24640.7,,
2026-08-06 08:05:00+00:00,24641.5,24659.65,24629.9,24633.8,,
2026-08-06 08:10:00+00:00,24633.45,24641.15,24626.0,24633.05,,
2026-08-06 08:15:00+00:00,24634.55,24636.1,24613.35,24613.6,,
2026-08-06 08:20:00+00:00,24614.25,24632.95,24606.9,24629.25,,
2026-08-06 08:25:00+00:00,24630.55,24649.75,24620.8,24647.25,,
2026-08-06 08:30:00+00:00,24646.25,24651.25,24634.1,24648.05,,
2026-08-06 08:35:00+00:00,24647.75,24656.65,24646.9,24649.2,,
2026-08-06 08:40:00+00:00,24650.0,24658.5,24648.2,24651.1,,
2026-08-06 08:45:00+00:00,24651.85,24657.65,24650.15,24654.3,,
2026-08-06 08:50:00+00:00,24654.5,24658.75,24649.35,24657.5,,
2026-08-06 08:55:00+00:00,24657.5,24662.8,24651.5,24654.9,,
2026-08-06 09:00:00+00:00,24655.45,24659.45,24634.25,24649.3,,
2026-08-06 09:05:00+00:00,24649.4,24653.6,24641.75,24643.6,,
2026-08-06 09:10:00+00:00,24644.35,24652.65,24632.65,24638.35,,
2026-08-06 09:15:00+00:00,24639.55,24647.55,24634.5,24644.55,,
2026-08-06 09:20:00+00:00,24645.4,24645.8,24634.05,24636.25,,
2026-08-06 09:25:00+00:00,24636.15,24636.2,24629.35,24633.0,,
2026-08-06 09:30:00+00:00,24633.2,24642.05,24614.7,24621.7,,
2026-08-06 09:35:00+00:00,24624.25,24639.0,24616.7,24628.2,,
2026-08-06 09:40:00+00:00,24628.65,24636.6,24619.2,24628.5,,
2026-08-06 09:45:00+00:00,24627.95,24627.95,24627.95,24627.95,,
2026-08-06 09:50:00+00:00,24627.95,24627.95,24627.95,24627.95,,
2026-08-06 09:55:00+00:00,24627.95,24636.0,24627.95,24636.0,,
2026-08-06 10:00:00+00:00,24636.0,24636.0,24636.0,24636.0,,
2026-08-06 10:05:00+00:00,24636.0,24636.0,24636.0,24636.0,,
2026-08-06 10:10:00+00:00,24636.0,24636.0,24636.0,24636.0,,
2026-08-06 10:15:00+00:00,24636.0,24636.0,24636.0,24636.0,,
2026-08-06 10:20:00+00:00,24636.0,24636.0,24636.0,24636.0,,
2026-08-06 10:25:00+00:00,24636.0,24636.0,24636.0,24636.0,,
2026-08-07 03:30:00+00:00,24636.0,24637.05,24505.4,24550.95,,
2026-08-07 03:35:00+00:00,24551.4,24558.9,24491.15,24538.9,,
2026-08-07 03:40:00+00:00,24538.9,24538.9,24538.9,24538.9,,
2026-08-07 03:45:00+00:00,24535.05,24600.9,24535.05,24592.2,,
2026-08-07 03:50:00+00:00,24593.25,24620.0,24584.75,24611.7,,
2026-08-07 03:55:00+00:00,24613.3,24614.65,24600.5,24601.6,,
2026-08-07 04:00:00+00:00,24604.0,24611.95,24593.25,24601.7,,
2026-08-07 04:05:00+00:00,24602.65,24608.8,24598.4,24604.65,,
2026-08-07 04:10:00+00:00,24605.8,24618.65,24598.3,24618.2,,
2026-08-07 04:15:00+00:00,24620.15,24620.15,24600.8,24610.95,,
2026-08-07 04:20:00+00:00,24612.6,24625.8,24611.65,24622.25,,
2026-08-07 04:25:00+00:00,24625.45,24629.8,24617.95,24625.8,,
2026-08-07 04:30:00+00:00,24627.05,24627.05,24607.5,24613.8,,
2026-08-07 04:35:00+00:00,24614.95,24618.75,24609.7,24613.2,,
2026-08-07 04:40:00+00:00,24613.65,24614.9,24594.0,24599.15,,
2026-08-07 04:45:00+00:00,24601.65,24601.65,24570.8,24577.15,,
2026-08-07 04:50:00+00:00,24579.1,24587.8,24570.9,24574.6,,
2026-08-07 04:55:00+00:00,24577.0,24577.0,24562.95,24566.55,,
2026-08-07 05:00:00+00:00,24567.85,24572.95,24561.3,24571.3,,
2026-08-07 05:05:00+00:00,24572.4,24576.0,24566.7,24574.85,,
2026-08-07 05:10:00+00:00,24576.6,24576.6,24563.95,24569.5,,
2026-08-07 05:15:00+00:00,24572.15,24583.9,24569.4,24577.1,,
2026-08-07 05:20:00+00:00,24579.05,24586.5,24572.55,24582.2,,
2026-08-07 05:25:00+00:00,24583.85,24586.05,24569.5,24570.35,,
2026-08-07 05:30:00+00:00,24572.15,24575.25,24552.25,24555.8,,
2026-08-07 05:35:00+00:00,24557.05,24570.9,24555.15,24567.2,,
2026-08-07 05:40:00+00:00,24568.9,24571.1,24565.2,24567.6,,
2026-08-07 05:45:00+00:00,24569.1,24569.1,24558.45,24562.65,,
2026-08-07 05:50:00+00:00,24564.95,24577.55,24561.15,24576.25,,
2026-08-07 05:55:00+00:00,24578.7,24591.6,24575.1,24584.75,,
2026-08-07 06:00:00+00:00,24586.6,24586.6,24575.1,24578.6,,
2026-08-07 06:05:00+00:00,24579.3,24589.5,24576.1,24585.7,,
2026-08-07 06:10:00+00:00,24587.05,24587.05,24579.0,24579.35,,
2026-08-07 06:15:00+00:00,24581.5,24581.9,24563.15,24564.0,,
2026-08-07 06:20:00+00:00,24565.8,24565.8,24550.65,24556.45,,
2026-08-07 06:25:00+00:00,24557.2,24561.0,24555.35,24560.95,,
2026-08-07 06:30:00+00:00,24562.5,24563.45,24551.75,24552.5,,
2026-08-07 06:35:00+00:00,24554.5,24555.5,24545.75,24551.45,,
2026-08-07 06:40:00+00:00,24552.55,24553.1,24540.15,24541.15,,
2026-08-07 06:45:00+00:00,24543.3,24543.3,24532.9,24537.9,,
2026-08-07 06:50:00+00:00,24538.5,24546.95,24534.15,24538.1,,
2026-08-07 06:55:00+00:00,24540.9,24558.4,24536.2,24550.0,,
2026-08-07 07:00:00+00:00,24551.75,24561.05,24544.8,24559.55,,
2026-08-07 07:05:00+00:00,24562.3,24562.45,24555.9,24560.05,,
2026-08-07 07:10:00+00:00,24562.45,24562.45,24552.45,24557.05,,
2026-08-07 07:15:00+00:00,24559.35,24570.05,24554.65,24567.0,,
2026-08-07 07:20:00+00:00,24568.5,24568.55,24554.5,24559.3,,
2026-08-07 07:25:00+00:00,24560.7,24561.25,24551.3,24553.65,,
2026-08-07 07:30:00+00:00,24556.25,24557.55,24548.15,24556.05,,
2026-08-07 07:35:00+00:00,24559.6,24567.25,24555.9,24557.9,,
2026-08-07 07:40:00+00:00,24559.5,24562.45,24546.7,24547.0,,
2026-08-07 07:45:00+00:00,24548.25,24560.25,24546.1,24546.45,,
2026-08-07 07:50:00+00:00,24549.15,24566.0,24546.15,24564.8,,
2026-08-07 07:55:00+00:00,24566.0,24573.5,24563.4,24565.95,,
2026-08-07 08:00:00+00:00,24567.55,24568.45,24545.7,24547.75,,
2026-08-07 08:05:00+00:00,24549.0,24558.15,24545.35,24547.55,,
2026-08-07 08:10:00+00:00,24549.25,24552.3,24545.7,24548.5,,
2026-08-07 08:15:00+00:00,24550.7,24574.85,24547.7,24573.45,,
2026-08-07 08:20:00+00:00,24576.2,24590.5,24569.0,24571.2,,
2026-08-07 08:25:00+00:00,24572.6,24574.0,24549.45,24563.95,,
2026-08-07 08:30:00+00:00,24565.85,24579.65,24549.85,24553.55,,
2026-08-07 08:35:00+00:00,24554.85,24559.15,24532.1,24538.2,,
2026-08-07 08:40:00+00:00,24539.2,24541.45,24522.9,24526.85,,
2026-08-07 08:45:00+00:00,24528.8,24542.95,24523.15,24536.55,,
2026-08-07 08:50:00+00:00,24537.85,24543.2,24529.2,24541.3,,
2026-08-07 08:55:00+00:00,24544.6,24547.1,24532.95,24534.1,,
2026-08-07 09:00:00+00:00,24535.8,24549.6,24526.15,24543.45,,
2026-08-07 09:05:00+00:00,24544.65,24546.45,24535.05,24537.1,,
2026-08-07 09:10:00+00:00,24536.7,24541.4,24531.15,24537.9,,
2026-08-07 09:15:00+00:00,24542.5,24561.45,24537.5,24559.05,,
2026-08-07 09:20:00+00:00,24559.35,24561.0,24528.55,24531.95,,
2026-08-07 09:25:00+00:00,24533.55,24547.1,24531.8,24542.15,,
2026-08-07 09:30:00+00:00,24542.55,24552.45,24541.6,24550.15,,
2026-08-07 09:35:00+00:00,24551.0,24554.7,24544.65,24552.2,,
2026-08-07 09:40:00+00:00,24553.85,24565.1,24552.35,24554.55,,
2026-08-07 09:45:00+00:00,24557.0,24557.0,24557.0,24557.0,,
2026-08-07 09:50:00+00:00,24557.0,24557.0,24557.0,24557.0,,
2026-08-07 09:55:00+00:00,24557.0,24570.65,24557.0,24570.65,,
2026-08-07 10:00:00+00:00,24570.65,24570.65,24570.65,24570.65,,
2026-08-07 10:05:00+00:00,24570.65,24570.65,24570.65,24570.65,,
2026-08-07 10:10:00+00:00,24570.65,24570.65,24570.65,24570.65,,
2026-08-07 10:15:00+00:00,24570.65,24570.65,24570.65,24570.65,,
2026-08-07 10:20:00+00:00,24570.65,24570.65,24570.65,24570.65,,
2026-08-07 10:25:00+00:00,24570.65,24570.65,24570.65,24570.65,,
2026-08-10 03:30:00+00:00,24570.65,24756.35,24561.6,24609.05,,
2026-08-10 03:35:00+00:00,24606.2,24606.2,24564.8,24581.25,,
2026-08-10 03:40:00+00:00,24581.25,24581.25,24581.25,24581.25,,
2026-08-10 03:45:00+00:00,24584.05,24607.7,24559.6,24602.7,,
2026-08-10 03:50:00+00:00,24602.85,24620.55,24590.0,24590.35,,
2026-08-10 03:55:00+00:00,24589.95,24592.4,24555.25,24555.9,,
2026-08-10 04:00:00+00:00,24557.9,24560.9,24533.5,24534.35,,
2026-08-10 04:05:00+00:00,24534.25,24536.15,24511.3,24528.05,,
2026-08-10 04:10:00+00:00,24528.85,24530.35,24512.95,24521.15,,
2026-08-10 04:15:00+00:00,24521.75,24538.8,24518.45,24527.6,,
2026-08-10 04:20:00+00:00,24529.3,24542.8,24524.55,24527.9,,
2026-08-10 04:25:00+00:00,24528.25,24538.2,24525.05,24534.25,,
2026-08-10 04:30:00+00:00,24536.35,24551.4,24530.25,24538.5,,
2026-08-10 04:35:00+00:00,24540.6,24547.0,24532.45,24534.65,,
2026-08-10 04:40:00+00:00,24535.3,24547.7,24533.75,24544.75,,
2026-08-10 04:45:00+00:00,24545.9,24574.9,24545.6,24574.25,,
2026-08-10 04:50:00+00:00,24574.95,24593.8,24571.35,24592.55,,
2026-08-10 04:55:00+00:00,24594.35,24595.4,24580.25,24594.8,,
2026-08-10 05:00:00+00:00,24595.2,24601.15,24584.85,24585.55,,
2026-08-10 05:05:00+00:00,24586.0,24595.05,24585.5,24593.85,,
2026-08-10 05:10:00+00:00,24594.9,24605.35,24592.9,24603.65,,
2026-08-10 05:15:00+00:00,24604.1,24614.5,24600.15,24600.9,,
2026-08-10 05:20:00+00:00,24601.2,24603.05,24586.35,24588.0,,
2026-08-10 05:25:00+00:00,24588.4,24590.9,24585.85,24588.2,,
2026-08-10 05:30:00+00:00,24588.8,24601.05,24587.95,24600.75,,
2026-08-10 05:35:00+00:00,24600.2,24602.05,24589.35,24591.3,,
2026-08-10 05:40:00+00:00,24591.95,24602.7,24586.2,24602.35,,
2026-08-10 05:45:00+00:00,24602.9,24604.15,24592.65,24601.6,,
2026-08-10 05:50:00+00:00,24602.5,24607.7,24597.15,24601.15,,
2026-08-10 05:55:00+00:00,24601.25,24610.45,24600.2,24603.9,,
2026-08-10 06:00:00+00:00,24604.25,24604.95,24581.65,24585.4,,
2026-08-10 06:05:00+00:00,24585.85,24599.9,24581.05,24595.55,,
2026-08-10 06:10:00+00:00,24596.65,24600.75,24582.7,24583.15,,
2026-08-10 06:15:00+00:00,24583.5,24598.5,24574.65,24591.25,,
2026-08-10 06:20:00+00:00,24591.9,24599.4,24586.45,24586.45,,
2026-08-10 06:25:00+00:00,24587.65,24597.5,24583.0,24588.2,,
2026-08-10 06:30:00+00:00,24588.9,24596.25,24584.25,24594.2,,
2026-08-10 06:35:00+00:00,24595.25,24597.4,24587.9,24593.95,,
2026-08-10 06:40:00+00:00,24594.1,24609.9,24591.15,24606.8,,
2026-08-10 06:45:00+00:00,24606.6,24618.9,24604.55,24608.0,,
2026-08-10 06:50:00+00:00,24608.75,24613.95,24601.3,24602.0,,
2026-08-10 06:55:00+00:00,24602.8,24615.85,24602.05,24610.6,,
2026-08-10 07:00:00+00:00,24610.35,24616.9,24605.75,24609.3,,
2026-08-10 07:05:00+00:00,24609.4,24615.35,24601.5,24612.5,,
2026-08-10 07:10:00+00:00,24612.15,24614.45,24598.1,24598.25,,
2026-08-10 07:15:00+00:00,24599.4,24603.75,24593.45,24596.1,,
2026-08-10 07:20:00+00:00,24595.7,24600.45,24588.15,24591.05,,
2026-08-10 07:25:00+00:00,24591.85,24593.15,24583.75,24587.75,,
2026-08-10 07:30:00+00:00,24587.1,24592.2,24577.9,24589.95,,
2026-08-10 07:35:00+00:00,24589.75,24596.0,24577.7,24579.25,,
2026-08-10 07:40:00+00:00,24578.8,24582.8,24571.35,24573.55,,
2026-08-10 07:45:00+00:00,24573.1,24589.8,24573.1,24586.85,,
2026-08-10 07:50:00+00:00,24586.95,24588.8,24581.45,24585.6,,
2026-08-10 07:55:00+00:00,24585.45,24595.35,24585.45,24589.8,,
2026-08-10 08:00:00+00:00,24590.55,24600.75,24587.65,24598.6,,
2026-08-10 08:05:00+00:00,24599.0,24602.35,24596.3,24599.6,,
2026-08-10 08:10:00+00:00,24599.25,24608.5,24597.55,24606.35,,
2026-08-10 08:15:00+00:00,24606.65,24610.3,24596.35,24604.6,,
2026-08-10 08:20:00+00:00,24605.05,24608.95,24601.0,24605.4,,
2026-08-10 08:25:00+00:00,24605.35,24606.75,24591.1,24591.85,,
2026-08-10 08:30:00+00:00,24591.8,24598.05,24582.5,24590.9,,
2026-08-10 08:35:00+00:00,24590.6,24605.35,24590.0,24597.85,,
2026-08-10 08:40:00+00:00,24597.2,24600.85,24586.95,24587.55,,
2026-08-10 08:45:00+00:00,24587.95,24593.55,24583.15,24583.9,,
2026-08-10 08:50:00+00:00,24584.45,24592.45,24583.7,24587.8,,
2026-08-10 08:55:00+00:00,24586.8,24594.4,24584.15,24586.75,,
2026-08-10 09:00:00+00:00,24586.75,24591.0,24578.0,24582.45,,
2026-08-10 09:05:00+00:00,24582.05,24582.25,24568.1,24573.95,,
2026-08-10 09:10:00+00:00,24573.65,24578.85,24565.55,24572.5,,
2026-08-10 09:15:00+00:00,24572.55,24572.55,24553.7,24556.25,,
2026-08-10 09:20:00+00:00,24554.6,24562.35,24549.0,24558.95,,
2026-08-10 09:25:00+00:00,24556.9,24568.2,24554.25,24567.85,,
2026-08-10 09:30:00+00:00,24566.55,24574.4,24547.6,24572.0,,
2026-08-10 09:35:00+00:00,24572.35,24575.3,24553.25,24553.5,,
2026-08-10 09:40:00+00:00,24555.35,24567.25,24543.05,24560.05,,
2026-08-10 09:45:00+00:00,24560.15,24560.15,24560.15,24560.15,,
2026-08-10 09:50:00+00:00,24560.15,24560.15,24560.15,24560.15,,
2026-08-10 09:55:00+00:00,24560.15,24583.8,24560.15,24583.8,,
2026-08-10 10:00:00+00:00,24583.8,24583.8,24583.8,24583.8,,
2026-08-10 10:05:00+00:00,24583.8,24583.8,24583.8,24583.8,,
2026-08-10 10:10:00+00:00,24583.8,24583.8,24583.8,24583.8,,
2026-08-10 10:15:00+00:00,24583.8,24583.8,24583.8,24583.8,,
2026-08-10 10:20:00+00:00,24583.8,24583.8,24583.8,24583.8,,
2026-08-10 10:25:00+00:00,24583.8,24583.8,24583.8,24583.8,,
2026-08-11 03:30:00+00:00,24583.8,24911.7,24580.05,24615.55,,
2026-08-11 03:35:00+00:00,24615.55,24617.05,24550.55,24575.1,,
2026-08-11 03:40:00+00:00,24575.1,24575.1,24575.1,24575.1,,
2026-08-11 03:45:00+00:00,24575.5,24575.5,24501.0,24504.75,,
2026-08-11 03:50:00+00:00,24503.5,24506.35,24493.0,24500.15,,
2026-08-11 03:55:00+00:00,24499.95,24508.3,24487.4,24487.4,,
2026-08-11 04:00:00+00:00,24486.9,24493.7,24479.05,24488.35,,
2026-08-11 04:05:00+00:00,24488.5,24497.6,24480.9,24481.75,,
2026-08-11 04:10:00+00:00,24482.35,24483.8,24468.4,24479.25,,
2026-08-11 04:15:00+00:00,24480.55,24483.65,24464.15,24472.15,,
2026-08-11 04:20:00+00:00,24471.7,24477.45,24464.2,24468.6,,
2026-08-11 04:25:00+00:00,24467.35,24487.55,24461.0,24486.85,,
2026-08-11 04:30:00+00:00,24486.4,24491.85,24479.3,24486.55,,
2026-08-11 04:35:00+00:00,24486.55,24489.25,24475.05,24479.55,,
2026-08-11 04:40:00+00:00,24479.75,24481.9,24472.6,24473.0,,
2026-08-11 04:45:00+00:00,24473.5,24481.05,24467.35,24467.6,,
2026-08-11 04:50:00+00:00,24467.65,24475.15,24463.6,24470.3,,
2026-08-11 04:55:00+00:00,24470.15,24484.8,24467.9,24479.0,,
2026-08-11 05:00:00+00:00,24479.15,24485.0,24474.15,24480.7,,
2026-08-11 05:05:00+00:00,24480.8,24484.3,24472.35,24478.95,,
2026-08-11 05:10:00+00:00,24479.4,24481.25,24471.5,24474.75,,
2026-08-11 05:15:00+00:00,24474.4,24474.85,24464.85,24468.4,,
2026-08-11 05:20:00+00:00,24468.65,24481.0,24468.35,24476.7,,
2026-08-11 05:25:00+00:00,24476.9,24479.3,24469.0,24469.0,,
2026-08-11 05:30:00+00:00,24469.55,24471.25,24449.7,24452.0,,
2026-08-11 05:35:00+00:00,24452.0,24458.95,24445.1,24445.65,,
2026-08-11 05:40:00+00:00,24445.7,24451.65,24440.4,24451.25,,
2026-08-11 05:45:00+00:00,24451.3,24455.7,24444.15,24449.2,,
2026-08-11 05:50:00+00:00,24449.55,24449.55,24443.6,24445.65,,
2026-08-11 05:55:00+00:00,24445.65,24447.1,24437.55,24442.6,,
2026-08-11 06:00:00+00:00,24442.8,24445.45,24436.95,24442.6,,
2026-08-11 06:05:00+00:00,24442.65,24450.15,24439.4,24447.65,,
2026-08-11 06:10:00+00:00,24447.5,24452.3,24445.4,24448.6,,
2026-08-11 06:15:00+00:00,24448.75,24456.45,24446.45,24453.4,,
2026-08-11 06:20:00+00:00,24453.65,24455.9,24440.9,24442.2,,
2026-08-11 06:25:00+00:00,24441.9,24445.15,24435.65,24444.05,,
2026-08-11 06:30:00+00:00,24444.1,24446.0,24429.6,24431.05,,
2026-08-11 06:35:00+00:00,24431.1,24438.25,24429.25,24434.65,,
2026-08-11 06:40:00+00:00,24434.25,24450.75,24434.25,24444.65,,
2026-08-11 06:45:00+00:00,24444.0,24449.0,24434.35,24439.3,,
2026-08-11 06:50:00+00:00,24439.1,24446.5,24431.25,24431.85,,
2026-08-11 06:55:00+00:00,24431.95,24441.9,24430.35,24439.65,,
2026-08-11 07:00:00+00:00,24439.35,24446.25,24437.35,24444.25,,
2026-08-11 07:05:00+00:00,24444.25,24445.4,24439.45,24439.85,,
2026-08-11 07:10:00+00:00,24440.25,24452.4,24433.5,24451.2,,
2026-08-11 07:15:00+00:00,24451.95,24461.75,24448.8,24458.4,,
2026-08-11 07:20:00+00:00,24458.55,24460.05,24446.8,24448.65,,
2026-08-11 07:25:00+00:00,24448.9,24450.55,24439.55,24440.5,,
2026-08-11 07:30:00+00:00,24440.65,24456.8,24438.9,24456.7,,
2026-08-11 07:35:00+00:00,24456.45,24466.65,24449.8,24462.0,,
2026-08-11 07:40:00+00:00,24461.9,24464.35,24451.1,24453.15,,
2026-08-11 07:45:00+00:00,24453.35,24453.8,24442.15,24450.0,,
2026-08-11 07:50:00+00:00,24450.1,24453.25,24441.8,24452.0,,
2026-08-11 07:55:00+00:00,24452.15,24474.9,24451.15,24455.05,,
2026-08-11 08:00:00+00:00,24454.95,24471.45,24454.85,24469.45,,
2026-08-11 08:05:00+00:00,24468.8,24468.8,24451.25,24454.5,,
2026-08-11 08:10:00+00:00,24454.55,24467.45,24454.35,24460.55,,
2026-08-11 08:15:00+00:00,24460.65,24469.1,24457.15,24458.5,,
2026-08-11 08:20:00+00:00,24457.45,24462.5,24450.2,24453.8,,
2026-08-11 08:25:00+00:00,24453.5,24453.9,24445.8,24450.15,,
2026-08-11 08:30:00+00:00,24451.0,24455.3,24445.8,24450.85,,
2026-08-11 08:35:00+00:00,24450.95,24466.15,24441.1,24460.95,,
2026-08-11 08:40:00+00:00,24463.95,24466.05,24453.05,24462.55,,
2026-08-11 08:45:00+00:00,24464.2,24470.0,24452.35,24454.05,,
2026-08-11 08:50:00+00:00,24453.75,24462.05,24449.95,24458.1,,
2026-08-11 08:55:00+00:00,24459.5,24465.85,24447.3,24449.15,,
2026-08-11 09:00:00+00:00,24450.15,24455.65,24442.15,24443.25,,
2026-08-11 09:05:00+00:00,24445.8,24452.3,24435.05,24437.75,,
2026-08-11 09:10:00+00:00,24441.6,24450.1,24439.5,24448.05,,
2026-08-11 09:15:00+00:00,24450.3,24455.45,24448.0,24453.35,,
2026-08-11 09:20:00+00:00,24456.1,24460.15,24451.75,24456.7,,
2026-08-11 09:25:00+00:00,24459.8,24469.2,24455.85,24464.2,,
2026-08-11 09:30:00+00:00,24465.3,24472.7,24457.3,24472.2,,
2026-08-11 09:35:00+00:00,24473.75,24476.45,24452.3,24454.6,,
2026-08-11 09:40:00+00:00,24454.35,24457.85,24442.65,24450.0,,
2026-08-11 09:45:00+00:00,24450.25,24450.25,24450.25,24450.25,,
2026-08-11 09:50:00+00:00,24450.25,24450.25,24450.25,24450.25,,
2026-08-11 09:55:00+00:00,24450.25,24471.7,24450.25,24471.7,,
2026-08-11 10:00:00+00:00,24471.7,24471.7,24471.7,24471.7,,
2026-08-11 10:05:00+00:00,24471.7,24471.7,24471.7,24471.7,,
2026-08-11 10:10:00+00:00,24471.7,24471.7,24471.7,24471.7,,
2026-08-11 10:15:00+00:00,24471.7,24471.7,24471.7,24471.7,,
2026-08-11 10:20:00+00:00,24471.7,24471.7,24471.7,24471.7,,
2026-08-11 10:25:00+00:00,24471.7,24471.7,24471.7,24471.7,,
2026-08-12 03:30:00+00:00,24471.7,24500.8,24429.2,24461.65,,
2026-08-12 03:35:00+00:00,24461.65,24488.95,24458.3,24472.45,,
2026-08-12 03:40:00+00:00,24472.45,24472.45,24472.45,24472.45,,
2026-08-12 03:45:00+00:00,24469.8,24469.8,24390.9,24407.15,,
2026-08-12 03:50:00+00:00,24409.9,24430.9,24403.6,24423.0,,
2026-08-12 03:55:00+00:00,24424.9,24463.5,24423.15,24457.4,,
2026-08-12 04:00:00+00:00,24458.55,24458.55,24432.9,24440.2,,
2026-08-12 04:05:00+00:00,24441.75,24442.4,24420.8,24427.85,,
2026-08-12 04:10:00+00:00,24428.85,24438.1,24425.9,24428.0,,
2026-08-12 04:15:00+00:00,24428.8,24428.85,24399.9,24402.55,,
2026-08-12 04:20:00+00:00,24404.05,24412.1,24392.7,24409.9,,
2026-08-12 04:25:00+00:00,24410.95,24410.95,24376.55,24378.55,,
2026-08-12 04:30:00+00:00,24379.5,24379.5,24361.55,24362.6,,
2026-08-12 04:35:00+00:00,24364.8,24367.5,24357.6,24363.75,,
2026-08-12 04:40:00+00:00,24365.25,24372.1,24362.25,24365.1,,
2026-08-12 04:45:00+00:00,24366.25,24383.35,24359.25,24373.5,,
2026-08-12 04:50:00+00:00,24375.45,24379.7,24372.05,24374.8,,
2026-08-12 04:55:00+00:00,24376.65,24382.15,24369.95,24371.5,,
2026-08-12 05:00:00+00:00,24374.65,24400.95,24370.2,24395.6,,
2026-08-12 05:05:00+00:00,24395.5,24395.95,24383.3,24386.55,,
2026-08-12 05:10:00+00:00,24387.05,24387.65,24370.6,24375.65,,
2026-08-12 05:15:00+00:00,24376.15,24376.15,24351.85,24357.25,,
2026-08-12 05:20:00+00:00,24358.75,24361.2,24356.45,24359.3,,
2026-08-12 05:25:00+00:00,24360.9,24361.8,24309.4,24318.65,,
2026-08-12 05:30:00+00:00,24321.25,24322.7,24297.25,24300.3,,
2026-08-12 05:35:00+00:00,24300.75,24310.2,24293.7,24305.6,,
2026-08-12 05:40:00+00:00,24307.35,24317.15,24294.4,24302.9,,
2026-08-12 05:45:00+00:00,24303.65,24308.5,24299.0,24307.05,,
2026-08-12 05:50:00+00:00,24308.4,24318.8,24303.3,24305.3,,
2026-08-12 05:55:00+00:00,24305.25,24308.95,24293.1,24297.05,,
2026-08-12 06:00:00+00:00,24297.55,24304.7,24286.2,24302.35,,
2026-08-12 06:05:00+00:00,24302.85,24303.0,24284.4,24285.95,,
2026-08-12 06:10:00+00:00,24288.15,24297.2,24278.5,24294.2,,
2026-08-12 06:15:00+00:00,24295.45,24298.05,24286.6,24290.6,,
2026-08-12 06:20:00+00:00,24292.15,24292.4,24281.5,24282.1,,
2026-08-12 06:25:00+00:00,24283.4,24285.35,24271.25,24279.65,,
2026-08-12 06:30:00+00:00,24280.65,24282.25,24271.45,24272.55,,
2026-08-12 06:35:00+00:00,24273.4,24281.75,24270.7,24272.7,,
2026-08-12 06:40:00+00:00,24273.3,24275.65,24265.95,24267.1,,
2026-08-12 06:45:00+00:00,24268.9,24280.1,24266.4,24277.45,,
2026-08-12 06:50:00+00:00,24278.05,24278.8,24271.65,24274.6,,
2026-08-12 06:55:00+00:00,24275.0,24282.8,24272.25,24282.1,,
2026-08-12 07:00:00+00:00,24282.7,24292.75,24275.25,24288.7,,
2026-08-12 07:05:00+00:00,24289.5,24290.85,24284.15,24289.45,,
2026-08-12 07:10:00+00:00,24289.95,24303.2,24280.4,24283.2,,
2026-08-12 07:15:00+00:00,24284.65,24288.55,24275.65,24283.3,,
2026-08-12 07:20:00+00:00,24283.6,24289.75,24274.9,24275.15,,
2026-08-12 07:25:00+00:00,24276.15,24276.85,24270.15,24276.55,,
2026-08-12 07:30:00+00:00,24276.6,24286.6,24272.9,24280.8,,
2026-08-12 07:35:00+00:00,24282.05,24282.7,24277.75,24280.95,,
2026-08-12 07:40:00+00:00,24282.0,24288.4,24278.95,24288.25,,
2026-08-12 07:45:00+00:00,24288.35,24300.7,24284.4,24295.95,,
2026-08-12 07:50:00+00:00,24296.8,24298.05,24291.6,24296.15,,
2026-08-12 07:55:00+00:00,24296.4,24298.2,24282.0,24292.85,,
2026-08-12 08:00:00+00:00,24294.3,24298.6,24290.65,24293.5,,
2026-08-12 08:05:00+00:00,24294.8,24301.45,24288.65,24294.0,,
2026-08-12 08:10:00+00:00,24295.4,24299.5,24285.55,24289.7,,
2026-08-12 08:15:00+00:00,24290.15,24292.4,24283.4,24289.95,,
2026-08-12 08:20:00+00:00,24289.85,24292.05,24285.25,24286.65,,
2026-08-12 08:25:00+00:00,24287.25,24290.2,24280.0,24286.4,,
2026-08-12 08:30:00+00:00,24286.25,24288.9,24276.85,24278.7,,
2026-08-12 08:35:00+00:00,24280.2,24286.1,24278.6,24284.35,,
2026-08-12 08:40:00+00:00,24285.65,24287.95,24275.4,24278.2,,
2026-08-12 08:45:00+00:00,24279.35,24291.25,24277.45,24289.65,,
2026-08-12 08:50:00+00:00,24291.0,24296.0,24287.4,24290.3,,
2026-08-12 08:55:00+00:00,24293.15,24300.7,24290.85,24298.55,,
2026-08-12 09:00:00+00:00,24299.65,24331.3,24297.75,24321.6,,
2026-08-12 09:05:00+00:00,24322.9,24325.8,24312.55,24315.8,,
2026-08-12 09:10:00+00:00,24318.1,24334.7,24314.3,24326.0,,
2026-08-12 09:15:00+00:00,24327.95,24333.2,24316.75,24322.2,,
2026-08-12 09:20:00+00:00,24324.0,24374.6,24319.3,24374.6,,
2026-08-12 09:25:00+00:00,24375.1,24384.9,24353.6,24371.15,,
2026-08-12 09:30:00+00:00,24371.45,24375.45,24361.4,24363.7,,
2026-08-12 09:35:00+00:00,24363.4,24364.2,24341.8,24356.5,,
2026-08-12 09:40:00+00:00,24355.0,24375.55,24350.8,24361.7,,
2026-08-12 09:45:00+00:00,24361.7,24361.7,24361.7,24361.7,,
2026-08-12 09:50:00+00:00,24361.7,24361.7,24361.7,24361.7,,
2026-08-12 09:55:00+00:00,24361.7,24435.95,24361.7,24435.95,,
2026-08-12 10:00:00+00:00,24435.95,24435.95,24435.95,24435.95,,
2026-08-12 10:05:00+00:00,24435.95,24435.95,24435.95,24435.95,,
2026-08-12 10:10:00+00:00,24435.95,24435.95,24435.95,24435.95,,
2026-08-12 10:15:00+00:00,24435.95,24435.95,24435.95,24435.95,,
2026-08-12 10:20:00+00:00,24435.95,24435.95,24435.95,24435.95,,
2026-08-12 10:25:00+00:00,24435.95,24435.95,24435.95,24435.95,,
2026-08-13 03:30:00+00:00,24435.95,24814.7,24388.25,24461.7,,
2026-08-13 03:35:00+00:00,24461.65,24463.25,24420.6,24431.6,,
2026-08-13 03:40:00+00:00,24431.6,24431.6,24431.6,24431.6,,
2026-08-13 03:45:00+00:00,24409.2,24409.2,24336.15,24342.55,,
2026-08-13 03:50:00+00:00,24344.9,24358.55,24339.7,24348.2,,
2026-08-13 03:55:00+00:00,24351.15,24352.3,24326.75,24339.15,,
2026-08-13 04:00:00+00:00,24342.05,24344.15,24316.5,24324.35,,
2026-08-13 04:05:00+00:00,24326.25,24342.0,24322.6,24339.65,,
2026-08-13 04:10:00+00:00,24341.95,24350.95,24335.8,24346.35,,
2026-08-13 04:15:00+00:00,24347.5,24355.3,24336.65,24349.55,,
2026-08-13 04:20:00+00:00,24350.85,24356.65,24337.55,24354.45,,
2026-08-13 04:25:00+00:00,24355.9,24356.2,24344.8,24351.55,,
2026-08-13 04:30:00+00:00,24352.0,24354.55,24342.35,24342.8,,
2026-08-13 04:35:00+00:00,24345.6,24353.35,24336.95,24337.2,,
2026-08-13 04:40:00+00:00,24338.95,24350.3,24330.3,24343.55,,
2026-08-13 04:45:00+00:00,24346.25,24346.25,24331.65,24336.6,,
2026-08-13 04:50:00+00:00,24338.35,24340.25,24327.55,24329.15,,
2026-08-13 04:55:00+00:00,24330.9,24332.6,24318.2,24319.15,,
2026-08-13 05:00:00+00:00,24320.4,24325.0,24311.45,24322.05,,
2026-08-13 05:05:00+00:00,24322.5,24330.35,24318.25,24327.1,,
2026-08-13 05:10:00+00:00,24328.15,24332.8,24324.75,24330.8,,
2026-08-13 05:15:00+00:00,24331.1,24341.7,24326.7,24339.65,,
2026-08-13 05:20:00+00:00,24340.35,24348.65,24338.65,24339.45,,
2026-08-13 05:25:00+00:00,24342.2,24345.1,24336.25,24338.25,,
2026-08-13 05:30:00+00:00,24339.85,24340.0,24322.1,24325.8,,
2026-08-13 05:35:00+00:00,24325.55,24325.6,24314.3,24324.5,,
2026-08-13 05:40:00+00:00,24325.9,24329.1,24316.95,24319.05,,
2026-08-13 05:45:00+00:00,24319.85,24326.5,24317.8,24324.65,,
2026-08-13 05:50:00+00:00,24326.0,24330.8,24320.2,24327.25,,
2026-08-13 05:55:00+00:00,24327.1,24339.6,24326.2,24338.8,,
2026-08-13 06:00:00+00:00,24339.95,24348.25,24338.1,24345.45,,
2026-08-13 06:05:00+00:00,24346.75,24359.85,24344.15,24358.5,,
2026-08-13 06:10:00+00:00,24360.2,24363.35,24347.45,24350.05,,
2026-08-13 06:15:00+00:00,24350.65,24358.2,24346.85,24357.2,,
2026-08-13 06:20:00+00:00,24359.0,24362.5,24355.25,24357.45,,
2026-08-13 06:25:00+00:00,24358.8,24386.8,24355.7,24386.45,,
2026-08-13 06:30:00+00:00,24387.6,24414.9,24386.3,24407.55,,
2026-08-13 06:35:00+00:00,24409.1,24413.8,24401.95,24402.85,,
2026-08-13 06:40:00+00:00,24404.8,24406.45,24391.8,24395.65,,
2026-08-13 06:45:00+00:00,24397.4,24399.15,24390.4,24392.15,,
2026-08-13 06:50:00+00:00,24393.2,24402.0,24388.25,24399.2,,
2026-08-13 06:55:00+00:00,24401.1,24403.55,24391.05,24393.35,,
2026-08-13 07:00:00+00:00,24395.8,24399.55,24391.65,24398.6,,
2026-08-13 07:05:00+00:00,24399.75,24400.2,24385.6,24390.4,,
2026-08-13 07:10:00+00:00,24391.6,24401.25,24389.15,24391.7,,
2026-08-13 07:15:00+00:00,24393.55,24393.55,24372.15,24372.4,,
2026-08-13 07:20:00+00:00,24373.85,24373.85,24361.35,24370.1,,
2026-08-13 07:25:00+00:00,24370.95,24370.95,24361.4,24369.15,,
2026-08-13 07:30:00+00:00,24370.15,24371.75,24360.55,24361.55,,
2026-08-13 07:35:00+00:00,24363.7,24369.35,24361.15,24367.15,,
2026-08-13 07:40:00+00:00,24368.75,24371.85,24353.6,24362.25,,
2026-08-13 07:45:00+00:00,24364.6,24372.8,24348.9,24355.25,,
2026-08-13 07:50:00+00:00,24357.3,24365.55,24350.95,24356.2,,
2026-08-13 07:55:00+00:00,24357.25,24361.85,24348.85,24356.75,,
2026-08-13 08:00:00+00:00,24358.55,24362.75,24348.8,24351.35,,
2026-08-13 08:05:00+00:00,24353.1,24364.8,24350.5,24363.45,,
2026-08-13 08:10:00+00:00,24365.35,24388.0,24361.05,24383.8,,
2026-08-13 08:15:00+00:00,24385.05,24395.1,24370.65,24377.35,,
2026-08-13 08:20:00+00:00,24381.35,24388.3,24374.55,24385.35,,
2026-08-13 08:25:00+00:00,24388.0,24396.55,24385.25,24394.15,,
2026-08-13 08:30:00+00:00,24395.5,24395.75,24374.35,24378.15,,
2026-08-13 08:35:00+00:00,24380.05,24382.4,24356.3,24359.0,,
2026-08-13 08:40:00+00:00,24360.65,24363.9,24353.15,24356.05,,
2026-08-13 08:45:00+00:00,24356.4,24363.9,24349.2,24360.8,,
2026-08-13 08:50:00+00:00,24363.1,24377.5,24362.4,24372.8,,
2026-08-13 08:55:00+00:00,24376.1,24377.2,24366.1,24371.65,,
2026-08-13 09:00:00+00:00,24373.5,24375.5,24357.95,24361.1,,
2026-08-13 09:05:00+00:00,24363.65,24367.35,24353.1,24365.4,,
2026-08-13 09:10:00+00:00,24366.55,24371.85,24358.45,24359.85,,
2026-08-13 09:15:00+00:00,24362.45,24362.45,24349.8,24352.25,,
2026-08-13 09:20:00+00:00,24354.75,24357.85,24347.15,24351.9,,
2026-08-13 09:25:00+00:00,24353.65,24355.8,24336.5,24344.45,,
2026-08-13 09:30:00+00:00,24345.55,24360.5,24339.25,24356.95,,
2026-08-13 09:35:00+00:00,24357.55,24357.55,24342.15,24347.75,,
2026-08-13 09:40:00+00:00,24348.45,24364.5,24342.25,24352.7,,
2026-08-13 09:45:00+00:00,24353.35,24353.35,24353.35,24353.35,,
2026-08-13 09:50:00+00:00,24353.35,24353.35,24353.35,24353.35,,
2026-08-13 09:55:00+00:00,24353.35,24395.85,24353.35,24395.85,,
2026-08-13 10:00:00+00:00,24395.85,24395.85,24395.85,24395.85,,
2026-08-13 10:05:00+00:00,24395.85,24395.85,24395.85,24395.85,,
2026-08-13 10:10:00+00:00,24395.85,24395.85,24395.85,24395.85,,
2026-08-13 10:15:00+00:00,24395.85,24395.85,24395.85,24395.85,,
2026-08-13 10:20:00+00:00,24395.85,24395.85,24395.85,24395.85,,
2026-08-13 10:25:00+00:00,24395.85,24395.85,24395.85,24395.85,,
2026-08-14 03:30:00+00:00,24395.85,24395.85,24189.45,24365.65,,
2026-08-14 03:35:00+00:00,24365.65,24389.4,24348.55,24361.9,,
2026-08-14 03:40:00+00:00,24361.9,24361.9,24361.9,24361.9,,
2026-08-14 03:45:00+00:00,24363.75,24363.75,24314.1,24322.7,,
2026-08-14 03:50:00+00:00,24323.7,24335.9,24315.75,24324.85,,
2026-08-14 03:55:00+00:00,24324.95,24326.05,24307.2,24309.1,,
2026-08-14 04:00:00+00:00,24309.45,24336.7,24304.6,24325.75,,
2026-08-14 04:05:00+00:00,24327.45,24345.2,24326.45,24337.65,,
2026-08-14 04:10:00+00:00,24338.45,24338.65,24326.15,24332.05,,
2026-08-14 04:15:00+00:00,24332.9,24346.8,24331.85,24341.6,,
2026-08-14 04:20:00+00:00,24341.15,24345.2,24324.2,24324.7,,
2026-08-14 04:25:00+00:00,24326.45,24344.85,24322.55,24343.55,,
2026-08-14 04:30:00+00:00,24343.55,24353.45,24340.65,24350.7,,
2026-08-14 04:35:00+00:00,24350.85,24355.15,24343.2,24355.15,,
2026-08-14 04:40:00+00:00,24354.65,24359.2,24342.65,24345.45,,
2026-08-14 04:45:00+00:00,24345.15,24347.0,24336.2,24336.9,,
2026-08-14 04:50:00+00:00,24337.4,24341.1,24332.15,24334.05,,
2026-08-14 04:55:00+00:00,24334.85,24338.1,24329.55,24331.25,,
2026-08-14 05:00:00+00:00,24331.9,24332.25,24298.35,24309.25,,
2026-08-14 05:05:00+00:00,24309.0,24321.8,24307.1,24321.75,,
2026-08-14 05:10:00+00:00,24322.2,24325.7,24316.75,24324.7,,
2026-08-14 05:15:00+00:00,24325.25,24335.2,24324.1,24333.8,,
2026-08-14 05:20:00+00:00,24334.35,24338.7,24331.2,24336.7,,
2026-08-14 05:25:00+00:00,24335.45,24337.75,24312.0,24312.2,,
2026-08-14 05:30:00+00:00,24313.05,24322.35,24306.4,24320.85,,
2026-08-14 05:35:00+00:00,24321.95,24321.95,24309.35,24314.25,,
2026-08-14 05:40:00+00:00,24314.8,24318.55,24311.7,24315.0,,
2026-08-14 05:45:00+00:00,24315.5,24329.95,24313.95,24327.85,,
2026-08-14 05:50:00+00:00,24328.45,24332.25,24322.95,24327.7,,
2026-08-14 05:55:00+00:00,24328.25,24329.85,24313.45,24315.8,,
2026-08-14 06:00:00+00:00,24315.7,24321.8,24309.4,24318.75,,
2026-08-14 06:05:00+00:00,24318.45,24322.35,24312.35,24320.45,,
2026-08-14 06:10:00+00:00,24322.2,24330.7,24319.3,24327.7,,
2026-08-14 06:15:00+00:00,24328.0,24336.95,24325.25,24326.95,,
2026-08-14 06:20:00+00:00,24327.65,24336.25,24325.2,24329.75,,
2026-08-14 06:25:00+00:00,24330.55,24333.6,24321.95,24326.9,,
2026-08-14 06:30:00+00:00,24328.2,24329.65,24319.25,24321.7,,
2026-08-14 06:35:00+00:00,24321.9,24340.65,24321.45,24335.35,,
2026-08-14 06:40:00+00:00,24335.75,24345.55,24335.1,24341.45,,
2026-08-14 06:45:00+00:00,24342.0,24349.25,24339.9,24349.0,,
2026-08-14 06:50:00+00:00,24349.3,24354.0,24345.5,24351.65,,
2026-08-14 06:55:00+00:00,24353.75,24354.65,24343.25,24347.3,,
2026-08-14 07:00:00+00:00,24346.8,24347.95,24340.0,24344.5,,
2026-08-14 07:05:00+00:00,24344.1,24346.8,24338.85,24340.9,,
2026-08-14 07:10:00+00:00,24342.0,24346.1,24333.45,24335.85,,
2026-08-14 07:15:00+00:00,24336.65,24347.7,24334.8,24345.3,,
2026-08-14 07:20:00+00:00,24345.45,24353.3,24343.7,24350.7,,
2026-08-14 07:25:00+00:00,24349.9,24352.0,24344.15,24349.55,,
2026-08-14 07:30:00+00:00,24349.4,24352.15,24343.95,24344.9,,
2026-08-14 07:35:00+00:00,24345.15,24347.35,24340.45,24342.0,,
2026-08-14 07:40:00+00:00,24341.8,24348.35,24340.75,24346.85,,
2026-08-14 07:45:00+00:00,24347.0,24348.8,24339.45,24343.75,,
2026-08-14 07:50:00+00:00,24344.2,24348.1,24341.7,24343.75,,
2026-08-14 07:55:00+00:00,24343.5,24344.7,24337.3,24340.55,,
2026-08-14 08:00:00+00:00,24340.2,24341.65,24328.35,24330.05,,
2026-08-14 08:05:00+00:00,24329.75,24349.5,24327.35,24348.3,,
2026-08-14 08:10:00+00:00,24348.7,24358.3,24348.2,24357.35,,
2026-08-14 08:15:00+00:00,24357.4,24391.1,24356.8,24383.7,,
2026-08-14 08:20:00+00:00,24383.7,24389.1,24380.4,24385.6,,
2026-08-14 08:25:00+00:00,24386.4,24397.8,24381.6,24395.0,,
2026-08-14 08:30:00+00:00,24395.0,24405.2,24393.0,24395.55,,
2026-08-14 08:35:00+00:00,24395.9,24398.8,24387.35,24389.95,,
2026-08-14 08:40:00+00:00,24390.5,24392.05,24382.5,24383.55,,
2026-08-14 08:45:00+00:00,24383.2,24389.2,24378.65,24379.95,,
2026-08-14 08:50:00+00:00,24378.7,24381.0,24372.8,24376.9,,
2026-08-14 08:55:00+00:00,24377.3,24379.2,24369.65,24371.6,,
2026-08-14 09:00:00+00:00,24372.6,24375.0,24367.55,24371.6,,
2026-08-14 09:05:00+00:00,24371.95,24373.5,24366.4,24369.35,,
2026-08-14 09:10:00+00:00,24369.35,24373.85,24368.4,24369.45,,
2026-08-14 09:15:00+00:00,24370.0,24374.15,24364.75,24366.8,,
2026-08-14 09:20:00+00:00,24365.65,24383.4,24365.65,24382.4,,
2026-08-14 09:25:00+00:00,24380.9,24384.4,24373.4,24374.6,,
2026-08-14 09:30:00+00:00,24374.25,24382.25,24370.7,24375.45,,
2026-08-14 09:35:00+00:00,24375.75,24377.45,24368.25,24371.05,,
2026-08-14 09:40:00+00:00,24371.15,24375.2,24354.45,24354.45,,
2026-08-14 09:45:00+00:00,24354.85,24354.85,24354.85,24354.85,,
2026-08-14 09:50:00+00:00,24354.85,24354.85,24354.85,24354.85,,
2026-08-14 09:55:00+00:00,24354.85,24366.0,24354.85,24366.0,,
2026-08-14 10:00:00+00:00,24366.0,24366.0,24366.0,24366.0,,
2026-08-14 10:05:00+00:00,24366.0,24366.0,24366.0,24366.0,,
2026-08-14 10:10:00+00:00,24366.0,24366.0,24366.0,24366.0,,
2026-08-14 10:15:00+00:00,24366.0,24366.0,24366.0,24366.0,,
2026-08-14 10:20:00+00:00,24366.0,24366.0,24366.0,24366.0,,
2026-08-14 10:25:00+00:00,24366.0,24366.0,24366.0,24366.0,,
2026-08-17 03:30:00+00:00,24366.0,24412.85,24277.4,24342.5,,
2026-08-17 03:35:00+00:00,24342.5,24399.6,24340.35,24343.45,,
2026-08-17 03:40:00+00:00,24343.45,24343.45,24343.45,24343.45,,
2026-08-17 03:45:00+00:00,24350.95,24357.6,24283.05,24306.05,,
2026-08-17 03:50:00+00:00,24305.25,24310.2,24293.25,24303.1,,
2026-08-17 03:55:00+00:00,24302.85,24312.4,24296.65,24306.05,,
2026-08-17 04:00:00+00:00,24306.5,24307.75,24281.45,24287.1,,
2026-08-17 04:05:00+00:00,24286.5,24302.9,24286.5,24293.15,,
2026-08-17 04:10:00+00:00,24294.0,24312.45,24293.2,24301.35,,
2026-08-17 04:15:00+00:00,24301.8,24307.0,24296.05,24305.15,,
2026-08-17 04:20:00+00:00,24305.05,24309.25,24295.45,24300.15,,
2026-08-17 04:25:00+00:00,24300.35,24301.7,24283.85,24283.95,,
2026-08-17 04:30:00+00:00,24284.85,24295.65,24283.65,24291.3,,
2026-08-17 04:35:00+00:00,24290.35,24295.05,24286.5,24291.3,,
2026-08-17 04:40:00+00:00,24291.7,24292.4,24277.4,24281.45,,
2026-08-17 04:45:00+00:00,24281.0,24283.9,24259.55,24264.25,,
2026-08-17 04:50:00+00:00,24264.15,24264.7,24251.9,24252.7,,
2026-08-17 04:55:00+00:00,24252.45,24263.05,24250.0,24260.45,,
2026-08-17 05:00:00+00:00,24260.35,24261.9,24252.35,24255.35,,
2026-08-17 05:05:00+00:00,24255.0,24259.3,24250.1,24254.3,,
2026-08-17 05:10:00+00:00,24253.25,24256.75,24235.55,24239.2,,
2026-08-17 05:15:00+00:00,24237.65,24240.0,24228.45,24238.4,,
2026-08-17 05:20:00+00:00,24238.65,24246.6,24236.65,24241.95,,
2026-08-17 05:25:00+00:00,24241.65,24247.45,24236.75,24237.55,,
2026-08-17 05:30:00+00:00,24236.35,24246.6,24232.5,24240.6,,
2026-08-17 05:35:00+00:00,24240.75,24242.7,24231.45,24235.7,,
2026-08-17 05:40:00+00:00,24235.4,24238.7,24232.85,24236.2,,
2026-08-17 05:45:00+00:00,24236.05,24240.0,24233.4,24235.65,,
2026-08-17 05:50:00+00:00,24235.3,24237.8,24226.95,24229.95,,
2026-08-17 05:55:00+00:00,24229.25,24243.6,24228.1,24239.85,,
2026-08-17 06:00:00+00:00,24239.1,24244.95,24234.25,24241.4,,
2026-08-17 06:05:00+00:00,24241.65,24248.35,24235.55,24239.45,,
2026-08-17 06:10:00+00:00,24239.0,24248.2,24235.75,24244.75,,
2026-08-17 06:15:00+00:00,24243.95,24257.55,24242.1,24254.35,,
2026-08-17 06:20:00+00:00,24254.25,24273.25,24253.5,24263.75,,
2026-08-17 06:25:00+00:00,24263.35,24275.25,24262.9,24271.65,,
2026-08-17 06:30:00+00:00,24271.75,24275.65,24263.85,24266.65,,
2026-08-17 06:35:00+00:00,24266.25,24270.1,24260.75,24265.0,,
2026-08-17 06:40:00+00:00,24264.45,24272.5,24256.55,24270.75,,
2026-08-17 06:45:00+00:00,24270.75,24287.6,24269.8,24285.7,,
2026-08-17 06:50:00+00:00,24285.8,24288.75,24281.5,24286.65,,
2026-08-17 06:55:00+00:00,24286.4,24292.0,24283.45,24289.95,,
2026-08-17 07:00:00+00:00,24288.6,24300.05,24286.1,24294.7,,
2026-08-17 07:05:00+00:00,24294.55,24305.7,24291.95,24297.2,,
2026-08-17 07:10:00+00:00,24297.05,24306.75,24295.6,24303.2,,
2026-08-17 07:15:00+00:00,24303.25,24332.0,24302.4,24321.35,,
2026-08-17 07:20:00+00:00,24321.65,24336.7,24321.65,24328.5,,
2026-08-17 07:25:00+00:00,24328.4,24335.0,24321.1,24334.0,,
2026-08-17 07:30:00+00:00,24334.15,24354.3,24332.5,24343.95,,
2026-08-17 07:35:00+00:00,24343.2,24350.55,24335.65,24338.5,,
2026-08-17 07:40:00+00:00,24338.9,24352.95,24335.2,24346.6,,
2026-08-17 07:45:00+00:00,24346.15,24355.05,24344.95,24349.25,,
2026-08-17 07:50:00+00:00,24350.55,24353.05,24342.1,24346.3,,
2026-08-17 07:55:00+00:00,24345.5,24356.15,24342.3,24352.95,,
2026-08-17 08:00:00+00:00,24352.5,24357.65,24345.2,24349.15,,
2026-08-17 08:05:00+00:00,24349.3,24350.75,24339.8,24346.0,,
2026-08-17 08:10:00+00:00,24346.4,24359.3,24340.45,24353.65,,
2026-08-17 08:15:00+00:00,24353.9,24359.35,24341.6,24343.7,,
2026-08-17 08:20:00+00:00,24343.7,24344.75,24335.9,24339.8,,
2026-08-17 08:25:00+00:00,24340.3,24342.75,24332.45,24338.3,,
2026-08-17 08:30:00+00:00,24338.6,24346.75,24334.4,24342.95,,
2026-08-17 08:35:00+00:00,24343.3,24346.1,24339.5,24340.8,,
2026-08-17 08:40:00+00:00,24341.5,24342.15,24329.5,24331.15,,
2026-08-17 08:45:00+00:00,24330.7,24343.05,24328.25,24339.15,,
2026-08-17 08:50:00+00:00,24337.15,24339.95,24322.7,24324.5,,
2026-08-17 08:55:00+00:00,24324.8,24328.65,24322.55,24326.75,,
2026-08-17 09:00:00+00:00,24327.35,24332.1,24325.45,24328.35,,
2026-08-17 09:05:00+00:00,24329.2,24331.8,24317.9,24328.5,,
2026-08-17 09:10:00+00:00,24328.55,24337.9,24326.75,24335.4,,
2026-08-17 09:15:00+00:00,24334.4,24340.6,24330.95,24339.2,,
2026-08-17 09:20:00+00:00,24336.9,24346.05,24333.9,24343.95,,
2026-08-17 09:25:00+00:00,24342.8,24345.1,24334.5,24338.2,,
2026-08-17 09:30:00+00:00,24337.7,24353.85,24331.8,24352.05,,
2026-08-17 09:35:00+00:00,24351.0,24353.7,24341.35,24349.4,,
2026-08-17 09:40:00+00:00,24348.75,24359.9,24330.7,24339.6,,
2026-08-17 09:45:00+00:00,24339.8,24339.8,24339.8,24339.8,,
2026-08-17 09:50:00+00:00,24339.8,24339.8,24339.8,24339.8,,
2026-08-17 09:55:00+00:00,24339.8,24339.8,24287.65,24287.65,,
2026-08-17 10:00:00+00:00,24287.65,24287.65,24287.65,24287.65,,
2026-08-17 10:05:00+00:00,24287.65,24287.65,24287.65,24287.65,,
2026-08-17 10:10:00+00:00,24287.65,24287.65,24287.65,24287.65,,
2026-08-17 10:15:00+00:00,24287.65,24287.65,24287.65,24287.65,,
2026-08-17 10:20:00+00:00,24287.65,24287.65,24287.65,24287.65,,
2026-08-17 10:25:00+00:00,24287.65,24287.65,24287.65,24287.65,,
2026-08-18 03:30:00+00:00,24287.65,24848.0,24273.55,24278.25,,
2026-08-18 03:35:00+00:00,24278.25,24278.25,24216.95,24223.85,,
2026-08-18 03:40:00+00:00,24223.85,24223.85,24223.85,24223.85,,
2026-08-18 03:45:00+00:00,24223.05,24253.95,24214.6,24238.85,,
2026-08-18 03:50:00+00:00,24239.6,24246.55,24229.85,24244.35,,
2026-08-18 03:55:00+00:00,24246.25,24269.5,24241.1,24245.1,,
2026-08-18 04:00:00+00:00,24246.4,24246.4,24220.65,24232.65,,
2026-08-18 04:05:00+00:00,24233.5,24248.7,24229.7,24247.3,,
2026-08-18 04:10:00+00:00,24249.2,24249.2,24222.95,24224.55,,
2026-08-18 04:15:00+00:00,24226.15,24232.05,24214.85,24228.5,,
2026-08-18 04:20:00+00:00,24230.8,24241.35,24224.15,24235.3,,
2026-08-18 04:25:00+00:00,24236.65,24237.3,24221.5,24234.5,,
2026-08-18 04:30:00+00:00,24234.1,24234.6,24213.0,24222.8,,
2026-08-18 04:35:00+00:00,24223.4,24228.4,24221.3,24221.6,,
2026-08-18 04:40:00+00:00,24223.05,24224.9,24218.0,24220.2,,
2026-08-18 04:45:00+00:00,24221.1,24221.1,24208.15,24214.05,,
2026-08-18 04:50:00+00:00,24215.05,24220.75,24210.8,24216.7,,
2026-08-18 04:55:00+00:00,24218.0,24231.05,24210.3,24225.85,,
2026-08-18 05:00:00+00:00,24227.0,24231.3,24225.4,24231.2,,
2026-08-18 05:05:00+00:00,24231.55,24233.4,24226.0,24226.1,,
2026-08-18 05:10:00+00:00,24227.3,24227.3,24210.05,24214.8,,
2026-08-18 05:15:00+00:00,24216.15,24216.4,24196.1,24204.75,,
2026-08-18 05:20:00+00:00,24206.25,24210.0,24192.6,24195.55,,
2026-08-18 05:25:00+00:00,24196.95,24201.8,24187.65,24200.25,,
2026-08-18 05:30:00+00:00,24201.95,24205.85,24194.85,24205.85,,
2026-08-18 05:35:00+00:00,24205.5,24211.5,24201.7,24207.25,,
2026-08-18 05:40:00+00:00,24208.25,24208.7,24197.25,24202.35,,
2026-08-18 05:45:00+00:00,24203.75,24209.15,24194.95,24197.75,,
2026-08-18 05:50:00+00:00,24198.9,24198.9,24189.65,24195.75,,
2026-08-18 05:55:00+00:00,24195.5,24195.6,24182.4,24182.65,,
2026-08-18 06:00:00+00:00,24183.75,24190.65,24174.5,24190.65,,
2026-08-18 06:05:00+00:00,24191.45,24201.9,24188.85,24196.6,,
2026-08-18 06:10:00+00:00,24198.0,24199.85,24193.85,24198.4,,
2026-08-18 06:15:00+00:00,24198.5,24203.8,24196.4,24200.1,,
2026-08-18 06:20:00+00:00,24201.55,24214.4,24198.3,24199.2,,
2026-08-18 06:25:00+00:00,24201.2,24208.5,24195.8,24206.8,,
2026-08-18 06:30:00+00:00,24208.3,24215.45,24201.85,24213.15,,
2026-08-18 06:35:00+00:00,24214.95,24220.2,24212.9,24215.8,,
2026-08-18 06:40:00+00:00,24217.45,24220.8,24208.1,24212.95,,
2026-08-18 06:45:00+00:00,24213.2,24215.1,24205.25,24209.2,,
2026-08-18 06:50:00+00:00,24210.0,24211.2,24203.65,24206.15,,
2026-08-18 06:55:00+00:00,24206.9,24217.4,24204.7,24212.8,,
2026-08-18 07:00:00+00:00,24213.25,24220.35,24212.35,24214.7,,
2026-08-18 07:05:00+00:00,24215.3,24218.25,24205.6,24208.25,,
2026-08-18 07:10:00+00:00,24208.7,24208.7,24196.0,24198.05,,
2026-08-18 07:15:00+00:00,24198.0,24206.85,24194.45,24205.55,,
2026-08-18 07:20:00+00:00,24206.3,24210.7,24203.5,24206.5,,
2026-08-18 07:25:00+00:00,24207.45,24210.05,24198.75,24199.05,,
2026-08-18 07:30:00+00:00,24200.0,24200.15,24187.85,24193.7,,
2026-08-18 07:35:00+00:00,24192.4,24200.2,24185.6,24198.75,,
2026-08-18 07:40:00+00:00,24200.05,24204.9,24196.35,24202.6,,
2026-08-18 07:45:00+00:00,24204.5,24210.7,24202.1,24206.95,,
2026-08-18 07:50:00+00:00,24207.4,24208.9,24200.85,24204.2,,
2026-08-18 07:55:00+00:00,24205.45,24208.05,24198.65,24207.85,,
2026-08-18 08:00:00+00:00,24208.35,24209.0,24201.75,24203.15,,
2026-08-18 08:05:00+00:00,24203.8,24205.35,24190.1,24194.75,,
2026-08-18 08:10:00+00:00,24195.4,24204.65,24193.75,24202.0,,
2026-08-18 08:15:00+00:00,24202.65,24207.6,24200.45,24204.7,,
2026-08-18 08:20:00+00:00,24206.1,24206.1,24194.75,24196.15,,
2026-08-18 08:25:00+00:00,24197.9,24200.1,24187.9,24190.8,,
2026-08-18 08:30:00+00:00,24192.95,24207.8,24191.0,24206.75,,
2026-08-18 08:35:00+00:00,24207.75,24209.5,24194.35,24195.95,,
2026-08-18 08:40:00+00:00,24196.55,24198.0,24189.2,24195.55,,
2026-08-18 08:45:00+00:00,24196.95,24198.3,24189.85,24191.0,,
2026-08-18 08:50:00+00:00,24191.45,24200.3,24185.85,24193.75,,
2026-08-18 08:55:00+00:00,24194.85,24203.5,24181.75,24199.1,,
2026-08-18 09:00:00+00:00,24201.1,24207.0,24194.1,24198.55,,
2026-08-18 09:05:00+00:00,24200.75,24204.45,24191.85,24201.55,,
2026-08-18 09:10:00+00:00,24201.75,24207.5,24198.7,24205.2,,
2026-08-18 09:15:00+00:00,24206.0,24211.15,24198.9,24207.1,,
2026-08-18 09:20:00+00:00,24208.7,24217.7,24204.7,24206.1,,
2026-08-18 09:25:00+00:00,24207.35,24221.1,24206.25,24214.3,,
2026-08-18 09:30:00+00:00,24216.6,24230.75,24202.65,24203.2,,
2026-08-18 09:35:00+00:00,24205.4,24206.4,24191.05,24197.3,,
2026-08-18 09:40:00+00:00,24196.5,24202.85,24165.8,24165.8,,
2026-08-18 09:45:00+00:00,24166.35,24166.35,24166.35,24166.35,,
2026-08-18 09:50:00+00:00,24166.35,24166.35,24166.35,24166.35,,
2026-08-18 09:55:00+00:00,24166.35,24166.35,24154.9,24154.9,,
2026-08-18 10:00:00+00:00,24154.9,24154.9,24154.9,24154.9,,
2026-08-18 10:05:00+00:00,24154.9,24154.9,24154.9,24154.9,,
2026-08-18 10:10:00+00:00,24154.9,24154.9,24154.9,24154.9,,
2026-08-18 10:15:00+00:00,24154.9,24154.9,24154.9,24154.9,,
2026-08-18 10:20:00+00:00,24154.9,24154.9,24154.9,24154.9,,
2026-08-18 10:25:00+00:00,24154.9,24154.9,24154.9,24154.9,,
