timestamp,open,high,low,close,volume,oi,underlying,expiry,strike,option_type,itm_rank
2026-07-20 03:45:00+00:00,320.7,320.7,258.95,266.05,715.0,117.0,NIFTY,2026-08-11,24350.0,CE,3
2026-07-20 03:50:00+00:00,259.4,264.8,250.0,262.05,520.0,39.0,NIFTY,2026-08-11,24350.0,CE,3
2026-07-20 03:55:00+00:00,250.0,250.0,244.5,244.5,650.0,39.0,NIFTY,2026-08-11,24350.0,CE,3
2026-07-20 04:05:00+00:00,245.3,245.3,234.75,234.75,130.0,,NIFTY,2026-08-11,24350.0,CE,3
2026-07-20 04:30:00+00:00,249.0,249.0,248.25,248.25,130.0,40.0,NIFTY,2026-08-11,24350.0,CE,3
2026-07-20 04:40:00+00:00,251.25,251.25,251.25,251.25,65.0,,NIFTY,2026-08-11,24350.0,CE,3
2026-07-20 04:50:00+00:00,255.0,255.0,255.0,255.0,65.0,,NIFTY,2026-08-11,24350.0,CE,3
2026-07-20 04:55:00+00:00,260.9,260.9,260.9,260.9,65.0,,NIFTY,2026-08-11,24350.0,CE,3
2026-07-20 05:05:00+00:00,250.65,250.65,250.65,250.65,65.0,,NIFTY,2026-08-11,24350.0,CE,3
2026-07-20 05:10:00+00:00,259.5,259.5,259.5,259.5,65.0,,NIFTY,2026-08-11,24350.0,CE,3
2026-07-20 05:30:00+00:00,254.0,254.0,254.0,254.0,65.0,,NIFTY,2026-08-11,24350.0,CE,3
2026-07-20 05:35:00+00:00,250.05,250.05,250.05,250.05,65.0,,NIFTY,2026-08-11,24350.0,CE,3
2026-07-20 05:45:00+00:00,255.35,255.35,255.35,255.35,65.0,40.0,NIFTY,2026-08-11,24350.0,CE,3
2026-07-20 05:50:00+00:00,248.6,248.6,248.6,248.6,65.0,,NIFTY,2026-08-11,24350.0,CE,3
2026-07-20 05:55:00+00:00,246.85,247.0,246.85,246.95,325.0,41.0,NIFTY,2026-08-11,24350.0,CE,3
2026-07-20 06:20:00+00:00,240.0,240.0,237.0,237.0,260.0,89.0,NIFTY,2026-08-11,24350.0,CE,3
2026-07-20 06:30:00+00:00,233.95,233.95,233.95,233.95,65.0,46.0,NIFTY,2026-08-11,24350.0,CE,3
2026-07-20 06:55:00+00:00,241.5,241.5,235.55,235.55,2990.0,156.0,NIFTY,2026-08-11,24350.0,CE,3
2026-07-20 07:05:00+00:00,233.95,233.95,233.95,233.95,130.0,66.0,NIFTY,2026-08-11,24350.0,CE,3
2026-07-20 07:10:00+00:00,234.0,234.0,234.0,234.0,65.0,66.0,NIFTY,2026-08-11,24350.0,CE,3
2026-07-20 07:15:00+00:00,232.35,232.35,223.95,226.6,520.0,204.0,NIFTY,2026-08-11,24350.0,CE,3
2026-07-20 07:20:00+00:00,239.6,239.6,239.6,239.6,65.0,70.0,NIFTY,2026-08-11,24350.0,CE,3
2026-07-20 07:25:00+00:00,242.35,249.15,242.35,246.45,3185.0,70.0,NIFTY,2026-08-11,24350.0,CE,3
2026-07-20 07:30:00+00:00,244.5,247.8,243.7,244.05,1235.0,92.0,NIFTY,2026-08-11,24350.0,CE,3
2026-07-20 07:35:00+00:00,244.45,244.45,242.8,242.8,260.0,102.0,NIFTY,2026-08-11,24350.0,CE,3
2026-07-20 07:40:00+00:00,246.05,261.5,246.05,261.5,260.0,,NIFTY,2026-08-11,24350.0,CE,3
2026-07-20 07:45:00+00:00,268.0,268.0,268.0,268.0,65.0,,NIFTY,2026-08-11,24350.0,CE,3
2026-07-20 07:50:00+00:00,260.0,266.45,259.9,266.45,195.0,203.0,NIFTY,2026-08-11,24350.0,CE,3
2026-07-20 07:55:00+00:00,269.3,269.3,269.3,269.3,195.0,100.0,NIFTY,2026-08-11,24350.0,CE,3
2026-07-20 08:00:00+00:00,269.35,269.35,269.3,269.3,260.0,101.0,NIFTY,2026-08-11,24350.0,CE,3
2026-07-20 08:05:00+00:00,272.65,272.65,271.75,271.75,130.0,206.0,NIFTY,2026-08-11,24350.0,CE,3
2026-07-20 08:10:00+00:00,271.75,271.75,271.75,271.75,130.0,104.0,NIFTY,2026-08-11,24350.0,CE,3
2026-07-20 08:15:00+00:00,274.35,276.3,274.35,276.05,195.0,105.0,NIFTY,2026-08-11,24350.0,CE,3
2026-07-20 08:25:00+00:00,271.85,271.85,271.85,271.85,195.0,105.0,NIFTY,2026-08-11,24350.0,CE,3
2026-07-20 08:30:00+00:00,282.45,282.45,282.45,282.45,65.0,104.0,NIFTY,2026-08-11,24350.0,CE,3
2026-07-20 08:35:00+00:00,281.0,281.0,278.75,278.75,130.0,103.0,NIFTY,2026-08-11,24350.0,CE,3
2026-07-20 08:40:00+00:00,278.75,278.75,278.75,278.75,65.0,102.0,NIFTY,2026-08-11,24350.0,CE,3
2026-07-20 08:45:00+00:00,274.45,275.0,274.45,275.0,910.0,204.0,NIFTY,2026-08-11,24350.0,CE,3
2026-07-20 08:50:00+00:00,274.35,277.9,274.35,277.15,260.0,191.0,NIFTY,2026-08-11,24350.0,CE,3
2026-07-20 08:55:00+00:00,278.25,278.25,277.25,277.25,260.0,,NIFTY,2026-08-11,24350.0,CE,3
2026-07-20 09:00:00+00:00,275.2,275.2,275.2,275.2,65.0,95.0,NIFTY,2026-08-11,24350.0,CE,3
2026-07-20 09:05:00+00:00,258.9,267.25,258.9,267.25,3705.0,236.0,NIFTY,2026-08-11,24350.0,CE,3
2026-07-20 09:10:00+00:00,265.1,268.85,265.1,268.65,260.0,,NIFTY,2026-08-11,24350.0,CE,3
2026-07-20 09:15:00+00:00,271.2,271.2,271.2,271.2,65.0,69.0,NIFTY,2026-08-11,24350.0,CE,3
2026-07-20 09:20:00+00:00,276.1,276.1,273.6,273.6,130.0,,NIFTY,2026-08-11,24350.0,CE,3
2026-07-20 09:30:00+00:00,268.7,268.7,268.7,268.7,65.0,,NIFTY,2026-08-11,24350.0,CE,3
2026-07-20 09:35:00+00:00,266.55,266.55,266.55,266.55,65.0,68.0,NIFTY,2026-08-11,24350.0,CE,3
2026-07-20 09:45:00+00:00,270.35,270.35,268.85,268.85,130.0,,NIFTY,2026-08-11,24350.0,CE,3
2026-07-20 09:55:00+00:00,271.9,271.9,271.8,271.8,910.0,,NIFTY,2026-08-11,24350.0,CE,3
2026-07-21 03:45:00+00:00,271.05,271.05,258.9,263.65,845.0,76.0,NIFTY,2026-08-11,24350.0,CE,3
2026-07-21 03:50:00+00:00,261.75,261.75,251.75,251.75,130.0,77.0,NIFTY,2026-08-11,24350.0,CE,3
2026-07-21 03:55:00+00:00,249.7,254.2,249.7,254.2,130.0,78.0,NIFTY,2026-08-11,24350.0,CE,3
2026-07-21 04:00:00+00:00,254.2,254.2,247.0,247.0,130.0,78.0,NIFTY,2026-08-11,24350.0,CE,3
2026-07-21 04:05:00+00:00,243.1,246.95,243.1,243.65,195.0,,NIFTY,2026-08-11,24350.0,CE,3
2026-07-21 04:10:00+00:00,242.35,242.35,242.35,242.35,65.0,,NIFTY,2026-08-11,24350.0,CE,3
2026-07-21 04:25:00+00:00,239.45,239.45,239.45,239.45,65.0,,NIFTY,2026-08-11,24350.0,CE,3
2026-07-21 04:30:00+00:00,236.85,239.0,236.85,239.0,195.0,159.0,NIFTY,2026-08-11,24350.0,CE,3
2026-07-21 04:35:00+00:00,239.2,239.2,239.2,239.2,65.0,,NIFTY,2026-08-11,24350.0,CE,3
2026-07-21 04:50:00+00:00,229.0,229.0,225.0,225.0,130.0,80.0,NIFTY,2026-08-11,24350.0,CE,3
2026-07-21 04:55:00+00:00,225.0,230.0,225.0,230.0,130.0,163.0,NIFTY,2026-08-11,24350.0,CE,3
2026-07-21 05:00:00+00:00,229.25,229.25,229.25,229.25,130.0,,NIFTY,2026-08-11,24350.0,CE,3
2026-07-21 05:05:00+00:00,222.0,222.0,219.5,219.5,650.0,171.0,NIFTY,2026-08-11,24350.0,CE,3
2026-07-21 05:10:00+00:00,219.5,222.35,219.5,222.35,520.0,94.0,NIFTY,2026-08-11,24350.0,CE,3
2026-07-21 05:15:00+00:00,222.35,222.35,222.35,222.35,65.0,,NIFTY,2026-08-11,24350.0,CE,3
2026-07-21 05:35:00+00:00,229.0,229.0,229.0,229.0,65.0,94.0,NIFTY,2026-08-11,24350.0,CE,3
2026-07-21 06:10:00+00:00,216.0,216.0,216.0,216.0,65.0,,NIFTY,2026-08-11,24350.0,CE,3
2026-07-21 06:25:00+00:00,220.2,220.2,220.2,220.2,65.0,95.0,NIFTY,2026-08-11,24350.0,CE,3
2026-07-21 06:50:00+00:00,216.95,216.95,216.95,216.95,65.0,96.0,NIFTY,2026-08-11,24350.0,CE,3
2026-07-21 07:05:00+00:00,221.1,224.15,221.05,224.15,195.0,97.0,NIFTY,2026-08-11,24350.0,CE,3
2026-07-21 07:30:00+00:00,206.2,206.2,201.55,206.05,520.0,200.0,NIFTY,2026-08-11,24350.0,CE,3
2026-07-21 08:05:00+00:00,221.6,221.6,221.6,221.6,195.0,204.0,NIFTY,2026-08-11,24350.0,CE,3
2026-07-21 08:10:00+00:00,224.45,224.45,220.0,220.0,455.0,103.0,NIFTY,2026-08-11,24350.0,CE,3
2026-07-21 08:25:00+00:00,214.8,214.8,211.2,211.3,1235.0,221.0,NIFTY,2026-08-11,24350.0,CE,3
2026-07-21 08:45:00+00:00,209.0,209.0,209.0,209.0,65.0,116.0,NIFTY,2026-08-11,24350.0,CE,3
2026-07-21 08:55:00+00:00,216.0,216.0,216.0,216.0,65.0,,NIFTY,2026-08-11,24350.0,CE,3
2026-07-21 09:00:00+00:00,210.7,210.7,210.4,210.7,390.0,,NIFTY,2026-08-11,24350.0,CE,3
2026-07-21 09:05:00+00:00,213.75,213.75,213.75,213.75,65.0,,NIFTY,2026-08-11,24350.0,CE,3
2026-07-21 09:10:00+00:00,214.9,214.9,214.9,214.9,65.0,,NIFTY,2026-08-11,24350.0,CE,3
2026-07-21 09:15:00+00:00,215.15,215.15,215.15,215.15,65.0,,NIFTY,2026-08-11,24350.0,CE,3
2026-07-21 09:20:00+00:00,213.55,213.55,213.55,213.55,65.0,117.0,NIFTY,2026-08-11,24350.0,CE,3
2026-07-21 09:25:00+00:00,216.7,216.7,216.7,216.7,65.0,117.0,NIFTY,2026-08-11,24350.0,CE,3
2026-07-21 09:30:00+00:00,219.25,219.25,216.15,216.15,260.0,118.0,NIFTY,2026-08-11,24350.0,CE,3
2026-07-21 09:40:00+00:00,217.0,218.95,217.0,218.95,1495.0,242.0,NIFTY,2026-08-11,24350.0,CE,3
2026-07-21 09:45:00+00:00,216.7,216.7,216.7,216.7,65.0,,NIFTY,2026-08-11,24350.0,CE,3
2026-07-21 09:50:00+00:00,217.35,219.95,217.35,219.95,1105.0,257.0,NIFTY,2026-08-11,24350.0,CE,3
2026-07-21 09:55:00+00:00,219.0,219.0,219.0,219.0,325.0,269.0,NIFTY,2026-08-11,24350.0,CE,3
2026-07-22 03:45:00+00:00,180.0,180.0,176.8,176.8,520.0,138.0,NIFTY,2026-08-11,24350.0,CE,3
2026-07-22 03:50:00+00:00,183.15,183.15,177.95,178.45,650.0,278.0,NIFTY,2026-08-11,24350.0,CE,3
2026-07-22 03:55:00+00:00,177.5,177.5,171.35,171.35,2795.0,594.0,NIFTY,2026-08-11,24350.0,CE,3
2026-07-22 04:00:00+00:00,170.8,170.8,164.75,165.7,1300.0,497.0,NIFTY,2026-08-11,24350.0,CE,3
2026-07-22 04:05:00+00:00,163.85,167.1,163.85,167.1,325.0,177.0,NIFTY,2026-08-11,24350.0,CE,3
2026-07-22 04:10:00+00:00,164.15,166.6,164.15,166.6,1170.0,359.0,NIFTY,2026-08-11,24350.0,CE,3
2026-07-22 04:15:00+00:00,166.4,166.4,160.55,162.35,650.0,574.0,NIFTY,2026-08-11,24350.0,CE,3
2026-07-22 04:20:00+00:00,161.4,163.2,161.4,163.2,195.0,388.0,NIFTY,2026-08-11,24350.0,CE,3
2026-07-22 04:25:00+00:00,161.9,161.9,160.85,160.85,325.0,389.0,NIFTY,2026-08-11,24350.0,CE,3
2026-07-22 04:30:00+00:00,161.75,164.25,161.75,164.05,260.0,394.0,NIFTY,2026-08-11,24350.0,CE,3
2026-07-22 04:35:00+00:00,162.85,170.95,162.85,170.95,325.0,200.0,NIFTY,2026-08-11,24350.0,CE,3
2026-07-22 04:40:00+00:00,169.85,169.85,167.8,168.0,260.0,402.0,NIFTY,2026-08-11,24350.0,CE,3
2026-07-22 04:45:00+00:00,165.6,165.9,165.6,165.9,455.0,406.0,NIFTY,2026-08-11,24350.0,CE,3
2026-07-22 04:50:00+00:00,158.0,158.0,158.0,158.0,130.0,206.0,NIFTY,2026-08-11,24350.0,CE,3
2026-07-22 04:55:00+00:00,157.35,157.35,150.0,154.5,1430.0,629.0,NIFTY,2026-08-11,24350.0,CE,3
2026-07-22 05:00:00+00:00,157.3,158.4,156.0,156.0,2470.0,1091.0,NIFTY,2026-08-11,24350.0,CE,3
2026-07-22 05:05:00+00:00,155.95,156.0,154.0,154.0,2015.0,955.0,NIFTY,2026-08-11,24350.0,CE,3
2026-07-22 05:15:00+00:00,154.85,158.6,154.8,158.6,325.0,737.0,NIFTY,2026-08-11,24350.0,CE,3
2026-07-22 05:20:00+00:00,157.9,159.95,157.9,159.0,390.0,493.0,NIFTY,2026-08-11,24350.0,CE,3
2026-07-22 05:25:00+00:00,160.0,160.0,158.8,160.0,195.0,245.0,NIFTY,2026-08-11,24350.0,CE,3
2026-07-22 05:30:00+00:00,159.0,159.0,157.1,158.0,195.0,493.0,NIFTY,2026-08-11,24350.0,CE,3
2026-07-22 05:35:00+00:00,158.6,158.6,158.15,158.15,390.0,247.0,NIFTY,2026-08-11,24350.0,CE,3
2026-07-22 05:45:00+00:00,159.4,159.4,159.2,159.2,130.0,250.0,NIFTY,2026-08-11,24350.0,CE,3
2026-07-22 05:50:00+00:00,159.35,162.1,159.35,162.1,455.0,501.0,NIFTY,2026-08-11,24350.0,CE,3
2026-07-22 06:00:00+00:00,163.15,164.0,161.45,163.75,325.0,250.0,NIFTY,2026-08-11,24350.0,CE,3
2026-07-22 06:25:00+00:00,151.0,155.0,151.0,155.0,1495.0,,NIFTY,2026-08-11,24350.0,CE,3
2026-07-22 06:30:00+00:00,151.6,151.6,151.4,151.4,1365.0,498.0,NIFTY,2026-08-11,24350.0,CE,3
2026-07-22 06:35:00+00:00,147.65,149.35,147.65,148.65,6955.0,245.0,NIFTY,2026-08-11,24350.0,CE,3
2026-07-22 06:40:00+00:00,149.1,150.15,147.8,148.55,1755.0,1365.0,NIFTY,2026-08-11,24350.0,CE,3
2026-07-22 06:45:00+00:00,147.4,148.6,142.35,142.35,1950.0,941.0,NIFTY,2026-08-11,24350.0,CE,3
2026-07-22 06:50:00+00:00,139.85,147.15,139.85,147.15,1430.0,466.0,NIFTY,2026-08-11,24350.0,CE,3
2026-07-22 06:55:00+00:00,147.55,148.55,147.55,148.55,260.0,232.0,NIFTY,2026-08-11,24350.0,CE,3
2026-07-22 07:00:00+00:00,144.35,144.35,143.65,143.65,195.0,231.0,NIFTY,2026-08-11,24350.0,CE,3
2026-07-22 07:05:00+00:00,145.35,145.35,145.2,145.2,325.0,232.0,NIFTY,2026-08-11,24350.0,CE,3
2026-07-22 07:10:00+00:00,142.65,146.95,142.65,146.9,1235.0,699.0,NIFTY,2026-08-11,24350.0,CE,3
2026-07-22 07:15:00+00:00,147.15,155.2,147.0,152.2,2470.0,911.0,NIFTY,2026-08-11,24350.0,CE,3
2026-07-22 07:20:00+00:00,155.05,155.05,151.5,151.5,195.0,219.0,NIFTY,2026-08-11,24350.0,CE,3
2026-07-22 07:25:00+00:00,152.7,152.7,152.7,152.7,65.0,,NIFTY,2026-08-11,24350.0,CE,3
2026-07-22 07:30:00+00:00,147.3,147.3,145.65,145.65,130.0,440.0,NIFTY,2026-08-11,24350.0,CE,3
2026-07-22 07:40:00+00:00,146.5,146.5,142.95,142.95,325.0,221.0,NIFTY,2026-08-11,24350.0,CE,3
2026-07-22 07:45:00+00:00,146.0,146.0,146.0,146.0,65.0,223.0,NIFTY,2026-08-11,24350.0,CE,3
2026-07-22 07:50:00+00:00,147.8,147.8,147.8,147.8,65.0,,NIFTY,2026-08-11,24350.0,CE,3
2026-07-22 08:05:00+00:00,152.15,159.75,152.15,155.05,1625.0,445.0,NIFTY,2026-08-11,24350.0,CE,3
2026-07-22 08:10:00+00:00,151.85,151.85,148.4,149.4,520.0,447.0,NIFTY,2026-08-11,24350.0,CE,3
2026-07-22 08:15:00+00:00,149.7,149.7,149.7,149.7,260.0,224.0,NIFTY,2026-08-11,24350.0,CE,3
2026-07-22 08:25:00+00:00,146.9,146.9,146.75,146.75,195.0,225.0,NIFTY,2026-08-11,24350.0,CE,3
2026-07-22 08:30:00+00:00,147.55,147.55,145.4,145.4,2860.0,679.0,NIFTY,2026-08-11,24350.0,CE,3
2026-07-22 08:35:00+00:00,145.4,146.4,145.4,146.4,195.0,495.0,NIFTY,2026-08-11,24350.0,CE,3
2026-07-22 08:45:00+00:00,149.0,149.0,148.05,148.05,260.0,247.0,NIFTY,2026-08-11,24350.0,CE,3
2026-07-22 08:55:00+00:00,143.85,143.85,143.85,143.85,130.0,247.0,NIFTY,2026-08-11,24350.0,CE,3
2026-07-22 09:00:00+00:00,146.15,146.15,146.15,146.15,65.0,248.0,NIFTY,2026-08-11,24350.0,CE,3
2026-07-22 09:10:00+00:00,146.15,146.25,146.15,146.25,130.0,247.0,NIFTY,2026-08-11,24350.0,CE,3
2026-07-22 09:15:00+00:00,146.4,146.4,146.4,146.4,260.0,494.0,NIFTY,2026-08-11,24350.0,CE,3
2026-07-22 09:20:00+00:00,146.9,149.9,146.9,149.85,520.0,749.0,NIFTY,2026-08-11,24350.0,CE,3
2026-07-22 09:25:00+00:00,148.55,148.55,145.0,145.0,520.0,501.0,NIFTY,2026-08-11,24350.0,CE,3
2026-07-22 09:30:00+00:00,144.25,144.25,144.25,144.25,65.0,,NIFTY,2026-08-11,24350.0,CE,3
2026-07-22 09:35:00+00:00,148.55,149.0,147.35,149.0,260.0,503.0,NIFTY,2026-08-11,24350.0,CE,3
2026-07-22 09:40:00+00:00,150.5,154.15,150.5,153.45,390.0,,NIFTY,2026-08-11,24350.0,CE,3
2026-07-22 09:45:00+00:00,153.1,153.1,150.95,150.95,455.0,252.0,NIFTY,2026-08-11,24350.0,CE,3
2026-07-22 09:50:00+00:00,151.2,151.7,149.0,151.3,1885.0,763.0,NIFTY,2026-08-11,24350.0,CE,3
2026-07-22 09:55:00+00:00,152.0,152.45,149.5,149.5,715.0,261.0,NIFTY,2026-08-11,24350.0,CE,3
2026-07-23 03:45:00+00:00,125.7,125.7,120.1,125.0,780.0,255.0,NIFTY,2026-08-11,24350.0,CE,3
2026-07-23 03:50:00+00:00,126.2,132.35,126.2,132.3,650.0,755.0,NIFTY,2026-08-11,24350.0,CE,3
2026-07-23 03:55:00+00:00,133.5,133.5,125.75,125.75,1235.0,754.0,NIFTY,2026-08-11,24350.0,CE,3
2026-07-23 04:00:00+00:00,123.65,128.0,123.4,123.7,1365.0,759.0,NIFTY,2026-08-11,24350.0,CE,3
2026-07-23 04:05:00+00:00,124.25,124.25,118.95,123.5,2795.0,253.0,NIFTY,2026-08-11,24350.0,CE,3
2026-07-23 04:10:00+00:00,120.0,122.0,119.2,122.0,1560.0,960.0,NIFTY,2026-08-11,24350.0,CE,3
2026-07-23 04:15:00+00:00,124.85,124.85,121.0,121.0,325.0,473.0,NIFTY,2026-08-11,24350.0,CE,3
2026-07-23 04:20:00+00:00,122.75,122.75,122.75,122.75,390.0,,NIFTY,2026-08-11,24350.0,CE,3
2026-07-23 04:25:00+00:00,125.5,126.95,125.5,126.65,325.0,239.0,NIFTY,2026-08-11,24350.0,CE,3
2026-07-23 04:30:00+00:00,131.0,132.0,131.0,131.75,195.0,237.0,NIFTY,2026-08-11,24350.0,CE,3
2026-07-23 04:35:00+00:00,128.7,136.0,128.7,136.0,390.0,236.0,NIFTY,2026-08-11,24350.0,CE,3
2026-07-23 04:40:00+00:00,132.9,133.8,132.9,133.8,195.0,,NIFTY,2026-08-11,24350.0,CE,3
2026-07-23 04:50:00+00:00,129.85,129.85,129.75,129.75,195.0,235.0,NIFTY,2026-08-11,24350.0,CE,3
2026-07-23 05:00:00+00:00,131.95,131.95,131.95,131.95,65.0,235.0,NIFTY,2026-08-11,24350.0,CE,3
2026-07-23 05:05:00+00:00,134.05,134.1,133.15,133.95,260.0,,NIFTY,2026-08-11,24350.0,CE,3
2026-07-23 05:15:00+00:00,135.0,135.0,135.0,135.0,130.0,234.0,NIFTY,2026-08-11,24350.0,CE,3
2026-07-23 05:30:00+00:00,134.95,135.0,134.95,135.0,260.0,235.0,NIFTY,2026-08-11,24350.0,CE,3
2026-07-23 05:35:00+00:00,133.7,134.0,133.7,134.0,130.0,473.0,NIFTY,2026-08-11,24350.0,CE,3
2026-07-23 05:40:00+00:00,132.45,132.45,132.45,132.45,520.0,,NIFTY,2026-08-11,24350.0,CE,3
2026-07-23 05:50:00+00:00,125.85,125.85,123.2,123.2,520.0,724.0,NIFTY,2026-08-11,24350.0,CE,3
2026-07-23 05:55:00+00:00,123.2,123.25,122.65,122.65,195.0,488.0,NIFTY,2026-08-11,24350.0,CE,3
2026-07-23 06:00:00+00:00,122.65,122.65,122.65,122.65,130.0,243.0,NIFTY,2026-08-11,24350.0,CE,3
2026-07-23 06:05:00+00:00,121.0,121.0,121.0,121.0,65.0,244.0,NIFTY,2026-08-11,24350.0,CE,3
2026-07-23 06:10:00+00:00,121.95,122.6,121.95,122.6,520.0,243.0,NIFTY,2026-08-11,24350.0,CE,3
2026-07-23 06:20:00+00:00,118.55,118.55,118.55,118.55,65.0,244.0,NIFTY,2026-08-11,24350.0,CE,3
2026-07-23 06:25:00+00:00,120.75,120.75,119.25,119.65,455.0,,NIFTY,2026-08-11,24350.0,CE,3
2026-07-23 06:30:00+00:00,125.35,125.45,125.35,125.45,130.0,,NIFTY,2026-08-11,24350.0,CE,3
2026-07-23 06:40:00+00:00,123.6,123.6,119.9,119.9,195.0,492.0,NIFTY,2026-08-11,24350.0,CE,3
2026-07-23 06:50:00+00:00,118.8,118.8,116.65,116.65,390.0,246.0,NIFTY,2026-08-11,24350.0,CE,3
2026-07-23 06:55:00+00:00,115.05,115.05,115.05,115.05,325.0,249.0,NIFTY,2026-08-11,24350.0,CE,3
2026-07-23 07:00:00+00:00,112.05,112.05,107.8,109.25,520.0,983.0,NIFTY,2026-08-11,24350.0,CE,3
2026-07-23 07:05:00+00:00,109.6,109.6,108.25,108.25,585.0,241.0,NIFTY,2026-08-11,24350.0,CE,3
2026-07-23 07:10:00+00:00,105.0,105.85,100.45,101.6,1365.0,959.0,NIFTY,2026-08-11,24350.0,CE,3
2026-07-23 07:15:00+00:00,101.9,104.0,101.5,103.0,455.0,725.0,NIFTY,2026-08-11,24350.0,CE,3
2026-07-23 07:20:00+00:00,102.85,102.85,102.85,102.85,65.0,241.0,NIFTY,2026-08-11,24350.0,CE,3
2026-07-23 07:25:00+00:00,104.8,105.0,104.8,104.95,325.0,242.0,NIFTY,2026-08-11,24350.0,CE,3
2026-07-23 07:30:00+00:00,105.6,105.6,102.25,102.25,975.0,489.0,NIFTY,2026-08-11,24350.0,CE,3
2026-07-23 07:35:00+00:00,102.3,102.3,102.1,102.1,390.0,248.0,NIFTY,2026-08-11,24350.0,CE,3
2026-07-23 07:40:00+00:00,100.05,100.25,97.9,100.25,1690.0,754.0,NIFTY,2026-08-11,24350.0,CE,3
2026-07-23 07:45:00+00:00,100.5,103.15,98.8,102.35,1820.0,992.0,NIFTY,2026-08-11,24350.0,CE,3
2026-07-23 07:50:00+00:00,101.75,102.75,101.75,102.75,260.0,247.0,NIFTY,2026-08-11,24350.0,CE,3
2026-07-23 07:55:00+00:00,102.5,103.6,102.3,103.6,455.0,739.0,NIFTY,2026-08-11,24350.0,CE,3
2026-07-23 08:05:00+00:00,102.35,105.0,101.75,105.0,390.0,493.0,NIFTY,2026-08-11,24350.0,CE,3
2026-07-23 08:10:00+00:00,105.35,107.95,105.35,106.0,2535.0,942.0,NIFTY,2026-08-11,24350.0,CE,3
2026-07-23 08:15:00+00:00,105.45,106.75,105.45,106.75,455.0,455.0,NIFTY,2026-08-11,24350.0,CE,3
2026-07-23 08:25:00+00:00,105.7,105.7,105.7,105.7,65.0,228.0,NIFTY,2026-08-11,24350.0,CE,3
2026-07-23 08:30:00+00:00,105.8,105.8,105.8,105.8,65.0,229.0,NIFTY,2026-08-11,24350.0,CE,3
2026-07-23 08:35:00+00:00,106.5,106.5,104.0,104.25,715.0,465.0,NIFTY,2026-08-11,24350.0,CE,3
2026-07-23 08:40:00+00:00,104.0,104.0,104.0,104.0,65.0,235.0,NIFTY,2026-08-11,24350.0,CE,3
2026-07-23 08:50:00+00:00,101.9,105.05,101.9,105.05,4030.0,267.0,NIFTY,2026-08-11,24350.0,CE,3
2026-07-23 09:00:00+00:00,104.8,111.3,104.8,111.3,1170.0,,NIFTY,2026-08-11,24350.0,CE,3
2026-07-23 09:15:00+00:00,100.35,100.35,99.1,99.1,1040.0,533.0,NIFTY,2026-08-11,24350.0,CE,3
2026-07-23 09:20:00+00:00,97.9,100.05,97.9,100.05,715.0,264.0,NIFTY,2026-08-11,24350.0,CE,3
2026-07-23 09:25:00+00:00,101.0,101.55,100.95,101.55,585.0,526.0,NIFTY,2026-08-11,24350.0,CE,3
2026-07-23 09:30:00+00:00,100.7,103.15,100.7,103.15,390.0,527.0,NIFTY,2026-08-11,24350.0,CE,3
2026-07-23 09:35:00+00:00,106.7,107.0,106.7,107.0,130.0,264.0,NIFTY,2026-08-11,24350.0,CE,3
2026-07-23 09:40:00+00:00,105.6,106.45,105.6,106.45,585.0,801.0,NIFTY,2026-08-11,24350.0,CE,3
2026-07-23 09:45:00+00:00,108.6,108.6,105.5,106.75,845.0,813.0,NIFTY,2026-08-11,24350.0,CE,3
2026-07-23 09:50:00+00:00,107.6,107.6,107.6,107.6,195.0,,NIFTY,2026-08-11,24350.0,CE,3
2026-07-23 09:55:00+00:00,108.95,108.95,107.55,107.55,585.0,276.0,NIFTY,2026-08-11,24350.0,CE,3
2026-07-24 03:45:00+00:00,67.8,90.95,67.8,90.55,5070.0,1090.0,NIFTY,2026-08-11,24350.0,CE,3
2026-07-24 03:50:00+00:00,91.2,92.35,86.7,86.7,3900.0,1355.0,NIFTY,2026-08-11,24350.0,CE,3
2026-07-24 03:55:00+00:00,86.4,86.4,81.9,83.75,2925.0,527.0,NIFTY,2026-08-11,24350.0,CE,3
2026-07-24 04:00:00+00:00,85.0,85.2,82.9,84.0,3315.0,1305.0,NIFTY,2026-08-11,24350.0,CE,3
2026-07-24 04:05:00+00:00,83.3,83.5,79.65,79.75,2015.0,814.0,NIFTY,2026-08-11,24350.0,CE,3
2026-07-24 04:10:00+00:00,80.5,80.85,77.7,78.0,1690.0,1333.0,NIFTY,2026-08-11,24350.0,CE,3
2026-07-24 04:15:00+00:00,78.7,79.7,77.0,78.3,4160.0,1318.0,NIFTY,2026-08-11,24350.0,CE,3
2026-07-24 04:20:00+00:00,76.8,78.0,74.95,78.0,1950.0,1295.0,NIFTY,2026-08-11,24350.0,CE,3
2026-07-24 04:25:00+00:00,77.6,77.6,73.2,73.5,5915.0,791.0,NIFTY,2026-08-11,24350.0,CE,3
2026-07-24 04:30:00+00:00,73.75,73.75,71.65,72.65,1235.0,523.0,NIFTY,2026-08-11,24350.0,CE,3
2026-07-24 04:35:00+00:00,71.45,75.25,71.45,75.1,1625.0,772.0,NIFTY,2026-08-11,24350.0,CE,3
2026-07-24 04:40:00+00:00,74.9,74.9,73.7,74.1,585.0,252.0,NIFTY,2026-08-11,24350.0,CE,3
2026-07-24 04:45:00+00:00,74.55,75.55,74.55,75.55,455.0,506.0,NIFTY,2026-08-11,24350.0,CE,3
2026-07-24 04:50:00+00:00,74.25,74.25,73.45,74.15,1040.0,758.0,NIFTY,2026-08-11,24350.0,CE,3
2026-07-24 04:55:00+00:00,73.25,73.75,73.25,73.55,520.0,771.0,NIFTY,2026-08-11,24350.0,CE,3
2026-07-24 05:00:00+00:00,73.5,74.4,72.4,73.15,1235.0,778.0,NIFTY,2026-08-11,24350.0,CE,3
2026-07-24 05:05:00+00:00,74.25,75.55,74.25,74.7,1170.0,766.0,NIFTY,2026-08-11,24350.0,CE,3
2026-07-24 05:10:00+00:00,74.65,76.5,74.5,76.1,585.0,506.0,NIFTY,2026-08-11,24350.0,CE,3
2026-07-24 05:15:00+00:00,76.3,76.45,76.1,76.3,390.0,760.0,NIFTY,2026-08-11,24350.0,CE,3
2026-07-24 05:20:00+00:00,76.4,76.4,74.75,74.75,260.0,254.0,NIFTY,2026-08-11,24350.0,CE,3
2026-07-24 05:25:00+00:00,73.15,73.2,71.7,71.7,455.0,759.0,NIFTY,2026-08-11,24350.0,CE,3
2026-07-24 05:30:00+00:00,72.0,72.35,71.45,72.35,910.0,505.0,NIFTY,2026-08-11,24350.0,CE,3
2026-07-24 05:40:00+00:00,71.15,71.15,71.0,71.0,195.0,,NIFTY,2026-08-11,24350.0,CE,3
2026-07-24 05:45:00+00:00,72.45,74.5,72.45,74.5,520.0,251.0,NIFTY,2026-08-11,24350.0,CE,3
2026-07-24 05:50:00+00:00,74.8,77.25,74.6,76.15,1365.0,752.0,NIFTY,2026-08-11,24350.0,CE,3
2026-07-24 05:55:00+00:00,76.15,76.15,75.25,75.5,780.0,254.0,NIFTY,2026-08-11,24350.0,CE,3
2026-07-24 06:00:00+00:00,73.25,74.15,72.85,73.35,585.0,767.0,NIFTY,2026-08-11,24350.0,CE,3
2026-07-24 06:05:00+00:00,73.95,75.0,73.05,74.75,585.0,762.0,NIFTY,2026-08-11,24350.0,CE,3
2026-07-24 06:10:00+00:00,74.95,76.95,74.95,76.35,910.0,1036.0,NIFTY,2026-08-11,24350.0,CE,3
2026-07-24 06:15:00+00:00,76.9,77.55,76.05,76.95,585.0,1047.0,NIFTY,2026-08-11,24350.0,CE,3
2026-07-24 06:20:00+00:00,77.1,77.7,76.05,76.05,1885.0,1351.0,NIFTY,2026-08-11,24350.0,CE,3
2026-07-24 06:25:00+00:00,75.4,77.4,75.4,75.95,715.0,537.0,NIFTY,2026-08-11,24350.0,CE,3
2026-07-24 06:30:00+00:00,75.05,77.05,74.5,77.05,650.0,804.0,NIFTY,2026-08-11,24350.0,CE,3
2026-07-24 06:35:00+00:00,78.25,78.3,76.65,77.35,455.0,537.0,NIFTY,2026-08-11,24350.0,CE,3
2026-07-24 06:40:00+00:00,76.45,76.45,76.45,76.45,390.0,267.0,NIFTY,2026-08-11,24350.0,CE,3
2026-07-24 06:45:00+00:00,78.0,79.35,77.95,78.05,390.0,805.0,NIFTY,2026-08-11,24350.0,CE,3
2026-07-24 06:50:00+00:00,78.4,82.3,78.4,81.45,1885.0,533.0,NIFTY,2026-08-11,24350.0,CE,3
2026-07-24 06:55:00+00:00,84.65,95.45,84.65,91.65,2340.0,1354.0,NIFTY,2026-08-11,24350.0,CE,3
2026-07-24 07:00:00+00:00,92.55,94.3,86.25,86.25,1690.0,1381.0,NIFTY,2026-08-11,24350.0,CE,3
2026-07-24 07:05:00+00:00,88.0,88.0,84.35,86.25,520.0,848.0,NIFTY,2026-08-11,24350.0,CE,3
2026-07-24 07:10:00+00:00,88.5,94.0,88.5,94.0,520.0,280.0,NIFTY,2026-08-11,24350.0,CE,3
2026-07-24 07:15:00+00:00,93.4,95.3,91.5,95.15,2080.0,832.0,NIFTY,2026-08-11,24350.0,CE,3
2026-07-24 07:20:00+00:00,94.55,97.6,94.55,97.6,780.0,278.0,NIFTY,2026-08-11,24350.0,CE,3
2026-07-24 07:25:00+00:00,94.45,99.1,94.45,94.95,910.0,817.0,NIFTY,2026-08-11,24350.0,CE,3
2026-07-24 07:30:00+00:00,95.0,95.05,88.3,88.9,845.0,1352.0,NIFTY,2026-08-11,24350.0,CE,3
2026-07-24 07:35:00+00:00,88.65,88.65,86.5,87.2,520.0,268.0,NIFTY,2026-08-11,24350.0,CE,3
2026-07-24 07:40:00+00:00,88.0,88.05,88.0,88.05,260.0,269.0,NIFTY,2026-08-11,24350.0,CE,3
2026-07-24 07:45:00+00:00,89.65,91.65,89.6,91.65,455.0,536.0,NIFTY,2026-08-11,24350.0,CE,3
2026-07-24 07:50:00+00:00,93.0,95.05,91.5,95.05,715.0,536.0,NIFTY,2026-08-11,24350.0,CE,3
2026-07-24 07:55:00+00:00,95.05,95.05,95.05,95.05,65.0,273.0,NIFTY,2026-08-11,24350.0,CE,3
2026-07-24 08:00:00+00:00,86.7,88.1,86.55,86.55,390.0,542.0,NIFTY,2026-08-11,24350.0,CE,3
2026-07-24 08:05:00+00:00,84.75,87.05,84.75,87.05,455.0,1075.0,NIFTY,2026-08-11,24350.0,CE,3
2026-07-24 08:10:00+00:00,83.0,84.35,80.6,81.85,715.0,797.0,NIFTY,2026-08-11,24350.0,CE,3
2026-07-24 08:15:00+00:00,82.25,84.75,82.25,84.75,195.0,265.0,NIFTY,2026-08-11,24350.0,CE,3
2026-07-24 08:20:00+00:00,86.4,87.35,85.65,87.35,325.0,265.0,NIFTY,2026-08-11,24350.0,CE,3
2026-07-24 08:25:00+00:00,92.75,92.75,92.75,92.75,65.0,263.0,NIFTY,2026-08-11,24350.0,CE,3
2026-07-24 08:30:00+00:00,93.45,98.55,93.45,98.55,455.0,1055.0,NIFTY,2026-08-11,24350.0,CE,3
2026-07-24 08:35:00+00:00,95.7,95.7,93.95,93.95,520.0,528.0,NIFTY,2026-08-11,24350.0,CE,3
2026-07-24 08:40:00+00:00,91.85,91.85,91.85,91.85,65.0,,NIFTY,2026-08-11,24350.0,CE,3
2026-07-24 08:45:00+00:00,93.7,94.85,91.9,91.9,1170.0,795.0,NIFTY,2026-08-11,24350.0,CE,3
2026-07-24 08:50:00+00:00,89.65,89.65,87.25,87.5,845.0,536.0,NIFTY,2026-08-11,24350.0,CE,3
2026-07-24 08:55:00+00:00,87.25,90.75,87.25,89.9,585.0,794.0,NIFTY,2026-08-11,24350.0,CE,3
2026-07-24 09:10:00+00:00,89.6,89.6,89.6,89.6,130.0,265.0,NIFTY,2026-08-11,24350.0,CE,3
2026-07-24 09:15:00+00:00,87.9,89.65,87.8,89.65,455.0,520.0,NIFTY,2026-08-11,24350.0,CE,3
2026-07-24 09:20:00+00:00,89.2,92.0,89.2,92.0,845.0,1015.0,NIFTY,2026-08-11,24350.0,CE,3
2026-07-24 09:25:00+00:00,88.4,89.0,88.4,88.5,390.0,752.0,NIFTY,2026-08-11,24350.0,CE,3
2026-07-24 09:30:00+00:00,88.75,89.65,83.7,85.35,1430.0,256.0,NIFTY,2026-08-11,24350.0,CE,3
2026-07-24 09:35:00+00:00,85.4,88.05,84.6,86.1,1170.0,521.0,NIFTY,2026-08-11,24350.0,CE,3
2026-07-24 09:40:00+00:00,84.8,89.5,84.75,89.5,520.0,528.0,NIFTY,2026-08-11,24350.0,CE,3
2026-07-24 09:45:00+00:00,88.15,88.15,85.45,85.45,195.0,783.0,NIFTY,2026-08-11,24350.0,CE,3
2026-07-24 09:50:00+00:00,88.0,88.45,86.75,86.8,1690.0,522.0,NIFTY,2026-08-11,24350.0,CE,3
2026-07-24 09:55:00+00:00,87.55,88.45,87.1,87.1,1105.0,789.0,NIFTY,2026-08-11,24350.0,CE,3
2026-07-27 03:45:00+00:00,100.0,111.25,95.4,99.5,7670.0,975.0,NIFTY,2026-08-11,24350.0,CE,3
2026-07-27 03:50:00+00:00,98.1,104.3,98.1,100.3,3185.0,978.0,NIFTY,2026-08-11,24350.0,CE,3
2026-07-27 03:55:00+00:00,98.1,101.65,96.25,101.6,2730.0,964.0,NIFTY,2026-08-11,24350.0,CE,3
2026-07-27 04:00:00+00:00,101.15,101.15,98.0,98.85,845.0,721.0,NIFTY,2026-08-11,24350.0,CE,3
2026-07-27 04:05:00+00:00,98.9,101.0,98.7,101.0,715.0,726.0,NIFTY,2026-08-11,24350.0,CE,3
2026-07-27 04:10:00+00:00,101.0,101.0,101.0,101.0,65.0,243.0,NIFTY,2026-08-11,24350.0,CE,3
2026-07-27 04:15:00+00:00,102.35,102.35,99.95,101.65,520.0,1213.0,NIFTY,2026-08-11,24350.0,CE,3
2026-07-27 04:20:00+00:00,99.85,100.15,96.25,97.55,715.0,978.0,NIFTY,2026-08-11,24350.0,CE,3
2026-07-27 04:25:00+00:00,94.45,97.0,94.45,97.0,975.0,495.0,NIFTY,2026-08-11,24350.0,CE,3
2026-07-27 04:30:00+00:00,97.6,97.6,97.6,97.6,65.0,249.0,NIFTY,2026-08-11,24350.0,CE,3
2026-07-27 04:35:00+00:00,94.5,95.4,94.0,94.0,325.0,501.0,NIFTY,2026-08-11,24350.0,CE,3
2026-07-27 04:40:00+00:00,94.55,97.95,94.55,97.95,195.0,252.0,NIFTY,2026-08-11,24350.0,CE,3
2026-07-27 04:45:00+00:00,98.15,98.3,96.15,96.4,1560.0,767.0,NIFTY,2026-08-11,24350.0,CE,3
2026-07-27 04:50:00+00:00,95.1,95.15,93.85,93.85,390.0,512.0,NIFTY,2026-08-11,24350.0,CE,3
2026-07-27 04:55:00+00:00,94.0,94.85,94.0,94.65,325.0,256.0,NIFTY,2026-08-11,24350.0,CE,3
2026-07-27 05:00:00+00:00,94.45,95.05,94.0,94.0,715.0,512.0,NIFTY,2026-08-11,24350.0,CE,3
2026-07-27 05:05:00+00:00,94.65,94.65,88.95,90.25,3055.0,501.0,NIFTY,2026-08-11,24350.0,CE,3
2026-07-27 05:10:00+00:00,91.5,95.45,91.5,95.1,455.0,497.0,NIFTY,2026-08-11,24350.0,CE,3
2026-07-27 05:15:00+00:00,96.05,96.85,95.75,95.75,195.0,247.0,NIFTY,2026-08-11,24350.0,CE,3
2026-07-27 05:20:00+00:00,94.5,95.75,94.3,95.3,325.0,498.0,NIFTY,2026-08-11,24350.0,CE,3
2026-07-27 05:25:00+00:00,94.0,97.5,94.0,97.5,2145.0,1010.0,NIFTY,2026-08-11,24350.0,CE,3
2026-07-27 05:30:00+00:00,96.1,96.1,96.1,96.1,65.0,254.0,NIFTY,2026-08-11,24350.0,CE,3
2026-07-27 05:35:00+00:00,97.05,97.05,97.05,97.05,65.0,,NIFTY,2026-08-11,24350.0,CE,3
2026-07-27 05:40:00+00:00,94.65,94.65,94.65,94.65,65.0,,NIFTY,2026-08-11,24350.0,CE,3
2026-07-27 05:45:00+00:00,95.35,95.45,94.4,95.45,1430.0,515.0,NIFTY,2026-08-11,24350.0,CE,3
2026-07-27 05:50:00+00:00,98.05,98.4,96.4,98.3,2405.0,521.0,NIFTY,2026-08-11,24350.0,CE,3
2026-07-27 05:55:00+00:00,99.0,100.7,99.0,100.7,520.0,799.0,NIFTY,2026-08-11,24350.0,CE,3
2026-07-27 06:00:00+00:00,100.65,100.65,98.4,98.5,1235.0,810.0,NIFTY,2026-08-11,24350.0,CE,3
2026-07-27 06:05:00+00:00,98.25,98.25,97.35,97.35,130.0,267.0,NIFTY,2026-08-11,24350.0,CE,3
2026-07-27 06:10:00+00:00,99.4,99.4,99.2,99.2,325.0,267.0,NIFTY,2026-08-11,24350.0,CE,3
2026-07-27 06:15:00+00:00,99.85,100.15,99.85,100.0,325.0,803.0,NIFTY,2026-08-11,24350.0,CE,3
2026-07-27 06:20:00+00:00,99.7,99.7,99.3,99.3,325.0,265.0,NIFTY,2026-08-11,24350.0,CE,3
2026-07-27 06:25:00+00:00,100.0,102.0,100.0,100.2,455.0,265.0,NIFTY,2026-08-11,24350.0,CE,3
2026-07-27 06:30:00+00:00,99.95,99.95,99.65,99.65,195.0,528.0,NIFTY,2026-08-11,24350.0,CE,3
2026-07-27 06:35:00+00:00,97.6,98.9,97.6,98.9,455.0,263.0,NIFTY,2026-08-11,24350.0,CE,3
2026-07-27 06:40:00+00:00,97.25,99.8,97.25,99.75,260.0,532.0,NIFTY,2026-08-11,24350.0,CE,3
2026-07-27 06:45:00+00:00,98.9,100.65,98.9,100.3,650.0,532.0,NIFTY,2026-08-11,24350.0,CE,3
2026-07-27 06:50:00+00:00,100.0,100.0,99.0,99.55,455.0,533.0,NIFTY,2026-08-11,24350.0,CE,3
2026-07-27 07:00:00+00:00,99.5,101.4,99.5,100.05,1235.0,1067.0,NIFTY,2026-08-11,24350.0,CE,3
2026-07-27 07:05:00+00:00,100.0,100.0,99.0,99.0,455.0,1085.0,NIFTY,2026-08-11,24350.0,CE,3
2026-07-27 07:10:00+00:00,98.6,98.6,97.15,98.45,975.0,269.0,NIFTY,2026-08-11,24350.0,CE,3
2026-07-27 07:15:00+00:00,97.5,99.3,97.5,99.3,455.0,271.0,NIFTY,2026-08-11,24350.0,CE,3
2026-07-27 07:20:00+00:00,100.05,100.05,97.5,97.5,260.0,271.0,NIFTY,2026-08-11,24350.0,CE,3
2026-07-27 07:25:00+00:00,96.65,96.65,96.65,96.65,65.0,273.0,NIFTY,2026-08-11,24350.0,CE,3
2026-07-27 07:30:00+00:00,98.2,99.95,98.2,99.95,325.0,272.0,NIFTY,2026-08-11,24350.0,CE,3
2026-07-27 07:35:00+00:00,100.05,102.4,98.95,98.95,585.0,542.0,NIFTY,2026-08-11,24350.0,CE,3
2026-07-27 07:40:00+00:00,99.75,102.85,99.25,100.15,1690.0,819.0,NIFTY,2026-08-11,24350.0,CE,3
2026-07-27 07:45:00+00:00,103.25,103.25,101.55,101.55,195.0,557.0,NIFTY,2026-08-11,24350.0,CE,3
2026-07-27 07:50:00+00:00,102.0,102.0,102.0,102.0,65.0,,NIFTY,2026-08-11,24350.0,CE,3
2026-07-27 07:55:00+00:00,98.0,98.0,96.15,96.15,130.0,278.0,NIFTY,2026-08-11,24350.0,CE,3
2026-07-27 08:00:00+00:00,96.05,96.05,96.0,96.0,455.0,,NIFTY,2026-08-11,24350.0,CE,3
2026-07-27 08:05:00+00:00,92.0,95.45,90.0,95.45,910.0,830.0,NIFTY,2026-08-11,24350.0,CE,3
2026-07-27 08:10:00+00:00,95.45,95.45,95.35,95.35,455.0,277.0,NIFTY,2026-08-11,24350.0,CE,3
2026-07-27 08:15:00+00:00,96.35,97.3,96.35,97.3,195.0,276.0,NIFTY,2026-08-11,24350.0,CE,3
2026-07-27 08:20:00+00:00,97.8,97.8,97.2,97.8,260.0,553.0,NIFTY,2026-08-11,24350.0,CE,3
2026-07-27 08:30:00+00:00,100.9,101.2,100.75,101.2,715.0,554.0,NIFTY,2026-08-11,24350.0,CE,3
2026-07-27 08:35:00+00:00,104.0,104.0,103.8,103.8,130.0,278.0,NIFTY,2026-08-11,24350.0,CE,3
2026-07-27 08:40:00+00:00,103.55,106.0,103.25,103.85,1105.0,830.0,NIFTY,2026-08-11,24350.0,CE,3
2026-07-27 08:45:00+00:00,105.75,105.75,103.15,103.75,1430.0,821.0,NIFTY,2026-08-11,24350.0,CE,3
2026-07-27 08:50:00+00:00,104.3,104.45,104.0,104.0,455.0,820.0,NIFTY,2026-08-11,24350.0,CE,3
2026-07-27 08:55:00+00:00,104.9,109.5,104.9,108.55,2860.0,1116.0,NIFTY,2026-08-11,24350.0,CE,3
2026-07-27 09:00:00+00:00,106.8,109.8,105.55,105.55,2990.0,572.0,NIFTY,2026-08-11,24350.0,CE,3
2026-07-27 09:05:00+00:00,106.2,107.7,104.85,107.7,390.0,863.0,NIFTY,2026-08-11,24350.0,CE,3
2026-07-27 09:10:00+00:00,105.05,105.1,105.05,105.1,130.0,289.0,NIFTY,2026-08-11,24350.0,CE,3
2026-07-27 09:15:00+00:00,107.05,108.3,107.0,107.65,520.0,1162.0,NIFTY,2026-08-11,24350.0,CE,3
2026-07-27 09:20:00+00:00,109.4,109.4,107.0,107.0,650.0,880.0,NIFTY,2026-08-11,24350.0,CE,3
2026-07-27 09:25:00+00:00,108.7,108.7,108.7,108.7,65.0,293.0,NIFTY,2026-08-11,24350.0,CE,3
2026-07-27 09:30:00+00:00,105.85,110.4,105.15,107.6,1950.0,900.0,NIFTY,2026-08-11,24350.0,CE,3
2026-07-27 09:35:00+00:00,107.75,109.15,107.0,108.7,1170.0,911.0,NIFTY,2026-08-11,24350.0,CE,3
2026-07-27 09:40:00+00:00,108.55,109.95,107.8,108.8,1300.0,1234.0,NIFTY,2026-08-11,24350.0,CE,3
2026-07-27 09:45:00+00:00,109.3,109.95,108.1,109.1,2275.0,1554.0,NIFTY,2026-08-11,24350.0,CE,3
2026-07-27 09:50:00+00:00,109.05,111.4,109.05,111.35,1105.0,932.0,NIFTY,2026-08-11,24350.0,CE,3
2026-07-27 09:55:00+00:00,110.4,113.5,109.85,113.5,5460.0,1266.0,NIFTY,2026-08-11,24350.0,CE,3
2026-07-28 03:45:00+00:00,113.5,113.5,93.6,105.85,4485.0,1587.0,NIFTY,2026-08-11,24350.0,CE,3
2026-07-28 03:50:00+00:00,106.9,106.9,100.25,100.65,8515.0,1343.0,NIFTY,2026-08-11,24350.0,CE,3
2026-07-28 03:55:00+00:00,100.8,102.5,96.9,101.05,6695.0,685.0,NIFTY,2026-08-11,24350.0,CE,3
2026-07-28 04:00:00+00:00,99.45,102.6,95.15,96.65,1105.0,1056.0,NIFTY,2026-08-11,24350.0,CE,3
2026-07-28 04:05:00+00:00,96.45,102.6,96.45,100.5,1625.0,1062.0,NIFTY,2026-08-11,24350.0,CE,3
2026-07-28 04:10:00+00:00,101.0,101.95,99.9,100.75,1300.0,1080.0,NIFTY,2026-08-11,24350.0,CE,3
2026-07-28 04:15:00+00:00,99.9,99.9,96.6,96.75,1365.0,1083.0,NIFTY,2026-08-11,24350.0,CE,3
2026-07-28 04:20:00+00:00,97.3,97.95,93.85,97.95,1560.0,728.0,NIFTY,2026-08-11,24350.0,CE,3
2026-07-28 04:25:00+00:00,97.1,99.1,96.2,98.05,1170.0,725.0,NIFTY,2026-08-11,24350.0,CE,3
2026-07-28 04:30:00+00:00,95.05,96.1,88.9,89.25,2795.0,1452.0,NIFTY,2026-08-11,24350.0,CE,3
2026-07-28 04:35:00+00:00,89.9,92.0,88.7,91.0,2145.0,1440.0,NIFTY,2026-08-11,24350.0,CE,3
2026-07-28 04:40:00+00:00,90.8,92.45,87.95,91.95,4355.0,1101.0,NIFTY,2026-08-11,24350.0,CE,3
2026-07-28 04:45:00+00:00,93.0,95.35,93.0,95.1,520.0,382.0,NIFTY,2026-08-11,24350.0,CE,3
2026-07-28 04:50:00+00:00,90.9,92.0,90.9,92.0,2665.0,,NIFTY,2026-08-11,24350.0,CE,3
2026-07-28 04:55:00+00:00,91.8,92.0,91.8,92.0,195.0,403.0,NIFTY,2026-08-11,24350.0,CE,3
2026-07-28 05:00:00+00:00,96.3,96.3,95.25,95.25,390.0,403.0,NIFTY,2026-08-11,24350.0,CE,3
2026-07-28 05:05:00+00:00,94.7,100.0,94.7,98.6,1040.0,1630.0,NIFTY,2026-08-11,24350.0,CE,3
2026-07-28 05:10:00+00:00,100.0,101.35,99.95,101.1,845.0,1231.0,NIFTY,2026-08-11,24350.0,CE,3
2026-07-28 05:15:00+00:00,102.8,102.8,101.45,102.0,910.0,820.0,NIFTY,2026-08-11,24350.0,CE,3
2026-07-28 05:20:00+00:00,102.65,103.3,100.35,103.3,4095.0,2061.0,NIFTY,2026-08-11,24350.0,CE,3
2026-07-28 05:25:00+00:00,103.3,103.3,101.8,102.0,585.0,1226.0,NIFTY,2026-08-11,24350.0,CE,3
2026-07-28 05:30:00+00:00,101.25,102.05,97.55,97.55,2860.0,830.0,NIFTY,2026-08-11,24350.0,CE,3
2026-07-28 05:35:00+00:00,97.6,99.5,97.15,99.0,4355.0,1279.0,NIFTY,2026-08-11,24350.0,CE,3
2026-07-28 05:40:00+00:00,98.0,98.0,96.3,97.8,910.0,1776.0,NIFTY,2026-08-11,24350.0,CE,3
2026-07-28 05:45:00+00:00,96.8,102.3,96.8,100.8,390.0,887.0,NIFTY,2026-08-11,24350.0,CE,3
2026-07-28 05:50:00+00:00,99.3,99.3,97.95,98.05,520.0,891.0,NIFTY,2026-08-11,24350.0,CE,3
2026-07-28 05:55:00+00:00,99.65,99.65,98.1,98.1,390.0,895.0,NIFTY,2026-08-11,24350.0,CE,3
2026-07-28 06:00:00+00:00,98.95,98.95,96.45,96.45,715.0,897.0,NIFTY,2026-08-11,24350.0,CE,3
2026-07-28 06:05:00+00:00,97.95,98.7,97.95,98.7,455.0,449.0,NIFTY,2026-08-11,24350.0,CE,3
2026-07-28 06:10:00+00:00,98.7,102.15,98.7,101.45,715.0,901.0,NIFTY,2026-08-11,24350.0,CE,3
2026-07-28 06:15:00+00:00,101.5,105.3,101.0,104.5,4225.0,2280.0,NIFTY,2026-08-11,24350.0,CE,3
2026-07-28 06:20:00+00:00,102.75,102.75,98.25,99.55,1365.0,466.0,NIFTY,2026-08-11,24350.0,CE,3
2026-07-28 06:25:00+00:00,99.6,99.7,96.95,99.7,1040.0,937.0,NIFTY,2026-08-11,24350.0,CE,3
2026-07-28 06:30:00+00:00,98.65,98.65,96.9,97.55,585.0,,NIFTY,2026-08-11,24350.0,CE,3
2026-07-28 06:35:00+00:00,98.9,102.0,98.9,101.3,1235.0,945.0,NIFTY,2026-08-11,24350.0,CE,3
2026-07-28 06:40:00+00:00,102.1,103.55,102.1,102.7,1235.0,473.0,NIFTY,2026-08-11,24350.0,CE,3
2026-07-28 06:45:00+00:00,103.1,103.1,100.0,100.15,11180.0,2452.0,NIFTY,2026-08-11,24350.0,CE,3
2026-07-28 06:50:00+00:00,100.5,101.9,100.0,101.1,4225.0,1676.0,NIFTY,2026-08-11,24350.0,CE,3
2026-07-28 06:55:00+00:00,101.95,103.35,100.5,103.1,1235.0,1703.0,NIFTY,2026-08-11,24350.0,CE,3
2026-07-28 07:00:00+00:00,102.55,103.05,101.05,101.05,585.0,2310.0,NIFTY,2026-08-11,24350.0,CE,3
2026-07-28 07:05:00+00:00,98.85,101.65,98.05,101.65,325.0,1159.0,NIFTY,2026-08-11,24350.0,CE,3
2026-07-28 07:10:00+00:00,100.75,100.75,100.75,100.75,195.0,,NIFTY,2026-08-11,24350.0,CE,3
2026-07-28 07:15:00+00:00,101.4,101.7,100.0,100.0,845.0,1165.0,NIFTY,2026-08-11,24350.0,CE,3
2026-07-28 07:20:00+00:00,99.9,100.7,99.9,100.05,325.0,586.0,NIFTY,2026-08-11,24350.0,CE,3
2026-07-28 07:25:00+00:00,100.35,100.35,97.35,97.35,975.0,1178.0,NIFTY,2026-08-11,24350.0,CE,3
2026-07-28 07:30:00+00:00,98.9,98.9,97.5,97.55,1040.0,2384.0,NIFTY,2026-08-11,24350.0,CE,3
2026-07-28 07:35:00+00:00,98.0,98.8,98.0,98.8,260.0,598.0,NIFTY,2026-08-11,24350.0,CE,3
2026-07-28 07:40:00+00:00,96.4,96.4,93.3,93.8,2405.0,1810.0,NIFTY,2026-08-11,24350.0,CE,3
2026-07-28 07:45:00+00:00,92.2,92.35,88.75,91.6,2925.0,3655.0,NIFTY,2026-08-11,24350.0,CE,3
2026-07-28 07:50:00+00:00,92.55,95.05,92.55,95.05,455.0,1218.0,NIFTY,2026-08-11,24350.0,CE,3
2026-07-28 07:55:00+00:00,94.4,94.65,92.45,92.45,195.0,610.0,NIFTY,2026-08-11,24350.0,CE,3
2026-07-28 08:00:00+00:00,92.9,94.55,92.9,94.55,195.0,1218.0,NIFTY,2026-08-11,24350.0,CE,3
2026-07-28 08:05:00+00:00,94.0,94.65,92.3,92.3,195.0,1824.0,NIFTY,2026-08-11,24350.0,CE,3
2026-07-28 08:10:00+00:00,92.25,93.35,91.65,93.3,715.0,1213.0,NIFTY,2026-08-11,24350.0,CE,3
2026-07-28 08:15:00+00:00,92.25,92.9,91.55,91.85,325.0,606.0,NIFTY,2026-08-11,24350.0,CE,3
2026-07-28 08:20:00+00:00,94.05,96.95,93.95,96.95,3120.0,2464.0,NIFTY,2026-08-11,24350.0,CE,3
2026-07-28 08:25:00+00:00,97.25,97.25,95.3,95.75,1040.0,1246.0,NIFTY,2026-08-11,24350.0,CE,3
2026-07-28 08:30:00+00:00,97.0,97.0,95.65,96.15,390.0,,NIFTY,2026-08-11,24350.0,CE,3
2026-07-28 08:35:00+00:00,97.0,97.0,95.6,96.0,390.0,1861.0,NIFTY,2026-08-11,24350.0,CE,3
2026-07-28 08:40:00+00:00,96.0,96.0,94.1,94.1,780.0,1864.0,NIFTY,2026-08-11,24350.0,CE,3
2026-07-28 08:45:00+00:00,94.9,95.0,94.65,95.0,520.0,1873.0,NIFTY,2026-08-11,24350.0,CE,3
2026-07-28 08:50:00+00:00,94.75,95.8,92.9,92.9,1365.0,2507.0,NIFTY,2026-08-11,24350.0,CE,3
2026-07-28 08:55:00+00:00,94.15,95.0,92.95,93.9,3640.0,1242.0,NIFTY,2026-08-11,24350.0,CE,3
2026-07-28 09:00:00+00:00,92.85,94.35,91.4,92.65,2340.0,1879.0,NIFTY,2026-08-11,24350.0,CE,3
2026-07-28 09:05:00+00:00,93.55,95.35,93.55,95.0,520.0,629.0,NIFTY,2026-08-11,24350.0,CE,3
2026-07-28 09:10:00+00:00,95.8,95.8,95.8,95.8,130.0,630.0,NIFTY,2026-08-11,24350.0,CE,3
2026-07-28 09:15:00+00:00,92.8,94.0,92.5,93.65,2340.0,2518.0,NIFTY,2026-08-11,24350.0,CE,3
2026-07-28 09:20:00+00:00,92.7,92.7,92.7,92.7,195.0,,NIFTY,2026-08-11,24350.0,CE,3
2026-07-28 09:25:00+00:00,93.7,93.7,92.2,92.45,910.0,1265.0,NIFTY,2026-08-11,24350.0,CE,3
2026-07-28 09:30:00+00:00,94.2,94.2,88.65,90.9,2145.0,3170.0,NIFTY,2026-08-11,24350.0,CE,3
2026-07-28 09:35:00+00:00,91.35,93.4,91.35,93.35,3120.0,2535.0,NIFTY,2026-08-11,24350.0,CE,3
2026-07-28 09:40:00+00:00,92.6,92.6,90.15,92.35,2080.0,1914.0,NIFTY,2026-08-11,24350.0,CE,3
2026-07-28 09:45:00+00:00,92.75,96.95,92.75,96.95,4745.0,2571.0,NIFTY,2026-08-11,24350.0,CE,3
2026-07-28 09:50:00+00:00,97.05,100.3,96.75,96.75,8255.0,2553.0,NIFTY,2026-08-11,24350.0,CE,3
2026-07-28 09:55:00+00:00,98.5,101.55,97.85,101.55,5850.0,3226.0,NIFTY,2026-08-11,24350.0,CE,3
2026-07-29 03:45:00+00:00,138.55,147.3,128.8,144.95,28990.0,2766.0,NIFTY,2026-08-11,24350.0,CE,3
2026-07-29 03:50:00+00:00,145.45,146.1,134.25,138.65,13845.0,3989.0,NIFTY,2026-08-11,24350.0,CE,3
2026-07-29 03:55:00+00:00,140.2,143.35,136.7,139.55,5850.0,3276.0,NIFTY,2026-08-11,24350.0,CE,3
2026-07-29 04:00:00+00:00,139.1,144.1,139.1,144.05,3835.0,4169.0,NIFTY,2026-08-11,24350.0,CE,3
2026-07-29 04:05:00+00:00,143.15,150.95,143.0,150.95,16445.0,5048.0,NIFTY,2026-08-11,24350.0,CE,3
2026-07-29 04:10:00+00:00,150.85,155.2,147.45,151.05,20345.0,3381.0,NIFTY,2026-08-11,24350.0,CE,3
2026-07-29 04:15:00+00:00,151.25,153.55,147.8,152.5,12545.0,3469.0,NIFTY,2026-08-11,24350.0,CE,3
2026-07-29 04:20:00+00:00,153.45,153.7,144.4,147.0,7670.0,4408.0,NIFTY,2026-08-11,24350.0,CE,3
2026-07-29 04:25:00+00:00,145.75,146.45,139.05,139.6,7930.0,3531.0,NIFTY,2026-08-11,24350.0,CE,3
2026-07-29 04:30:00+00:00,139.65,147.35,139.15,147.35,12740.0,3762.0,NIFTY,2026-08-11,24350.0,CE,3
2026-07-29 04:35:00+00:00,148.5,152.0,148.5,151.25,3120.0,3839.0,NIFTY,2026-08-11,24350.0,CE,3
2026-07-29 04:40:00+00:00,150.95,151.8,147.15,150.9,5915.0,4783.0,NIFTY,2026-08-11,24350.0,CE,3
2026-07-29 04:45:00+00:00,150.75,154.2,148.25,151.85,7280.0,4760.0,NIFTY,2026-08-11,24350.0,CE,3
2026-07-29 04:50:00+00:00,152.2,154.65,151.35,153.35,9685.0,2973.0,NIFTY,2026-08-11,24350.0,CE,3
2026-07-29 04:55:00+00:00,153.25,155.2,150.0,150.35,6565.0,3168.0,NIFTY,2026-08-11,24350.0,CE,3
2026-07-29 05:00:00+00:00,150.85,152.15,147.45,151.45,6500.0,4340.0,NIFTY,2026-08-11,24350.0,CE,3
2026-07-29 05:05:00+00:00,151.5,153.0,149.4,150.0,2340.0,3197.0,NIFTY,2026-08-11,24350.0,CE,3
2026-07-29 05:10:00+00:00,152.05,152.05,150.0,150.0,780.0,1064.0,NIFTY,2026-08-11,24350.0,CE,3
2026-07-29 05:15:00+00:00,148.15,149.7,142.9,146.25,3445.0,4282.0,NIFTY,2026-08-11,24350.0,CE,3
2026-07-29 05:20:00+00:00,147.0,147.05,145.05,145.55,1105.0,1074.0,NIFTY,2026-08-11,24350.0,CE,3
2026-07-29 05:25:00+00:00,149.05,149.05,146.0,146.0,910.0,1075.0,NIFTY,2026-08-11,24350.0,CE,3
2026-07-29 05:30:00+00:00,145.5,149.4,143.15,149.4,3380.0,4289.0,NIFTY,2026-08-11,24350.0,CE,3
2026-07-29 05:35:00+00:00,150.0,155.2,150.0,153.75,3250.0,3224.0,NIFTY,2026-08-11,24350.0,CE,3
2026-07-29 05:40:00+00:00,152.8,152.8,148.35,150.1,2665.0,3275.0,NIFTY,2026-08-11,24350.0,CE,3
2026-07-29 05:45:00+00:00,149.2,150.85,146.35,150.5,2340.0,2190.0,NIFTY,2026-08-11,24350.0,CE,3
2026-07-29 05:50:00+00:00,149.7,153.15,149.35,152.45,2015.0,2189.0,NIFTY,2026-08-11,24350.0,CE,3
2026-07-29 05:55:00+00:00,152.7,152.75,149.35,149.35,2730.0,4406.0,NIFTY,2026-08-11,24350.0,CE,3
2026-07-29 06:00:00+00:00,149.45,149.75,146.5,147.35,1690.0,4381.0,NIFTY,2026-08-11,24350.0,CE,3
2026-07-29 06:05:00+00:00,147.2,148.5,145.15,147.8,3835.0,2149.0,NIFTY,2026-08-11,24350.0,CE,3
2026-07-29 06:10:00+00:00,145.85,149.5,145.85,149.2,910.0,2118.0,NIFTY,2026-08-11,24350.0,CE,3
2026-07-29 06:15:00+00:00,149.45,154.05,149.45,151.35,3445.0,3177.0,NIFTY,2026-08-11,24350.0,CE,3
2026-07-29 06:20:00+00:00,150.65,150.65,147.3,148.25,2145.0,3190.0,NIFTY,2026-08-11,24350.0,CE,3
2026-07-29 06:25:00+00:00,147.9,147.9,147.35,147.6,390.0,3185.0,NIFTY,2026-08-11,24350.0,CE,3
2026-07-29 06:30:00+00:00,147.95,150.4,147.85,150.4,1040.0,,NIFTY,2026-08-11,24350.0,CE,3
2026-07-29 06:35:00+00:00,152.1,157.1,151.4,156.3,5200.0,3190.0,NIFTY,2026-08-11,24350.0,CE,3
2026-07-29 06:40:00+00:00,157.15,157.2,153.15,154.5,3055.0,3235.0,NIFTY,2026-08-11,24350.0,CE,3
2026-07-29 06:45:00+00:00,151.15,151.2,148.45,149.25,6240.0,5311.0,NIFTY,2026-08-11,24350.0,CE,3
2026-07-29 06:50:00+00:00,149.15,151.2,149.15,150.1,3185.0,5233.0,NIFTY,2026-08-11,24350.0,CE,3
2026-07-29 06:55:00+00:00,150.45,150.45,146.7,147.55,2795.0,5213.0,NIFTY,2026-08-11,24350.0,CE,3
2026-07-29 07:00:00+00:00,148.0,150.55,148.0,150.55,2665.0,3109.0,NIFTY,2026-08-11,24350.0,CE,3
2026-07-29 07:05:00+00:00,150.6,151.45,150.0,150.8,3250.0,2070.0,NIFTY,2026-08-11,24350.0,CE,3
2026-07-29 07:10:00+00:00,150.7,151.5,147.0,147.0,1235.0,2076.0,NIFTY,2026-08-11,24350.0,CE,3
2026-07-29 07:15:00+00:00,147.5,147.5,139.5,139.5,25610.0,4079.0,NIFTY,2026-08-11,24350.0,CE,3
2026-07-29 07:20:00+00:00,140.15,146.4,138.4,145.5,9165.0,4024.0,NIFTY,2026-08-11,24350.0,CE,3
2026-07-29 07:25:00+00:00,144.0,147.5,144.0,145.8,3835.0,985.0,NIFTY,2026-08-11,24350.0,CE,3
2026-07-29 07:30:00+00:00,146.1,150.35,146.0,149.75,1170.0,3930.0,NIFTY,2026-08-11,24350.0,CE,3
2026-07-29 07:35:00+00:00,150.45,158.3,150.25,156.55,32045.0,2993.0,NIFTY,2026-08-11,24350.0,CE,3
2026-07-29 07:40:00+00:00,157.5,163.0,157.15,160.9,32890.0,5499.0,NIFTY,2026-08-11,24350.0,CE,3
2026-07-29 07:45:00+00:00,160.5,160.5,154.1,157.7,4875.0,3378.0,NIFTY,2026-08-11,24350.0,CE,3
2026-07-29 07:50:00+00:00,156.85,156.85,152.75,153.35,7215.0,3405.0,NIFTY,2026-08-11,24350.0,CE,3
2026-07-29 07:55:00+00:00,151.6,156.75,151.6,153.0,2210.0,4535.0,NIFTY,2026-08-11,24350.0,CE,3
2026-07-29 08:00:00+00:00,151.55,155.85,151.55,155.45,14365.0,5681.0,NIFTY,2026-08-11,24350.0,CE,3
2026-07-29 08:05:00+00:00,155.0,155.4,150.75,150.9,2145.0,4538.0,NIFTY,2026-08-11,24350.0,CE,3
2026-07-29 08:10:00+00:00,151.25,153.45,147.85,148.35,16185.0,4415.0,NIFTY,2026-08-11,24350.0,CE,3
2026-07-29 08:15:00+00:00,147.3,156.0,147.15,154.5,3770.0,3188.0,NIFTY,2026-08-11,24350.0,CE,3
2026-07-29 08:20:00+00:00,154.35,158.0,154.35,157.75,2535.0,3155.0,NIFTY,2026-08-11,24350.0,CE,3
2026-07-29 08:25:00+00:00,157.3,158.55,154.05,154.3,2600.0,4191.0,NIFTY,2026-08-11,24350.0,CE,3
2026-07-29 08:30:00+00:00,154.4,164.85,154.0,162.65,12090.0,4150.0,NIFTY,2026-08-11,24350.0,CE,3
2026-07-29 08:35:00+00:00,161.65,163.1,157.4,160.15,7215.0,4095.0,NIFTY,2026-08-11,24350.0,CE,3
2026-07-29 08:40:00+00:00,160.0,163.3,159.9,161.55,3250.0,4104.0,NIFTY,2026-08-11,24350.0,CE,3
2026-07-29 08:45:00+00:00,160.75,166.6,160.75,165.0,10790.0,3081.0,NIFTY,2026-08-11,24350.0,CE,3
2026-07-29 08:50:00+00:00,165.05,168.0,161.35,165.0,11570.0,4145.0,NIFTY,2026-08-11,24350.0,CE,3
2026-07-29 08:55:00+00:00,164.6,164.7,161.25,164.5,6175.0,5095.0,NIFTY,2026-08-11,24350.0,CE,3
2026-07-29 09:00:00+00:00,165.95,168.2,161.2,163.85,7215.0,4035.0,NIFTY,2026-08-11,24350.0,CE,3
2026-07-29 09:05:00+00:00,161.55,161.55,157.45,159.95,4290.0,6019.0,NIFTY,2026-08-11,24350.0,CE,3
2026-07-29 09:10:00+00:00,158.7,160.35,155.65,160.0,9100.0,3911.0,NIFTY,2026-08-11,24350.0,CE,3
2026-07-29 09:15:00+00:00,158.7,162.3,158.55,160.0,4680.0,4735.0,NIFTY,2026-08-11,24350.0,CE,3
2026-07-29 09:20:00+00:00,159.25,161.4,158.4,160.25,4875.0,3786.0,NIFTY,2026-08-11,24350.0,CE,3
2026-07-29 09:25:00+00:00,160.6,163.55,160.0,160.3,1690.0,1899.0,NIFTY,2026-08-11,24350.0,CE,3
2026-07-29 09:30:00+00:00,158.6,163.2,154.0,154.0,6565.0,4766.0,NIFTY,2026-08-11,24350.0,CE,3
2026-07-29 09:35:00+00:00,155.6,157.3,154.7,155.9,5655.0,3810.0,NIFTY,2026-08-11,24350.0,CE,3
2026-07-29 09:40:00+00:00,156.15,157.7,153.4,153.4,4745.0,3810.0,NIFTY,2026-08-11,24350.0,CE,3
2026-07-29 09:45:00+00:00,153.1,154.2,146.95,149.35,13975.0,3864.0,NIFTY,2026-08-11,24350.0,CE,3
2026-07-29 09:50:00+00:00,149.45,152.25,147.85,148.05,13260.0,3928.0,NIFTY,2026-08-11,24350.0,CE,3
2026-07-29 09:55:00+00:00,149.65,151.05,148.1,148.8,23010.0,4898.0,NIFTY,2026-08-11,24350.0,CE,3
2026-07-29 10:00:00+00:00,148.8,148.8,148.8,148.8,65.0,,NIFTY,2026-08-11,24350.0,CE,3
2026-07-30 03:45:00+00:00,123.0,151.65,122.6,148.25,108940.0,5450.0,NIFTY,2026-08-11,24350.0,CE,3
2026-07-30 03:50:00+00:00,150.3,156.45,143.85,154.45,25480.0,9088.0,NIFTY,2026-08-11,24350.0,CE,3
2026-07-30 03:55:00+00:00,154.05,156.85,152.0,153.0,12935.0,9924.0,NIFTY,2026-08-11,24350.0,CE,3
2026-07-30 04:00:00+00:00,152.45,159.0,149.6,152.15,26195.0,5259.0,NIFTY,2026-08-11,24350.0,CE,3
2026-07-30 04:05:00+00:00,152.4,153.4,142.5,143.75,11830.0,5286.0,NIFTY,2026-08-11,24350.0,CE,3
2026-07-30 04:10:00+00:00,142.0,144.2,136.75,141.65,14365.0,5352.0,NIFTY,2026-08-11,24350.0,CE,3
2026-07-30 04:15:00+00:00,141.15,153.3,139.55,147.15,10920.0,5452.0,NIFTY,2026-08-11,24350.0,CE,3
2026-07-30 04:20:00+00:00,149.05,153.35,143.0,143.0,5525.0,4453.0,NIFTY,2026-08-11,24350.0,CE,3
2026-07-30 04:25:00+00:00,142.65,150.1,142.3,149.05,6695.0,5623.0,NIFTY,2026-08-11,24350.0,CE,3
2026-07-30 04:30:00+00:00,148.6,151.25,146.4,148.8,13845.0,6147.0,NIFTY,2026-08-11,24350.0,CE,3
2026-07-30 04:35:00+00:00,149.8,149.9,143.4,143.8,5590.0,6170.0,NIFTY,2026-08-11,24350.0,CE,3
2026-07-30 04:40:00+00:00,144.15,144.9,135.55,136.0,9100.0,6270.0,NIFTY,2026-08-11,24350.0,CE,3
2026-07-30 04:45:00+00:00,136.1,142.7,134.35,137.1,20995.0,6399.0,NIFTY,2026-08-11,24350.0,CE,3
2026-07-30 04:50:00+00:00,137.3,137.5,133.65,136.35,5915.0,6288.0,NIFTY,2026-08-11,24350.0,CE,3
2026-07-30 04:55:00+00:00,136.85,136.85,130.0,130.0,9230.0,5015.0,NIFTY,2026-08-11,24350.0,CE,3
2026-07-30 05:00:00+00:00,129.65,132.25,127.6,132.25,6175.0,5072.0,NIFTY,2026-08-11,24350.0,CE,3
2026-07-30 05:05:00+00:00,133.0,136.65,130.0,132.55,6240.0,6399.0,NIFTY,2026-08-11,24350.0,CE,3
2026-07-30 05:10:00+00:00,132.45,140.7,132.0,140.3,5525.0,3862.0,NIFTY,2026-08-11,24350.0,CE,3
2026-07-30 05:15:00+00:00,140.8,142.0,138.0,142.0,5655.0,5214.0,NIFTY,2026-08-11,24350.0,CE,3
2026-07-30 05:20:00+00:00,141.6,146.0,140.75,140.75,13585.0,6645.0,NIFTY,2026-08-11,24350.0,CE,3
2026-07-30 05:25:00+00:00,140.6,140.6,136.8,137.55,6695.0,5381.0,NIFTY,2026-08-11,24350.0,CE,3
2026-07-30 05:30:00+00:00,137.0,140.8,135.15,140.1,4485.0,6824.0,NIFTY,2026-08-11,24350.0,CE,3
2026-07-30 05:35:00+00:00,141.7,141.7,137.0,138.8,2405.0,2740.0,NIFTY,2026-08-11,24350.0,CE,3
2026-07-30 05:40:00+00:00,138.9,145.95,138.5,143.0,2535.0,4120.0,NIFTY,2026-08-11,24350.0,CE,3
2026-07-30 05:45:00+00:00,143.5,149.8,142.95,147.3,9815.0,5539.0,NIFTY,2026-08-11,24350.0,CE,3
2026-07-30 05:50:00+00:00,148.0,149.25,140.85,142.55,3055.0,4115.0,NIFTY,2026-08-11,24350.0,CE,3
2026-07-30 05:55:00+00:00,143.5,151.5,142.75,149.4,8255.0,5458.0,NIFTY,2026-08-11,24350.0,CE,3
2026-07-30 06:00:00+00:00,149.1,150.55,147.0,149.9,6240.0,5462.0,NIFTY,2026-08-11,24350.0,CE,3
2026-07-30 06:05:00+00:00,150.65,150.65,145.95,145.95,4095.0,6853.0,NIFTY,2026-08-11,24350.0,CE,3
2026-07-30 06:10:00+00:00,146.2,146.65,143.9,143.9,1755.0,4129.0,NIFTY,2026-08-11,24350.0,CE,3
2026-07-30 06:15:00+00:00,144.05,144.05,138.0,140.5,7215.0,4155.0,NIFTY,2026-08-11,24350.0,CE,3
2026-07-30 06:20:00+00:00,139.85,141.8,139.15,139.95,2145.0,4189.0,NIFTY,2026-08-11,24350.0,CE,3
2026-07-30 06:25:00+00:00,141.2,143.95,141.0,143.0,3835.0,4212.0,NIFTY,2026-08-11,24350.0,CE,3
2026-07-30 06:30:00+00:00,141.8,142.5,139.5,141.3,4225.0,5638.0,NIFTY,2026-08-11,24350.0,CE,3
2026-07-30 06:35:00+00:00,142.55,143.5,140.5,140.5,1105.0,5699.0,NIFTY,2026-08-11,24350.0,CE,3
2026-07-30 06:40:00+00:00,140.65,143.15,138.8,142.5,3640.0,4287.0,NIFTY,2026-08-11,24350.0,CE,3
2026-07-30 06:45:00+00:00,141.05,142.85,139.6,142.4,4615.0,5685.0,NIFTY,2026-08-11,24350.0,CE,3
2026-07-30 06:50:00+00:00,143.4,145.0,141.95,142.8,3705.0,4291.0,NIFTY,2026-08-11,24350.0,CE,3
2026-07-30 06:55:00+00:00,141.9,144.95,141.0,144.45,2340.0,1436.0,NIFTY,2026-08-11,24350.0,CE,3
2026-07-30 07:00:00+00:00,145.75,192.5,144.95,175.7,143780.0,7270.0,NIFTY,2026-08-11,24350.0,CE,3
2026-07-30 07:05:00+00:00,176.0,186.5,167.9,175.4,41600.0,7780.0,NIFTY,2026-08-11,24350.0,CE,3
2026-07-30 07:10:00+00:00,174.7,179.4,170.55,176.75,31265.0,6370.0,NIFTY,2026-08-11,24350.0,CE,3
2026-07-30 07:15:00+00:00,175.85,175.85,167.0,168.4,19435.0,8154.0,NIFTY,2026-08-11,24350.0,CE,3
2026-07-30 07:20:00+00:00,166.7,169.8,163.0,169.8,12740.0,8113.0,NIFTY,2026-08-11,24350.0,CE,3
2026-07-30 07:25:00+00:00,169.0,169.1,165.0,168.4,10790.0,8238.0,NIFTY,2026-08-11,24350.0,CE,3
2026-07-30 07:30:00+00:00,166.85,166.85,158.25,160.0,10205.0,8438.0,NIFTY,2026-08-11,24350.0,CE,3
2026-07-30 07:35:00+00:00,158.65,162.45,158.0,159.85,5915.0,8595.0,NIFTY,2026-08-11,24350.0,CE,3
2026-07-30 07:40:00+00:00,159.15,159.15,139.15,147.35,111670.0,8419.0,NIFTY,2026-08-11,24350.0,CE,3
2026-07-30 07:45:00+00:00,145.3,148.55,145.3,147.8,7735.0,7799.0,NIFTY,2026-08-11,24350.0,CE,3
2026-07-30 07:50:00+00:00,148.35,159.45,148.35,157.35,28665.0,6228.0,NIFTY,2026-08-11,24350.0,CE,3
2026-07-30 07:55:00+00:00,157.1,158.8,151.0,151.3,11310.0,6052.0,NIFTY,2026-08-11,24350.0,CE,3
2026-07-30 08:00:00+00:00,152.55,155.4,150.0,155.1,3185.0,4518.0,NIFTY,2026-08-11,24350.0,CE,3
2026-07-30 08:05:00+00:00,155.55,166.15,154.2,162.7,22035.0,6159.0,NIFTY,2026-08-11,24350.0,CE,3
2026-07-30 08:10:00+00:00,164.65,170.25,163.95,165.0,23985.0,8130.0,NIFTY,2026-08-11,24350.0,CE,3
2026-07-30 08:15:00+00:00,162.95,163.3,157.6,157.6,12610.0,6555.0,NIFTY,2026-08-11,24350.0,CE,3
2026-07-30 08:20:00+00:00,155.75,163.05,155.35,162.25,7670.0,6667.0,NIFTY,2026-08-11,24350.0,CE,3
2026-07-30 08:25:00+00:00,161.6,166.1,158.2,160.45,5655.0,6733.0,NIFTY,2026-08-11,24350.0,CE,3
2026-07-30 08:30:00+00:00,158.5,161.8,157.6,159.2,4290.0,8481.0,NIFTY,2026-08-11,24350.0,CE,3
2026-07-30 08:35:00+00:00,156.0,156.5,151.0,152.0,6305.0,8422.0,NIFTY,2026-08-11,24350.0,CE,3
2026-07-30 08:40:00+00:00,151.6,153.9,146.85,148.85,13715.0,8273.0,NIFTY,2026-08-11,24350.0,CE,3
2026-07-30 08:45:00+00:00,147.8,148.85,144.35,147.25,9035.0,4948.0,NIFTY,2026-08-11,24350.0,CE,3
2026-07-30 08:50:00+00:00,146.4,146.4,135.6,139.1,42835.0,8056.0,NIFTY,2026-08-11,24350.0,CE,3
2026-07-30 08:55:00+00:00,137.7,139.8,136.3,138.25,7865.0,8131.0,NIFTY,2026-08-11,24350.0,CE,3
2026-07-30 09:00:00+00:00,138.1,146.7,136.0,143.7,10725.0,6458.0,NIFTY,2026-08-11,24350.0,CE,3
2026-07-30 09:05:00+00:00,143.25,150.0,140.65,150.0,11505.0,8160.0,NIFTY,2026-08-11,24350.0,CE,3
2026-07-30 09:10:00+00:00,150.65,153.95,146.15,151.75,17030.0,8253.0,NIFTY,2026-08-11,24350.0,CE,3
2026-07-30 09:15:00+00:00,150.85,160.2,148.2,158.85,31915.0,8062.0,NIFTY,2026-08-11,24350.0,CE,3
2026-07-30 09:20:00+00:00,158.5,162.25,156.15,157.05,33540.0,8180.0,NIFTY,2026-08-11,24350.0,CE,3
2026-07-30 09:25:00+00:00,155.8,159.8,155.15,157.05,5395.0,5011.0,NIFTY,2026-08-11,24350.0,CE,3
2026-07-30 09:30:00+00:00,156.95,164.1,152.6,162.15,26715.0,8507.0,NIFTY,2026-08-11,24350.0,CE,3
2026-07-30 09:35:00+00:00,163.3,171.7,163.3,166.0,51610.0,8637.0,NIFTY,2026-08-11,24350.0,CE,3
2026-07-30 09:40:00+00:00,165.8,168.5,161.9,161.9,11245.0,8879.0,NIFTY,2026-08-11,24350.0,CE,3
2026-07-30 09:45:00+00:00,161.55,162.15,157.95,160.2,24440.0,8678.0,NIFTY,2026-08-11,24350.0,CE,3
2026-07-30 09:50:00+00:00,161.0,168.75,161.0,167.95,33540.0,8841.0,NIFTY,2026-08-11,24350.0,CE,3
2026-07-30 09:55:00+00:00,167.9,168.85,166.1,166.1,45955.0,9374.0,NIFTY,2026-08-11,24350.0,CE,3
2026-07-30 10:00:00+00:00,166.1,166.1,166.1,166.1,130.0,,NIFTY,2026-08-11,24350.0,CE,3
2026-07-31 03:45:00+00:00,192.7,200.0,185.0,188.2,154050.0,10916.0,NIFTY,2026-08-11,24350.0,CE,3
2026-07-31 03:50:00+00:00,188.0,195.0,184.05,187.9,109265.0,9341.0,NIFTY,2026-08-11,24350.0,CE,3
2026-07-31 03:55:00+00:00,188.4,189.8,183.0,184.15,43485.0,13405.0,NIFTY,2026-08-11,24350.0,CE,3
2026-07-31 04:00:00+00:00,184.3,184.3,169.65,172.3,93015.0,14261.0,NIFTY,2026-08-11,24350.0,CE,3
2026-07-31 04:05:00+00:00,173.5,173.65,166.25,170.0,66300.0,15056.0,NIFTY,2026-08-11,24350.0,CE,3
2026-07-31 04:10:00+00:00,170.7,184.55,170.0,183.5,105170.0,15574.0,NIFTY,2026-08-11,24350.0,CE,3
2026-07-31 04:15:00+00:00,183.05,186.85,174.6,184.75,71240.0,15076.0,NIFTY,2026-08-11,24350.0,CE,3
2026-07-31 04:20:00+00:00,185.45,185.45,177.75,182.45,26845.0,15339.0,NIFTY,2026-08-11,24350.0,CE,3
2026-07-31 04:25:00+00:00,181.9,187.4,180.95,185.3,58630.0,15835.0,NIFTY,2026-08-11,24350.0,CE,3
2026-07-31 04:30:00+00:00,185.8,186.95,181.25,182.05,31915.0,16774.0,NIFTY,2026-08-11,24350.0,CE,3
2026-07-31 04:35:00+00:00,182.4,182.7,175.0,180.6,31590.0,16946.0,NIFTY,2026-08-11,24350.0,CE,3
2026-07-31 04:40:00+00:00,180.0,184.85,179.75,181.4,25740.0,17048.0,NIFTY,2026-08-11,24350.0,CE,3
2026-07-31 04:45:00+00:00,180.0,181.0,174.3,180.95,55185.0,17499.0,NIFTY,2026-08-11,24350.0,CE,3
2026-07-31 04:50:00+00:00,181.3,184.25,179.25,184.1,15015.0,17755.0,NIFTY,2026-08-11,24350.0,CE,3
2026-07-31 04:55:00+00:00,183.1,184.8,180.0,183.05,15405.0,14283.0,NIFTY,2026-08-11,24350.0,CE,3
2026-07-31 05:00:00+00:00,183.0,183.7,177.0,178.45,15015.0,18096.0,NIFTY,2026-08-11,24350.0,CE,3
2026-07-31 05:05:00+00:00,178.35,185.75,175.05,184.45,26390.0,18147.0,NIFTY,2026-08-11,24350.0,CE,3
2026-07-31 05:10:00+00:00,184.3,186.2,179.35,183.5,36530.0,18398.0,NIFTY,2026-08-11,24350.0,CE,3
2026-07-31 05:15:00+00:00,182.9,185.85,182.45,183.65,22295.0,18509.0,NIFTY,2026-08-11,24350.0,CE,3
2026-07-31 05:20:00+00:00,182.8,182.8,180.0,182.2,15405.0,18733.0,NIFTY,2026-08-11,24350.0,CE,3
2026-07-31 05:25:00+00:00,182.9,186.2,180.7,183.55,25480.0,18944.0,NIFTY,2026-08-11,24350.0,CE,3
2026-07-31 05:30:00+00:00,183.1,185.55,180.0,183.3,15665.0,19164.0,NIFTY,2026-08-11,24350.0,CE,3
2026-07-31 05:35:00+00:00,184.4,184.4,176.35,177.35,16055.0,19352.0,NIFTY,2026-08-11,24350.0,CE,3
2026-07-31 05:40:00+00:00,177.65,184.35,176.35,184.35,22165.0,19824.0,NIFTY,2026-08-11,24350.0,CE,3
2026-07-31 05:45:00+00:00,184.8,188.0,182.45,184.8,34190.0,19990.0,NIFTY,2026-08-11,24350.0,CE,3
2026-07-31 05:50:00+00:00,185.7,189.7,184.0,187.0,47775.0,19947.0,NIFTY,2026-08-11,24350.0,CE,3
2026-07-31 05:55:00+00:00,187.35,188.85,184.0,185.95,28405.0,15912.0,NIFTY,2026-08-11,24350.0,CE,3
2026-07-31 06:00:00+00:00,185.2,188.0,182.7,183.8,11440.0,19737.0,NIFTY,2026-08-11,24350.0,CE,3
2026-07-31 06:05:00+00:00,183.65,187.15,183.35,183.35,48230.0,19726.0,NIFTY,2026-08-11,24350.0,CE,3
2026-07-31 06:10:00+00:00,183.5,188.0,182.5,187.45,13130.0,19695.0,NIFTY,2026-08-11,24350.0,CE,3
2026-07-31 06:15:00+00:00,187.1,188.0,184.4,186.95,20085.0,19886.0,NIFTY,2026-08-11,24350.0,CE,3
2026-07-31 06:20:00+00:00,187.75,188.45,184.5,186.05,12415.0,19442.0,NIFTY,2026-08-11,24350.0,CE,3
2026-07-31 06:25:00+00:00,186.85,190.5,186.85,188.65,13845.0,15559.0,NIFTY,2026-08-11,24350.0,CE,3
2026-07-31 06:30:00+00:00,188.1,189.4,185.75,186.0,9945.0,19392.0,NIFTY,2026-08-11,24350.0,CE,3
2026-07-31 06:35:00+00:00,185.55,190.5,185.55,190.0,15795.0,19410.0,NIFTY,2026-08-11,24350.0,CE,3
2026-07-31 06:40:00+00:00,190.5,195.05,187.6,194.95,33410.0,19416.0,NIFTY,2026-08-11,24350.0,CE,3
2026-07-31 06:45:00+00:00,194.9,196.35,191.3,191.45,27040.0,19018.0,NIFTY,2026-08-11,24350.0,CE,3
2026-07-31 06:50:00+00:00,191.35,194.15,190.2,194.15,13260.0,18927.0,NIFTY,2026-08-11,24350.0,CE,3
2026-07-31 06:55:00+00:00,193.6,201.7,193.6,195.7,56550.0,18640.0,NIFTY,2026-08-11,24350.0,CE,3
2026-07-31 07:00:00+00:00,196.35,200.0,191.35,198.6,25090.0,18302.0,NIFTY,2026-08-11,24350.0,CE,3
2026-07-31 07:05:00+00:00,199.0,202.05,196.85,201.3,32695.0,18105.0,NIFTY,2026-08-11,24350.0,CE,3
2026-07-31 07:10:00+00:00,202.1,209.0,200.8,206.95,49920.0,17187.0,NIFTY,2026-08-11,24350.0,CE,3
2026-07-31 07:15:00+00:00,206.6,216.3,204.45,214.6,44915.0,16517.0,NIFTY,2026-08-11,24350.0,CE,3
2026-07-31 07:20:00+00:00,214.8,214.8,205.65,209.15,35815.0,16236.0,NIFTY,2026-08-11,24350.0,CE,3
2026-07-31 07:25:00+00:00,210.0,220.15,209.65,211.8,38025.0,16165.0,NIFTY,2026-08-11,24350.0,CE,3
2026-07-31 07:30:00+00:00,211.4,215.0,208.45,213.95,21710.0,16166.0,NIFTY,2026-08-11,24350.0,CE,3
2026-07-31 07:35:00+00:00,214.05,220.5,213.05,217.8,24050.0,12936.0,NIFTY,2026-08-11,24350.0,CE,3
2026-07-31 07:40:00+00:00,218.3,218.3,215.15,216.2,26130.0,16006.0,NIFTY,2026-08-11,24350.0,CE,3
2026-07-31 07:45:00+00:00,216.7,220.4,214.0,219.65,20800.0,16025.0,NIFTY,2026-08-11,24350.0,CE,3
2026-07-31 07:50:00+00:00,219.15,221.05,215.3,219.7,15860.0,15927.0,NIFTY,2026-08-11,24350.0,CE,3
2026-07-31 07:55:00+00:00,220.0,223.0,215.6,217.4,22165.0,15875.0,NIFTY,2026-08-11,24350.0,CE,3
2026-07-31 08:00:00+00:00,215.95,215.95,208.6,209.6,33800.0,16073.0,NIFTY,2026-08-11,24350.0,CE,3
2026-07-31 08:05:00+00:00,209.5,213.95,208.35,209.0,14300.0,16738.0,NIFTY,2026-08-11,24350.0,CE,3
2026-07-31 08:10:00+00:00,208.65,208.65,202.65,205.05,17095.0,16814.0,NIFTY,2026-08-11,24350.0,CE,3
2026-07-31 08:15:00+00:00,206.0,210.0,202.6,209.55,16250.0,16959.0,NIFTY,2026-08-11,24350.0,CE,3
2026-07-31 08:20:00+00:00,209.75,212.95,208.4,212.05,8125.0,17052.0,NIFTY,2026-08-11,24350.0,CE,3
2026-07-31 08:25:00+00:00,212.35,216.15,211.9,216.15,31850.0,16696.0,NIFTY,2026-08-11,24350.0,CE,3
2026-07-31 08:30:00+00:00,216.0,218.9,208.8,209.7,11310.0,16343.0,NIFTY,2026-08-11,24350.0,CE,3
2026-07-31 08:35:00+00:00,209.6,210.3,205.65,205.65,15665.0,16248.0,NIFTY,2026-08-11,24350.0,CE,3
2026-07-31 08:40:00+00:00,207.35,214.7,207.0,212.0,9230.0,16484.0,NIFTY,2026-08-11,24350.0,CE,3
2026-07-31 08:45:00+00:00,213.65,215.25,208.0,209.0,9555.0,16416.0,NIFTY,2026-08-11,24350.0,CE,3
2026-07-31 08:50:00+00:00,210.65,211.1,207.2,210.35,6760.0,16333.0,NIFTY,2026-08-11,24350.0,CE,3
2026-07-31 08:55:00+00:00,211.3,215.55,209.15,209.95,13195.0,16364.0,NIFTY,2026-08-11,24350.0,CE,3
2026-07-31 09:00:00+00:00,210.2,211.85,197.3,197.7,35360.0,16326.0,NIFTY,2026-08-11,24350.0,CE,3
2026-07-31 09:05:00+00:00,197.0,203.1,196.25,200.6,23595.0,16543.0,NIFTY,2026-08-11,24350.0,CE,3
2026-07-31 09:10:00+00:00,200.2,200.2,190.15,194.2,32435.0,16758.0,NIFTY,2026-08-11,24350.0,CE,3
2026-07-31 09:15:00+00:00,194.1,200.85,192.3,199.45,34255.0,17214.0,NIFTY,2026-08-11,24350.0,CE,3
2026-07-31 09:20:00+00:00,199.95,200.7,194.6,198.3,31460.0,17248.0,NIFTY,2026-08-11,24350.0,CE,3
2026-07-31 09:25:00+00:00,198.55,198.55,188.75,192.7,26260.0,17274.0,NIFTY,2026-08-11,24350.0,CE,3
2026-07-31 09:30:00+00:00,193.9,201.95,189.45,200.4,42835.0,17600.0,NIFTY,2026-08-11,24350.0,CE,3
2026-07-31 09:35:00+00:00,199.4,200.75,195.4,200.0,33280.0,17655.0,NIFTY,2026-08-11,24350.0,CE,3
2026-07-31 09:40:00+00:00,199.55,200.5,196.4,197.9,25415.0,17530.0,NIFTY,2026-08-11,24350.0,CE,3
2026-07-31 09:45:00+00:00,197.15,199.85,193.25,195.0,47125.0,17447.0,NIFTY,2026-08-11,24350.0,CE,3
2026-07-31 09:50:00+00:00,194.15,198.1,193.55,198.0,46605.0,17105.0,NIFTY,2026-08-11,24350.0,CE,3
2026-07-31 09:55:00+00:00,197.55,198.4,187.9,189.9,92040.0,16451.0,NIFTY,2026-08-11,24350.0,CE,3
2026-07-31 10:00:00+00:00,189.9,189.9,189.9,189.9,65.0,,NIFTY,2026-08-11,24350.0,CE,3
2026-08-03 03:45:00+00:00,269.9,305.95,267.85,291.15,144040.0,11895.0,NIFTY,2026-08-11,24350.0,CE,3
2026-08-03 03:50:00+00:00,290.45,295.2,281.7,287.95,47905.0,13885.0,NIFTY,2026-08-11,24350.0,CE,3
2026-08-03 03:55:00+00:00,287.7,295.3,286.85,293.2,34450.0,12854.0,NIFTY,2026-08-11,24350.0,CE,3
2026-08-03 04:00:00+00:00,293.15,298.4,290.45,296.05,37635.0,12140.0,NIFTY,2026-08-11,24350.0,CE,3
2026-08-03 04:05:00+00:00,295.9,297.6,290.15,295.55,22750.0,11541.0,NIFTY,2026-08-11,24350.0,CE,3
2026-08-03 04:10:00+00:00,294.9,297.8,292.5,296.7,20150.0,11169.0,NIFTY,2026-08-11,24350.0,CE,3
2026-08-03 04:15:00+00:00,296.45,297.4,291.55,292.7,16575.0,8723.0,NIFTY,2026-08-11,24350.0,CE,3
2026-08-03 04:20:00+00:00,291.95,298.75,291.7,297.9,19305.0,10687.0,NIFTY,2026-08-11,24350.0,CE,3
2026-08-03 04:25:00+00:00,298.85,305.1,297.75,302.6,13715.0,10173.0,NIFTY,2026-08-11,24350.0,CE,3
2026-08-03 04:30:00+00:00,303.1,306.0,299.3,303.0,6760.0,10010.0,NIFTY,2026-08-11,24350.0,CE,3
2026-08-03 04:35:00+00:00,304.5,305.05,298.95,302.55,9230.0,9800.0,NIFTY,2026-08-11,24350.0,CE,3
2026-08-03 04:40:00+00:00,302.45,308.7,301.05,308.6,7930.0,9685.0,NIFTY,2026-08-11,24350.0,CE,3
2026-08-03 04:45:00+00:00,309.35,315.95,308.6,313.25,11765.0,9534.0,NIFTY,2026-08-11,24350.0,CE,3
2026-08-03 04:50:00+00:00,314.55,314.55,308.55,311.0,3770.0,9426.0,NIFTY,2026-08-11,24350.0,CE,3
2026-08-03 04:55:00+00:00,310.25,316.15,310.25,314.5,3965.0,7466.0,NIFTY,2026-08-11,24350.0,CE,3
2026-08-03 05:00:00+00:00,316.05,316.25,308.4,308.85,7215.0,7356.0,NIFTY,2026-08-11,24350.0,CE,3
2026-08-03 05:05:00+00:00,310.4,316.25,305.5,316.25,7280.0,5484.0,NIFTY,2026-08-11,24350.0,CE,3
2026-08-03 05:10:00+00:00,316.95,317.1,314.4,316.45,3315.0,7302.0,NIFTY,2026-08-11,24350.0,CE,3
2026-08-03 05:15:00+00:00,317.5,317.5,314.75,316.2,3705.0,9107.0,NIFTY,2026-08-11,24350.0,CE,3
2026-08-03 05:20:00+00:00,318.85,319.55,317.4,319.0,2795.0,3633.0,NIFTY,2026-08-11,24350.0,CE,3
2026-08-03 05:25:00+00:00,318.0,326.9,317.25,318.75,12480.0,9036.0,NIFTY,2026-08-11,24350.0,CE,3
2026-08-03 05:30:00+00:00,320.25,326.65,320.25,325.9,4225.0,7235.0,NIFTY,2026-08-11,24350.0,CE,3
2026-08-03 05:35:00+00:00,325.5,329.3,322.8,323.2,14690.0,7178.0,NIFTY,2026-08-11,24350.0,CE,3
2026-08-03 05:40:00+00:00,323.2,325.3,319.8,319.8,780.0,1783.0,NIFTY,2026-08-11,24350.0,CE,3
2026-08-03 05:45:00+00:00,321.0,325.5,321.0,321.65,2535.0,8910.0,NIFTY,2026-08-11,24350.0,CE,3
2026-08-03 05:50:00+00:00,321.0,324.95,321.0,324.0,2860.0,5370.0,NIFTY,2026-08-11,24350.0,CE,3
2026-08-03 05:55:00+00:00,324.7,324.7,320.35,322.0,3575.0,9017.0,NIFTY,2026-08-11,24350.0,CE,3
2026-08-03 06:00:00+00:00,320.0,320.0,315.4,318.8,1820.0,3632.0,NIFTY,2026-08-11,24350.0,CE,3
2026-08-03 06:05:00+00:00,318.0,321.6,317.05,321.6,2210.0,7252.0,NIFTY,2026-08-11,24350.0,CE,3
2026-08-03 06:10:00+00:00,325.0,326.3,323.6,324.0,1625.0,5415.0,NIFTY,2026-08-11,24350.0,CE,3
2026-08-03 06:15:00+00:00,321.55,324.5,319.85,324.5,5850.0,8996.0,NIFTY,2026-08-11,24350.0,CE,3
2026-08-03 06:20:00+00:00,325.95,329.0,323.75,324.95,5135.0,5369.0,NIFTY,2026-08-11,24350.0,CE,3
2026-08-03 06:25:00+00:00,322.8,323.05,320.95,321.75,3835.0,5426.0,NIFTY,2026-08-11,24350.0,CE,3
2026-08-03 06:30:00+00:00,322.0,322.0,320.25,320.65,2470.0,1820.0,NIFTY,2026-08-11,24350.0,CE,3
2026-08-03 06:35:00+00:00,321.45,326.0,321.45,326.0,1170.0,3634.0,NIFTY,2026-08-11,24350.0,CE,3
2026-08-03 06:40:00+00:00,326.45,327.05,323.6,326.05,1235.0,3633.0,NIFTY,2026-08-11,24350.0,CE,3
2026-08-03 06:45:00+00:00,327.0,333.45,327.0,332.3,9035.0,7250.0,NIFTY,2026-08-11,24350.0,CE,3
2026-08-03 06:50:00+00:00,327.8,330.35,325.65,330.0,4810.0,9018.0,NIFTY,2026-08-11,24350.0,CE,3
2026-08-03 06:55:00+00:00,331.1,331.95,327.25,329.0,3900.0,3623.0,NIFTY,2026-08-11,24350.0,CE,3
2026-08-03 07:00:00+00:00,327.0,327.0,318.0,320.0,5395.0,7228.0,NIFTY,2026-08-11,24350.0,CE,3
2026-08-03 07:05:00+00:00,319.9,319.95,314.7,314.7,2470.0,9044.0,NIFTY,2026-08-11,24350.0,CE,3
2026-08-03 07:10:00+00:00,316.75,319.6,316.75,318.8,1430.0,9014.0,NIFTY,2026-08-11,24350.0,CE,3
2026-08-03 07:15:00+00:00,317.4,321.7,300.75,307.35,36595.0,8982.0,NIFTY,2026-08-11,24350.0,CE,3
2026-08-03 07:20:00+00:00,309.7,316.65,307.3,315.65,7085.0,5369.0,NIFTY,2026-08-11,24350.0,CE,3
2026-08-03 07:25:00+00:00,314.25,314.25,304.95,306.3,3120.0,5365.0,NIFTY,2026-08-11,24350.0,CE,3
2026-08-03 07:30:00+00:00,305.0,306.75,302.75,304.05,3705.0,5378.0,NIFTY,2026-08-11,24350.0,CE,3
2026-08-03 07:35:00+00:00,304.35,306.8,301.15,305.65,1560.0,7177.0,NIFTY,2026-08-11,24350.0,CE,3
2026-08-03 07:40:00+00:00,305.75,307.85,301.85,301.85,2600.0,7182.0,NIFTY,2026-08-11,24350.0,CE,3
2026-08-03 07:45:00+00:00,302.45,310.6,302.45,310.6,1950.0,7195.0,NIFTY,2026-08-11,24350.0,CE,3
2026-08-03 07:50:00+00:00,309.35,309.95,305.7,309.95,1300.0,3601.0,NIFTY,2026-08-11,24350.0,CE,3
2026-08-03 07:55:00+00:00,310.9,314.7,308.5,314.1,3120.0,7200.0,NIFTY,2026-08-11,24350.0,CE,3
2026-08-03 08:00:00+00:00,313.65,315.7,310.4,315.7,1950.0,7201.0,NIFTY,2026-08-11,24350.0,CE,3
2026-08-03 08:05:00+00:00,317.0,322.05,314.6,317.8,5655.0,8972.0,NIFTY,2026-08-11,24350.0,CE,3
2026-08-03 08:10:00+00:00,314.85,319.0,308.5,317.9,2145.0,3571.0,NIFTY,2026-08-11,24350.0,CE,3
2026-08-03 08:15:00+00:00,317.45,318.45,310.75,310.75,2730.0,7174.0,NIFTY,2026-08-11,24350.0,CE,3
2026-08-03 08:20:00+00:00,308.0,309.5,307.5,307.75,1495.0,7166.0,NIFTY,2026-08-11,24350.0,CE,3
2026-08-03 08:25:00+00:00,306.95,312.2,306.95,312.2,975.0,3577.0,NIFTY,2026-08-11,24350.0,CE,3
2026-08-03 08:30:00+00:00,310.1,310.1,310.1,310.1,130.0,1785.0,NIFTY,2026-08-11,24350.0,CE,3
2026-08-03 08:35:00+00:00,310.55,312.85,310.55,311.0,650.0,1784.0,NIFTY,2026-08-11,24350.0,CE,3
2026-08-03 08:40:00+00:00,312.0,312.5,312.0,312.1,260.0,1788.0,NIFTY,2026-08-11,24350.0,CE,3
2026-08-03 08:45:00+00:00,305.85,306.45,305.0,305.0,390.0,,NIFTY,2026-08-11,24350.0,CE,3
2026-08-03 08:50:00+00:00,309.15,310.05,308.15,310.05,1625.0,5374.0,NIFTY,2026-08-11,24350.0,CE,3
2026-08-03 08:55:00+00:00,310.3,310.3,308.9,310.3,1885.0,5360.0,NIFTY,2026-08-11,24350.0,CE,3
2026-08-03 09:00:00+00:00,311.0,311.5,308.7,310.65,1040.0,8923.0,NIFTY,2026-08-11,24350.0,CE,3
2026-08-03 09:05:00+00:00,314.0,317.85,313.2,317.65,715.0,7117.0,NIFTY,2026-08-11,24350.0,CE,3
2026-08-03 09:10:00+00:00,319.0,319.15,313.6,317.4,4485.0,7114.0,NIFTY,2026-08-11,24350.0,CE,3
2026-08-03 09:15:00+00:00,316.6,316.6,314.7,314.7,2925.0,8921.0,NIFTY,2026-08-11,24350.0,CE,3
2026-08-03 09:20:00+00:00,315.5,316.0,308.05,309.4,4485.0,7066.0,NIFTY,2026-08-11,24350.0,CE,3
2026-08-03 09:25:00+00:00,310.0,313.0,310.0,310.75,3120.0,7044.0,NIFTY,2026-08-11,24350.0,CE,3
2026-08-03 09:30:00+00:00,309.5,310.75,304.6,304.6,3835.0,3524.0,NIFTY,2026-08-11,24350.0,CE,3
2026-08-03 09:35:00+00:00,302.0,302.0,292.75,298.8,19955.0,7000.0,NIFTY,2026-08-11,24350.0,CE,3
2026-08-03 09:40:00+00:00,298.65,304.0,296.0,301.95,6955.0,8561.0,NIFTY,2026-08-11,24350.0,CE,3
2026-08-03 09:45:00+00:00,302.65,304.8,300.0,301.4,5655.0,8535.0,NIFTY,2026-08-11,24350.0,CE,3
2026-08-03 09:50:00+00:00,300.15,301.85,298.45,299.6,10855.0,5112.0,NIFTY,2026-08-11,24350.0,CE,3
2026-08-03 09:55:00+00:00,298.9,306.65,294.5,304.45,17290.0,10252.0,NIFTY,2026-08-11,24350.0,CE,3
2026-08-03 10:00:00+00:00,306.25,318.85,304.85,316.2,7085.0,8427.0,NIFTY,2026-08-11,24350.0,CE,3
2026-08-03 10:05:00+00:00,316.45,316.45,312.5,315.0,8450.0,8418.0,NIFTY,2026-08-11,24350.0,CE,3
2026-08-04 03:45:00+00:00,325.95,330.0,305.65,316.15,15730.0,7616.0,NIFTY,2026-08-11,24350.0,CE,3
2026-08-04 03:50:00+00:00,316.25,332.0,310.3,326.7,15925.0,7759.0,NIFTY,2026-08-11,24350.0,CE,3
2026-08-04 03:55:00+00:00,325.8,326.0,311.0,311.05,15925.0,7883.0,NIFTY,2026-08-11,24350.0,CE,3
2026-08-04 04:00:00+00:00,311.0,314.0,302.45,305.2,12545.0,7978.0,NIFTY,2026-08-11,24350.0,CE,3
2026-08-04 04:05:00+00:00,305.7,314.95,304.15,314.5,4680.0,6414.0,NIFTY,2026-08-11,24350.0,CE,3
2026-08-04 04:10:00+00:00,316.0,328.25,314.4,323.95,20020.0,7861.0,NIFTY,2026-08-11,24350.0,CE,3
2026-08-04 04:15:00+00:00,325.25,333.05,322.1,330.8,6760.0,6210.0,NIFTY,2026-08-11,24350.0,CE,3
2026-08-04 04:20:00+00:00,332.85,334.9,327.45,330.0,9100.0,7777.0,NIFTY,2026-08-11,24350.0,CE,3
2026-08-04 04:25:00+00:00,331.1,340.0,327.45,334.35,6695.0,6210.0,NIFTY,2026-08-11,24350.0,CE,3
2026-08-04 04:30:00+00:00,331.35,332.9,328.75,330.2,3120.0,4657.0,NIFTY,2026-08-11,24350.0,CE,3
2026-08-04 04:35:00+00:00,330.3,333.35,320.0,320.0,3120.0,3112.0,NIFTY,2026-08-11,24350.0,CE,3
2026-08-04 04:40:00+00:00,323.3,326.5,319.0,326.5,4225.0,6271.0,NIFTY,2026-08-11,24350.0,CE,3
2026-08-04 04:45:00+00:00,322.65,328.95,322.65,326.15,260.0,1571.0,NIFTY,2026-08-11,24350.0,CE,3
2026-08-04 04:50:00+00:00,322.65,322.65,313.9,313.9,8450.0,6265.0,NIFTY,2026-08-11,24350.0,CE,3
2026-08-04 04:55:00+00:00,313.8,317.85,312.0,314.25,11700.0,6445.0,NIFTY,2026-08-11,24350.0,CE,3
2026-08-04 05:00:00+00:00,313.35,313.35,306.1,306.2,7540.0,4930.0,NIFTY,2026-08-11,24350.0,CE,3
2026-08-04 05:05:00+00:00,306.9,307.85,303.1,305.7,1950.0,8235.0,NIFTY,2026-08-11,24350.0,CE,3
2026-08-04 05:10:00+00:00,304.0,307.2,304.0,304.7,7020.0,6595.0,NIFTY,2026-08-11,24350.0,CE,3
2026-08-04 05:15:00+00:00,303.6,305.85,300.0,304.9,3705.0,8124.0,NIFTY,2026-08-11,24350.0,CE,3
2026-08-04 05:20:00+00:00,307.1,307.2,304.1,304.55,2925.0,6489.0,NIFTY,2026-08-11,24350.0,CE,3
2026-08-04 05:25:00+00:00,302.5,302.5,289.7,296.1,7345.0,8123.0,NIFTY,2026-08-11,24350.0,CE,3
2026-08-04 05:30:00+00:00,298.0,305.7,298.0,305.0,4030.0,6539.0,NIFTY,2026-08-11,24350.0,CE,3
2026-08-04 05:35:00+00:00,305.0,306.5,303.7,303.7,1300.0,4873.0,NIFTY,2026-08-11,24350.0,CE,3
2026-08-04 05:40:00+00:00,304.75,307.0,304.5,305.0,1495.0,6505.0,NIFTY,2026-08-11,24350.0,CE,3
2026-08-04 05:45:00+00:00,306.0,309.95,305.9,306.8,1755.0,6500.0,NIFTY,2026-08-11,24350.0,CE,3
2026-08-04 05:50:00+00:00,306.0,306.8,302.05,302.05,520.0,3244.0,NIFTY,2026-08-11,24350.0,CE,3
2026-08-04 05:55:00+00:00,301.4,303.15,296.75,298.7,6500.0,4927.0,NIFTY,2026-08-11,24350.0,CE,3
2026-08-04 06:00:00+00:00,298.9,298.9,293.5,294.4,12220.0,6670.0,NIFTY,2026-08-11,24350.0,CE,3
2026-08-04 06:05:00+00:00,293.1,293.9,287.0,292.25,12090.0,10175.0,NIFTY,2026-08-11,24350.0,CE,3
2026-08-04 06:10:00+00:00,290.95,290.95,285.2,286.0,6695.0,8618.0,NIFTY,2026-08-11,24350.0,CE,3
2026-08-04 06:15:00+00:00,284.0,284.0,264.4,267.2,13065.0,8661.0,NIFTY,2026-08-11,24350.0,CE,3
2026-08-04 06:20:00+00:00,268.3,274.4,267.45,269.65,9035.0,8756.0,NIFTY,2026-08-11,24350.0,CE,3
2026-08-04 06:25:00+00:00,269.9,270.8,258.8,259.05,20800.0,9005.0,NIFTY,2026-08-11,24350.0,CE,3
2026-08-04 06:30:00+00:00,257.0,260.5,245.0,258.0,22620.0,5599.0,NIFTY,2026-08-11,24350.0,CE,3
2026-08-04 06:35:00+00:00,256.55,256.55,247.4,247.55,13780.0,9430.0,NIFTY,2026-08-11,24350.0,CE,3
2026-08-04 06:40:00+00:00,247.75,254.0,243.5,254.0,12675.0,9612.0,NIFTY,2026-08-11,24350.0,CE,3
2026-08-04 06:45:00+00:00,252.55,260.0,248.8,257.85,13845.0,9631.0,NIFTY,2026-08-11,24350.0,CE,3
2026-08-04 06:50:00+00:00,258.75,259.65,253.6,256.95,6500.0,9726.0,NIFTY,2026-08-11,24350.0,CE,3
2026-08-04 06:55:00+00:00,257.2,257.2,251.0,255.55,4940.0,7777.0,NIFTY,2026-08-11,24350.0,CE,3
2026-08-04 07:00:00+00:00,255.05,257.35,250.0,250.25,13455.0,9730.0,NIFTY,2026-08-11,24350.0,CE,3
2026-08-04 07:05:00+00:00,250.35,251.95,241.4,251.95,31590.0,10674.0,NIFTY,2026-08-11,24350.0,CE,3
2026-08-04 07:10:00+00:00,252.55,252.55,238.95,242.15,73840.0,11178.0,NIFTY,2026-08-11,24350.0,CE,3
2026-08-04 07:15:00+00:00,243.0,250.2,243.0,247.85,16965.0,12028.0,NIFTY,2026-08-11,24350.0,CE,3
2026-08-04 07:20:00+00:00,248.2,250.2,244.7,245.4,6045.0,11941.0,NIFTY,2026-08-11,24350.0,CE,3
2026-08-04 07:25:00+00:00,242.75,244.35,239.7,240.0,87425.0,14256.0,NIFTY,2026-08-11,24350.0,CE,3
2026-08-04 07:30:00+00:00,239.6,244.75,238.2,242.6,19240.0,14858.0,NIFTY,2026-08-11,24350.0,CE,3
2026-08-04 07:35:00+00:00,242.65,243.55,236.1,237.05,6825.0,14875.0,NIFTY,2026-08-11,24350.0,CE,3
2026-08-04 07:40:00+00:00,238.0,240.2,229.55,232.2,18200.0,14887.0,NIFTY,2026-08-11,24350.0,CE,3
2026-08-04 07:45:00+00:00,232.5,235.4,228.0,234.0,47580.0,11891.0,NIFTY,2026-08-11,24350.0,CE,3
2026-08-04 07:50:00+00:00,232.35,238.9,230.55,238.4,14560.0,14874.0,NIFTY,2026-08-11,24350.0,CE,3
2026-08-04 07:55:00+00:00,237.1,238.25,227.9,230.3,20475.0,8947.0,NIFTY,2026-08-11,24350.0,CE,3
2026-08-04 08:00:00+00:00,230.8,233.0,224.05,228.0,36335.0,11979.0,NIFTY,2026-08-11,24350.0,CE,3
2026-08-04 08:05:00+00:00,227.45,234.6,226.0,234.6,21385.0,14931.0,NIFTY,2026-08-11,24350.0,CE,3
2026-08-04 08:10:00+00:00,232.0,234.15,222.8,222.8,12155.0,12011.0,NIFTY,2026-08-11,24350.0,CE,3
2026-08-04 08:15:00+00:00,224.0,231.6,223.95,228.25,10075.0,15089.0,NIFTY,2026-08-11,24350.0,CE,3
2026-08-04 08:20:00+00:00,229.85,230.7,217.0,221.85,22685.0,15143.0,NIFTY,2026-08-11,24350.0,CE,3
2026-08-04 08:25:00+00:00,221.8,225.0,212.3,224.7,48750.0,15452.0,NIFTY,2026-08-11,24350.0,CE,3
2026-08-04 08:30:00+00:00,224.35,226.0,217.2,222.25,48815.0,15853.0,NIFTY,2026-08-11,24350.0,CE,3
2026-08-04 08:35:00+00:00,223.95,229.5,223.25,226.4,24895.0,12797.0,NIFTY,2026-08-11,24350.0,CE,3
2026-08-04 08:40:00+00:00,226.25,232.15,226.0,230.95,39000.0,15787.0,NIFTY,2026-08-11,24350.0,CE,3
2026-08-04 08:45:00+00:00,231.25,237.0,228.9,236.1,41340.0,15532.0,NIFTY,2026-08-11,24350.0,CE,3
2026-08-04 08:50:00+00:00,236.2,240.55,227.3,230.95,38155.0,15402.0,NIFTY,2026-08-11,24350.0,CE,3
2026-08-04 08:55:00+00:00,232.0,236.6,228.7,232.8,24245.0,15542.0,NIFTY,2026-08-11,24350.0,CE,3
2026-08-04 09:00:00+00:00,232.2,237.8,229.75,233.7,20085.0,15592.0,NIFTY,2026-08-11,24350.0,CE,3
2026-08-04 09:05:00+00:00,233.75,236.1,227.75,232.8,10920.0,9416.0,NIFTY,2026-08-11,24350.0,CE,3
2026-08-04 09:10:00+00:00,233.1,234.85,230.65,234.55,8385.0,15653.0,NIFTY,2026-08-11,24350.0,CE,3
2026-08-04 09:15:00+00:00,233.0,237.0,233.0,235.0,11830.0,9428.0,NIFTY,2026-08-11,24350.0,CE,3
2026-08-04 09:20:00+00:00,237.3,237.5,233.55,237.5,13910.0,12377.0,NIFTY,2026-08-11,24350.0,CE,3
2026-08-04 09:25:00+00:00,238.0,239.5,229.45,234.5,23010.0,15278.0,NIFTY,2026-08-11,24350.0,CE,3
2026-08-04 09:30:00+00:00,235.75,238.45,229.65,230.35,33670.0,15189.0,NIFTY,2026-08-11,24350.0,CE,3
2026-08-04 09:35:00+00:00,230.65,236.0,228.0,235.0,17940.0,12190.0,NIFTY,2026-08-11,24350.0,CE,3
2026-08-04 09:40:00+00:00,236.9,245.85,234.0,245.35,41990.0,15174.0,NIFTY,2026-08-11,24350.0,CE,3
2026-08-04 09:45:00+00:00,245.3,249.0,239.95,241.75,37440.0,14859.0,NIFTY,2026-08-11,24350.0,CE,3
2026-08-04 09:50:00+00:00,241.45,244.95,240.55,244.55,25090.0,14752.0,NIFTY,2026-08-11,24350.0,CE,3
2026-08-04 09:55:00+00:00,242.25,248.5,240.15,246.9,39325.0,14686.0,NIFTY,2026-08-11,24350.0,CE,3
2026-08-04 10:00:00+00:00,246.7,249.9,229.95,235.7,33605.0,14656.0,NIFTY,2026-08-11,24350.0,CE,3
2026-08-04 10:05:00+00:00,235.8,239.5,231.75,231.75,40690.0,11753.0,NIFTY,2026-08-11,24350.0,CE,3
2026-08-05 03:45:00+00:00,320.0,370.0,311.0,362.35,182910.0,14014.0,NIFTY,2026-08-11,24350.0,CE,3
2026-08-05 03:50:00+00:00,363.4,366.4,349.65,351.45,30095.0,10959.0,NIFTY,2026-08-11,24350.0,CE,3
2026-08-05 03:55:00+00:00,352.15,352.75,339.6,347.7,42315.0,13705.0,NIFTY,2026-08-11,24350.0,CE,3
2026-08-05 04:00:00+00:00,348.9,350.0,336.25,343.6,37570.0,13975.0,NIFTY,2026-08-11,24350.0,CE,3
2026-08-05 04:05:00+00:00,342.25,350.15,339.05,349.2,20280.0,14368.0,NIFTY,2026-08-11,24350.0,CE,3
2026-08-05 04:10:00+00:00,350.3,359.0,346.8,354.45,18135.0,14358.0,NIFTY,2026-08-11,24350.0,CE,3
2026-08-05 04:15:00+00:00,352.0,357.8,347.6,356.55,12870.0,14326.0,NIFTY,2026-08-11,24350.0,CE,3
2026-08-05 04:20:00+00:00,355.0,355.3,329.0,329.9,24375.0,14349.0,NIFTY,2026-08-11,24350.0,CE,3
2026-08-05 04:25:00+00:00,331.0,336.4,325.0,335.4,33150.0,14638.0,NIFTY,2026-08-11,24350.0,CE,3
2026-08-05 04:30:00+00:00,335.7,355.8,335.25,345.15,41405.0,14941.0,NIFTY,2026-08-11,24350.0,CE,3
2026-08-05 04:35:00+00:00,344.8,347.4,325.0,338.5,37765.0,14832.0,NIFTY,2026-08-11,24350.0,CE,3
2026-08-05 04:40:00+00:00,339.0,354.0,338.45,352.3,34905.0,14877.0,NIFTY,2026-08-11,24350.0,CE,3
2026-08-05 04:45:00+00:00,348.45,349.6,334.9,345.0,11635.0,11838.0,NIFTY,2026-08-11,24350.0,CE,3
2026-08-05 04:50:00+00:00,344.0,349.0,337.85,346.55,10400.0,14792.0,NIFTY,2026-08-11,24350.0,CE,3
2026-08-05 04:55:00+00:00,341.7,342.6,321.0,321.0,24700.0,14881.0,NIFTY,2026-08-11,24350.0,CE,3
2026-08-05 05:00:00+00:00,319.9,322.6,304.5,319.65,45630.0,15370.0,NIFTY,2026-08-11,24350.0,CE,3
2026-08-05 05:05:00+00:00,319.7,327.0,316.0,322.85,16380.0,15546.0,NIFTY,2026-08-11,24350.0,CE,3
2026-08-05 05:10:00+00:00,320.8,339.05,319.4,333.05,28210.0,12380.0,NIFTY,2026-08-11,24350.0,CE,3
2026-08-05 05:15:00+00:00,332.3,344.05,332.1,344.05,15600.0,12221.0,NIFTY,2026-08-11,24350.0,CE,3
2026-08-05 05:20:00+00:00,343.15,348.25,340.2,347.1,22555.0,15058.0,NIFTY,2026-08-11,24350.0,CE,3
2026-08-05 05:25:00+00:00,347.4,370.0,347.4,368.75,42965.0,14800.0,NIFTY,2026-08-11,24350.0,CE,3
2026-08-05 05:30:00+00:00,366.75,380.0,364.35,372.3,36985.0,14400.0,NIFTY,2026-08-11,24350.0,CE,3
2026-08-05 05:35:00+00:00,375.3,379.8,353.15,353.65,24115.0,11369.0,NIFTY,2026-08-11,24350.0,CE,3
2026-08-05 05:40:00+00:00,350.05,361.05,345.05,352.65,21775.0,14337.0,NIFTY,2026-08-11,24350.0,CE,3
2026-08-05 05:45:00+00:00,351.85,357.75,345.65,347.35,12025.0,14250.0,NIFTY,2026-08-11,24350.0,CE,3
2026-08-05 05:50:00+00:00,348.05,353.65,341.7,345.95,11115.0,14293.0,NIFTY,2026-08-11,24350.0,CE,3
2026-08-05 05:55:00+00:00,345.9,346.2,334.0,336.1,18005.0,14307.0,NIFTY,2026-08-11,24350.0,CE,3
2026-08-05 06:00:00+00:00,335.3,337.8,318.55,320.0,25675.0,14335.0,NIFTY,2026-08-11,24350.0,CE,3
2026-08-05 06:05:00+00:00,319.25,328.8,319.0,328.8,31980.0,14516.0,NIFTY,2026-08-11,24350.0,CE,3
2026-08-05 06:10:00+00:00,328.45,331.3,320.0,324.05,12025.0,14639.0,NIFTY,2026-08-11,24350.0,CE,3
2026-08-05 06:15:00+00:00,323.6,325.4,317.8,318.65,12415.0,11854.0,NIFTY,2026-08-11,24350.0,CE,3
2026-08-05 06:20:00+00:00,317.1,317.1,304.95,310.1,32500.0,15104.0,NIFTY,2026-08-11,24350.0,CE,3
2026-08-05 06:25:00+00:00,310.6,310.6,302.8,308.6,28600.0,15575.0,NIFTY,2026-08-11,24350.0,CE,3
2026-08-05 06:30:00+00:00,307.8,315.85,307.05,312.15,28600.0,12771.0,NIFTY,2026-08-11,24350.0,CE,3
2026-08-05 06:35:00+00:00,311.5,313.6,308.7,312.45,10335.0,16038.0,NIFTY,2026-08-11,24350.0,CE,3
2026-08-05 06:40:00+00:00,310.65,314.5,303.7,311.3,17290.0,15996.0,NIFTY,2026-08-11,24350.0,CE,3
2026-08-05 06:45:00+00:00,312.2,314.0,305.5,305.5,11830.0,16014.0,NIFTY,2026-08-11,24350.0,CE,3
2026-08-05 06:50:00+00:00,305.95,312.5,304.2,310.75,13585.0,9634.0,NIFTY,2026-08-11,24350.0,CE,3
2026-08-05 06:55:00+00:00,307.5,311.1,305.0,307.05,11440.0,16211.0,NIFTY,2026-08-11,24350.0,CE,3
2026-08-05 07:00:00+00:00,307.0,307.15,285.0,287.05,61425.0,16836.0,NIFTY,2026-08-11,24350.0,CE,3
2026-08-05 07:05:00+00:00,287.8,288.75,280.65,288.6,47970.0,17364.0,NIFTY,2026-08-11,24350.0,CE,3
2026-08-05 07:10:00+00:00,288.45,291.05,275.55,282.05,48880.0,17809.0,NIFTY,2026-08-11,24350.0,CE,3
2026-08-05 07:15:00+00:00,282.1,284.65,273.6,277.05,27820.0,14333.0,NIFTY,2026-08-11,24350.0,CE,3
2026-08-05 07:20:00+00:00,277.15,280.8,273.0,278.4,30160.0,18253.0,NIFTY,2026-08-11,24350.0,CE,3
2026-08-05 07:25:00+00:00,278.0,281.9,272.0,273.8,31655.0,18435.0,NIFTY,2026-08-11,24350.0,CE,3
2026-08-05 07:30:00+00:00,273.0,282.9,270.0,281.05,46540.0,18671.0,NIFTY,2026-08-11,24350.0,CE,3
2026-08-05 07:35:00+00:00,280.0,287.6,269.2,286.65,52195.0,18967.0,NIFTY,2026-08-11,24350.0,CE,3
2026-08-05 07:40:00+00:00,287.1,290.8,279.8,287.0,36465.0,18970.0,NIFTY,2026-08-11,24350.0,CE,3
2026-08-05 07:45:00+00:00,287.1,294.0,283.85,292.7,40365.0,19074.0,NIFTY,2026-08-11,24350.0,CE,3
2026-08-05 07:50:00+00:00,292.35,294.9,280.85,282.6,39065.0,18896.0,NIFTY,2026-08-11,24350.0,CE,3
2026-08-05 07:55:00+00:00,281.6,286.45,277.7,284.0,38285.0,15051.0,NIFTY,2026-08-11,24350.0,CE,3
2026-08-05 08:00:00+00:00,283.45,286.45,276.35,277.55,25350.0,18975.0,NIFTY,2026-08-11,24350.0,CE,3
2026-08-05 08:05:00+00:00,278.05,282.25,274.35,278.55,14755.0,19230.0,NIFTY,2026-08-11,24350.0,CE,3
2026-08-05 08:10:00+00:00,277.85,279.15,263.9,266.65,31655.0,19646.0,NIFTY,2026-08-11,24350.0,CE,3
2026-08-05 08:15:00+00:00,266.0,283.8,266.0,282.9,52715.0,19969.0,NIFTY,2026-08-11,24350.0,CE,3
2026-08-05 08:20:00+00:00,283.5,285.15,274.6,275.15,28275.0,19949.0,NIFTY,2026-08-11,24350.0,CE,3
2026-08-05 08:25:00+00:00,275.7,278.4,273.3,277.05,16380.0,20159.0,NIFTY,2026-08-11,24350.0,CE,3
2026-08-05 08:30:00+00:00,278.0,287.2,276.3,284.55,47905.0,19910.0,NIFTY,2026-08-11,24350.0,CE,3
2026-08-05 08:35:00+00:00,285.05,290.0,282.45,282.65,28535.0,15869.0,NIFTY,2026-08-11,24350.0,CE,3
2026-08-05 08:40:00+00:00,283.4,289.0,272.1,273.25,56290.0,19801.0,NIFTY,2026-08-11,24350.0,CE,3
2026-08-05 08:45:00+00:00,273.75,277.35,263.9,272.95,47385.0,20072.0,NIFTY,2026-08-11,24350.0,CE,3
2026-08-05 08:50:00+00:00,273.0,280.0,270.6,271.9,33410.0,20301.0,NIFTY,2026-08-11,24350.0,CE,3
2026-08-05 08:55:00+00:00,271.55,276.65,271.0,275.15,20800.0,16217.0,NIFTY,2026-08-11,24350.0,CE,3
2026-08-05 09:00:00+00:00,275.65,278.7,271.0,273.85,25155.0,20588.0,NIFTY,2026-08-11,24350.0,CE,3
2026-08-05 09:05:00+00:00,273.25,285.6,273.25,280.0,36920.0,16644.0,NIFTY,2026-08-11,24350.0,CE,3
2026-08-05 09:10:00+00:00,279.75,280.35,273.0,276.0,29770.0,20957.0,NIFTY,2026-08-11,24350.0,CE,3
2026-08-05 09:15:00+00:00,276.25,286.9,275.1,285.3,31460.0,21178.0,NIFTY,2026-08-11,24350.0,CE,3
2026-08-05 09:20:00+00:00,285.2,291.05,280.7,283.3,30225.0,20998.0,NIFTY,2026-08-11,24350.0,CE,3
2026-08-05 09:25:00+00:00,283.25,296.6,281.0,286.55,59345.0,20719.0,NIFTY,2026-08-11,24350.0,CE,3
2026-08-05 09:30:00+00:00,289.3,297.85,283.4,294.75,77350.0,19235.0,NIFTY,2026-08-11,24350.0,CE,3
2026-08-05 09:35:00+00:00,296.0,304.5,286.7,300.55,75400.0,18945.0,NIFTY,2026-08-11,24350.0,CE,3
2026-08-05 09:40:00+00:00,300.25,319.05,293.45,316.0,103935.0,18047.0,NIFTY,2026-08-11,24350.0,CE,3
2026-08-05 09:45:00+00:00,315.85,330.75,264.0,307.6,128700.0,16603.0,NIFTY,2026-08-11,24350.0,CE,3
2026-08-05 09:50:00+00:00,309.4,313.85,304.7,307.35,39975.0,15956.0,NIFTY,2026-08-11,24350.0,CE,3
2026-08-05 09:55:00+00:00,306.5,312.6,289.1,306.15,44330.0,15585.0,NIFTY,2026-08-11,24350.0,CE,3
2026-08-05 10:00:00+00:00,305.45,307.25,298.2,298.5,15730.0,15505.0,NIFTY,2026-08-11,24350.0,CE,3
2026-08-05 10:05:00+00:00,298.1,298.95,287.8,292.0,35880.0,15456.0,NIFTY,2026-08-11,24350.0,CE,3
2026-08-06 03:45:00+00:00,298.2,354.4,298.2,341.9,95355.0,11893.0,NIFTY,2026-08-11,24350.0,CE,3
2026-08-06 03:50:00+00:00,342.5,356.0,340.95,351.0,42770.0,14985.0,NIFTY,2026-08-11,24350.0,CE,3
2026-08-06 03:55:00+00:00,350.0,359.0,343.9,355.0,26325.0,14909.0,NIFTY,2026-08-11,24350.0,CE,3
2026-08-06 04:00:00+00:00,356.0,362.5,344.9,350.1,22035.0,14669.0,NIFTY,2026-08-11,24350.0,CE,3
2026-08-06 04:05:00+00:00,347.85,361.35,347.5,357.0,11310.0,14696.0,NIFTY,2026-08-11,24350.0,CE,3
2026-08-06 04:10:00+00:00,358.05,364.0,354.8,362.75,9555.0,11761.0,NIFTY,2026-08-11,24350.0,CE,3
2026-08-06 04:15:00+00:00,364.45,380.55,364.0,375.1,22880.0,14625.0,NIFTY,2026-08-11,24350.0,CE,3
2026-08-06 04:20:00+00:00,375.3,384.1,374.3,378.45,29120.0,14524.0,NIFTY,2026-08-11,24350.0,CE,3
2026-08-06 04:25:00+00:00,376.8,376.8,354.25,354.45,21710.0,14317.0,NIFTY,2026-08-11,24350.0,CE,3
2026-08-06 04:30:00+00:00,354.6,354.6,334.0,340.95,40365.0,14453.0,NIFTY,2026-08-11,24350.0,CE,3
2026-08-06 04:35:00+00:00,341.85,346.9,335.0,346.75,31525.0,14643.0,NIFTY,2026-08-11,24350.0,CE,3
2026-08-06 04:40:00+00:00,345.15,359.75,345.15,351.0,26780.0,14516.0,NIFTY,2026-08-11,24350.0,CE,3
2026-08-06 04:45:00+00:00,351.45,353.0,345.3,347.1,12610.0,14541.0,NIFTY,2026-08-11,24350.0,CE,3
2026-08-06 04:50:00+00:00,347.35,361.7,347.0,360.85,11700.0,14488.0,NIFTY,2026-08-11,24350.0,CE,3
2026-08-06 04:55:00+00:00,361.15,361.15,353.35,360.85,10985.0,14339.0,NIFTY,2026-08-11,24350.0,CE,3
2026-08-06 05:00:00+00:00,359.6,364.5,357.3,358.25,8450.0,14344.0,NIFTY,2026-08-11,24350.0,CE,3
2026-08-06 05:05:00+00:00,355.65,363.15,355.0,360.0,5070.0,14194.0,NIFTY,2026-08-11,24350.0,CE,3
2026-08-06 05:10:00+00:00,359.75,361.25,355.0,360.0,3900.0,14200.0,NIFTY,2026-08-11,24350.0,CE,3
2026-08-06 05:15:00+00:00,357.0,357.0,348.9,352.5,6045.0,14267.0,NIFTY,2026-08-11,24350.0,CE,3
2026-08-06 05:20:00+00:00,351.2,351.65,337.7,349.4,10790.0,11441.0,NIFTY,2026-08-11,24350.0,CE,3
2026-08-06 05:25:00+00:00,351.75,361.8,350.85,351.75,13455.0,14295.0,NIFTY,2026-08-11,24350.0,CE,3
2026-08-06 05:30:00+00:00,352.65,357.7,348.0,353.45,2145.0,14236.0,NIFTY,2026-08-11,24350.0,CE,3
2026-08-06 05:35:00+00:00,354.95,360.65,352.0,360.65,7475.0,14219.0,NIFTY,2026-08-11,24350.0,CE,3
2026-08-06 05:40:00+00:00,360.7,373.1,360.65,372.9,11180.0,14134.0,NIFTY,2026-08-11,24350.0,CE,3
2026-08-06 05:45:00+00:00,373.0,382.6,367.55,382.6,18330.0,14071.0,NIFTY,2026-08-11,24350.0,CE,3
2026-08-06 05:50:00+00:00,380.4,385.6,378.8,385.6,11830.0,14058.0,NIFTY,2026-08-11,24350.0,CE,3
2026-08-06 05:55:00+00:00,384.6,386.7,379.0,384.65,8710.0,8401.0,NIFTY,2026-08-11,24350.0,CE,3
2026-08-06 06:00:00+00:00,386.85,388.0,374.2,374.2,10660.0,13994.0,NIFTY,2026-08-11,24350.0,CE,3
2026-08-06 06:05:00+00:00,375.1,377.15,369.05,370.95,11765.0,13933.0,NIFTY,2026-08-11,24350.0,CE,3
2026-08-06 06:10:00+00:00,370.0,371.35,345.45,350.45,15730.0,14023.0,NIFTY,2026-08-11,24350.0,CE,3
2026-08-06 06:15:00+00:00,350.5,354.2,345.0,354.0,11700.0,14183.0,NIFTY,2026-08-11,24350.0,CE,3
2026-08-06 06:20:00+00:00,354.65,367.2,354.65,364.0,18460.0,14127.0,NIFTY,2026-08-11,24350.0,CE,3
2026-08-06 06:25:00+00:00,364.6,381.9,363.25,380.35,26715.0,14104.0,NIFTY,2026-08-11,24350.0,CE,3
2026-08-06 06:30:00+00:00,378.7,378.7,371.5,372.3,8645.0,11248.0,NIFTY,2026-08-11,24350.0,CE,3
2026-08-06 06:35:00+00:00,373.45,373.45,362.4,362.65,5915.0,13986.0,NIFTY,2026-08-11,24350.0,CE,3
2026-08-06 06:40:00+00:00,363.95,365.25,359.0,359.95,7150.0,13969.0,NIFTY,2026-08-11,24350.0,CE,3
2026-08-06 06:45:00+00:00,362.55,370.9,362.4,364.0,14560.0,11220.0,NIFTY,2026-08-11,24350.0,CE,3
2026-08-06 06:50:00+00:00,360.0,360.0,350.35,354.8,12415.0,13930.0,NIFTY,2026-08-11,24350.0,CE,3
2026-08-06 06:55:00+00:00,356.65,360.9,355.0,359.2,5135.0,8381.0,NIFTY,2026-08-11,24350.0,CE,3
2026-08-06 07:00:00+00:00,359.0,367.25,359.0,364.3,6890.0,14034.0,NIFTY,2026-08-11,24350.0,CE,3
2026-08-06 07:05:00+00:00,365.6,370.05,361.05,362.85,5330.0,13984.0,NIFTY,2026-08-11,24350.0,CE,3
2026-08-06 07:10:00+00:00,362.8,365.35,357.8,360.05,845.0,5590.0,NIFTY,2026-08-11,24350.0,CE,3
2026-08-06 07:15:00+00:00,362.55,365.6,354.45,356.55,4550.0,11194.0,NIFTY,2026-08-11,24350.0,CE,3
2026-08-06 07:20:00+00:00,355.5,360.0,354.1,356.85,4745.0,13981.0,NIFTY,2026-08-11,24350.0,CE,3
2026-08-06 07:25:00+00:00,356.9,357.05,347.0,351.45,12610.0,13945.0,NIFTY,2026-08-11,24350.0,CE,3
2026-08-06 07:30:00+00:00,351.0,361.7,351.0,359.6,21385.0,14121.0,NIFTY,2026-08-11,24350.0,CE,3
2026-08-06 07:35:00+00:00,356.95,360.85,343.2,344.1,20085.0,14478.0,NIFTY,2026-08-11,24350.0,CE,3
2026-08-06 07:40:00+00:00,345.1,360.75,340.0,340.6,16380.0,14469.0,NIFTY,2026-08-11,24350.0,CE,3
2026-08-06 07:45:00+00:00,340.0,359.15,333.35,356.0,178230.0,15711.0,NIFTY,2026-08-11,24350.0,CE,3
2026-08-06 07:50:00+00:00,358.0,360.0,331.8,334.9,96720.0,14465.0,NIFTY,2026-08-11,24350.0,CE,3
2026-08-06 07:55:00+00:00,334.05,344.25,332.3,336.3,16640.0,14289.0,NIFTY,2026-08-11,24350.0,CE,3
2026-08-06 08:00:00+00:00,342.8,348.0,339.0,345.7,79495.0,15304.0,NIFTY,2026-08-11,24350.0,CE,3
2026-08-06 08:05:00+00:00,348.5,361.7,347.05,351.0,18850.0,14631.0,NIFTY,2026-08-11,24350.0,CE,3
2026-08-06 08:10:00+00:00,348.45,351.4,339.8,342.15,15145.0,14643.0,NIFTY,2026-08-11,24350.0,CE,3
2026-08-06 08:15:00+00:00,345.9,345.9,334.75,339.0,149890.0,15566.0,NIFTY,2026-08-11,24350.0,CE,3
2026-08-06 08:20:00+00:00,336.0,352.15,333.5,346.0,35620.0,15555.0,NIFTY,2026-08-11,24350.0,CE,3
2026-08-06 08:25:00+00:00,347.1,361.6,344.0,359.05,17680.0,12199.0,NIFTY,2026-08-11,24350.0,CE,3
2026-08-06 08:30:00+00:00,357.55,366.85,353.9,363.05,25285.0,11838.0,NIFTY,2026-08-11,24350.0,CE,3
2026-08-06 08:35:00+00:00,364.5,369.0,361.5,364.95,9880.0,14487.0,NIFTY,2026-08-11,24350.0,CE,3
2026-08-06 08:40:00+00:00,364.65,368.0,362.0,362.0,4810.0,11521.0,NIFTY,2026-08-11,24350.0,CE,3
2026-08-06 08:45:00+00:00,363.85,371.3,363.85,367.5,10205.0,11484.0,NIFTY,2026-08-11,24350.0,CE,3
2026-08-06 08:50:00+00:00,370.0,371.4,365.55,370.7,1950.0,11486.0,NIFTY,2026-08-11,24350.0,CE,3
2026-08-06 08:55:00+00:00,372.4,376.3,365.65,368.0,5200.0,14383.0,NIFTY,2026-08-11,24350.0,CE,3
2026-08-06 09:00:00+00:00,367.85,368.75,356.25,363.15,14105.0,14394.0,NIFTY,2026-08-11,24350.0,CE,3
2026-08-06 09:05:00+00:00,362.3,363.6,352.45,354.25,4355.0,5757.0,NIFTY,2026-08-11,24350.0,CE,3
2026-08-06 09:10:00+00:00,355.0,360.6,348.0,354.7,5070.0,14428.0,NIFTY,2026-08-11,24350.0,CE,3
2026-08-06 09:15:00+00:00,352.0,360.35,350.0,359.75,5135.0,8685.0,NIFTY,2026-08-11,24350.0,CE,3
2026-08-06 09:20:00+00:00,356.25,358.0,350.65,357.35,2860.0,11608.0,NIFTY,2026-08-11,24350.0,CE,3
2026-08-06 09:25:00+00:00,353.0,360.0,349.2,357.2,4940.0,14504.0,NIFTY,2026-08-11,24350.0,CE,3
2026-08-06 09:30:00+00:00,357.3,370.0,349.2,355.1,14430.0,14367.0,NIFTY,2026-08-11,24350.0,CE,3
2026-08-06 09:35:00+00:00,354.7,361.35,350.5,357.3,8190.0,11467.0,NIFTY,2026-08-11,24350.0,CE,3
2026-08-06 09:40:00+00:00,356.1,366.3,355.35,363.75,8840.0,14244.0,NIFTY,2026-08-11,24350.0,CE,3
2026-08-06 09:45:00+00:00,363.3,372.1,363.3,367.85,16120.0,11238.0,NIFTY,2026-08-11,24350.0,CE,3
2026-08-06 09:50:00+00:00,366.6,370.8,359.0,367.8,7930.0,13992.0,NIFTY,2026-08-11,24350.0,CE,3
2026-08-06 09:55:00+00:00,365.9,365.95,358.55,361.9,6760.0,11127.0,NIFTY,2026-08-11,24350.0,CE,3
2026-08-06 10:00:00+00:00,363.4,363.75,357.8,362.5,6760.0,13845.0,NIFTY,2026-08-11,24350.0,CE,3
2026-08-06 10:05:00+00:00,362.85,363.75,355.9,362.1,12285.0,11091.0,NIFTY,2026-08-11,24350.0,CE,3
2026-08-07 03:45:00+00:00,300.0,313.95,282.65,306.45,154115.0,14491.0,NIFTY,2026-08-11,24350.0,CE,3
2026-08-07 03:50:00+00:00,306.8,322.2,298.35,317.65,85150.0,15272.0,NIFTY,2026-08-11,24350.0,CE,3
2026-08-07 03:55:00+00:00,317.0,322.0,310.05,313.2,37245.0,15392.0,NIFTY,2026-08-11,24350.0,CE,3
2026-08-07 04:00:00+00:00,312.0,319.5,304.85,310.0,53235.0,15992.0,NIFTY,2026-08-11,24350.0,CE,3
2026-08-07 04:05:00+00:00,310.9,319.05,310.9,317.25,17290.0,16017.0,NIFTY,2026-08-11,24350.0,CE,3
2026-08-07 04:10:00+00:00,315.35,326.55,309.6,323.75,24505.0,15993.0,NIFTY,2026-08-11,24350.0,CE,3
2026-08-07 04:15:00+00:00,324.7,324.75,310.0,319.6,26260.0,15770.0,NIFTY,2026-08-11,24350.0,CE,3
2026-08-07 04:20:00+00:00,319.1,330.15,319.1,328.8,54210.0,15778.0,NIFTY,2026-08-11,24350.0,CE,3
2026-08-07 04:25:00+00:00,329.1,332.2,325.3,327.75,29445.0,15826.0,NIFTY,2026-08-11,24350.0,CE,3
2026-08-07 04:30:00+00:00,327.65,328.75,317.0,321.9,25090.0,15908.0,NIFTY,2026-08-11,24350.0,CE,3
2026-08-07 04:35:00+00:00,321.5,326.05,317.7,319.0,16900.0,12849.0,NIFTY,2026-08-11,24350.0,CE,3
2026-08-07 04:40:00+00:00,319.05,319.25,304.95,310.0,37375.0,19282.0,NIFTY,2026-08-11,24350.0,CE,3
2026-08-07 04:45:00+00:00,310.55,310.55,287.35,294.2,59735.0,16114.0,NIFTY,2026-08-11,24350.0,CE,3
2026-08-07 04:50:00+00:00,293.35,297.35,285.3,290.35,41080.0,16084.0,NIFTY,2026-08-11,24350.0,CE,3
2026-08-07 04:55:00+00:00,289.45,291.95,282.9,286.2,40950.0,16221.0,NIFTY,2026-08-11,24350.0,CE,3
2026-08-07 05:00:00+00:00,284.45,288.0,278.4,287.4,48685.0,17157.0,NIFTY,2026-08-11,24350.0,CE,3
2026-08-07 05:05:00+00:00,287.75,290.4,283.9,288.8,32370.0,17472.0,NIFTY,2026-08-11,24350.0,CE,3
2026-08-07 05:10:00+00:00,287.75,288.0,282.2,286.8,15795.0,20995.0,NIFTY,2026-08-11,24350.0,CE,3
2026-08-07 05:15:00+00:00,287.15,295.75,285.0,288.45,40430.0,17531.0,NIFTY,2026-08-11,24350.0,CE,3
2026-08-07 05:20:00+00:00,288.0,294.0,285.8,290.8,24830.0,17668.0,NIFTY,2026-08-11,24350.0,CE,3
2026-08-07 05:25:00+00:00,291.2,293.8,286.15,286.15,13195.0,17728.0,NIFTY,2026-08-11,24350.0,CE,3
2026-08-07 05:30:00+00:00,286.3,286.3,273.0,275.5,48815.0,17691.0,NIFTY,2026-08-11,24350.0,CE,3
2026-08-07 05:35:00+00:00,275.6,284.9,275.45,281.85,27235.0,17765.0,NIFTY,2026-08-11,24350.0,CE,3
2026-08-07 05:40:00+00:00,282.25,284.0,280.75,282.05,10595.0,17676.0,NIFTY,2026-08-11,24350.0,CE,3
2026-08-07 05:45:00+00:00,281.85,281.85,275.8,278.4,17420.0,17642.0,NIFTY,2026-08-11,24350.0,CE,3
2026-08-07 05:50:00+00:00,279.0,289.4,278.25,288.0,23530.0,17824.0,NIFTY,2026-08-11,24350.0,CE,3
2026-08-07 05:55:00+00:00,289.2,299.55,288.1,294.75,44525.0,17456.0,NIFTY,2026-08-11,24350.0,CE,3
2026-08-07 06:00:00+00:00,294.45,295.0,287.0,291.15,20670.0,17359.0,NIFTY,2026-08-11,24350.0,CE,3
2026-08-07 06:05:00+00:00,291.9,296.95,289.65,294.95,16640.0,17399.0,NIFTY,2026-08-11,24350.0,CE,3
2026-08-07 06:10:00+00:00,294.1,294.2,291.0,292.6,7150.0,17428.0,NIFTY,2026-08-11,24350.0,CE,3
2026-08-07 06:15:00+00:00,292.35,293.0,279.6,279.95,32305.0,17427.0,NIFTY,2026-08-11,24350.0,CE,3
2026-08-07 06:20:00+00:00,280.35,281.05,270.3,275.95,45890.0,17623.0,NIFTY,2026-08-11,24350.0,CE,3
2026-08-07 06:25:00+00:00,276.05,280.95,274.7,280.95,17940.0,17852.0,NIFTY,2026-08-11,24350.0,CE,3
2026-08-07 06:30:00+00:00,279.8,279.95,271.65,274.15,11635.0,14260.0,NIFTY,2026-08-11,24350.0,CE,3
2026-08-07 06:35:00+00:00,273.85,274.0,265.2,270.0,33800.0,18095.0,NIFTY,2026-08-11,24350.0,CE,3
2026-08-07 06:40:00+00:00,270.65,270.7,262.7,262.75,29380.0,18391.0,NIFTY,2026-08-11,24350.0,CE,3
2026-08-07 06:45:00+00:00,261.5,264.9,258.75,262.3,45500.0,19115.0,NIFTY,2026-08-11,24350.0,CE,3
2026-08-07 06:50:00+00:00,262.0,269.0,260.8,264.35,38545.0,19689.0,NIFTY,2026-08-11,24350.0,CE,3
2026-08-07 06:55:00+00:00,263.45,275.6,262.3,271.35,46020.0,19693.0,NIFTY,2026-08-11,24350.0,CE,3
2026-08-07 07:00:00+00:00,271.85,277.3,267.4,276.4,28210.0,19651.0,NIFTY,2026-08-11,24350.0,CE,3
2026-08-07 07:05:00+00:00,276.85,278.65,273.7,278.35,24310.0,19705.0,NIFTY,2026-08-11,24350.0,CE,3
2026-08-07 07:10:00+00:00,276.0,278.2,270.9,277.1,20215.0,19511.0,NIFTY,2026-08-11,24350.0,CE,3
2026-08-07 07:15:00+00:00,277.3,284.8,273.2,282.7,58955.0,19336.0,NIFTY,2026-08-11,24350.0,CE,3
2026-08-07 07:20:00+00:00,282.5,282.7,270.4,274.25,38935.0,19775.0,NIFTY,2026-08-11,24350.0,CE,3
2026-08-07 07:25:00+00:00,274.65,275.4,269.55,269.65,20735.0,19778.0,NIFTY,2026-08-11,24350.0,CE,3
2026-08-07 07:30:00+00:00,269.0,271.45,265.5,269.75,12415.0,19836.0,NIFTY,2026-08-11,24350.0,CE,3
2026-08-07 07:35:00+00:00,270.15,276.7,269.45,269.45,28470.0,19966.0,NIFTY,2026-08-11,24350.0,CE,3
2026-08-07 07:40:00+00:00,269.8,274.05,263.25,263.4,43225.0,16133.0,NIFTY,2026-08-11,24350.0,CE,3
2026-08-07 07:45:00+00:00,264.0,271.65,262.0,262.0,33605.0,20169.0,NIFTY,2026-08-11,24350.0,CE,3
2026-08-07 07:50:00+00:00,261.45,277.75,261.2,277.25,35880.0,20636.0,NIFTY,2026-08-11,24350.0,CE,3
2026-08-07 07:55:00+00:00,278.1,281.6,275.4,275.4,41795.0,20168.0,NIFTY,2026-08-11,24350.0,CE,3
2026-08-07 08:00:00+00:00,276.2,276.8,258.3,262.7,78195.0,20395.0,NIFTY,2026-08-11,24350.0,CE,3
2026-08-07 08:05:00+00:00,261.7,269.55,261.3,264.25,26650.0,21269.0,NIFTY,2026-08-11,24350.0,CE,3
2026-08-07 08:10:00+00:00,265.55,266.0,260.85,266.0,21060.0,21350.0,NIFTY,2026-08-11,24350.0,CE,3
2026-08-07 08:15:00+00:00,264.75,282.9,264.0,281.75,77025.0,21061.0,NIFTY,2026-08-11,24350.0,CE,3
2026-08-07 08:20:00+00:00,282.6,292.05,277.75,279.3,117975.0,19910.0,NIFTY,2026-08-11,24350.0,CE,3
2026-08-07 08:25:00+00:00,281.2,281.2,259.55,268.45,81705.0,19381.0,NIFTY,2026-08-11,24350.0,CE,3
2026-08-07 08:30:00+00:00,268.35,280.15,262.0,263.4,54795.0,19497.0,NIFTY,2026-08-11,24350.0,CE,3
2026-08-07 08:35:00+00:00,264.5,266.55,247.0,254.0,90805.0,20042.0,NIFTY,2026-08-11,24350.0,CE,3
2026-08-07 08:40:00+00:00,254.1,255.5,245.3,248.55,60190.0,20974.0,NIFTY,2026-08-11,24350.0,CE,3
2026-08-07 08:45:00+00:00,248.4,256.2,243.0,250.55,87100.0,22056.0,NIFTY,2026-08-11,24350.0,CE,3
2026-08-07 08:50:00+00:00,250.45,256.15,249.4,256.0,28145.0,22323.0,NIFTY,2026-08-11,24350.0,CE,3
2026-08-07 08:55:00+00:00,256.1,258.5,253.6,254.75,33735.0,22306.0,NIFTY,2026-08-11,24350.0,CE,3
2026-08-07 09:00:00+00:00,255.0,263.05,252.0,257.4,57265.0,22092.0,NIFTY,2026-08-11,24350.0,CE,3
2026-08-07 09:05:00+00:00,257.85,261.55,256.45,256.45,20150.0,22057.0,NIFTY,2026-08-11,24350.0,CE,3
2026-08-07 09:10:00+00:00,257.05,261.05,253.35,258.85,38025.0,21711.0,NIFTY,2026-08-11,24350.0,CE,3
2026-08-07 09:15:00+00:00,260.0,272.8,259.85,270.25,66495.0,21439.0,NIFTY,2026-08-11,24350.0,CE,3
2026-08-07 09:20:00+00:00,270.35,270.4,259.15,261.5,70005.0,20690.0,NIFTY,2026-08-11,24350.0,CE,3
2026-08-07 09:25:00+00:00,262.05,266.7,259.2,262.0,27690.0,20556.0,NIFTY,2026-08-11,24350.0,CE,3
2026-08-07 09:30:00+00:00,261.1,275.0,260.0,274.7,61360.0,19733.0,NIFTY,2026-08-11,24350.0,CE,3
2026-08-07 09:35:00+00:00,274.15,280.0,271.7,278.3,55835.0,15676.0,NIFTY,2026-08-11,24350.0,CE,3
2026-08-07 09:40:00+00:00,280.7,288.05,277.7,284.8,76180.0,18667.0,NIFTY,2026-08-11,24350.0,CE,3
2026-08-07 09:45:00+00:00,285.0,294.1,272.6,281.1,73125.0,17841.0,NIFTY,2026-08-11,24350.0,CE,3
2026-08-07 09:50:00+00:00,279.0,282.9,274.9,280.25,54210.0,16966.0,NIFTY,2026-08-11,24350.0,CE,3
2026-08-07 09:55:00+00:00,280.7,281.7,273.0,280.05,40235.0,16472.0,NIFTY,2026-08-11,24350.0,CE,3
2026-08-07 10:00:00+00:00,279.8,280.9,275.3,279.1,71760.0,16955.0,NIFTY,2026-08-11,24350.0,CE,3
2026-08-07 10:05:00+00:00,280.0,290.4,278.7,289.0,89960.0,17423.0,NIFTY,2026-08-11,24350.0,CE,3
2026-08-07 10:10:00+00:00,281.35,281.35,281.35,281.35,780.0,,NIFTY,2026-08-11,24350.0,CE,3
2026-08-10 03:45:00+00:00,266.5,283.4,250.5,278.15,176670.0,18827.0,NIFTY,2026-08-11,24350.0,CE,3
2026-08-10 03:50:00+00:00,278.6,290.95,274.1,274.65,113100.0,14697.0,NIFTY,2026-08-11,24350.0,CE,3
2026-08-10 03:55:00+00:00,275.45,275.95,254.0,254.8,108420.0,18508.0,NIFTY,2026-08-11,24350.0,CE,3
2026-08-10 04:00:00+00:00,254.4,256.8,236.95,236.95,98800.0,19466.0,NIFTY,2026-08-11,24350.0,CE,3
2026-08-10 04:05:00+00:00,237.05,240.1,224.25,234.25,182455.0,21385.0,NIFTY,2026-08-11,24350.0,CE,3
2026-08-10 04:10:00+00:00,234.05,234.05,221.15,227.05,147290.0,23228.0,NIFTY,2026-08-11,24350.0,CE,3
2026-08-10 04:15:00+00:00,226.25,237.0,223.75,230.15,136825.0,24728.0,NIFTY,2026-08-11,24350.0,CE,3
2026-08-10 04:20:00+00:00,230.35,239.5,227.0,232.1,152100.0,24985.0,NIFTY,2026-08-11,24350.0,CE,3
2026-08-10 04:25:00+00:00,231.95,236.7,227.15,236.7,111670.0,25533.0,NIFTY,2026-08-11,24350.0,CE,3
2026-08-10 04:30:00+00:00,236.6,243.2,232.0,234.3,128570.0,20796.0,NIFTY,2026-08-11,24350.0,CE,3
2026-08-10 04:35:00+00:00,233.75,238.65,226.7,229.65,80860.0,25479.0,NIFTY,2026-08-11,24350.0,CE,3
2026-08-10 04:40:00+00:00,229.75,240.9,226.25,238.2,92170.0,26406.0,NIFTY,2026-08-11,24350.0,CE,3
2026-08-10 04:45:00+00:00,238.8,257.95,238.75,257.95,196495.0,25062.0,NIFTY,2026-08-11,24350.0,CE,3
2026-08-10 04:50:00+00:00,256.85,274.7,255.25,272.5,207285.0,22716.0,NIFTY,2026-08-11,24350.0,CE,3
2026-08-10 04:55:00+00:00,273.55,277.2,262.95,275.8,90675.0,21550.0,NIFTY,2026-08-11,24350.0,CE,3
2026-08-10 05:00:00+00:00,276.8,281.2,266.4,267.75,79690.0,21267.0,NIFTY,2026-08-11,24350.0,CE,3
2026-08-10 05:05:00+00:00,269.0,278.0,269.0,275.15,41795.0,21063.0,NIFTY,2026-08-11,24350.0,CE,3
2026-08-10 05:10:00+00:00,276.65,287.95,275.1,286.0,51415.0,21067.0,NIFTY,2026-08-11,24350.0,CE,3
2026-08-10 05:15:00+00:00,285.7,296.2,281.3,283.5,71370.0,20805.0,NIFTY,2026-08-11,24350.0,CE,3
2026-08-10 05:20:00+00:00,283.3,285.65,275.25,275.6,53495.0,20878.0,NIFTY,2026-08-11,24350.0,CE,3
2026-08-10 05:25:00+00:00,275.75,278.4,274.85,277.45,22490.0,21041.0,NIFTY,2026-08-11,24350.0,CE,3
2026-08-10 05:30:00+00:00,278.95,289.75,278.6,288.0,54535.0,16698.0,NIFTY,2026-08-11,24350.0,CE,3
2026-08-10 05:35:00+00:00,288.95,290.7,279.3,283.2,26000.0,20891.0,NIFTY,2026-08-11,24350.0,CE,3
2026-08-10 05:40:00+00:00,282.15,291.55,279.0,291.3,37960.0,21023.0,NIFTY,2026-08-11,24350.0,CE,3
2026-08-10 05:45:00+00:00,291.0,293.0,285.0,291.35,42835.0,20740.0,NIFTY,2026-08-11,24350.0,CE,3
2026-08-10 05:50:00+00:00,291.7,297.0,288.0,291.85,24180.0,20520.0,NIFTY,2026-08-11,24350.0,CE,3
2026-08-10 05:55:00+00:00,291.45,295.45,288.35,291.6,22490.0,20617.0,NIFTY,2026-08-11,24350.0,CE,3
2026-08-10 06:00:00+00:00,290.7,290.7,275.85,276.85,46085.0,20624.0,NIFTY,2026-08-11,24350.0,CE,3
2026-08-10 06:05:00+00:00,278.25,291.2,276.1,287.1,49270.0,20785.0,NIFTY,2026-08-11,24350.0,CE,3
2026-08-10 06:10:00+00:00,286.5,289.15,273.9,273.9,29315.0,20722.0,NIFTY,2026-08-11,24350.0,CE,3
2026-08-10 06:15:00+00:00,275.0,287.6,268.75,282.45,49790.0,20603.0,NIFTY,2026-08-11,24350.0,CE,3
2026-08-10 06:20:00+00:00,281.75,284.4,276.05,276.05,17680.0,20657.0,NIFTY,2026-08-11,24350.0,CE,3
2026-08-10 06:25:00+00:00,276.0,284.15,274.0,277.4,29445.0,20625.0,NIFTY,2026-08-11,24350.0,CE,3
2026-08-10 06:30:00+00:00,278.1,281.75,274.75,279.45,13780.0,16476.0,NIFTY,2026-08-11,24350.0,CE,3
2026-08-10 06:35:00+00:00,280.8,281.7,276.0,280.8,13910.0,20606.0,NIFTY,2026-08-11,24350.0,CE,3
2026-08-10 06:40:00+00:00,282.0,292.0,278.0,288.15,38805.0,20505.0,NIFTY,2026-08-11,24350.0,CE,3
2026-08-10 06:45:00+00:00,287.6,302.35,287.0,292.5,71110.0,19981.0,NIFTY,2026-08-11,24350.0,CE,3
2026-08-10 06:50:00+00:00,292.6,297.0,286.15,287.0,29640.0,15916.0,NIFTY,2026-08-11,24350.0,CE,3
2026-08-10 06:55:00+00:00,287.5,298.5,287.1,295.1,23985.0,19984.0,NIFTY,2026-08-11,24350.0,CE,3
2026-08-10 07:00:00+00:00,294.55,300.0,290.9,291.65,21580.0,16025.0,NIFTY,2026-08-11,24350.0,CE,3
2026-08-10 07:05:00+00:00,294.3,298.55,288.9,295.4,25805.0,24134.0,NIFTY,2026-08-11,24350.0,CE,3
2026-08-10 07:10:00+00:00,295.3,296.95,284.2,284.2,20995.0,15973.0,NIFTY,2026-08-11,24350.0,CE,3
2026-08-10 07:15:00+00:00,284.4,288.85,280.7,284.4,28990.0,19981.0,NIFTY,2026-08-11,24350.0,CE,3
2026-08-10 07:20:00+00:00,285.0,285.7,276.7,279.45,22750.0,16034.0,NIFTY,2026-08-11,24350.0,CE,3
2026-08-10 07:25:00+00:00,280.7,280.7,274.0,278.0,29445.0,19864.0,NIFTY,2026-08-11,24350.0,CE,3
2026-08-10 07:30:00+00:00,277.3,280.2,271.1,278.25,32435.0,15905.0,NIFTY,2026-08-11,24350.0,CE,3
2026-08-10 07:35:00+00:00,279.35,282.85,268.0,268.05,85995.0,19737.0,NIFTY,2026-08-11,24350.0,CE,3
2026-08-10 07:40:00+00:00,269.5,273.1,266.4,268.75,33605.0,20086.0,NIFTY,2026-08-11,24350.0,CE,3
2026-08-10 07:45:00+00:00,269.0,278.0,267.45,272.0,72345.0,19371.0,NIFTY,2026-08-11,24350.0,CE,3
2026-08-10 07:50:00+00:00,272.95,275.0,268.2,274.45,41080.0,19287.0,NIFTY,2026-08-11,24350.0,CE,3
2026-08-10 07:55:00+00:00,276.0,281.05,273.15,275.85,63440.0,19025.0,NIFTY,2026-08-11,24350.0,CE,3
2026-08-10 08:00:00+00:00,277.0,287.85,275.0,287.05,40560.0,19133.0,NIFTY,2026-08-11,24350.0,CE,3
2026-08-10 08:05:00+00:00,287.8,289.6,283.05,283.95,27690.0,19099.0,NIFTY,2026-08-11,24350.0,CE,3
2026-08-10 08:10:00+00:00,283.8,290.4,282.5,289.3,36010.0,15245.0,NIFTY,2026-08-11,24350.0,CE,3
2026-08-10 08:15:00+00:00,290.3,292.7,282.3,288.2,26585.0,19008.0,NIFTY,2026-08-11,24350.0,CE,3
2026-08-10 08:20:00+00:00,288.45,289.5,286.25,287.35,9165.0,18998.0,NIFTY,2026-08-11,24350.0,CE,3
2026-08-10 08:25:00+00:00,287.15,287.15,277.1,277.9,36465.0,18827.0,NIFTY,2026-08-11,24350.0,CE,3
2026-08-10 08:30:00+00:00,280.75,282.95,272.0,277.95,36790.0,18955.0,NIFTY,2026-08-11,24350.0,CE,3
2026-08-10 08:35:00+00:00,278.9,288.05,278.5,281.5,50830.0,18691.0,NIFTY,2026-08-11,24350.0,CE,3
2026-08-10 08:40:00+00:00,281.15,284.05,271.5,272.1,32760.0,14920.0,NIFTY,2026-08-11,24350.0,CE,3
2026-08-10 08:45:00+00:00,271.3,275.35,268.7,270.45,35815.0,18690.0,NIFTY,2026-08-11,24350.0,CE,3
2026-08-10 08:50:00+00:00,272.6,274.4,266.0,267.6,35165.0,18766.0,NIFTY,2026-08-11,24350.0,CE,3
2026-08-10 08:55:00+00:00,266.0,272.0,265.4,267.4,34645.0,18749.0,NIFTY,2026-08-11,24350.0,CE,3
2026-08-10 09:00:00+00:00,269.25,272.55,261.05,263.15,57135.0,18728.0,NIFTY,2026-08-11,24350.0,CE,3
2026-08-10 09:05:00+00:00,263.3,263.3,253.5,257.2,79820.0,18616.0,NIFTY,2026-08-11,24350.0,CE,3
2026-08-10 09:10:00+00:00,255.0,260.8,252.9,257.55,34645.0,18883.0,NIFTY,2026-08-11,24350.0,CE,3
2026-08-10 09:15:00+00:00,258.5,259.4,252.2,254.35,44265.0,18844.0,NIFTY,2026-08-11,24350.0,CE,3
2026-08-10 09:20:00+00:00,254.0,261.1,249.4,257.05,89245.0,18459.0,NIFTY,2026-08-11,24350.0,CE,3
2026-08-10 09:25:00+00:00,256.85,266.9,256.85,265.75,87555.0,18161.0,NIFTY,2026-08-11,24350.0,CE,3
2026-08-10 09:30:00+00:00,266.3,270.0,253.0,268.2,92690.0,17561.0,NIFTY,2026-08-11,24350.0,CE,3
2026-08-10 09:35:00+00:00,266.45,272.25,264.25,265.0,49270.0,13759.0,NIFTY,2026-08-11,24350.0,CE,3
2026-08-10 09:40:00+00:00,265.65,270.0,259.5,269.1,101400.0,16263.0,NIFTY,2026-08-11,24350.0,CE,3
2026-08-10 09:45:00+00:00,268.85,273.5,259.7,264.8,59345.0,15415.0,NIFTY,2026-08-11,24350.0,CE,3
2026-08-10 09:50:00+00:00,265.05,270.8,265.0,266.35,56160.0,14777.0,NIFTY,2026-08-11,24350.0,CE,3
2026-08-10 09:55:00+00:00,267.4,270.0,262.55,266.95,32435.0,14259.0,NIFTY,2026-08-11,24350.0,CE,3
2026-08-10 10:00:00+00:00,267.85,267.85,262.2,262.2,27365.0,11191.0,NIFTY,2026-08-11,24350.0,CE,3
2026-08-10 10:05:00+00:00,262.45,262.95,255.2,258.25,38155.0,13894.0,NIFTY,2026-08-11,24350.0,CE,3
2026-08-11 03:45:00+00:00,222.5,222.5,176.0,177.95,494130.0,16590.0,NIFTY,2026-08-11,24350.0,CE,3
2026-08-11 03:50:00+00:00,176.4,180.05,166.5,172.55,661895.0,24452.0,NIFTY,2026-08-11,24350.0,CE,3
2026-08-11 03:55:00+00:00,172.1,179.0,163.2,164.15,475215.0,32052.0,NIFTY,2026-08-11,24350.0,CE,3
2026-08-11 04:00:00+00:00,164.55,169.45,162.15,164.95,424710.0,39280.0,NIFTY,2026-08-11,24350.0,CE,3
2026-08-11 04:05:00+00:00,164.85,171.45,155.7,159.2,518765.0,43342.0,NIFTY,2026-08-11,24350.0,CE,3
2026-08-11 04:10:00+00:00,158.4,160.65,145.45,157.4,760695.0,49723.0,NIFTY,2026-08-11,24350.0,CE,3
2026-08-11 04:15:00+00:00,157.05,161.85,144.2,150.05,815360.0,58216.0,NIFTY,2026-08-11,24350.0,CE,3
2026-08-11 04:20:00+00:00,150.0,153.0,143.75,145.4,451620.0,65523.0,NIFTY,2026-08-11,24350.0,CE,3
2026-08-11 04:25:00+00:00,144.95,160.0,142.65,159.7,760695.0,69490.0,NIFTY,2026-08-11,24350.0,CE,3
2026-08-11 04:30:00+00:00,159.75,163.0,152.1,157.25,739830.0,70825.0,NIFTY,2026-08-11,24350.0,CE,3
2026-08-11 04:35:00+00:00,157.15,161.5,148.75,154.2,593710.0,72630.0,NIFTY,2026-08-11,24350.0,CE,3
2026-08-11 04:40:00+00:00,153.9,157.55,149.0,149.0,354380.0,75041.0,NIFTY,2026-08-11,24350.0,CE,3
2026-08-11 04:45:00+00:00,149.2,155.55,143.7,144.85,560235.0,78670.0,NIFTY,2026-08-11,24350.0,CE,3
2026-08-11 04:50:00+00:00,144.6,150.0,141.8,147.0,547950.0,83565.0,NIFTY,2026-08-11,24350.0,CE,3
2026-08-11 04:55:00+00:00,147.15,156.65,145.0,152.05,575120.0,86762.0,NIFTY,2026-08-11,24350.0,CE,3
2026-08-11 05:00:00+00:00,152.4,157.8,150.0,154.5,439205.0,86431.0,NIFTY,2026-08-11,24350.0,CE,3
2026-08-11 05:05:00+00:00,153.4,156.0,147.45,152.3,373685.0,86422.0,NIFTY,2026-08-11,24350.0,CE,3
2026-08-11 05:10:00+00:00,151.9,153.1,145.6,146.55,353145.0,87849.0,NIFTY,2026-08-11,24350.0,CE,3
2026-08-11 05:15:00+00:00,146.65,146.7,138.8,143.0,741455.0,91324.0,NIFTY,2026-08-11,24350.0,CE,3
2026-08-11 05:20:00+00:00,143.4,149.4,142.95,147.25,510770.0,94107.0,NIFTY,2026-08-11,24350.0,CE,3
2026-08-11 05:25:00+00:00,147.65,149.9,142.2,143.2,260130.0,93349.0,NIFTY,2026-08-11,24350.0,CE,3
2026-08-11 05:30:00+00:00,143.0,143.05,127.35,129.05,1284660.0,97033.0,NIFTY,2026-08-11,24350.0,CE,3
2026-08-11 05:35:00+00:00,129.4,132.9,122.55,122.55,907400.0,105903.0,NIFTY,2026-08-11,24350.0,CE,3
2026-08-11 05:40:00+00:00,122.85,128.65,119.7,127.55,1087970.0,112766.0,NIFTY,2026-08-11,24350.0,CE,3
2026-08-11 05:45:00+00:00,127.5,130.75,123.4,127.6,862290.0,116250.0,NIFTY,2026-08-11,24350.0,CE,3
2026-08-11 05:50:00+00:00,127.65,127.7,122.4,124.05,467480.0,119583.0,NIFTY,2026-08-11,24350.0,CE,3
2026-08-11 05:55:00+00:00,124.0,124.0,117.6,119.55,1102205.0,125132.0,NIFTY,2026-08-11,24350.0,CE,3
2026-08-11 06:00:00+00:00,119.7,120.95,114.75,120.05,1052935.0,132286.0,NIFTY,2026-08-11,24350.0,CE,3
2026-08-11 06:05:00+00:00,120.15,123.8,117.15,122.9,740415.0,136367.0,NIFTY,2026-08-11,24350.0,CE,3
2026-08-11 06:10:00+00:00,122.75,126.9,121.6,123.1,836810.0,133957.0,NIFTY,2026-08-11,24350.0,CE,3
2026-08-11 06:15:00+00:00,123.65,128.8,123.3,126.45,799955.0,134951.0,NIFTY,2026-08-11,24350.0,CE,3
2026-08-11 06:20:00+00:00,126.8,128.3,118.55,119.4,825825.0,137465.0,NIFTY,2026-08-11,24350.0,CE,3
2026-08-11 06:25:00+00:00,119.3,119.4,113.9,118.45,1306435.0,147720.0,NIFTY,2026-08-11,24350.0,CE,3
2026-08-11 06:30:00+00:00,118.5,119.85,107.1,110.1,1741350.0,153777.0,NIFTY,2026-08-11,24350.0,CE,3
2026-08-11 06:35:00+00:00,109.95,114.55,108.0,113.15,1249365.0,160970.0,NIFTY,2026-08-11,24350.0,CE,3
2026-08-11 06:40:00+00:00,113.35,123.65,113.35,116.15,2291510.0,176434.0,NIFTY,2026-08-11,24350.0,CE,3
2026-08-11 06:45:00+00:00,116.35,118.75,110.55,113.85,2114385.0,180378.0,NIFTY,2026-08-11,24350.0,CE,3
2026-08-11 06:50:00+00:00,113.5,115.25,108.4,110.1,938080.0,195678.0,NIFTY,2026-08-11,24350.0,CE,3
2026-08-11 06:55:00+00:00,109.55,114.9,109.45,113.65,706680.0,198798.0,NIFTY,2026-08-11,24350.0,CE,3
2026-08-11 07:00:00+00:00,113.05,118.65,112.85,118.35,839020.0,195004.0,NIFTY,2026-08-11,24350.0,CE,3
2026-08-11 07:05:00+00:00,118.2,118.95,113.1,113.1,714870.0,188927.0,NIFTY,2026-08-11,24350.0,CE,3
2026-08-11 07:10:00+00:00,113.2,121.75,112.4,120.5,1531205.0,150187.0,NIFTY,2026-08-11,24350.0,CE,3
2026-08-11 07:15:00+00:00,120.1,129.35,118.8,128.3,2134470.0,174955.0,NIFTY,2026-08-11,24350.0,CE,3
2026-08-11 07:20:00+00:00,127.65,128.9,115.65,116.45,1546870.0,166541.0,NIFTY,2026-08-11,24350.0,CE,3
2026-08-11 07:25:00+00:00,116.4,119.0,111.05,115.25,1214135.0,168967.0,NIFTY,2026-08-11,24350.0,CE,3
2026-08-11 07:30:00+00:00,115.5,128.95,113.75,128.1,2174640.0,170977.0,NIFTY,2026-08-11,24350.0,CE,3
2026-08-11 07:35:00+00:00,128.35,132.8,126.5,130.7,2494830.0,166914.0,NIFTY,2026-08-11,24350.0,CE,3
2026-08-11 07:40:00+00:00,130.8,132.85,120.45,123.65,1436175.0,162030.0,NIFTY,2026-08-11,24350.0,CE,3
2026-08-11 07:45:00+00:00,123.7,123.9,115.4,122.1,1733485.0,166404.0,NIFTY,2026-08-11,24350.0,CE,3
2026-08-11 07:50:00+00:00,121.8,126.8,117.35,126.0,889785.0,169230.0,NIFTY,2026-08-11,24350.0,CE,3
2026-08-11 07:55:00+00:00,125.8,137.1,122.55,127.75,3639675.0,168456.0,NIFTY,2026-08-11,24350.0,CE,3
2026-08-11 08:00:00+00:00,127.8,136.2,125.0,132.2,1499940.0,154630.0,NIFTY,2026-08-11,24350.0,CE,3
2026-08-11 08:05:00+00:00,132.15,133.85,122.6,124.0,1112345.0,148403.0,NIFTY,2026-08-11,24350.0,CE,3
2026-08-11 08:10:00+00:00,124.35,129.8,123.75,127.35,1014130.0,150389.0,NIFTY,2026-08-11,24350.0,CE,3
2026-08-11 08:15:00+00:00,126.85,130.45,123.15,124.85,719355.0,151149.0,NIFTY,2026-08-11,24350.0,CE,3
2026-08-11 08:20:00+00:00,124.9,127.6,120.15,121.65,1016145.0,150596.0,NIFTY,2026-08-11,24350.0,CE,3
2026-08-11 08:25:00+00:00,120.55,124.6,117.45,123.6,1565850.0,158189.0,NIFTY,2026-08-11,24350.0,CE,3
2026-08-11 08:30:00+00:00,123.8,124.7,117.65,119.8,1220765.0,172953.0,NIFTY,2026-08-11,24350.0,CE,3
2026-08-11 08:35:00+00:00,120.1,124.45,111.05,120.85,3311750.0,165382.0,NIFTY,2026-08-11,24350.0,CE,3
2026-08-11 08:40:00+00:00,121.5,127.75,119.25,125.15,1159405.0,148815.0,NIFTY,2026-08-11,24350.0,CE,3
2026-08-11 08:45:00+00:00,125.45,131.2,119.65,120.2,1315600.0,143232.0,NIFTY,2026-08-11,24350.0,CE,3
2026-08-11 08:50:00+00:00,121.2,123.8,116.2,118.1,1171040.0,141041.0,NIFTY,2026-08-11,24350.0,CE,3
2026-08-11 08:55:00+00:00,119.1,123.85,115.55,117.75,950365.0,140869.0,NIFTY,2026-08-11,24350.0,CE,3
2026-08-11 09:00:00+00:00,118.5,119.6,111.0,113.8,1492335.0,149305.0,NIFTY,2026-08-11,24350.0,CE,3
2026-08-11 09:05:00+00:00,114.4,114.95,106.1,110.55,1845415.0,154492.0,NIFTY,2026-08-11,24350.0,CE,3
2026-08-11 09:10:00+00:00,110.85,114.55,109.1,113.0,1225185.0,149992.0,NIFTY,2026-08-11,24350.0,CE,3
2026-08-11 09:15:00+00:00,114.55,124.15,114.35,123.05,1654835.0,144095.0,NIFTY,2026-08-11,24350.0,CE,3
2026-08-11 09:20:00+00:00,123.35,129.45,120.35,128.0,1512745.0,131329.0,NIFTY,2026-08-11,24350.0,CE,3
2026-08-11 09:25:00+00:00,127.45,138.9,125.4,135.85,1990885.0,119588.0,NIFTY,2026-08-11,24350.0,CE,3
2026-08-11 09:30:00+00:00,135.35,150.4,134.05,143.55,2617810.0,95706.0,NIFTY,2026-08-11,24350.0,CE,3
2026-08-11 09:35:00+00:00,144.55,144.75,121.85,125.7,2047305.0,83996.0,NIFTY,2026-08-11,24350.0,CE,3
2026-08-11 09:40:00+00:00,126.05,139.7,122.4,130.55,1238770.0,80198.0,NIFTY,2026-08-11,24350.0,CE,3
2026-08-11 09:45:00+00:00,130.0,137.3,103.0,109.8,3017105.0,73662.0,NIFTY,2026-08-11,24350.0,CE,3
2026-08-11 09:50:00+00:00,112.6,136.75,91.3,119.45,4100330.0,63340.0,NIFTY,2026-08-11,24350.0,CE,3
2026-08-11 09:55:00+00:00,120.6,122.75,109.2,121.85,1093755.0,50270.0,NIFTY,2026-08-11,24350.0,CE,3
2026-08-11 10:00:00+00:00,121.65,121.95,121.35,121.55,479375.0,42413.0,NIFTY,2026-08-11,24350.0,CE,3
2026-08-11 10:05:00+00:00,121.6,121.7,121.5,121.55,164970.0,40273.0,NIFTY,2026-08-11,24350.0,CE,3
2026-08-11 10:10:00+00:00,121.55,121.55,121.55,121.55,845.0,,NIFTY,2026-08-11,24350.0,CE,3
