timestamp,open,high,low,close,volume,oi,underlying,expiry,strike,option_type,itm_rank
2026-07-20 03:45:00+00:00,352.0,352.0,352.0,352.0,65.0,,NIFTY,2026-08-18,24300.0,PE,3
2026-07-20 03:50:00+00:00,377.0,377.0,377.0,377.0,65.0,16.0,NIFTY,2026-08-18,24300.0,PE,3
2026-07-20 03:55:00+00:00,371.0,375.8,371.0,375.8,325.0,45.0,NIFTY,2026-08-18,24300.0,PE,3
2026-07-20 04:00:00+00:00,376.0,376.0,376.0,376.0,65.0,,NIFTY,2026-08-18,24300.0,PE,3
2026-07-20 04:05:00+00:00,380.55,391.0,380.55,391.0,585.0,22.0,NIFTY,2026-08-18,24300.0,PE,3
2026-07-20 04:15:00+00:00,398.95,398.95,398.95,398.95,65.0,,NIFTY,2026-08-18,24300.0,PE,3
2026-07-20 04:20:00+00:00,391.0,391.0,391.0,391.0,130.0,,NIFTY,2026-08-18,24300.0,PE,3
2026-07-20 04:30:00+00:00,377.75,377.75,377.75,377.75,65.0,,NIFTY,2026-08-18,24300.0,PE,3
2026-07-20 04:55:00+00:00,371.55,371.55,371.55,371.55,195.0,11.0,NIFTY,2026-08-18,24300.0,PE,3
2026-07-20 05:45:00+00:00,365.0,365.0,365.0,365.0,130.0,12.0,NIFTY,2026-08-18,24300.0,PE,3
2026-07-20 06:05:00+00:00,372.0,372.0,372.0,372.0,65.0,13.0,NIFTY,2026-08-18,24300.0,PE,3
2026-07-20 06:55:00+00:00,390.0,390.0,390.0,390.0,65.0,14.0,NIFTY,2026-08-18,24300.0,PE,3
2026-07-20 07:15:00+00:00,396.0,399.0,396.0,399.0,195.0,14.0,NIFTY,2026-08-18,24300.0,PE,3
2026-07-20 07:40:00+00:00,373.75,373.75,373.75,373.75,65.0,15.0,NIFTY,2026-08-18,24300.0,PE,3
2026-07-20 08:15:00+00:00,330.0,330.0,330.0,330.0,130.0,,NIFTY,2026-08-18,24300.0,PE,3
2026-07-20 08:20:00+00:00,336.85,336.85,332.8,332.8,130.0,14.0,NIFTY,2026-08-18,24300.0,PE,3
2026-07-20 08:25:00+00:00,325.55,325.55,325.5,325.5,325.0,15.0,NIFTY,2026-08-18,24300.0,PE,3
2026-07-20 08:30:00+00:00,327.6,327.6,322.5,322.5,130.0,27.0,NIFTY,2026-08-18,24300.0,PE,3
2026-07-20 08:35:00+00:00,324.4,326.4,324.4,326.4,195.0,,NIFTY,2026-08-18,24300.0,PE,3
2026-07-20 08:40:00+00:00,329.8,329.8,327.9,327.9,130.0,,NIFTY,2026-08-18,24300.0,PE,3
2026-07-20 08:45:00+00:00,331.45,331.45,331.45,331.45,65.0,,NIFTY,2026-08-18,24300.0,PE,3
2026-07-20 08:50:00+00:00,325.0,325.0,325.0,325.0,65.0,14.0,NIFTY,2026-08-18,24300.0,PE,3
2026-07-20 08:55:00+00:00,325.1,325.1,323.0,323.0,390.0,14.0,NIFTY,2026-08-18,24300.0,PE,3
2026-07-20 09:05:00+00:00,335.4,335.4,333.0,333.0,195.0,18.0,NIFTY,2026-08-18,24300.0,PE,3
2026-07-20 09:10:00+00:00,333.0,333.0,333.0,333.0,130.0,18.0,NIFTY,2026-08-18,24300.0,PE,3
2026-07-20 09:35:00+00:00,333.55,333.55,326.8,326.8,390.0,40.0,NIFTY,2026-08-18,24300.0,PE,3
2026-07-20 09:50:00+00:00,322.0,322.0,319.0,319.0,390.0,18.0,NIFTY,2026-08-18,24300.0,PE,3
2026-07-20 09:55:00+00:00,320.0,323.95,320.0,323.95,130.0,20.0,NIFTY,2026-08-18,24300.0,PE,3
2026-07-21 03:45:00+00:00,329.0,329.0,323.35,323.35,130.0,20.0,NIFTY,2026-08-18,24300.0,PE,3
2026-07-21 03:50:00+00:00,321.55,321.55,321.55,321.55,65.0,20.0,NIFTY,2026-08-18,24300.0,PE,3
2026-07-21 04:00:00+00:00,327.5,327.5,327.5,327.5,65.0,20.0,NIFTY,2026-08-18,24300.0,PE,3
2026-07-21 04:05:00+00:00,339.1,339.1,339.1,339.1,130.0,21.0,NIFTY,2026-08-18,24300.0,PE,3
2026-07-21 04:15:00+00:00,339.6,339.6,339.6,339.6,130.0,22.0,NIFTY,2026-08-18,24300.0,PE,3
2026-07-21 04:20:00+00:00,334.05,334.05,334.05,334.05,65.0,24.0,NIFTY,2026-08-18,24300.0,PE,3
2026-07-21 04:45:00+00:00,345.1,345.1,345.1,345.1,65.0,24.0,NIFTY,2026-08-18,24300.0,PE,3
2026-07-21 04:50:00+00:00,352.5,355.2,352.5,355.2,130.0,51.0,NIFTY,2026-08-18,24300.0,PE,3
2026-07-21 04:55:00+00:00,355.1,355.1,352.6,352.6,130.0,26.0,NIFTY,2026-08-18,24300.0,PE,3
2026-07-21 05:00:00+00:00,350.0,353.15,347.6,353.15,260.0,,NIFTY,2026-08-18,24300.0,PE,3
2026-07-21 05:05:00+00:00,360.0,360.0,360.0,360.0,65.0,,NIFTY,2026-08-18,24300.0,PE,3
2026-07-21 05:15:00+00:00,360.0,362.6,360.0,361.55,390.0,55.0,NIFTY,2026-08-18,24300.0,PE,3
2026-07-21 05:20:00+00:00,365.9,365.9,365.9,365.9,65.0,28.0,NIFTY,2026-08-18,24300.0,PE,3
2026-07-21 05:30:00+00:00,353.65,353.65,353.65,353.65,455.0,29.0,NIFTY,2026-08-18,24300.0,PE,3
2026-07-21 05:35:00+00:00,352.4,352.4,352.4,352.4,65.0,33.0,NIFTY,2026-08-18,24300.0,PE,3
2026-07-21 05:40:00+00:00,355.35,355.35,355.35,355.35,65.0,34.0,NIFTY,2026-08-18,24300.0,PE,3
2026-07-21 05:45:00+00:00,354.8,354.8,354.8,354.8,65.0,35.0,NIFTY,2026-08-18,24300.0,PE,3
2026-07-21 05:50:00+00:00,354.7,354.7,354.7,354.7,65.0,35.0,NIFTY,2026-08-18,24300.0,PE,3
2026-07-21 05:55:00+00:00,354.7,359.35,354.7,359.35,130.0,,NIFTY,2026-08-18,24300.0,PE,3
2026-07-21 06:00:00+00:00,360.55,361.7,355.0,355.0,195.0,74.0,NIFTY,2026-08-18,24300.0,PE,3
2026-07-21 06:10:00+00:00,357.9,357.9,357.9,357.9,65.0,38.0,NIFTY,2026-08-18,24300.0,PE,3
2026-07-21 06:25:00+00:00,362.9,362.9,362.9,362.9,65.0,39.0,NIFTY,2026-08-18,24300.0,PE,3
2026-07-21 06:35:00+00:00,352.7,352.7,352.7,352.7,325.0,38.0,NIFTY,2026-08-18,24300.0,PE,3
2026-07-21 07:20:00+00:00,360.0,360.0,360.0,360.0,65.0,41.0,NIFTY,2026-08-18,24300.0,PE,3
2026-07-21 07:30:00+00:00,372.0,372.0,372.0,372.0,130.0,42.0,NIFTY,2026-08-18,24300.0,PE,3
2026-07-21 07:55:00+00:00,355.0,355.0,355.0,355.0,65.0,,NIFTY,2026-08-18,24300.0,PE,3
2026-07-21 08:05:00+00:00,345.7,345.7,345.7,345.7,65.0,,NIFTY,2026-08-18,24300.0,PE,3
2026-07-21 08:15:00+00:00,354.15,354.9,354.15,354.9,130.0,,NIFTY,2026-08-18,24300.0,PE,3
2026-07-21 08:25:00+00:00,360.0,360.0,360.0,360.0,65.0,41.0,NIFTY,2026-08-18,24300.0,PE,3
2026-07-21 08:40:00+00:00,363.4,363.4,363.4,363.4,65.0,40.0,NIFTY,2026-08-18,24300.0,PE,3
2026-07-21 09:20:00+00:00,357.75,357.75,357.75,357.75,65.0,,NIFTY,2026-08-18,24300.0,PE,3
2026-07-21 09:25:00+00:00,353.0,353.0,353.0,353.0,65.0,,NIFTY,2026-08-18,24300.0,PE,3
2026-07-21 09:30:00+00:00,349.1,349.1,349.1,349.1,65.0,,NIFTY,2026-08-18,24300.0,PE,3
2026-07-21 09:35:00+00:00,348.5,348.5,348.5,348.5,65.0,,NIFTY,2026-08-18,24300.0,PE,3
2026-07-21 09:45:00+00:00,355.9,355.9,355.9,355.9,65.0,,NIFTY,2026-08-18,24300.0,PE,3
2026-07-22 03:45:00+00:00,395.45,423.0,395.45,404.6,390.0,81.0,NIFTY,2026-08-18,24300.0,PE,3
2026-07-22 03:50:00+00:00,408.9,408.9,406.0,406.0,195.0,39.0,NIFTY,2026-08-18,24300.0,PE,3
2026-07-22 04:00:00+00:00,439.95,439.95,439.95,439.95,65.0,40.0,NIFTY,2026-08-18,24300.0,PE,3
2026-07-22 04:05:00+00:00,440.0,440.0,435.05,435.05,195.0,,NIFTY,2026-08-18,24300.0,PE,3
2026-07-22 04:55:00+00:00,464.35,464.35,464.35,464.35,130.0,42.0,NIFTY,2026-08-18,24300.0,PE,3
2026-07-22 05:35:00+00:00,443.25,443.25,443.25,443.25,65.0,,NIFTY,2026-08-18,24300.0,PE,3
2026-07-22 05:40:00+00:00,443.0,443.0,443.0,443.0,65.0,43.0,NIFTY,2026-08-18,24300.0,PE,3
2026-07-22 06:25:00+00:00,445.0,445.0,445.0,445.0,65.0,,NIFTY,2026-08-18,24300.0,PE,3
2026-07-22 07:15:00+00:00,454.65,454.65,454.65,454.65,390.0,42.0,NIFTY,2026-08-18,24300.0,PE,3
2026-07-22 09:40:00+00:00,454.0,454.0,451.85,451.85,260.0,40.0,NIFTY,2026-08-18,24300.0,PE,3
2026-07-22 09:45:00+00:00,457.0,457.0,457.0,457.0,65.0,,NIFTY,2026-08-18,24300.0,PE,3
2026-07-22 09:50:00+00:00,456.75,458.1,453.25,458.1,325.0,120.0,NIFTY,2026-08-18,24300.0,PE,3
2026-07-22 09:55:00+00:00,459.4,505.0,459.4,460.0,260.0,41.0,NIFTY,2026-08-18,24300.0,PE,3
2026-07-23 03:55:00+00:00,476.8,476.8,476.8,476.8,65.0,,NIFTY,2026-08-18,24300.0,PE,3
2026-07-23 04:15:00+00:00,498.0,498.0,498.0,498.0,65.0,,NIFTY,2026-08-18,24300.0,PE,3
2026-07-23 06:00:00+00:00,486.55,486.55,486.55,486.55,65.0,41.0,NIFTY,2026-08-18,24300.0,PE,3
2026-07-23 06:35:00+00:00,477.65,477.65,477.65,477.65,65.0,,NIFTY,2026-08-18,24300.0,PE,3
2026-07-23 06:40:00+00:00,476.05,476.05,476.05,476.05,65.0,40.0,NIFTY,2026-08-18,24300.0,PE,3
2026-07-23 07:00:00+00:00,527.35,527.35,523.95,523.95,650.0,40.0,NIFTY,2026-08-18,24300.0,PE,3
2026-07-23 07:05:00+00:00,524.95,532.85,524.95,532.85,195.0,33.0,NIFTY,2026-08-18,24300.0,PE,3
2026-07-23 07:15:00+00:00,556.0,556.0,555.05,555.05,260.0,64.0,NIFTY,2026-08-18,24300.0,PE,3
2026-07-23 07:20:00+00:00,556.6,556.6,556.6,556.6,130.0,30.0,NIFTY,2026-08-18,24300.0,PE,3
2026-07-23 07:35:00+00:00,567.1,567.1,567.1,567.1,130.0,29.0,NIFTY,2026-08-18,24300.0,PE,3
2026-07-23 07:40:00+00:00,566.0,566.0,566.0,566.0,65.0,,NIFTY,2026-08-18,24300.0,PE,3
2026-07-23 07:45:00+00:00,570.95,570.95,570.95,570.95,65.0,28.0,NIFTY,2026-08-18,24300.0,PE,3
2026-07-23 07:50:00+00:00,562.0,562.0,562.0,562.0,195.0,27.0,NIFTY,2026-08-18,24300.0,PE,3
2026-07-23 07:55:00+00:00,556.55,556.55,556.55,556.55,130.0,27.0,NIFTY,2026-08-18,24300.0,PE,3
2026-07-23 08:05:00+00:00,564.75,564.75,559.3,559.3,195.0,26.0,NIFTY,2026-08-18,24300.0,PE,3
2026-07-23 08:25:00+00:00,550.0,550.0,550.0,550.0,65.0,24.0,NIFTY,2026-08-18,24300.0,PE,3
2026-07-23 09:15:00+00:00,574.0,574.0,574.0,574.0,65.0,,NIFTY,2026-08-18,24300.0,PE,3
2026-07-23 09:20:00+00:00,575.15,575.15,575.15,575.15,65.0,,NIFTY,2026-08-18,24300.0,PE,3
2026-07-23 09:25:00+00:00,570.55,570.55,568.65,568.65,390.0,23.0,NIFTY,2026-08-18,24300.0,PE,3
2026-07-23 09:30:00+00:00,558.95,558.95,558.95,558.95,65.0,19.0,NIFTY,2026-08-18,24300.0,PE,3
2026-07-23 09:40:00+00:00,542.0,542.0,542.0,542.0,65.0,,NIFTY,2026-08-18,24300.0,PE,3
2026-07-24 04:00:00+00:00,657.75,657.75,657.75,657.75,65.0,,NIFTY,2026-08-18,24300.0,PE,3
2026-07-24 04:05:00+00:00,663.7,663.7,663.7,663.7,65.0,18.0,NIFTY,2026-08-18,24300.0,PE,3
2026-07-24 04:10:00+00:00,696.75,696.75,696.75,696.75,195.0,,NIFTY,2026-08-18,24300.0,PE,3
2026-07-24 06:25:00+00:00,655.55,655.55,655.55,655.55,65.0,16.0,NIFTY,2026-08-18,24300.0,PE,3
2026-07-24 06:30:00+00:00,637.1,637.1,637.1,637.1,,,NIFTY,2026-08-18,24300.0,PE,3
2026-07-24 06:35:00+00:00,637.1,637.1,637.1,637.1,65.0,,NIFTY,2026-08-18,24300.0,PE,3
2026-07-24 06:55:00+00:00,580.0,582.0,580.0,582.0,715.0,16.0,NIFTY,2026-08-18,24300.0,PE,3
2026-07-24 07:00:00+00:00,582.2,582.2,576.15,578.05,845.0,60.0,NIFTY,2026-08-18,24300.0,PE,3
2026-07-24 07:35:00+00:00,581.1,581.1,581.1,581.1,65.0,26.0,NIFTY,2026-08-18,24300.0,PE,3
2026-07-24 07:40:00+00:00,584.45,584.45,584.45,584.45,65.0,25.0,NIFTY,2026-08-18,24300.0,PE,3
2026-07-27 03:55:00+00:00,472.85,472.85,472.85,472.85,65.0,,NIFTY,2026-08-18,24300.0,PE,3
2026-07-27 04:00:00+00:00,460.0,460.0,460.0,460.0,65.0,,NIFTY,2026-08-18,24300.0,PE,3
2026-07-27 04:10:00+00:00,452.65,452.65,452.65,452.65,65.0,25.0,NIFTY,2026-08-18,24300.0,PE,3
2026-07-27 04:15:00+00:00,449.9,449.9,446.3,446.3,260.0,26.0,NIFTY,2026-08-18,24300.0,PE,3
2026-07-27 04:20:00+00:00,449.15,449.15,449.15,449.15,195.0,,NIFTY,2026-08-18,24300.0,PE,3
2026-07-27 04:55:00+00:00,473.6,473.6,473.6,473.6,65.0,27.0,NIFTY,2026-08-18,24300.0,PE,3
2026-07-27 05:40:00+00:00,465.6,467.5,465.6,467.5,390.0,,NIFTY,2026-08-18,24300.0,PE,3
2026-07-27 07:30:00+00:00,450.3,450.3,436.4,436.4,780.0,61.0,NIFTY,2026-08-18,24300.0,PE,3
2026-07-27 07:45:00+00:00,430.0,430.0,430.0,430.0,65.0,,NIFTY,2026-08-18,24300.0,PE,3
2026-07-27 07:55:00+00:00,440.3,440.3,440.3,440.3,65.0,33.0,NIFTY,2026-08-18,24300.0,PE,3
2026-07-27 09:50:00+00:00,390.0,390.0,390.0,390.0,65.0,33.0,NIFTY,2026-08-18,24300.0,PE,3
2026-07-27 09:55:00+00:00,389.0,389.0,389.0,389.0,195.0,33.0,NIFTY,2026-08-18,24300.0,PE,3
2026-07-28 03:55:00+00:00,392.0,392.0,392.0,392.0,195.0,,NIFTY,2026-08-18,24300.0,PE,3
2026-07-28 04:00:00+00:00,390.0,390.0,390.0,390.0,65.0,,NIFTY,2026-08-18,24300.0,PE,3
2026-07-28 04:15:00+00:00,382.7,382.7,382.7,382.7,65.0,33.0,NIFTY,2026-08-18,24300.0,PE,3
2026-07-28 04:30:00+00:00,384.1,384.1,384.1,384.1,65.0,,NIFTY,2026-08-18,24300.0,PE,3
2026-07-28 05:50:00+00:00,384.1,384.1,384.1,384.1,65.0,,NIFTY,2026-08-18,24300.0,PE,3
2026-07-28 06:10:00+00:00,361.7,361.7,361.7,361.7,,33.0,NIFTY,2026-08-18,24300.0,PE,3
2026-07-28 06:15:00+00:00,372.0,372.35,368.4,368.4,260.0,68.0,NIFTY,2026-08-18,24300.0,PE,3
2026-07-28 06:25:00+00:00,372.0,382.0,372.0,374.3,1690.0,61.0,NIFTY,2026-08-18,24300.0,PE,3
2026-07-28 06:40:00+00:00,360.0,360.0,360.0,360.0,325.0,27.0,NIFTY,2026-08-18,24300.0,PE,3
2026-07-28 06:45:00+00:00,356.7,356.7,356.7,356.7,195.0,24.0,NIFTY,2026-08-18,24300.0,PE,3
2026-07-28 07:00:00+00:00,359.7,359.7,359.7,359.7,65.0,25.0,NIFTY,2026-08-18,24300.0,PE,3
2026-07-28 07:20:00+00:00,377.5,377.5,377.5,377.5,65.0,,NIFTY,2026-08-18,24300.0,PE,3
2026-07-28 09:30:00+00:00,398.55,398.55,398.55,398.55,65.0,25.0,NIFTY,2026-08-18,24300.0,PE,3
2026-07-28 09:35:00+00:00,398.5,398.5,398.5,398.5,,,NIFTY,2026-08-18,24300.0,PE,3
2026-07-28 09:40:00+00:00,398.5,399.6,395.0,399.6,260.0,26.0,NIFTY,2026-08-18,24300.0,PE,3
2026-07-28 09:45:00+00:00,380.0,380.0,380.0,380.0,130.0,53.0,NIFTY,2026-08-18,24300.0,PE,3
2026-07-28 09:50:00+00:00,370.0,370.0,370.0,370.0,130.0,,NIFTY,2026-08-18,24300.0,PE,3
2026-07-29 03:45:00+00:00,292.7,293.0,271.0,272.0,2925.0,117.0,NIFTY,2026-08-18,24300.0,PE,3
2026-07-29 03:50:00+00:00,274.45,278.85,274.45,278.85,260.0,85.0,NIFTY,2026-08-18,24300.0,PE,3
2026-07-29 03:55:00+00:00,282.0,285.9,275.1,279.35,4875.0,242.0,NIFTY,2026-08-18,24300.0,PE,3
2026-07-29 04:00:00+00:00,281.0,281.0,276.0,278.35,845.0,253.0,NIFTY,2026-08-18,24300.0,PE,3
2026-07-29 04:05:00+00:00,275.45,275.45,271.0,271.0,1235.0,141.0,NIFTY,2026-08-18,24300.0,PE,3
2026-07-29 04:10:00+00:00,268.55,273.05,268.35,270.35,8840.0,419.0,NIFTY,2026-08-18,24300.0,PE,3
2026-07-29 04:15:00+00:00,270.15,272.65,270.15,270.95,1105.0,469.0,NIFTY,2026-08-18,24300.0,PE,3
2026-07-29 04:20:00+00:00,269.55,275.35,269.55,275.35,260.0,321.0,NIFTY,2026-08-18,24300.0,PE,3
2026-07-29 04:25:00+00:00,274.8,276.2,274.8,276.2,390.0,487.0,NIFTY,2026-08-18,24300.0,PE,3
2026-07-29 04:30:00+00:00,276.2,276.2,276.2,276.2,65.0,164.0,NIFTY,2026-08-18,24300.0,PE,3
2026-07-29 04:35:00+00:00,271.6,271.6,266.0,266.0,585.0,493.0,NIFTY,2026-08-18,24300.0,PE,3
2026-07-29 04:40:00+00:00,269.65,270.05,265.0,269.75,1170.0,333.0,NIFTY,2026-08-18,24300.0,PE,3
2026-07-29 04:45:00+00:00,266.6,268.0,266.6,268.0,455.0,339.0,NIFTY,2026-08-18,24300.0,PE,3
2026-07-29 04:50:00+00:00,267.0,267.0,263.8,266.45,1625.0,339.0,NIFTY,2026-08-18,24300.0,PE,3
2026-07-29 04:55:00+00:00,264.9,264.9,264.9,264.9,325.0,171.0,NIFTY,2026-08-18,24300.0,PE,3
2026-07-29 05:00:00+00:00,267.0,267.0,266.95,266.95,1365.0,,NIFTY,2026-08-18,24300.0,PE,3
2026-07-29 05:05:00+00:00,267.35,269.15,265.0,265.0,325.0,172.0,NIFTY,2026-08-18,24300.0,PE,3
2026-07-29 05:10:00+00:00,265.35,267.3,265.35,266.35,1040.0,529.0,NIFTY,2026-08-18,24300.0,PE,3
2026-07-29 05:15:00+00:00,269.35,270.4,266.8,270.0,1560.0,733.0,NIFTY,2026-08-18,24300.0,PE,3
2026-07-29 05:20:00+00:00,270.9,270.9,270.9,270.9,65.0,190.0,NIFTY,2026-08-18,24300.0,PE,3
2026-07-29 05:25:00+00:00,269.15,269.15,269.15,269.15,260.0,382.0,NIFTY,2026-08-18,24300.0,PE,3
2026-07-29 05:30:00+00:00,271.0,271.0,270.0,270.0,130.0,386.0,NIFTY,2026-08-18,24300.0,PE,3
2026-07-29 05:35:00+00:00,262.0,262.0,259.0,260.0,1495.0,583.0,NIFTY,2026-08-18,24300.0,PE,3
2026-07-29 05:40:00+00:00,258.0,263.0,258.0,262.45,5200.0,416.0,NIFTY,2026-08-18,24300.0,PE,3
2026-07-29 05:45:00+00:00,262.95,265.0,262.95,263.15,1690.0,629.0,NIFTY,2026-08-18,24300.0,PE,3
2026-07-29 05:50:00+00:00,263.25,265.6,263.25,264.5,520.0,209.0,NIFTY,2026-08-18,24300.0,PE,3
2026-07-29 05:55:00+00:00,261.65,261.65,261.65,261.65,65.0,214.0,NIFTY,2026-08-18,24300.0,PE,3
2026-07-29 06:00:00+00:00,262.7,262.7,262.7,262.7,65.0,,NIFTY,2026-08-18,24300.0,PE,3
2026-07-29 06:05:00+00:00,266.1,266.1,264.55,264.55,260.0,,NIFTY,2026-08-18,24300.0,PE,3
2026-07-29 06:10:00+00:00,266.45,266.45,263.8,263.8,195.0,427.0,NIFTY,2026-08-18,24300.0,PE,3
2026-07-29 06:15:00+00:00,263.2,265.9,260.5,260.5,715.0,648.0,NIFTY,2026-08-18,24300.0,PE,3
2026-07-29 06:20:00+00:00,265.45,265.45,265.45,265.45,65.0,,NIFTY,2026-08-18,24300.0,PE,3
2026-07-29 06:25:00+00:00,263.85,265.0,263.85,265.0,520.0,220.0,NIFTY,2026-08-18,24300.0,PE,3
2026-07-29 06:30:00+00:00,265.0,265.0,265.0,265.0,130.0,224.0,NIFTY,2026-08-18,24300.0,PE,3
2026-07-29 06:35:00+00:00,261.2,261.2,255.4,255.4,260.0,450.0,NIFTY,2026-08-18,24300.0,PE,3
2026-07-29 06:40:00+00:00,258.1,258.85,257.25,258.5,1365.0,455.0,NIFTY,2026-08-18,24300.0,PE,3
2026-07-29 06:45:00+00:00,258.9,261.3,258.9,261.3,845.0,700.0,NIFTY,2026-08-18,24300.0,PE,3
2026-07-29 06:50:00+00:00,260.9,261.8,260.05,261.8,3965.0,763.0,NIFTY,2026-08-18,24300.0,PE,3
2026-07-29 06:55:00+00:00,262.1,265.3,261.8,265.3,3965.0,542.0,NIFTY,2026-08-18,24300.0,PE,3
2026-07-29 07:00:00+00:00,263.05,265.15,262.3,262.35,715.0,1097.0,NIFTY,2026-08-18,24300.0,PE,3
2026-07-29 07:05:00+00:00,262.95,264.55,262.15,262.15,1560.0,564.0,NIFTY,2026-08-18,24300.0,PE,3
2026-07-29 07:15:00+00:00,267.15,269.1,267.15,269.1,260.0,864.0,NIFTY,2026-08-18,24300.0,PE,3
2026-07-29 07:20:00+00:00,270.95,272.0,265.7,265.7,520.0,289.0,NIFTY,2026-08-18,24300.0,PE,3
2026-07-29 07:25:00+00:00,267.0,267.0,267.0,267.0,65.0,,NIFTY,2026-08-18,24300.0,PE,3
2026-07-29 07:30:00+00:00,261.15,261.15,261.15,261.15,65.0,,NIFTY,2026-08-18,24300.0,PE,3
2026-07-29 07:35:00+00:00,261.0,261.0,254.2,254.2,845.0,878.0,NIFTY,2026-08-18,24300.0,PE,3
2026-07-29 07:40:00+00:00,252.0,254.15,250.0,254.15,650.0,1201.0,NIFTY,2026-08-18,24300.0,PE,3
2026-07-29 07:45:00+00:00,255.55,257.5,255.55,257.5,325.0,607.0,NIFTY,2026-08-18,24300.0,PE,3
2026-07-29 07:50:00+00:00,259.05,260.1,258.0,259.15,390.0,612.0,NIFTY,2026-08-18,24300.0,PE,3
2026-07-29 07:55:00+00:00,255.0,257.35,253.7,257.35,6825.0,1040.0,NIFTY,2026-08-18,24300.0,PE,3
2026-07-29 08:00:00+00:00,256.6,259.0,256.6,256.7,260.0,,NIFTY,2026-08-18,24300.0,PE,3
2026-07-29 08:05:00+00:00,255.95,257.0,255.95,257.0,390.0,369.0,NIFTY,2026-08-18,24300.0,PE,3
2026-07-29 08:10:00+00:00,259.2,263.65,259.2,263.65,650.0,741.0,NIFTY,2026-08-18,24300.0,PE,3
2026-07-29 08:15:00+00:00,265.0,265.0,257.45,257.45,195.0,745.0,NIFTY,2026-08-18,24300.0,PE,3
2026-07-29 08:20:00+00:00,258.5,258.5,255.8,255.8,260.0,748.0,NIFTY,2026-08-18,24300.0,PE,3
2026-07-29 08:25:00+00:00,255.5,258.45,255.5,258.45,390.0,1127.0,NIFTY,2026-08-18,24300.0,PE,3
2026-07-29 08:30:00+00:00,258.5,258.5,248.75,250.0,2535.0,1894.0,NIFTY,2026-08-18,24300.0,PE,3
2026-07-29 08:35:00+00:00,250.05,255.6,250.05,253.25,4420.0,381.0,NIFTY,2026-08-18,24300.0,PE,3
2026-07-29 08:40:00+00:00,252.3,252.3,250.55,250.55,1430.0,1216.0,NIFTY,2026-08-18,24300.0,PE,3
2026-07-29 08:45:00+00:00,250.75,250.75,246.0,246.0,1300.0,1646.0,NIFTY,2026-08-18,24300.0,PE,3
2026-07-29 08:50:00+00:00,246.65,246.65,243.7,245.6,650.0,831.0,NIFTY,2026-08-18,24300.0,PE,3
2026-07-29 08:55:00+00:00,246.85,248.15,246.15,246.4,1300.0,847.0,NIFTY,2026-08-18,24300.0,PE,3
2026-07-29 09:00:00+00:00,245.0,247.3,242.85,247.05,4550.0,825.0,NIFTY,2026-08-18,24300.0,PE,3
2026-07-29 09:05:00+00:00,248.15,248.6,248.0,248.6,1495.0,819.0,NIFTY,2026-08-18,24300.0,PE,3
2026-07-29 09:10:00+00:00,250.2,251.45,248.85,251.0,1235.0,1220.0,NIFTY,2026-08-18,24300.0,PE,3
2026-07-29 09:15:00+00:00,251.0,251.0,247.4,248.65,975.0,813.0,NIFTY,2026-08-18,24300.0,PE,3
2026-07-29 09:20:00+00:00,249.95,249.95,246.2,246.2,715.0,408.0,NIFTY,2026-08-18,24300.0,PE,3
2026-07-29 09:25:00+00:00,246.0,249.85,245.0,249.85,1885.0,1227.0,NIFTY,2026-08-18,24300.0,PE,3
2026-07-29 09:30:00+00:00,250.0,251.0,243.95,251.0,1950.0,1266.0,NIFTY,2026-08-18,24300.0,PE,3
2026-07-29 09:35:00+00:00,251.0,252.45,249.0,251.0,5395.0,2105.0,NIFTY,2026-08-18,24300.0,PE,3
2026-07-29 09:40:00+00:00,250.0,252.0,249.25,252.0,4550.0,1406.0,NIFTY,2026-08-18,24300.0,PE,3
2026-07-29 09:45:00+00:00,256.6,260.2,254.45,260.2,1885.0,1877.0,NIFTY,2026-08-18,24300.0,PE,3
2026-07-29 09:50:00+00:00,259.05,260.0,255.75,258.8,3055.0,1884.0,NIFTY,2026-08-18,24300.0,PE,3
2026-07-29 09:55:00+00:00,260.0,260.6,252.75,252.75,3510.0,1919.0,NIFTY,2026-08-18,24300.0,PE,3
2026-07-30 03:45:00+00:00,240.0,280.6,240.0,253.9,3835.0,2839.0,NIFTY,2026-08-18,24300.0,PE,3
2026-07-30 03:50:00+00:00,249.1,250.4,244.1,244.6,2795.0,2886.0,NIFTY,2026-08-18,24300.0,PE,3
2026-07-30 03:55:00+00:00,246.25,248.3,244.6,247.8,4225.0,2947.0,NIFTY,2026-08-18,24300.0,PE,3
2026-07-30 04:00:00+00:00,247.75,250.25,240.6,248.0,2990.0,2059.0,NIFTY,2026-08-18,24300.0,PE,3
2026-07-30 04:05:00+00:00,246.85,255.65,245.95,252.15,6370.0,2148.0,NIFTY,2026-08-18,24300.0,PE,3
2026-07-30 04:10:00+00:00,256.65,256.8,254.55,255.15,455.0,2245.0,NIFTY,2026-08-18,24300.0,PE,3
2026-07-30 04:15:00+00:00,251.0,251.15,244.0,250.95,2340.0,1136.0,NIFTY,2026-08-18,24300.0,PE,3
2026-07-30 04:20:00+00:00,244.8,248.0,243.5,248.0,1040.0,2294.0,NIFTY,2026-08-18,24300.0,PE,3
2026-07-30 04:25:00+00:00,250.95,252.95,244.1,245.75,1300.0,2311.0,NIFTY,2026-08-18,24300.0,PE,3
2026-07-30 04:30:00+00:00,243.8,247.05,243.65,244.55,1040.0,1164.0,NIFTY,2026-08-18,24300.0,PE,3
2026-07-30 04:35:00+00:00,243.7,250.05,243.7,250.05,1235.0,2921.0,NIFTY,2026-08-18,24300.0,PE,3
2026-07-30 04:40:00+00:00,251.65,258.7,250.05,258.7,975.0,1759.0,NIFTY,2026-08-18,24300.0,PE,3
2026-07-30 04:45:00+00:00,257.15,257.85,251.8,257.85,1235.0,1166.0,NIFTY,2026-08-18,24300.0,PE,3
2026-07-30 04:50:00+00:00,260.0,263.1,256.5,256.5,2145.0,1763.0,NIFTY,2026-08-18,24300.0,PE,3
2026-07-30 04:55:00+00:00,262.4,262.4,261.85,261.85,260.0,1178.0,NIFTY,2026-08-18,24300.0,PE,3
2026-07-30 05:00:00+00:00,265.0,266.75,264.05,266.0,2600.0,588.0,NIFTY,2026-08-18,24300.0,PE,3
2026-07-30 05:05:00+00:00,261.75,265.2,259.0,261.6,2015.0,2950.0,NIFTY,2026-08-18,24300.0,PE,3
2026-07-30 05:10:00+00:00,257.95,257.95,251.85,251.85,1560.0,588.0,NIFTY,2026-08-18,24300.0,PE,3
2026-07-30 05:15:00+00:00,250.9,255.4,250.9,252.3,1105.0,2367.0,NIFTY,2026-08-18,24300.0,PE,3
2026-07-30 05:20:00+00:00,250.7,250.95,246.9,250.1,1105.0,1795.0,NIFTY,2026-08-18,24300.0,PE,3
2026-07-30 05:25:00+00:00,252.75,254.5,252.65,252.65,715.0,2416.0,NIFTY,2026-08-18,24300.0,PE,3
2026-07-30 05:30:00+00:00,255.95,256.7,254.65,254.65,715.0,2440.0,NIFTY,2026-08-18,24300.0,PE,3
2026-07-30 05:35:00+00:00,251.05,256.9,251.05,254.4,325.0,1842.0,NIFTY,2026-08-18,24300.0,PE,3
2026-07-30 05:40:00+00:00,252.65,252.65,246.25,249.7,1560.0,618.0,NIFTY,2026-08-18,24300.0,PE,3
2026-07-30 05:45:00+00:00,247.15,247.15,243.5,246.9,2470.0,3138.0,NIFTY,2026-08-18,24300.0,PE,3
2026-07-30 05:50:00+00:00,243.9,250.0,243.9,250.0,1495.0,1916.0,NIFTY,2026-08-18,24300.0,PE,3
2026-07-30 05:55:00+00:00,246.0,246.0,240.35,244.65,2730.0,1911.0,NIFTY,2026-08-18,24300.0,PE,3
2026-07-30 06:00:00+00:00,243.85,243.85,243.0,243.4,260.0,637.0,NIFTY,2026-08-18,24300.0,PE,3
2026-07-30 06:05:00+00:00,243.55,246.25,243.0,246.25,780.0,1279.0,NIFTY,2026-08-18,24300.0,PE,3
2026-07-30 06:10:00+00:00,247.15,247.15,247.15,247.15,455.0,644.0,NIFTY,2026-08-18,24300.0,PE,3
2026-07-30 06:15:00+00:00,248.0,254.6,248.0,249.85,2210.0,1935.0,NIFTY,2026-08-18,24300.0,PE,3
2026-07-30 06:20:00+00:00,250.9,251.25,250.9,251.25,845.0,1927.0,NIFTY,2026-08-18,24300.0,PE,3
2026-07-30 06:25:00+00:00,251.0,251.0,249.0,250.45,3315.0,1957.0,NIFTY,2026-08-18,24300.0,PE,3
2026-07-30 06:30:00+00:00,249.65,251.2,248.65,248.65,2665.0,1986.0,NIFTY,2026-08-18,24300.0,PE,3
2026-07-30 06:35:00+00:00,251.0,251.0,250.4,250.4,195.0,1326.0,NIFTY,2026-08-18,24300.0,PE,3
2026-07-30 06:45:00+00:00,250.4,250.7,248.3,250.7,910.0,2666.0,NIFTY,2026-08-18,24300.0,PE,3
2026-07-30 06:50:00+00:00,247.0,247.7,246.05,246.05,390.0,671.0,NIFTY,2026-08-18,24300.0,PE,3
2026-07-30 06:55:00+00:00,248.0,248.35,247.55,247.55,13195.0,1474.0,NIFTY,2026-08-18,24300.0,PE,3
2026-07-30 07:00:00+00:00,243.95,243.95,212.15,222.5,8775.0,4028.0,NIFTY,2026-08-18,24300.0,PE,3
2026-07-30 07:05:00+00:00,220.25,225.35,216.55,222.8,6890.0,3287.0,NIFTY,2026-08-18,24300.0,PE,3
2026-07-30 07:10:00+00:00,224.05,224.05,216.65,218.3,1690.0,4178.0,NIFTY,2026-08-18,24300.0,PE,3
2026-07-30 07:15:00+00:00,219.75,224.65,219.75,223.7,3380.0,4194.0,NIFTY,2026-08-18,24300.0,PE,3
2026-07-30 07:20:00+00:00,225.15,227.15,225.15,225.5,715.0,1671.0,NIFTY,2026-08-18,24300.0,PE,3
2026-07-30 07:25:00+00:00,225.35,227.25,225.35,226.5,1170.0,2508.0,NIFTY,2026-08-18,24300.0,PE,3
2026-07-30 07:30:00+00:00,229.0,233.3,229.0,230.0,390.0,1677.0,NIFTY,2026-08-18,24300.0,PE,3
2026-07-30 07:35:00+00:00,232.0,233.0,229.05,229.05,3055.0,1666.0,NIFTY,2026-08-18,24300.0,PE,3
2026-07-30 07:40:00+00:00,233.0,245.7,233.0,241.65,3705.0,4124.0,NIFTY,2026-08-18,24300.0,PE,3
2026-07-30 07:45:00+00:00,241.35,242.0,240.0,240.5,1105.0,3276.0,NIFTY,2026-08-18,24300.0,PE,3
2026-07-30 07:50:00+00:00,238.0,238.8,231.45,231.45,1040.0,819.0,NIFTY,2026-08-18,24300.0,PE,3
2026-07-30 07:55:00+00:00,234.0,239.8,231.25,239.8,520.0,820.0,NIFTY,2026-08-18,24300.0,PE,3
2026-07-30 08:00:00+00:00,238.15,240.1,238.0,240.1,780.0,1643.0,NIFTY,2026-08-18,24300.0,PE,3
2026-07-30 08:05:00+00:00,234.25,234.25,227.15,227.15,1560.0,822.0,NIFTY,2026-08-18,24300.0,PE,3
2026-07-30 08:10:00+00:00,226.85,228.05,225.0,227.65,1365.0,3305.0,NIFTY,2026-08-18,24300.0,PE,3
2026-07-30 08:15:00+00:00,230.3,232.8,229.0,232.8,1040.0,3331.0,NIFTY,2026-08-18,24300.0,PE,3
2026-07-30 08:20:00+00:00,235.7,235.7,228.2,228.2,1105.0,2518.0,NIFTY,2026-08-18,24300.0,PE,3
2026-07-30 08:25:00+00:00,229.2,230.25,228.65,228.65,260.0,1684.0,NIFTY,2026-08-18,24300.0,PE,3
2026-07-30 08:30:00+00:00,228.95,232.0,228.95,230.5,715.0,2531.0,NIFTY,2026-08-18,24300.0,PE,3
2026-07-30 08:35:00+00:00,234.7,238.15,234.7,238.15,1170.0,1697.0,NIFTY,2026-08-18,24300.0,PE,3
2026-07-30 08:40:00+00:00,237.6,243.05,235.8,241.25,2535.0,1699.0,NIFTY,2026-08-18,24300.0,PE,3
2026-07-30 08:45:00+00:00,243.2,245.0,241.1,241.1,2665.0,1702.0,NIFTY,2026-08-18,24300.0,PE,3
2026-07-30 08:50:00+00:00,245.0,251.8,245.0,247.75,3250.0,3394.0,NIFTY,2026-08-18,24300.0,PE,3
2026-07-30 08:55:00+00:00,253.15,253.15,247.35,249.2,1430.0,2557.0,NIFTY,2026-08-18,24300.0,PE,3
2026-07-30 09:00:00+00:00,250.95,253.15,240.35,243.35,3380.0,1705.0,NIFTY,2026-08-18,24300.0,PE,3
2026-07-30 09:05:00+00:00,245.9,245.9,237.3,237.3,455.0,4222.0,NIFTY,2026-08-18,24300.0,PE,3
2026-07-30 09:10:00+00:00,236.65,240.7,235.8,239.2,3380.0,1708.0,NIFTY,2026-08-18,24300.0,PE,3
2026-07-30 09:15:00+00:00,239.2,239.2,227.25,228.85,3965.0,1742.0,NIFTY,2026-08-18,24300.0,PE,3
2026-07-30 09:20:00+00:00,229.8,231.2,227.0,231.2,1235.0,1734.0,NIFTY,2026-08-18,24300.0,PE,3
2026-07-30 09:25:00+00:00,231.35,231.35,227.8,227.8,585.0,874.0,NIFTY,2026-08-18,24300.0,PE,3
2026-07-30 09:30:00+00:00,229.35,233.4,223.15,223.15,3705.0,2637.0,NIFTY,2026-08-18,24300.0,PE,3
2026-07-30 09:35:00+00:00,222.55,225.0,217.95,225.0,2990.0,3576.0,NIFTY,2026-08-18,24300.0,PE,3
2026-07-30 09:40:00+00:00,223.85,228.5,221.6,228.1,4680.0,5376.0,NIFTY,2026-08-18,24300.0,PE,3
2026-07-30 09:45:00+00:00,230.0,232.65,229.15,229.65,2340.0,2664.0,NIFTY,2026-08-18,24300.0,PE,3
2026-07-30 09:50:00+00:00,230.35,230.35,224.5,224.85,2795.0,3536.0,NIFTY,2026-08-18,24300.0,PE,3
2026-07-30 09:55:00+00:00,225.2,227.25,224.0,227.0,3640.0,3557.0,NIFTY,2026-08-18,24300.0,PE,3
2026-07-31 03:45:00+00:00,210.05,210.05,180.75,188.35,8775.0,4498.0,NIFTY,2026-08-18,24300.0,PE,3
2026-07-31 03:50:00+00:00,188.25,192.5,182.1,185.15,6760.0,3725.0,NIFTY,2026-08-18,24300.0,PE,3
2026-07-31 03:55:00+00:00,187.95,193.3,186.5,193.3,11960.0,4792.0,NIFTY,2026-08-18,24300.0,PE,3
2026-07-31 04:00:00+00:00,191.3,203.7,191.3,201.75,21645.0,4017.0,NIFTY,2026-08-18,24300.0,PE,3
2026-07-31 04:05:00+00:00,201.45,207.95,201.25,203.9,22945.0,5645.0,NIFTY,2026-08-18,24300.0,PE,3
2026-07-31 04:10:00+00:00,203.45,204.95,186.45,187.95,9815.0,6099.0,NIFTY,2026-08-18,24300.0,PE,3
2026-07-31 04:15:00+00:00,187.0,196.6,186.1,187.0,6240.0,6369.0,NIFTY,2026-08-18,24300.0,PE,3
2026-07-31 04:20:00+00:00,190.05,194.6,189.55,190.3,6760.0,5216.0,NIFTY,2026-08-18,24300.0,PE,3
2026-07-31 04:25:00+00:00,190.45,190.45,185.9,188.3,2665.0,3979.0,NIFTY,2026-08-18,24300.0,PE,3
2026-07-31 04:30:00+00:00,188.1,190.8,186.6,190.0,2600.0,4004.0,NIFTY,2026-08-18,24300.0,PE,3
2026-07-31 04:35:00+00:00,190.85,196.15,190.85,191.65,4485.0,6678.0,NIFTY,2026-08-18,24300.0,PE,3
2026-07-31 04:40:00+00:00,191.95,191.95,186.6,188.7,1495.0,5342.0,NIFTY,2026-08-18,24300.0,PE,3
2026-07-31 04:45:00+00:00,193.95,196.65,190.0,190.0,4485.0,4018.0,NIFTY,2026-08-18,24300.0,PE,3
2026-07-31 04:50:00+00:00,189.7,189.7,187.0,187.0,1430.0,2692.0,NIFTY,2026-08-18,24300.0,PE,3
2026-07-31 04:55:00+00:00,188.0,190.3,187.0,187.3,2925.0,5398.0,NIFTY,2026-08-18,24300.0,PE,3
2026-07-31 05:00:00+00:00,187.2,188.4,187.2,188.4,390.0,2694.0,NIFTY,2026-08-18,24300.0,PE,3
2026-07-31 05:05:00+00:00,192.0,193.0,183.1,184.8,5265.0,6734.0,NIFTY,2026-08-18,24300.0,PE,3
2026-07-31 05:10:00+00:00,185.0,186.85,184.8,186.55,9425.0,6873.0,NIFTY,2026-08-18,24300.0,PE,3
2026-07-31 05:15:00+00:00,184.15,185.55,183.55,183.85,715.0,4202.0,NIFTY,2026-08-18,24300.0,PE,3
2026-07-31 05:20:00+00:00,186.75,187.35,185.75,187.35,260.0,1401.0,NIFTY,2026-08-18,24300.0,PE,3
2026-07-31 05:25:00+00:00,186.25,187.75,181.95,183.6,1235.0,7012.0,NIFTY,2026-08-18,24300.0,PE,3
2026-07-31 05:30:00+00:00,183.0,185.5,182.5,182.5,1365.0,5607.0,NIFTY,2026-08-18,24300.0,PE,3
2026-07-31 05:35:00+00:00,184.6,191.35,184.6,189.25,3900.0,4191.0,NIFTY,2026-08-18,24300.0,PE,3
2026-07-31 05:40:00+00:00,189.75,189.75,182.45,182.55,5850.0,6997.0,NIFTY,2026-08-18,24300.0,PE,3
2026-07-31 05:45:00+00:00,182.0,182.0,177.7,178.5,5265.0,5606.0,NIFTY,2026-08-18,24300.0,PE,3
2026-07-31 05:50:00+00:00,178.75,179.9,176.45,179.9,1300.0,4224.0,NIFTY,2026-08-18,24300.0,PE,3
2026-07-31 05:55:00+00:00,178.5,180.0,177.1,177.45,1365.0,5654.0,NIFTY,2026-08-18,24300.0,PE,3
2026-07-31 06:00:00+00:00,179.0,180.2,178.4,178.4,7020.0,5694.0,NIFTY,2026-08-18,24300.0,PE,3
2026-07-31 06:05:00+00:00,180.55,180.85,177.25,180.85,2080.0,4249.0,NIFTY,2026-08-18,24300.0,PE,3
2026-07-31 06:10:00+00:00,180.85,180.85,180.8,180.8,455.0,,NIFTY,2026-08-18,24300.0,PE,3
2026-07-31 06:15:00+00:00,178.5,180.05,178.5,180.05,1560.0,4256.0,NIFTY,2026-08-18,24300.0,PE,3
2026-07-31 06:20:00+00:00,178.0,181.6,178.0,180.55,2535.0,4273.0,NIFTY,2026-08-18,24300.0,PE,3
2026-07-31 06:25:00+00:00,182.0,182.0,177.2,177.85,27820.0,6619.0,NIFTY,2026-08-18,24300.0,PE,3
2026-07-31 06:30:00+00:00,178.65,180.15,178.65,180.15,715.0,3848.0,NIFTY,2026-08-18,24300.0,PE,3
2026-07-31 06:35:00+00:00,180.2,180.2,176.0,178.85,3055.0,5112.0,NIFTY,2026-08-18,24300.0,PE,3
2026-07-31 06:40:00+00:00,177.15,177.15,175.0,175.0,1105.0,1268.0,NIFTY,2026-08-18,24300.0,PE,3
2026-07-31 06:45:00+00:00,174.95,176.4,174.0,176.4,1690.0,3805.0,NIFTY,2026-08-18,24300.0,PE,3
2026-07-31 06:50:00+00:00,176.45,177.2,175.0,175.0,1300.0,7627.0,NIFTY,2026-08-18,24300.0,PE,3
2026-07-31 06:55:00+00:00,174.2,174.8,170.6,171.25,6760.0,3836.0,NIFTY,2026-08-18,24300.0,PE,3
2026-07-31 07:00:00+00:00,172.35,176.35,170.45,171.0,7540.0,5197.0,NIFTY,2026-08-18,24300.0,PE,3
2026-07-31 07:05:00+00:00,171.45,171.55,169.35,169.35,4615.0,5260.0,NIFTY,2026-08-18,24300.0,PE,3
2026-07-31 07:10:00+00:00,169.45,169.95,165.9,166.65,17550.0,5415.0,NIFTY,2026-08-18,24300.0,PE,3
2026-07-31 07:15:00+00:00,167.55,167.55,164.05,165.5,39520.0,5673.0,NIFTY,2026-08-18,24300.0,PE,3
2026-07-31 07:20:00+00:00,164.55,169.9,164.55,168.3,5005.0,9359.0,NIFTY,2026-08-18,24300.0,PE,3
2026-07-31 07:25:00+00:00,168.05,168.05,164.35,167.1,5525.0,6332.0,NIFTY,2026-08-18,24300.0,PE,3
2026-07-31 07:30:00+00:00,166.8,169.0,166.25,166.5,3250.0,6390.0,NIFTY,2026-08-18,24300.0,PE,3
2026-07-31 07:35:00+00:00,167.2,167.2,163.55,164.4,4615.0,8056.0,NIFTY,2026-08-18,24300.0,PE,3
2026-07-31 07:40:00+00:00,164.7,166.3,164.05,165.5,8320.0,8316.0,NIFTY,2026-08-18,24300.0,PE,3
2026-07-31 07:45:00+00:00,165.25,165.85,162.4,162.4,4810.0,8398.0,NIFTY,2026-08-18,24300.0,PE,3
2026-07-31 07:50:00+00:00,162.2,165.2,161.45,161.95,15470.0,8523.0,NIFTY,2026-08-18,24300.0,PE,3
2026-07-31 07:55:00+00:00,162.0,164.0,160.0,162.6,11115.0,8857.0,NIFTY,2026-08-18,24300.0,PE,3
2026-07-31 08:00:00+00:00,162.9,169.0,162.9,168.85,10465.0,7347.0,NIFTY,2026-08-18,24300.0,PE,3
2026-07-31 08:05:00+00:00,167.25,169.1,165.55,169.1,2145.0,7423.0,NIFTY,2026-08-18,24300.0,PE,3
2026-07-31 08:10:00+00:00,169.0,169.5,167.0,168.25,2665.0,7469.0,NIFTY,2026-08-18,24300.0,PE,3
2026-07-31 08:15:00+00:00,167.35,169.4,165.0,165.0,3185.0,5603.0,NIFTY,2026-08-18,24300.0,PE,3
2026-07-31 08:20:00+00:00,165.6,167.2,164.15,164.2,2080.0,5630.0,NIFTY,2026-08-18,24300.0,PE,3
2026-07-31 08:25:00+00:00,164.9,165.2,162.6,163.45,1430.0,7512.0,NIFTY,2026-08-18,24300.0,PE,3
2026-07-31 08:30:00+00:00,160.85,167.2,160.65,167.2,10725.0,9433.0,NIFTY,2026-08-18,24300.0,PE,3
2026-07-31 08:35:00+00:00,167.2,168.95,166.8,168.7,975.0,7583.0,NIFTY,2026-08-18,24300.0,PE,3
2026-07-31 08:40:00+00:00,168.4,168.4,164.55,165.45,1560.0,7597.0,NIFTY,2026-08-18,24300.0,PE,3
2026-07-31 08:45:00+00:00,164.65,167.05,163.15,167.05,1235.0,1900.0,NIFTY,2026-08-18,24300.0,PE,3
2026-07-31 08:50:00+00:00,167.35,167.35,164.3,164.3,845.0,3794.0,NIFTY,2026-08-18,24300.0,PE,3
2026-07-31 08:55:00+00:00,163.0,166.05,161.6,166.05,1170.0,5696.0,NIFTY,2026-08-18,24300.0,PE,3
2026-07-31 09:00:00+00:00,164.75,169.9,164.75,168.45,1235.0,3805.0,NIFTY,2026-08-18,24300.0,PE,3
2026-07-31 09:05:00+00:00,169.65,169.95,166.2,169.0,8775.0,11363.0,NIFTY,2026-08-18,24300.0,PE,3
2026-07-31 09:10:00+00:00,170.0,173.0,166.75,169.9,51285.0,9035.0,NIFTY,2026-08-18,24300.0,PE,3
2026-07-31 09:15:00+00:00,170.0,170.5,165.0,166.75,4030.0,5341.0,NIFTY,2026-08-18,24300.0,PE,3
2026-07-31 09:20:00+00:00,166.3,170.45,166.3,167.0,5915.0,7218.0,NIFTY,2026-08-18,24300.0,PE,3
2026-07-31 09:25:00+00:00,169.15,173.0,168.45,171.95,1755.0,5440.0,NIFTY,2026-08-18,24300.0,PE,3
2026-07-31 09:30:00+00:00,170.0,173.6,163.45,166.0,8385.0,7302.0,NIFTY,2026-08-18,24300.0,PE,3
2026-07-31 09:35:00+00:00,168.0,168.05,165.3,166.45,2860.0,5489.0,NIFTY,2026-08-18,24300.0,PE,3
2026-07-31 09:40:00+00:00,167.0,168.95,166.35,168.2,4680.0,7320.0,NIFTY,2026-08-18,24300.0,PE,3
2026-07-31 09:45:00+00:00,169.6,173.05,168.3,172.1,6760.0,5536.0,NIFTY,2026-08-18,24300.0,PE,3
2026-07-31 09:50:00+00:00,171.2,171.7,168.0,170.55,7930.0,11150.0,NIFTY,2026-08-18,24300.0,PE,3
2026-07-31 09:55:00+00:00,169.9,176.05,169.65,169.65,13780.0,9385.0,NIFTY,2026-08-18,24300.0,PE,3
2026-08-03 03:45:00+00:00,126.9,126.9,101.0,106.05,47710.0,5793.0,NIFTY,2026-08-18,24300.0,PE,3
2026-08-03 03:50:00+00:00,106.15,106.45,103.35,104.95,12870.0,9813.0,NIFTY,2026-08-18,24300.0,PE,3
2026-08-03 03:55:00+00:00,105.35,105.35,101.45,101.85,14040.0,9991.0,NIFTY,2026-08-18,24300.0,PE,3
2026-08-03 04:00:00+00:00,101.0,101.0,98.65,98.65,23270.0,10585.0,NIFTY,2026-08-18,24300.0,PE,3
2026-08-03 04:05:00+00:00,98.55,99.8,97.8,98.5,10270.0,10977.0,NIFTY,2026-08-18,24300.0,PE,3
2026-08-03 04:10:00+00:00,98.8,98.8,97.0,97.25,22815.0,11275.0,NIFTY,2026-08-18,24300.0,PE,3
2026-08-03 04:15:00+00:00,97.15,99.0,97.15,99.0,8970.0,11560.0,NIFTY,2026-08-18,24300.0,PE,3
2026-08-03 04:20:00+00:00,99.25,99.75,97.15,97.7,21060.0,11569.0,NIFTY,2026-08-18,24300.0,PE,3
2026-08-03 04:25:00+00:00,97.65,97.65,94.55,95.0,17940.0,11558.0,NIFTY,2026-08-18,24300.0,PE,3
2026-08-03 04:30:00+00:00,94.95,95.65,93.35,94.8,8580.0,11540.0,NIFTY,2026-08-18,24300.0,PE,3
2026-08-03 04:35:00+00:00,94.7,95.65,93.9,93.9,29900.0,11904.0,NIFTY,2026-08-18,24300.0,PE,3
2026-08-03 04:40:00+00:00,93.95,94.0,91.35,92.0,18980.0,12709.0,NIFTY,2026-08-18,24300.0,PE,3
2026-08-03 04:45:00+00:00,91.95,91.95,88.45,88.45,99710.0,14773.0,NIFTY,2026-08-18,24300.0,PE,3
2026-08-03 04:50:00+00:00,88.5,90.3,88.5,90.15,44655.0,18723.0,NIFTY,2026-08-18,24300.0,PE,3
2026-08-03 04:55:00+00:00,89.9,90.45,89.3,89.9,13845.0,19485.0,NIFTY,2026-08-18,24300.0,PE,3
2026-08-03 05:00:00+00:00,89.8,91.55,89.55,91.2,6175.0,19770.0,NIFTY,2026-08-18,24300.0,PE,3
2026-08-03 05:05:00+00:00,91.1,92.7,89.85,89.9,9165.0,19948.0,NIFTY,2026-08-18,24300.0,PE,3
2026-08-03 05:10:00+00:00,90.05,91.75,89.8,90.25,7865.0,20168.0,NIFTY,2026-08-18,24300.0,PE,3
2026-08-03 05:15:00+00:00,89.95,90.3,89.35,89.95,6890.0,20357.0,NIFTY,2026-08-18,24300.0,PE,3
2026-08-03 05:20:00+00:00,89.7,90.5,89.25,90.2,9230.0,16426.0,NIFTY,2026-08-18,24300.0,PE,3
2026-08-03 05:25:00+00:00,89.0,89.35,87.8,88.7,5395.0,20625.0,NIFTY,2026-08-18,24300.0,PE,3
2026-08-03 05:30:00+00:00,88.85,88.85,87.15,87.6,6370.0,16552.0,NIFTY,2026-08-18,24300.0,PE,3
2026-08-03 05:35:00+00:00,87.7,89.35,87.45,88.05,12090.0,20801.0,NIFTY,2026-08-18,24300.0,PE,3
2026-08-03 05:40:00+00:00,88.0,90.0,88.0,89.6,5135.0,21219.0,NIFTY,2026-08-18,24300.0,PE,3
2026-08-03 05:45:00+00:00,89.95,89.95,88.3,89.7,3380.0,12771.0,NIFTY,2026-08-18,24300.0,PE,3
2026-08-03 05:50:00+00:00,89.0,90.2,89.0,89.15,3445.0,21307.0,NIFTY,2026-08-18,24300.0,PE,3
2026-08-03 05:55:00+00:00,89.1,89.5,88.5,88.7,4550.0,21368.0,NIFTY,2026-08-18,24300.0,PE,3
2026-08-03 06:00:00+00:00,88.7,90.25,88.7,90.2,2535.0,17098.0,NIFTY,2026-08-18,24300.0,PE,3
2026-08-03 06:05:00+00:00,89.95,90.45,88.9,88.9,7475.0,17247.0,NIFTY,2026-08-18,24300.0,PE,3
2026-08-03 06:10:00+00:00,88.6,89.25,88.0,89.05,3250.0,21721.0,NIFTY,2026-08-18,24300.0,PE,3
2026-08-03 06:15:00+00:00,89.5,90.65,89.35,89.8,6110.0,26190.0,NIFTY,2026-08-18,24300.0,PE,3
2026-08-03 06:20:00+00:00,89.75,89.8,88.85,89.15,4810.0,22018.0,NIFTY,2026-08-18,24300.0,PE,3
2026-08-03 06:25:00+00:00,89.8,90.95,89.7,90.95,2080.0,13260.0,NIFTY,2026-08-18,24300.0,PE,3
2026-08-03 06:30:00+00:00,91.0,92.25,90.65,92.25,10400.0,17790.0,NIFTY,2026-08-18,24300.0,PE,3
2026-08-03 06:35:00+00:00,92.3,92.55,90.95,90.95,12675.0,17899.0,NIFTY,2026-08-18,24300.0,PE,3
2026-08-03 06:40:00+00:00,90.45,91.15,89.7,90.0,3120.0,,NIFTY,2026-08-18,24300.0,PE,3
2026-08-03 06:45:00+00:00,89.9,90.25,87.2,88.05,16185.0,22464.0,NIFTY,2026-08-18,24300.0,PE,3
2026-08-03 06:50:00+00:00,88.45,89.25,87.9,88.3,18265.0,23237.0,NIFTY,2026-08-18,24300.0,PE,3
2026-08-03 06:55:00+00:00,88.8,89.3,88.55,88.75,1495.0,14034.0,NIFTY,2026-08-18,24300.0,PE,3
2026-08-03 07:00:00+00:00,89.0,91.9,89.0,90.95,11960.0,23611.0,NIFTY,2026-08-18,24300.0,PE,3
2026-08-03 07:05:00+00:00,91.1,91.45,90.5,91.25,3575.0,14263.0,NIFTY,2026-08-18,24300.0,PE,3
2026-08-03 07:10:00+00:00,91.15,91.15,90.05,90.25,10205.0,19063.0,NIFTY,2026-08-18,24300.0,PE,3
2026-08-03 07:15:00+00:00,90.6,97.3,89.55,95.1,15210.0,19085.0,NIFTY,2026-08-18,24300.0,PE,3
2026-08-03 07:20:00+00:00,95.15,96.85,92.75,93.35,4485.0,19048.0,NIFTY,2026-08-18,24300.0,PE,3
2026-08-03 07:25:00+00:00,94.0,96.5,93.8,96.5,3965.0,9517.0,NIFTY,2026-08-18,24300.0,PE,3
2026-08-03 07:30:00+00:00,95.7,97.1,95.3,96.65,4550.0,23821.0,NIFTY,2026-08-18,24300.0,PE,3
2026-08-03 07:35:00+00:00,96.05,97.15,95.6,95.6,1105.0,19050.0,NIFTY,2026-08-18,24300.0,PE,3
2026-08-03 07:40:00+00:00,95.75,97.0,94.35,96.25,8255.0,19043.0,NIFTY,2026-08-18,24300.0,PE,3
2026-08-03 07:45:00+00:00,95.95,95.95,92.9,92.95,12350.0,19089.0,NIFTY,2026-08-18,24300.0,PE,3
2026-08-03 07:50:00+00:00,93.0,95.55,92.8,93.0,4745.0,23888.0,NIFTY,2026-08-18,24300.0,PE,3
2026-08-03 07:55:00+00:00,92.7,92.7,90.6,90.8,1430.0,23885.0,NIFTY,2026-08-18,24300.0,PE,3
2026-08-03 08:00:00+00:00,90.9,91.75,89.2,89.3,7865.0,19085.0,NIFTY,2026-08-18,24300.0,PE,3
2026-08-03 08:05:00+00:00,89.65,91.0,88.05,90.75,14430.0,23762.0,NIFTY,2026-08-18,24300.0,PE,3
2026-08-03 08:10:00+00:00,90.4,91.65,89.6,90.1,3965.0,14111.0,NIFTY,2026-08-18,24300.0,PE,3
2026-08-03 08:15:00+00:00,92.05,92.55,90.75,91.8,2340.0,9393.0,NIFTY,2026-08-18,24300.0,PE,3
2026-08-03 08:20:00+00:00,92.05,93.6,92.05,93.4,3575.0,14100.0,NIFTY,2026-08-18,24300.0,PE,3
2026-08-03 08:25:00+00:00,92.9,92.9,92.0,92.1,1365.0,18866.0,NIFTY,2026-08-18,24300.0,PE,3
2026-08-03 08:30:00+00:00,91.9,93.0,91.9,93.0,1495.0,9441.0,NIFTY,2026-08-18,24300.0,PE,3
2026-08-03 08:35:00+00:00,92.45,93.0,91.7,93.0,975.0,14157.0,NIFTY,2026-08-18,24300.0,PE,3
2026-08-03 08:40:00+00:00,93.3,93.8,92.7,92.7,455.0,9438.0,NIFTY,2026-08-18,24300.0,PE,3
2026-08-03 08:45:00+00:00,92.2,94.75,92.2,94.4,1170.0,18874.0,NIFTY,2026-08-18,24300.0,PE,3
2026-08-03 08:50:00+00:00,94.15,94.55,93.4,93.4,390.0,4717.0,NIFTY,2026-08-18,24300.0,PE,3
2026-08-03 08:55:00+00:00,93.35,93.75,92.65,93.4,780.0,9436.0,NIFTY,2026-08-18,24300.0,PE,3
2026-08-03 09:00:00+00:00,93.55,93.55,92.7,93.35,2015.0,9415.0,NIFTY,2026-08-18,24300.0,PE,3
2026-08-03 09:05:00+00:00,93.0,93.0,91.3,91.45,3120.0,23505.0,NIFTY,2026-08-18,24300.0,PE,3
2026-08-03 09:10:00+00:00,91.6,93.2,91.5,91.5,4420.0,23445.0,NIFTY,2026-08-18,24300.0,PE,3
2026-08-03 09:15:00+00:00,92.35,92.35,91.1,92.35,2145.0,9337.0,NIFTY,2026-08-18,24300.0,PE,3
2026-08-03 09:20:00+00:00,92.05,93.2,91.4,93.2,8060.0,14019.0,NIFTY,2026-08-18,24300.0,PE,3
2026-08-03 09:25:00+00:00,93.45,93.45,91.1,91.1,5720.0,13986.0,NIFTY,2026-08-18,24300.0,PE,3
2026-08-03 09:30:00+00:00,91.0,94.2,91.0,93.2,11440.0,23381.0,NIFTY,2026-08-18,24300.0,PE,3
2026-08-03 09:35:00+00:00,94.4,96.35,93.95,95.15,9035.0,23359.0,NIFTY,2026-08-18,24300.0,PE,3
2026-08-03 09:40:00+00:00,95.65,96.75,93.45,94.05,10855.0,13958.0,NIFTY,2026-08-18,24300.0,PE,3
2026-08-03 09:45:00+00:00,93.85,94.8,92.15,92.95,12935.0,22963.0,NIFTY,2026-08-18,24300.0,PE,3
2026-08-03 09:50:00+00:00,93.05,94.55,92.9,92.9,6370.0,22768.0,NIFTY,2026-08-18,24300.0,PE,3
2026-08-03 09:55:00+00:00,92.55,94.15,87.45,88.3,18135.0,22531.0,NIFTY,2026-08-18,24300.0,PE,3
2026-08-03 10:00:00+00:00,88.25,89.0,82.3,88.85,21255.0,22301.0,NIFTY,2026-08-18,24300.0,PE,3
2026-08-03 10:05:00+00:00,89.7,91.35,88.45,90.6,9750.0,22057.0,NIFTY,2026-08-18,24300.0,PE,3
2026-08-04 03:45:00+00:00,83.0,87.7,82.4,83.3,16575.0,17589.0,NIFTY,2026-08-18,24300.0,PE,3
2026-08-04 03:50:00+00:00,82.55,82.55,78.05,79.7,15080.0,22127.0,NIFTY,2026-08-18,24300.0,PE,3
2026-08-04 03:55:00+00:00,79.95,84.65,79.95,84.65,25025.0,22376.0,NIFTY,2026-08-18,24300.0,PE,3
2026-08-04 04:00:00+00:00,84.3,88.3,83.2,88.3,23335.0,22685.0,NIFTY,2026-08-18,24300.0,PE,3
2026-08-04 04:05:00+00:00,88.05,88.05,82.6,82.85,7865.0,18393.0,NIFTY,2026-08-18,24300.0,PE,3
2026-08-04 04:10:00+00:00,82.9,82.9,77.6,78.2,7930.0,18517.0,NIFTY,2026-08-18,24300.0,PE,3
2026-08-04 04:15:00+00:00,78.75,79.3,75.65,75.95,7670.0,23327.0,NIFTY,2026-08-18,24300.0,PE,3
2026-08-04 04:20:00+00:00,76.75,77.35,75.35,76.45,5330.0,18731.0,NIFTY,2026-08-18,24300.0,PE,3
2026-08-04 04:25:00+00:00,76.0,76.75,73.5,76.15,27755.0,23872.0,NIFTY,2026-08-18,24300.0,PE,3
2026-08-04 04:30:00+00:00,76.05,76.55,74.9,75.65,8450.0,24571.0,NIFTY,2026-08-18,24300.0,PE,3
2026-08-04 04:35:00+00:00,76.3,77.0,75.65,77.0,3120.0,24688.0,NIFTY,2026-08-18,24300.0,PE,3
2026-08-04 04:40:00+00:00,76.45,77.95,76.05,76.6,7020.0,24874.0,NIFTY,2026-08-18,24300.0,PE,3
2026-08-04 04:45:00+00:00,76.95,77.7,75.75,76.7,3055.0,9987.0,NIFTY,2026-08-18,24300.0,PE,3
2026-08-04 04:50:00+00:00,76.55,79.2,76.55,79.2,9360.0,20062.0,NIFTY,2026-08-18,24300.0,PE,3
2026-08-04 04:55:00+00:00,79.95,81.25,78.95,80.15,3575.0,15168.0,NIFTY,2026-08-18,24300.0,PE,3
2026-08-04 05:00:00+00:00,80.5,83.7,80.45,83.2,3835.0,30329.0,NIFTY,2026-08-18,24300.0,PE,3
2026-08-04 05:05:00+00:00,81.85,85.25,81.85,84.3,14235.0,25299.0,NIFTY,2026-08-18,24300.0,PE,3
2026-08-04 05:10:00+00:00,84.5,85.15,83.35,85.15,1625.0,15179.0,NIFTY,2026-08-18,24300.0,PE,3
2026-08-04 05:15:00+00:00,84.5,85.6,84.0,85.4,2535.0,25359.0,NIFTY,2026-08-18,24300.0,PE,3
2026-08-04 05:20:00+00:00,83.6,84.65,83.0,84.65,1885.0,5080.0,NIFTY,2026-08-18,24300.0,PE,3
2026-08-04 05:25:00+00:00,84.5,90.85,84.5,87.85,5525.0,15245.0,NIFTY,2026-08-18,24300.0,PE,3
2026-08-04 05:30:00+00:00,88.55,88.55,84.8,86.65,1950.0,20338.0,NIFTY,2026-08-18,24300.0,PE,3
2026-08-04 05:35:00+00:00,85.8,87.2,85.0,85.5,2600.0,15291.0,NIFTY,2026-08-18,24300.0,PE,3
2026-08-04 05:40:00+00:00,85.8,86.15,84.95,84.95,325.0,10195.0,NIFTY,2026-08-18,24300.0,PE,3
2026-08-04 05:45:00+00:00,85.0,85.0,83.05,83.4,2145.0,20375.0,NIFTY,2026-08-18,24300.0,PE,3
2026-08-04 05:50:00+00:00,83.65,86.05,83.65,86.05,1105.0,20362.0,NIFTY,2026-08-18,24300.0,PE,3
2026-08-04 05:55:00+00:00,86.0,87.6,85.95,87.0,15405.0,15423.0,NIFTY,2026-08-18,24300.0,PE,3
2026-08-04 06:00:00+00:00,88.8,90.75,88.8,90.75,2860.0,15545.0,NIFTY,2026-08-18,24300.0,PE,3
2026-08-04 06:05:00+00:00,90.85,92.75,90.8,90.95,1885.0,20755.0,NIFTY,2026-08-18,24300.0,PE,3
2026-08-04 06:10:00+00:00,90.6,93.4,90.45,93.4,5720.0,15551.0,NIFTY,2026-08-18,24300.0,PE,3
2026-08-04 06:15:00+00:00,93.45,103.65,93.45,103.3,13065.0,20743.0,NIFTY,2026-08-18,24300.0,PE,3
2026-08-04 06:20:00+00:00,103.2,104.5,99.3,102.65,10530.0,25983.0,NIFTY,2026-08-18,24300.0,PE,3
2026-08-04 06:25:00+00:00,102.75,108.85,101.15,108.85,13650.0,15594.0,NIFTY,2026-08-18,24300.0,PE,3
2026-08-04 06:30:00+00:00,109.0,115.05,106.95,109.45,11635.0,31255.0,NIFTY,2026-08-18,24300.0,PE,3
2026-08-04 06:35:00+00:00,109.65,116.55,109.65,116.0,18655.0,15633.0,NIFTY,2026-08-18,24300.0,PE,3
2026-08-04 06:40:00+00:00,116.45,119.95,112.4,112.4,18590.0,26256.0,NIFTY,2026-08-18,24300.0,PE,3
2026-08-04 06:45:00+00:00,113.1,115.65,108.3,109.6,22100.0,26283.0,NIFTY,2026-08-18,24300.0,PE,3
2026-08-04 06:50:00+00:00,109.9,112.75,109.8,111.35,6825.0,26125.0,NIFTY,2026-08-18,24300.0,PE,3
2026-08-04 06:55:00+00:00,110.85,113.55,110.25,113.25,2795.0,26191.0,NIFTY,2026-08-18,24300.0,PE,3
2026-08-04 07:00:00+00:00,112.3,115.85,112.0,115.85,2600.0,15731.0,NIFTY,2026-08-18,24300.0,PE,3
2026-08-04 07:05:00+00:00,116.4,122.6,115.0,115.0,7670.0,21013.0,NIFTY,2026-08-18,24300.0,PE,3
2026-08-04 07:10:00+00:00,116.7,123.75,115.9,122.0,5330.0,26287.0,NIFTY,2026-08-18,24300.0,PE,3
2026-08-04 07:15:00+00:00,122.2,122.2,117.3,120.3,3770.0,26328.0,NIFTY,2026-08-18,24300.0,PE,3
2026-08-04 07:20:00+00:00,120.6,120.6,116.65,119.8,2860.0,15799.0,NIFTY,2026-08-18,24300.0,PE,3
2026-08-04 07:25:00+00:00,120.8,123.5,120.8,123.35,23595.0,26195.0,NIFTY,2026-08-18,24300.0,PE,3
2026-08-04 07:30:00+00:00,124.5,124.5,120.15,121.9,3250.0,25698.0,NIFTY,2026-08-18,24300.0,PE,3
2026-08-04 07:35:00+00:00,122.05,125.25,122.05,125.25,10855.0,20503.0,NIFTY,2026-08-18,24300.0,PE,3
2026-08-04 07:40:00+00:00,123.75,128.2,122.1,127.3,5135.0,25335.0,NIFTY,2026-08-18,24300.0,PE,3
2026-08-04 07:45:00+00:00,126.4,128.8,124.0,124.9,3120.0,25309.0,NIFTY,2026-08-18,24300.0,PE,3
2026-08-04 07:50:00+00:00,127.0,127.65,121.65,121.65,5720.0,25326.0,NIFTY,2026-08-18,24300.0,PE,3
2026-08-04 07:55:00+00:00,122.05,130.4,121.8,130.4,4940.0,25327.0,NIFTY,2026-08-18,24300.0,PE,3
2026-08-04 08:00:00+00:00,127.75,130.8,126.65,128.7,6630.0,25362.0,NIFTY,2026-08-18,24300.0,PE,3
2026-08-04 08:05:00+00:00,128.75,130.65,126.5,126.5,7410.0,20438.0,NIFTY,2026-08-18,24300.0,PE,3
2026-08-04 08:10:00+00:00,126.6,131.9,125.2,131.9,21255.0,20529.0,NIFTY,2026-08-18,24300.0,PE,3
2026-08-04 08:15:00+00:00,131.1,131.9,127.25,129.9,6890.0,26459.0,NIFTY,2026-08-18,24300.0,PE,3
2026-08-04 08:20:00+00:00,128.95,136.0,128.95,133.7,25480.0,26743.0,NIFTY,2026-08-18,24300.0,PE,3
2026-08-04 08:25:00+00:00,132.6,141.75,131.25,131.25,14820.0,27346.0,NIFTY,2026-08-18,24300.0,PE,3
2026-08-04 08:30:00+00:00,131.65,139.0,131.65,134.55,21905.0,27374.0,NIFTY,2026-08-18,24300.0,PE,3
2026-08-04 08:35:00+00:00,133.0,133.0,126.4,130.0,16835.0,27595.0,NIFTY,2026-08-18,24300.0,PE,3
2026-08-04 08:40:00+00:00,129.95,129.95,125.0,125.0,8905.0,27862.0,NIFTY,2026-08-18,24300.0,PE,3
2026-08-04 08:45:00+00:00,125.5,126.0,119.75,120.35,21775.0,27947.0,NIFTY,2026-08-18,24300.0,PE,3
2026-08-04 08:50:00+00:00,119.8,126.4,115.8,125.15,31720.0,27142.0,NIFTY,2026-08-18,24300.0,PE,3
2026-08-04 08:55:00+00:00,123.9,126.7,121.6,124.6,5005.0,27032.0,NIFTY,2026-08-18,24300.0,PE,3
2026-08-04 09:00:00+00:00,124.9,125.0,121.5,122.5,116545.0,27992.0,NIFTY,2026-08-18,24300.0,PE,3
2026-08-04 09:05:00+00:00,122.45,124.15,120.85,123.1,85865.0,34985.0,NIFTY,2026-08-18,24300.0,PE,3
2026-08-04 09:10:00+00:00,123.05,125.0,122.7,123.35,7345.0,21462.0,NIFTY,2026-08-18,24300.0,PE,3
2026-08-04 09:15:00+00:00,123.55,123.55,120.0,120.0,70785.0,29725.0,NIFTY,2026-08-18,24300.0,PE,3
2026-08-04 09:20:00+00:00,121.0,121.75,118.75,118.75,79365.0,40172.0,NIFTY,2026-08-18,24300.0,PE,3
2026-08-04 09:25:00+00:00,118.5,121.55,116.8,119.05,71045.0,42227.0,NIFTY,2026-08-18,24300.0,PE,3
2026-08-04 09:30:00+00:00,119.0,123.0,116.2,123.0,9815.0,43349.0,NIFTY,2026-08-18,24300.0,PE,3
2026-08-04 09:35:00+00:00,124.15,124.45,118.75,119.45,20995.0,43455.0,NIFTY,2026-08-18,24300.0,PE,3
2026-08-04 09:40:00+00:00,119.5,121.75,113.7,113.7,28210.0,34923.0,NIFTY,2026-08-18,24300.0,PE,3
2026-08-04 09:45:00+00:00,114.1,116.2,108.8,115.2,12740.0,43698.0,NIFTY,2026-08-18,24300.0,PE,3
2026-08-04 09:50:00+00:00,114.9,116.0,114.05,114.4,6370.0,43752.0,NIFTY,2026-08-18,24300.0,PE,3
2026-08-04 09:55:00+00:00,114.8,114.9,106.35,107.55,19305.0,43824.0,NIFTY,2026-08-18,24300.0,PE,3
2026-08-04 10:00:00+00:00,107.7,122.0,106.2,116.2,36725.0,43671.0,NIFTY,2026-08-18,24300.0,PE,3
2026-08-04 10:05:00+00:00,115.2,117.8,113.25,113.25,24765.0,43826.0,NIFTY,2026-08-18,24300.0,PE,3
2026-08-05 03:45:00+00:00,74.1,76.4,57.8,60.9,133965.0,43452.0,NIFTY,2026-08-18,24300.0,PE,3
2026-08-05 03:50:00+00:00,60.55,66.55,59.8,66.45,49985.0,34778.0,NIFTY,2026-08-18,24300.0,PE,3
2026-08-05 03:55:00+00:00,66.2,69.95,65.15,67.1,94640.0,43904.0,NIFTY,2026-08-18,24300.0,PE,3
2026-08-05 04:00:00+00:00,67.0,72.4,66.9,71.1,76635.0,45773.0,NIFTY,2026-08-18,24300.0,PE,3
2026-08-05 04:05:00+00:00,70.8,72.5,67.75,68.05,58305.0,46854.0,NIFTY,2026-08-18,24300.0,PE,3
2026-08-05 04:10:00+00:00,68.1,69.35,65.0,68.2,28860.0,47773.0,NIFTY,2026-08-18,24300.0,PE,3
2026-08-05 04:15:00+00:00,68.05,68.95,65.45,66.0,19305.0,47637.0,NIFTY,2026-08-18,24300.0,PE,3
2026-08-05 04:20:00+00:00,66.5,74.45,66.2,73.75,17485.0,38155.0,NIFTY,2026-08-18,24300.0,PE,3
2026-08-05 04:25:00+00:00,73.7,77.0,72.55,72.55,32955.0,48059.0,NIFTY,2026-08-18,24300.0,PE,3
2026-08-05 04:30:00+00:00,71.9,72.0,63.45,67.65,52715.0,48425.0,NIFTY,2026-08-18,24300.0,PE,3
2026-08-05 04:35:00+00:00,67.8,75.45,67.8,70.75,45695.0,48410.0,NIFTY,2026-08-18,24300.0,PE,3
2026-08-05 04:40:00+00:00,70.2,71.0,66.65,67.45,35815.0,38714.0,NIFTY,2026-08-18,24300.0,PE,3
2026-08-05 04:45:00+00:00,67.8,74.0,67.8,69.55,32825.0,48289.0,NIFTY,2026-08-18,24300.0,PE,3
2026-08-05 04:50:00+00:00,69.75,72.6,68.3,69.6,17810.0,48209.0,NIFTY,2026-08-18,24300.0,PE,3
2026-08-05 04:55:00+00:00,70.0,82.0,70.0,81.4,38415.0,48269.0,NIFTY,2026-08-18,24300.0,PE,3
2026-08-05 05:00:00+00:00,82.25,92.4,81.05,81.85,60645.0,48568.0,NIFTY,2026-08-18,24300.0,PE,3
2026-08-05 05:05:00+00:00,82.85,84.25,78.7,80.75,23725.0,49166.0,NIFTY,2026-08-18,24300.0,PE,3
2026-08-05 05:10:00+00:00,81.3,82.7,71.8,75.15,25870.0,39401.0,NIFTY,2026-08-18,24300.0,PE,3
2026-08-05 05:15:00+00:00,75.75,75.75,71.05,71.4,12090.0,49387.0,NIFTY,2026-08-18,24300.0,PE,3
2026-08-05 05:20:00+00:00,71.0,73.3,69.45,71.1,16900.0,49519.0,NIFTY,2026-08-18,24300.0,PE,3
2026-08-05 05:25:00+00:00,70.0,70.0,63.4,63.75,31850.0,39458.0,NIFTY,2026-08-18,24300.0,PE,3
2026-08-05 05:30:00+00:00,63.6,64.8,61.85,64.0,33995.0,29163.0,NIFTY,2026-08-18,24300.0,PE,3
2026-08-05 05:35:00+00:00,63.85,68.05,62.95,68.05,18460.0,38813.0,NIFTY,2026-08-18,24300.0,PE,3
2026-08-05 05:40:00+00:00,68.55,70.05,66.6,68.75,15925.0,48552.0,NIFTY,2026-08-18,24300.0,PE,3
2026-08-05 05:45:00+00:00,68.0,70.15,67.2,70.15,8385.0,38791.0,NIFTY,2026-08-18,24300.0,PE,3
2026-08-05 05:50:00+00:00,70.1,71.75,68.45,70.5,9815.0,38815.0,NIFTY,2026-08-18,24300.0,PE,3
2026-08-05 05:55:00+00:00,71.05,73.9,70.8,73.9,6955.0,48521.0,NIFTY,2026-08-18,24300.0,PE,3
2026-08-05 06:00:00+00:00,73.6,82.7,73.45,81.9,37115.0,38838.0,NIFTY,2026-08-18,24300.0,PE,3
2026-08-05 06:05:00+00:00,81.4,82.2,77.95,78.7,23660.0,39264.0,NIFTY,2026-08-18,24300.0,PE,3
2026-08-05 06:10:00+00:00,78.0,81.1,76.65,80.0,15275.0,39644.0,NIFTY,2026-08-18,24300.0,PE,3
2026-08-05 06:15:00+00:00,79.6,83.95,79.0,83.3,14300.0,49518.0,NIFTY,2026-08-18,24300.0,PE,3
2026-08-05 06:20:00+00:00,83.35,89.3,83.35,86.45,38285.0,50031.0,NIFTY,2026-08-18,24300.0,PE,3
2026-08-05 06:25:00+00:00,87.2,92.7,87.2,89.0,36920.0,50368.0,NIFTY,2026-08-18,24300.0,PE,3
2026-08-05 06:30:00+00:00,88.25,89.35,83.35,85.2,20670.0,40393.0,NIFTY,2026-08-18,24300.0,PE,3
2026-08-05 06:35:00+00:00,85.65,86.8,84.2,85.15,7085.0,20209.0,NIFTY,2026-08-18,24300.0,PE,3
2026-08-05 06:40:00+00:00,85.75,90.75,83.85,84.95,20020.0,30469.0,NIFTY,2026-08-18,24300.0,PE,3
2026-08-05 06:45:00+00:00,85.55,89.0,84.65,89.0,16510.0,40715.0,NIFTY,2026-08-18,24300.0,PE,3
2026-08-05 06:50:00+00:00,88.0,90.3,86.35,86.8,11700.0,40842.0,NIFTY,2026-08-18,24300.0,PE,3
2026-08-05 06:55:00+00:00,89.0,89.45,86.95,88.9,16640.0,51385.0,NIFTY,2026-08-18,24300.0,PE,3
2026-08-05 07:00:00+00:00,89.05,100.0,89.05,99.35,48555.0,62282.0,NIFTY,2026-08-18,24300.0,PE,3
2026-08-05 07:05:00+00:00,99.2,105.2,99.1,99.2,42510.0,52243.0,NIFTY,2026-08-18,24300.0,PE,3
2026-08-05 07:10:00+00:00,99.4,108.15,97.1,105.0,41210.0,31503.0,NIFTY,2026-08-18,24300.0,PE,3
2026-08-05 07:15:00+00:00,103.95,109.0,102.5,106.75,19630.0,42020.0,NIFTY,2026-08-18,24300.0,PE,3
2026-08-05 07:20:00+00:00,106.25,110.7,105.5,107.6,23205.0,52731.0,NIFTY,2026-08-18,24300.0,PE,3
2026-08-05 07:25:00+00:00,107.55,111.95,106.2,110.35,14690.0,42242.0,NIFTY,2026-08-18,24300.0,PE,3
2026-08-05 07:30:00+00:00,111.75,113.2,106.0,107.5,14495.0,31697.0,NIFTY,2026-08-18,24300.0,PE,3
2026-08-05 07:35:00+00:00,108.65,117.9,105.75,106.35,28600.0,52913.0,NIFTY,2026-08-18,24300.0,PE,3
2026-08-05 07:40:00+00:00,105.0,110.7,103.55,106.9,17745.0,52964.0,NIFTY,2026-08-18,24300.0,PE,3
2026-08-05 07:45:00+00:00,107.0,109.15,101.35,101.8,15405.0,52949.0,NIFTY,2026-08-18,24300.0,PE,3
2026-08-05 07:50:00+00:00,102.15,109.15,101.9,109.15,10205.0,42393.0,NIFTY,2026-08-18,24300.0,PE,3
2026-08-05 07:55:00+00:00,109.4,111.0,107.95,109.8,14690.0,53065.0,NIFTY,2026-08-18,24300.0,PE,3
2026-08-05 08:00:00+00:00,109.7,113.45,107.6,111.5,11440.0,31907.0,NIFTY,2026-08-18,24300.0,PE,3
2026-08-05 08:05:00+00:00,111.8,112.2,108.7,111.0,8255.0,53181.0,NIFTY,2026-08-18,24300.0,PE,3
2026-08-05 08:10:00+00:00,110.65,121.2,110.65,118.7,24180.0,42641.0,NIFTY,2026-08-18,24300.0,PE,3
2026-08-05 08:15:00+00:00,119.1,119.1,107.35,107.35,11765.0,53394.0,NIFTY,2026-08-18,24300.0,PE,3
2026-08-05 08:20:00+00:00,107.4,112.1,106.5,110.9,7215.0,53506.0,NIFTY,2026-08-18,24300.0,PE,3
2026-08-05 08:25:00+00:00,110.8,112.65,110.45,111.3,6175.0,42819.0,NIFTY,2026-08-18,24300.0,PE,3
2026-08-05 08:30:00+00:00,109.5,110.85,101.0,103.05,161395.0,55446.0,NIFTY,2026-08-18,24300.0,PE,3
2026-08-05 08:35:00+00:00,102.8,104.75,98.75,101.9,32435.0,59612.0,NIFTY,2026-08-18,24300.0,PE,3
2026-08-05 08:40:00+00:00,102.45,108.9,99.65,108.45,46475.0,59670.0,NIFTY,2026-08-18,24300.0,PE,3
2026-08-05 08:45:00+00:00,108.4,114.25,107.0,108.75,23920.0,59670.0,NIFTY,2026-08-18,24300.0,PE,3
2026-08-05 08:50:00+00:00,108.0,109.95,103.8,109.95,23465.0,59711.0,NIFTY,2026-08-18,24300.0,PE,3
2026-08-05 08:55:00+00:00,110.9,111.55,108.15,109.9,10075.0,59677.0,NIFTY,2026-08-18,24300.0,PE,3
2026-08-05 09:00:00+00:00,108.25,112.75,108.25,109.9,4680.0,59697.0,NIFTY,2026-08-18,24300.0,PE,3
2026-08-05 09:05:00+00:00,111.05,111.15,104.1,108.05,13715.0,47850.0,NIFTY,2026-08-18,24300.0,PE,3
2026-08-05 09:10:00+00:00,108.15,111.5,108.15,109.85,9620.0,47890.0,NIFTY,2026-08-18,24300.0,PE,3
2026-08-05 09:15:00+00:00,109.95,111.15,103.2,104.05,11310.0,35949.0,NIFTY,2026-08-18,24300.0,PE,3
2026-08-05 09:20:00+00:00,103.5,106.45,99.05,102.8,11050.0,47969.0,NIFTY,2026-08-18,24300.0,PE,3
2026-08-05 09:25:00+00:00,104.0,104.5,94.7,99.9,17290.0,47879.0,NIFTY,2026-08-18,24300.0,PE,3
2026-08-05 09:30:00+00:00,98.95,101.55,92.0,93.0,44200.0,59922.0,NIFTY,2026-08-18,24300.0,PE,3
2026-08-05 09:35:00+00:00,92.9,97.05,85.0,87.75,90675.0,60243.0,NIFTY,2026-08-18,24300.0,PE,3
2026-08-05 09:40:00+00:00,87.9,90.15,77.45,79.4,159185.0,60668.0,NIFTY,2026-08-18,24300.0,PE,3
2026-08-05 09:45:00+00:00,79.45,89.15,72.1,81.15,143260.0,58119.0,NIFTY,2026-08-18,24300.0,PE,3
2026-08-05 09:50:00+00:00,81.1,81.7,78.2,81.0,63505.0,59401.0,NIFTY,2026-08-18,24300.0,PE,3
2026-08-05 09:55:00+00:00,80.85,84.95,75.3,75.3,61230.0,60288.0,NIFTY,2026-08-18,24300.0,PE,3
2026-08-05 10:00:00+00:00,75.25,78.15,75.0,78.0,50180.0,48022.0,NIFTY,2026-08-18,24300.0,PE,3
2026-08-05 10:05:00+00:00,77.95,84.3,77.85,82.75,78455.0,58210.0,NIFTY,2026-08-18,24300.0,PE,3
2026-08-06 03:45:00+00:00,68.95,70.7,61.35,64.8,108030.0,46502.0,NIFTY,2026-08-18,24300.0,PE,3
2026-08-06 03:50:00+00:00,64.2,65.55,63.0,64.35,53105.0,57112.0,NIFTY,2026-08-18,24300.0,PE,3
2026-08-06 03:55:00+00:00,65.1,67.2,64.1,65.8,28990.0,57813.0,NIFTY,2026-08-18,24300.0,PE,3
2026-08-06 04:00:00+00:00,64.8,68.85,63.65,68.05,35425.0,58037.0,NIFTY,2026-08-18,24300.0,PE,3
2026-08-06 04:05:00+00:00,68.3,68.45,65.35,66.3,13130.0,58227.0,NIFTY,2026-08-18,24300.0,PE,3
2026-08-06 04:10:00+00:00,66.45,66.6,65.0,65.05,21905.0,58418.0,NIFTY,2026-08-18,24300.0,PE,3
2026-08-06 04:15:00+00:00,64.7,64.9,62.05,63.7,37310.0,58718.0,NIFTY,2026-08-18,24300.0,PE,3
2026-08-06 04:20:00+00:00,63.6,64.95,63.1,64.25,27430.0,47424.0,NIFTY,2026-08-18,24300.0,PE,3
2026-08-06 04:25:00+00:00,64.5,67.65,64.5,67.2,16835.0,59484.0,NIFTY,2026-08-18,24300.0,PE,3
2026-08-06 04:30:00+00:00,67.15,73.55,67.1,72.2,33215.0,59699.0,NIFTY,2026-08-18,24300.0,PE,3
2026-08-06 04:35:00+00:00,72.05,74.45,70.95,72.6,17420.0,59747.0,NIFTY,2026-08-18,24300.0,PE,3
2026-08-06 04:40:00+00:00,72.0,72.85,67.7,70.85,23400.0,59888.0,NIFTY,2026-08-18,24300.0,PE,3
2026-08-06 04:45:00+00:00,71.05,73.7,70.1,73.05,17420.0,60167.0,NIFTY,2026-08-18,24300.0,PE,3
2026-08-06 04:50:00+00:00,73.2,73.2,69.15,69.85,13585.0,48267.0,NIFTY,2026-08-18,24300.0,PE,3
2026-08-06 04:55:00+00:00,69.75,72.35,69.75,70.4,30290.0,59699.0,NIFTY,2026-08-18,24300.0,PE,3
2026-08-06 05:00:00+00:00,70.65,71.4,69.3,71.4,22620.0,47464.0,NIFTY,2026-08-18,24300.0,PE,3
2026-08-06 05:05:00+00:00,71.2,71.5,69.65,70.45,13260.0,59311.0,NIFTY,2026-08-18,24300.0,PE,3
2026-08-06 05:10:00+00:00,70.4,71.35,70.0,70.2,6760.0,59479.0,NIFTY,2026-08-18,24300.0,PE,3
2026-08-06 05:15:00+00:00,70.5,72.5,70.5,72.15,8125.0,47643.0,NIFTY,2026-08-18,24300.0,PE,3
2026-08-06 05:20:00+00:00,71.95,75.9,71.25,71.25,22880.0,59630.0,NIFTY,2026-08-18,24300.0,PE,3
2026-08-06 05:25:00+00:00,71.7,72.55,68.1,72.05,13130.0,59703.0,NIFTY,2026-08-18,24300.0,PE,3
2026-08-06 05:30:00+00:00,71.85,73.7,70.9,71.75,8840.0,59782.0,NIFTY,2026-08-18,24300.0,PE,3
2026-08-06 05:35:00+00:00,70.95,72.05,69.65,69.7,4810.0,47855.0,NIFTY,2026-08-18,24300.0,PE,3
2026-08-06 05:40:00+00:00,69.45,69.7,67.05,67.5,7605.0,47877.0,NIFTY,2026-08-18,24300.0,PE,3
2026-08-06 05:45:00+00:00,67.0,69.0,65.55,65.55,7605.0,59816.0,NIFTY,2026-08-18,24300.0,PE,3
2026-08-06 05:50:00+00:00,65.9,66.8,65.0,66.4,15210.0,59811.0,NIFTY,2026-08-18,24300.0,PE,3
2026-08-06 05:55:00+00:00,66.35,67.85,66.35,67.0,11635.0,59864.0,NIFTY,2026-08-18,24300.0,PE,3
2026-08-06 06:00:00+00:00,67.15,69.0,66.9,69.0,8320.0,48006.0,NIFTY,2026-08-18,24300.0,PE,3
2026-08-06 06:05:00+00:00,68.65,69.9,68.55,69.8,10075.0,60065.0,NIFTY,2026-08-18,24300.0,PE,3
2026-08-06 06:10:00+00:00,69.75,73.55,69.55,71.6,13910.0,48071.0,NIFTY,2026-08-18,24300.0,PE,3
2026-08-06 06:15:00+00:00,72.5,74.25,71.5,71.75,16120.0,60406.0,NIFTY,2026-08-18,24300.0,PE,3
2026-08-06 06:20:00+00:00,71.45,71.45,68.4,69.25,12415.0,48402.0,NIFTY,2026-08-18,24300.0,PE,3
2026-08-06 06:25:00+00:00,69.05,69.4,65.35,66.3,15275.0,60604.0,NIFTY,2026-08-18,24300.0,PE,3
2026-08-06 06:30:00+00:00,66.45,68.5,66.45,68.15,9945.0,60667.0,NIFTY,2026-08-18,24300.0,PE,3
2026-08-06 06:35:00+00:00,67.95,69.75,67.95,69.65,8840.0,36457.0,NIFTY,2026-08-18,24300.0,PE,3
2026-08-06 06:40:00+00:00,69.7,71.05,69.4,70.65,14235.0,72720.0,NIFTY,2026-08-18,24300.0,PE,3
2026-08-06 06:45:00+00:00,70.05,70.6,67.75,70.6,12155.0,60592.0,NIFTY,2026-08-18,24300.0,PE,3
2026-08-06 06:50:00+00:00,70.65,72.85,70.65,71.45,6695.0,48566.0,NIFTY,2026-08-18,24300.0,PE,3
2026-08-06 06:55:00+00:00,71.5,72.3,70.2,70.7,7410.0,60770.0,NIFTY,2026-08-18,24300.0,PE,3
2026-08-06 07:00:00+00:00,70.4,70.95,68.0,68.45,31395.0,49078.0,NIFTY,2026-08-18,24300.0,PE,3
2026-08-06 07:05:00+00:00,68.05,70.85,67.7,70.25,27170.0,61367.0,NIFTY,2026-08-18,24300.0,PE,3
2026-08-06 07:10:00+00:00,70.15,71.1,69.2,69.45,5265.0,48688.0,NIFTY,2026-08-18,24300.0,PE,3
2026-08-06 07:15:00+00:00,69.95,71.6,69.1,71.6,3380.0,48692.0,NIFTY,2026-08-18,24300.0,PE,3
2026-08-06 07:20:00+00:00,71.5,72.7,70.45,72.5,3965.0,60903.0,NIFTY,2026-08-18,24300.0,PE,3
2026-08-06 07:25:00+00:00,72.65,74.75,70.95,73.05,10140.0,60944.0,NIFTY,2026-08-18,24300.0,PE,3
2026-08-06 07:30:00+00:00,72.75,73.25,70.6,70.95,19240.0,60966.0,NIFTY,2026-08-18,24300.0,PE,3
2026-08-06 07:35:00+00:00,71.65,75.2,71.25,74.65,13000.0,60991.0,NIFTY,2026-08-18,24300.0,PE,3
2026-08-06 07:40:00+00:00,74.4,75.45,68.95,73.8,27105.0,61061.0,NIFTY,2026-08-18,24300.0,PE,3
2026-08-06 07:45:00+00:00,74.4,76.15,68.05,68.85,37440.0,60931.0,NIFTY,2026-08-18,24300.0,PE,3
2026-08-06 07:50:00+00:00,68.55,75.95,67.35,75.4,24765.0,60903.0,NIFTY,2026-08-18,24300.0,PE,3
2026-08-06 07:55:00+00:00,75.0,75.65,71.2,73.2,23270.0,61470.0,NIFTY,2026-08-18,24300.0,PE,3
2026-08-06 08:00:00+00:00,72.2,72.55,70.0,70.55,7475.0,49367.0,NIFTY,2026-08-18,24300.0,PE,3
2026-08-06 08:05:00+00:00,70.2,70.7,67.35,70.1,21645.0,61564.0,NIFTY,2026-08-18,24300.0,PE,3
2026-08-06 08:10:00+00:00,70.8,72.65,69.75,71.25,7865.0,61428.0,NIFTY,2026-08-18,24300.0,PE,3
2026-08-06 08:15:00+00:00,71.05,74.05,70.95,73.35,8385.0,49176.0,NIFTY,2026-08-18,24300.0,PE,3
2026-08-06 08:20:00+00:00,73.85,74.8,67.8,69.05,30420.0,61588.0,NIFTY,2026-08-18,24300.0,PE,3
2026-08-06 08:25:00+00:00,68.45,69.6,64.25,65.55,26715.0,61424.0,NIFTY,2026-08-18,24300.0,PE,3
2026-08-06 08:30:00+00:00,65.5,66.7,62.6,63.1,14300.0,36686.0,NIFTY,2026-08-18,24300.0,PE,3
2026-08-06 08:35:00+00:00,63.2,64.5,61.9,63.8,9945.0,48932.0,NIFTY,2026-08-18,24300.0,PE,3
2026-08-06 08:40:00+00:00,63.95,64.25,62.85,64.25,7865.0,61173.0,NIFTY,2026-08-18,24300.0,PE,3
2026-08-06 08:45:00+00:00,63.85,64.05,62.0,62.85,17290.0,48965.0,NIFTY,2026-08-18,24300.0,PE,3
2026-08-06 08:50:00+00:00,62.7,63.35,61.6,61.75,10660.0,61295.0,NIFTY,2026-08-18,24300.0,PE,3
2026-08-06 08:55:00+00:00,62.0,62.65,60.2,62.65,11570.0,49023.0,NIFTY,2026-08-18,24300.0,PE,3
2026-08-06 09:00:00+00:00,62.5,63.75,60.7,62.35,11375.0,61238.0,NIFTY,2026-08-18,24300.0,PE,3
2026-08-06 09:05:00+00:00,62.65,63.85,62.15,63.65,7150.0,61214.0,NIFTY,2026-08-18,24300.0,PE,3
2026-08-06 09:10:00+00:00,63.4,64.2,61.9,62.9,16705.0,61219.0,NIFTY,2026-08-18,24300.0,PE,3
2026-08-06 09:15:00+00:00,63.25,63.35,61.2,61.7,13260.0,61337.0,NIFTY,2026-08-18,24300.0,PE,3
2026-08-06 09:20:00+00:00,61.9,63.35,61.85,63.2,14365.0,49137.0,NIFTY,2026-08-18,24300.0,PE,3
2026-08-06 09:25:00+00:00,63.1,64.45,61.2,62.7,31005.0,60535.0,NIFTY,2026-08-18,24300.0,PE,3
2026-08-06 09:30:00+00:00,62.85,64.5,59.8,63.6,67925.0,60078.0,NIFTY,2026-08-18,24300.0,PE,3
2026-08-06 09:35:00+00:00,63.85,64.9,61.75,63.45,56420.0,59573.0,NIFTY,2026-08-18,24300.0,PE,3
2026-08-06 09:40:00+00:00,63.85,64.0,60.25,61.35,50310.0,59107.0,NIFTY,2026-08-18,24300.0,PE,3
2026-08-06 09:45:00+00:00,61.25,62.1,57.0,60.5,64285.0,58270.0,NIFTY,2026-08-18,24300.0,PE,3
2026-08-06 09:50:00+00:00,60.55,63.0,57.85,59.2,46995.0,46796.0,NIFTY,2026-08-18,24300.0,PE,3
2026-08-06 09:55:00+00:00,59.25,61.75,59.2,59.2,38675.0,58717.0,NIFTY,2026-08-18,24300.0,PE,3
2026-08-06 10:00:00+00:00,59.45,59.5,57.65,58.0,28015.0,58741.0,NIFTY,2026-08-18,24300.0,PE,3
2026-08-06 10:05:00+00:00,57.75,61.95,57.6,58.2,42380.0,58818.0,NIFTY,2026-08-18,24300.0,PE,3
2026-08-07 03:45:00+00:00,66.65,76.95,66.65,75.6,141960.0,59149.0,NIFTY,2026-08-18,24300.0,PE,3
2026-08-07 03:50:00+00:00,75.8,77.55,75.0,75.95,92235.0,59512.0,NIFTY,2026-08-18,24300.0,PE,3
2026-08-07 03:55:00+00:00,76.35,79.1,75.95,78.85,45760.0,59682.0,NIFTY,2026-08-18,24300.0,PE,3
2026-08-07 04:00:00+00:00,79.3,80.95,78.0,80.05,56225.0,59943.0,NIFTY,2026-08-18,24300.0,PE,3
2026-08-07 04:05:00+00:00,80.55,80.85,78.45,78.8,18785.0,60077.0,NIFTY,2026-08-18,24300.0,PE,3
2026-08-07 04:10:00+00:00,79.0,80.35,76.55,76.55,23270.0,48078.0,NIFTY,2026-08-18,24300.0,PE,3
2026-08-07 04:15:00+00:00,77.0,79.55,76.65,78.05,11505.0,60383.0,NIFTY,2026-08-18,24300.0,PE,3
2026-08-07 04:20:00+00:00,77.6,78.05,75.9,76.3,20930.0,48371.0,NIFTY,2026-08-18,24300.0,PE,3
2026-08-07 04:25:00+00:00,76.05,77.0,75.35,76.6,18590.0,36322.0,NIFTY,2026-08-18,24300.0,PE,3
2026-08-07 04:30:00+00:00,76.7,78.05,76.4,77.4,22490.0,60734.0,NIFTY,2026-08-18,24300.0,PE,3
2026-08-07 04:35:00+00:00,77.2,77.8,76.1,77.2,15535.0,60894.0,NIFTY,2026-08-18,24300.0,PE,3
2026-08-07 04:40:00+00:00,77.1,79.6,77.1,78.15,17355.0,61133.0,NIFTY,2026-08-18,24300.0,PE,3
2026-08-07 04:45:00+00:00,78.5,82.4,78.45,80.15,30680.0,61300.0,NIFTY,2026-08-18,24300.0,PE,3
2026-08-07 04:50:00+00:00,80.5,83.2,80.0,81.75,26845.0,61550.0,NIFTY,2026-08-18,24300.0,PE,3
2026-08-07 04:55:00+00:00,82.25,83.5,81.2,81.55,24830.0,49291.0,NIFTY,2026-08-18,24300.0,PE,3
2026-08-07 05:00:00+00:00,82.5,84.6,82.0,82.8,33215.0,61993.0,NIFTY,2026-08-18,24300.0,PE,3
2026-08-07 05:05:00+00:00,82.45,83.55,81.1,82.05,20475.0,62310.0,NIFTY,2026-08-18,24300.0,PE,3
2026-08-07 05:10:00+00:00,82.25,84.05,81.95,82.75,18525.0,49869.0,NIFTY,2026-08-18,24300.0,PE,3
2026-08-07 05:15:00+00:00,82.85,83.5,78.5,81.7,27105.0,62316.0,NIFTY,2026-08-18,24300.0,PE,3
2026-08-07 05:20:00+00:00,81.5,83.1,80.2,81.0,9620.0,62390.0,NIFTY,2026-08-18,24300.0,PE,3
2026-08-07 05:25:00+00:00,81.3,82.85,80.4,82.85,5655.0,24942.0,NIFTY,2026-08-18,24300.0,PE,3
2026-08-07 05:30:00+00:00,83.2,87.6,82.95,86.45,21840.0,62512.0,NIFTY,2026-08-18,24300.0,PE,3
2026-08-07 05:35:00+00:00,87.15,87.15,83.85,84.5,13195.0,62599.0,NIFTY,2026-08-18,24300.0,PE,3
2026-08-07 05:40:00+00:00,84.75,85.85,84.35,85.0,7670.0,50292.0,NIFTY,2026-08-18,24300.0,PE,3
2026-08-07 05:45:00+00:00,85.1,87.3,85.1,86.7,7410.0,37737.0,NIFTY,2026-08-18,24300.0,PE,3
2026-08-07 05:50:00+00:00,86.15,86.25,81.9,82.4,26260.0,75987.0,NIFTY,2026-08-18,24300.0,PE,3
2026-08-07 05:55:00+00:00,82.1,82.1,77.8,79.5,25870.0,63870.0,NIFTY,2026-08-18,24300.0,PE,3
2026-08-07 06:00:00+00:00,79.55,81.7,79.5,81.5,13975.0,64058.0,NIFTY,2026-08-18,24300.0,PE,3
2026-08-07 06:05:00+00:00,81.2,81.3,78.65,80.0,10790.0,64000.0,NIFTY,2026-08-18,24300.0,PE,3
2026-08-07 06:10:00+00:00,80.4,81.25,80.1,80.7,3640.0,25574.0,NIFTY,2026-08-18,24300.0,PE,3
2026-08-07 06:15:00+00:00,81.35,84.35,80.6,84.35,16250.0,76713.0,NIFTY,2026-08-18,24300.0,PE,3
2026-08-07 06:20:00+00:00,84.4,87.1,84.05,84.8,20930.0,51145.0,NIFTY,2026-08-18,24300.0,PE,3
2026-08-07 06:25:00+00:00,84.6,85.5,82.7,82.9,20475.0,51402.0,NIFTY,2026-08-18,24300.0,PE,3
2026-08-07 06:30:00+00:00,82.8,86.15,82.8,85.65,14495.0,51485.0,NIFTY,2026-08-18,24300.0,PE,3
2026-08-07 06:35:00+00:00,85.4,88.0,85.4,86.45,36270.0,77873.0,NIFTY,2026-08-18,24300.0,PE,3
2026-08-07 06:40:00+00:00,86.6,89.3,86.2,88.95,20345.0,65293.0,NIFTY,2026-08-18,24300.0,PE,3
2026-08-07 06:45:00+00:00,89.3,90.4,87.8,88.85,43095.0,65521.0,NIFTY,2026-08-18,24300.0,PE,3
2026-08-07 06:50:00+00:00,89.65,89.8,86.15,88.5,34840.0,52553.0,NIFTY,2026-08-18,24300.0,PE,3
2026-08-07 06:55:00+00:00,88.75,89.35,83.2,84.4,34645.0,66013.0,NIFTY,2026-08-18,24300.0,PE,3
2026-08-07 07:00:00+00:00,84.8,86.3,82.55,82.95,23335.0,53195.0,NIFTY,2026-08-18,24300.0,PE,3
2026-08-07 07:05:00+00:00,82.8,84.2,81.85,82.2,10400.0,66555.0,NIFTY,2026-08-18,24300.0,PE,3
2026-08-07 07:10:00+00:00,82.4,84.9,82.4,83.3,14950.0,66567.0,NIFTY,2026-08-18,24300.0,PE,3
2026-08-07 07:15:00+00:00,82.85,83.9,79.5,80.7,14365.0,66554.0,NIFTY,2026-08-18,24300.0,PE,3
2026-08-07 07:20:00+00:00,81.1,84.2,81.1,83.4,15080.0,66740.0,NIFTY,2026-08-18,24300.0,PE,3
2026-08-07 07:25:00+00:00,82.75,84.75,82.75,84.7,12870.0,67091.0,NIFTY,2026-08-18,24300.0,PE,3
2026-08-07 07:30:00+00:00,84.8,85.7,83.9,83.9,8905.0,53740.0,NIFTY,2026-08-18,24300.0,PE,3
2026-08-07 07:35:00+00:00,84.2,84.2,81.0,83.2,9685.0,53775.0,NIFTY,2026-08-18,24300.0,PE,3
2026-08-07 07:40:00+00:00,83.75,86.15,82.15,86.05,10985.0,67287.0,NIFTY,2026-08-18,24300.0,PE,3
2026-08-07 07:45:00+00:00,86.15,86.55,83.35,86.25,8580.0,40407.0,NIFTY,2026-08-18,24300.0,PE,3
2026-08-07 07:50:00+00:00,86.5,86.7,81.0,81.1,25155.0,67707.0,NIFTY,2026-08-18,24300.0,PE,3
2026-08-07 07:55:00+00:00,81.0,81.5,79.2,81.2,21450.0,40939.0,NIFTY,2026-08-18,24300.0,PE,3
2026-08-07 08:00:00+00:00,80.95,87.0,80.55,85.8,18265.0,54723.0,NIFTY,2026-08-18,24300.0,PE,3
2026-08-07 08:05:00+00:00,86.15,86.6,83.4,85.4,17160.0,41167.0,NIFTY,2026-08-18,24300.0,PE,3
2026-08-07 08:10:00+00:00,85.15,86.8,84.55,84.55,12220.0,55110.0,NIFTY,2026-08-18,24300.0,PE,3
2026-08-07 08:15:00+00:00,85.0,85.0,76.05,76.5,38675.0,68841.0,NIFTY,2026-08-18,24300.0,PE,3
2026-08-07 08:20:00+00:00,76.7,78.15,73.35,77.55,52130.0,68406.0,NIFTY,2026-08-18,24300.0,PE,3
2026-08-07 08:25:00+00:00,77.65,83.05,77.0,80.05,44265.0,68195.0,NIFTY,2026-08-18,24300.0,PE,3
2026-08-07 08:30:00+00:00,80.2,82.4,76.15,81.45,61035.0,68383.0,NIFTY,2026-08-18,24300.0,PE,3
2026-08-07 08:35:00+00:00,81.8,87.9,81.05,85.05,64090.0,67343.0,NIFTY,2026-08-18,24300.0,PE,3
2026-08-07 08:40:00+00:00,85.1,88.45,84.3,88.05,52130.0,66732.0,NIFTY,2026-08-18,24300.0,PE,3
2026-08-07 08:45:00+00:00,88.25,89.9,83.9,86.0,45305.0,66045.0,NIFTY,2026-08-18,24300.0,PE,3
2026-08-07 08:50:00+00:00,86.3,87.05,84.35,84.6,17420.0,65872.0,NIFTY,2026-08-18,24300.0,PE,3
2026-08-07 08:55:00+00:00,84.4,86.0,83.0,85.05,42835.0,66361.0,NIFTY,2026-08-18,24300.0,PE,3
2026-08-07 09:00:00+00:00,84.95,86.15,80.7,82.9,20995.0,53708.0,NIFTY,2026-08-18,24300.0,PE,3
2026-08-07 09:05:00+00:00,83.0,83.35,81.6,82.75,27365.0,67478.0,NIFTY,2026-08-18,24300.0,PE,3
2026-08-07 09:10:00+00:00,83.55,84.25,81.05,81.45,18980.0,67672.0,NIFTY,2026-08-18,24300.0,PE,3
2026-08-07 09:15:00+00:00,81.0,81.25,76.85,78.2,40170.0,67793.0,NIFTY,2026-08-18,24300.0,PE,3
2026-08-07 09:20:00+00:00,78.0,79.95,76.8,79.55,24765.0,68088.0,NIFTY,2026-08-18,24300.0,PE,3
2026-08-07 09:25:00+00:00,78.8,79.2,76.5,77.45,14105.0,68155.0,NIFTY,2026-08-18,24300.0,PE,3
2026-08-07 09:30:00+00:00,78.2,78.2,72.0,72.5,55770.0,68040.0,NIFTY,2026-08-18,24300.0,PE,3
2026-08-07 09:35:00+00:00,72.65,73.65,70.2,71.25,67990.0,68894.0,NIFTY,2026-08-18,24300.0,PE,3
2026-08-07 09:40:00+00:00,70.75,70.85,66.35,67.3,70005.0,69182.0,NIFTY,2026-08-18,24300.0,PE,3
2026-08-07 09:45:00+00:00,67.25,68.95,64.45,68.15,70655.0,68887.0,NIFTY,2026-08-18,24300.0,PE,3
2026-08-07 09:50:00+00:00,68.35,69.85,67.6,68.8,34580.0,68820.0,NIFTY,2026-08-18,24300.0,PE,3
2026-08-07 09:55:00+00:00,68.85,69.4,66.65,67.8,53105.0,68888.0,NIFTY,2026-08-18,24300.0,PE,3
2026-08-07 10:00:00+00:00,67.95,69.0,67.2,67.2,39130.0,68629.0,NIFTY,2026-08-18,24300.0,PE,3
2026-08-07 10:05:00+00:00,67.3,69.8,65.3,69.8,75790.0,67955.0,NIFTY,2026-08-18,24300.0,PE,3
2026-08-10 03:45:00+00:00,67.95,78.2,63.95,66.35,236535.0,55021.0,NIFTY,2026-08-18,24300.0,PE,3
2026-08-10 03:50:00+00:00,66.1,68.25,63.15,67.55,115570.0,70710.0,NIFTY,2026-08-18,24300.0,PE,3
2026-08-10 03:55:00+00:00,67.65,73.2,67.45,72.6,112970.0,71462.0,NIFTY,2026-08-18,24300.0,PE,3
2026-08-10 04:00:00+00:00,72.5,75.7,71.5,75.6,65585.0,72126.0,NIFTY,2026-08-18,24300.0,PE,3
2026-08-10 04:05:00+00:00,75.8,79.75,74.3,76.0,96395.0,73111.0,NIFTY,2026-08-18,24300.0,PE,3
2026-08-10 04:10:00+00:00,76.3,80.2,76.25,78.3,67600.0,73763.0,NIFTY,2026-08-18,24300.0,PE,3
2026-08-10 04:15:00+00:00,78.1,79.5,74.35,76.0,60060.0,74274.0,NIFTY,2026-08-18,24300.0,PE,3
2026-08-10 04:20:00+00:00,75.85,76.55,71.65,74.7,85735.0,74642.0,NIFTY,2026-08-18,24300.0,PE,3
2026-08-10 04:25:00+00:00,74.8,75.65,72.75,72.95,30160.0,60199.0,NIFTY,2026-08-18,24300.0,PE,3
2026-08-10 04:30:00+00:00,72.8,73.65,69.45,72.65,49075.0,75536.0,NIFTY,2026-08-18,24300.0,PE,3
2026-08-10 04:35:00+00:00,72.75,74.8,71.65,74.1,31135.0,75946.0,NIFTY,2026-08-18,24300.0,PE,3
2026-08-10 04:40:00+00:00,74.4,74.85,69.75,70.25,19435.0,76194.0,NIFTY,2026-08-18,24300.0,PE,3
2026-08-10 04:45:00+00:00,70.15,70.15,64.25,64.25,152360.0,74142.0,NIFTY,2026-08-18,24300.0,PE,3
2026-08-10 04:50:00+00:00,64.4,65.0,60.65,61.05,65195.0,73561.0,NIFTY,2026-08-18,24300.0,PE,3
2026-08-10 04:55:00+00:00,60.8,63.2,60.0,60.9,39390.0,73951.0,NIFTY,2026-08-18,24300.0,PE,3
2026-08-10 05:00:00+00:00,60.8,62.5,59.85,62.4,80015.0,75289.0,NIFTY,2026-08-18,24300.0,PE,3
2026-08-10 05:05:00+00:00,62.0,62.15,60.5,61.35,24635.0,76445.0,NIFTY,2026-08-18,24300.0,PE,3
2026-08-10 05:10:00+00:00,61.3,61.3,58.2,58.8,73515.0,76888.0,NIFTY,2026-08-18,24300.0,PE,3
2026-08-10 05:15:00+00:00,58.55,58.7,55.5,58.5,69095.0,77580.0,NIFTY,2026-08-18,24300.0,PE,3
2026-08-10 05:20:00+00:00,58.15,60.4,58.0,59.95,38480.0,77694.0,NIFTY,2026-08-18,24300.0,PE,3
2026-08-10 05:25:00+00:00,60.2,60.3,59.4,60.05,18525.0,62080.0,NIFTY,2026-08-18,24300.0,PE,3
2026-08-10 05:30:00+00:00,59.95,60.0,57.2,57.2,33345.0,77450.0,NIFTY,2026-08-18,24300.0,PE,3
2026-08-10 05:35:00+00:00,57.0,58.45,56.8,57.75,20280.0,77537.0,NIFTY,2026-08-18,24300.0,PE,3
2026-08-10 05:40:00+00:00,57.9,58.45,55.9,55.9,38220.0,77082.0,NIFTY,2026-08-18,24300.0,PE,3
2026-08-10 05:45:00+00:00,56.0,57.05,55.5,55.9,18265.0,61627.0,NIFTY,2026-08-18,24300.0,PE,3
2026-08-10 05:50:00+00:00,55.85,56.45,54.45,55.65,28990.0,77331.0,NIFTY,2026-08-18,24300.0,PE,3
2026-08-10 05:55:00+00:00,55.6,56.2,54.75,55.4,18525.0,77549.0,NIFTY,2026-08-18,24300.0,PE,3
2026-08-10 06:00:00+00:00,55.35,58.15,55.35,57.7,41730.0,77559.0,NIFTY,2026-08-18,24300.0,PE,3
2026-08-10 06:05:00+00:00,57.75,57.85,54.8,55.65,50830.0,78053.0,NIFTY,2026-08-18,24300.0,PE,3
2026-08-10 06:10:00+00:00,55.85,57.4,55.1,57.3,24375.0,78398.0,NIFTY,2026-08-18,24300.0,PE,3
2026-08-10 06:15:00+00:00,57.2,58.7,54.25,55.25,32305.0,78611.0,NIFTY,2026-08-18,24300.0,PE,3
2026-08-10 06:20:00+00:00,55.2,56.3,54.8,56.3,12220.0,78767.0,NIFTY,2026-08-18,24300.0,PE,3
2026-08-10 06:25:00+00:00,56.35,57.0,54.65,56.45,26585.0,78926.0,NIFTY,2026-08-18,24300.0,PE,3
2026-08-10 06:30:00+00:00,56.3,57.25,55.0,55.25,42705.0,63414.0,NIFTY,2026-08-18,24300.0,PE,3
2026-08-10 06:35:00+00:00,55.35,55.9,54.85,54.9,19955.0,95774.0,NIFTY,2026-08-18,24300.0,PE,3
2026-08-10 06:40:00+00:00,55.1,55.4,52.65,53.7,68315.0,80064.0,NIFTY,2026-08-18,24300.0,PE,3
2026-08-10 06:45:00+00:00,53.6,53.9,50.25,52.4,117910.0,79756.0,NIFTY,2026-08-18,24300.0,PE,3
2026-08-10 06:50:00+00:00,52.15,53.0,51.15,52.6,23725.0,80659.0,NIFTY,2026-08-18,24300.0,PE,3
2026-08-10 06:55:00+00:00,52.65,52.65,50.55,51.35,33735.0,80990.0,NIFTY,2026-08-18,24300.0,PE,3
2026-08-10 07:00:00+00:00,51.45,51.9,50.5,51.5,24960.0,81421.0,NIFTY,2026-08-18,24300.0,PE,3
2026-08-10 07:05:00+00:00,51.45,52.65,50.8,51.0,21385.0,81560.0,NIFTY,2026-08-18,24300.0,PE,3
2026-08-10 07:10:00+00:00,51.05,52.9,50.8,52.9,20410.0,81932.0,NIFTY,2026-08-18,24300.0,PE,3
2026-08-10 07:15:00+00:00,52.85,53.55,51.95,53.1,21515.0,82215.0,NIFTY,2026-08-18,24300.0,PE,3
2026-08-10 07:20:00+00:00,53.0,54.3,52.65,53.5,16705.0,82325.0,NIFTY,2026-08-18,24300.0,PE,3
2026-08-10 07:25:00+00:00,53.45,55.0,53.45,53.55,33345.0,65943.0,NIFTY,2026-08-18,24300.0,PE,3
2026-08-10 07:30:00+00:00,53.85,55.5,53.05,53.35,22750.0,82565.0,NIFTY,2026-08-18,24300.0,PE,3
2026-08-10 07:35:00+00:00,53.2,55.35,52.05,55.35,25675.0,82550.0,NIFTY,2026-08-18,24300.0,PE,3
2026-08-10 07:40:00+00:00,55.25,56.65,54.9,56.0,27300.0,82984.0,NIFTY,2026-08-18,24300.0,PE,3
2026-08-10 07:45:00+00:00,56.25,56.3,53.4,54.4,34450.0,83517.0,NIFTY,2026-08-18,24300.0,PE,3
2026-08-10 07:50:00+00:00,54.7,55.5,53.8,54.15,56550.0,84256.0,NIFTY,2026-08-18,24300.0,PE,3
2026-08-10 07:55:00+00:00,54.0,54.0,52.0,53.05,48035.0,84195.0,NIFTY,2026-08-18,24300.0,PE,3
2026-08-10 08:00:00+00:00,52.5,52.95,49.8,49.85,74100.0,67770.0,NIFTY,2026-08-18,24300.0,PE,3
2026-08-10 08:05:00+00:00,49.9,50.7,49.4,50.45,51675.0,85091.0,NIFTY,2026-08-18,24300.0,PE,3
2026-08-10 08:10:00+00:00,50.3,50.75,48.9,49.0,51545.0,85280.0,NIFTY,2026-08-18,24300.0,PE,3
2026-08-10 08:15:00+00:00,49.1,51.1,48.7,50.3,20735.0,85546.0,NIFTY,2026-08-18,24300.0,PE,3
2026-08-10 08:20:00+00:00,50.5,50.5,49.95,50.2,29900.0,85913.0,NIFTY,2026-08-18,24300.0,PE,3
2026-08-10 08:25:00+00:00,50.5,52.0,50.35,51.65,34450.0,86356.0,NIFTY,2026-08-18,24300.0,PE,3
2026-08-10 08:30:00+00:00,51.6,53.0,51.0,52.2,42120.0,86723.0,NIFTY,2026-08-18,24300.0,PE,3
2026-08-10 08:35:00+00:00,51.75,51.9,49.4,50.6,39975.0,87328.0,NIFTY,2026-08-18,24300.0,PE,3
2026-08-10 08:40:00+00:00,50.85,52.8,50.0,52.6,37180.0,87772.0,NIFTY,2026-08-18,24300.0,PE,3
2026-08-10 08:45:00+00:00,52.5,53.45,51.9,53.05,38935.0,88103.0,NIFTY,2026-08-18,24300.0,PE,3
2026-08-10 08:50:00+00:00,52.85,53.5,52.2,52.95,35880.0,88142.0,NIFTY,2026-08-18,24300.0,PE,3
2026-08-10 08:55:00+00:00,53.2,53.4,51.75,52.35,28730.0,70721.0,NIFTY,2026-08-18,24300.0,PE,3
2026-08-10 09:00:00+00:00,52.65,53.8,51.7,53.35,25480.0,88662.0,NIFTY,2026-08-18,24300.0,PE,3
2026-08-10 09:05:00+00:00,53.7,55.15,53.2,54.1,56030.0,88458.0,NIFTY,2026-08-18,24300.0,PE,3
2026-08-10 09:10:00+00:00,54.2,55.35,53.0,54.25,52455.0,88761.0,NIFTY,2026-08-18,24300.0,PE,3
2026-08-10 09:15:00+00:00,54.4,56.1,54.4,55.45,74685.0,88576.0,NIFTY,2026-08-18,24300.0,PE,3
2026-08-10 09:20:00+00:00,55.6,55.85,51.55,53.35,67470.0,88752.0,NIFTY,2026-08-18,24300.0,PE,3
2026-08-10 09:25:00+00:00,53.1,53.5,49.8,50.45,101465.0,71421.0,NIFTY,2026-08-18,24300.0,PE,3
2026-08-10 09:30:00+00:00,50.15,54.15,50.0,50.7,110825.0,90580.0,NIFTY,2026-08-18,24300.0,PE,3
2026-08-10 09:35:00+00:00,50.95,52.5,50.1,52.2,70460.0,91349.0,NIFTY,2026-08-18,24300.0,PE,3
2026-08-10 09:40:00+00:00,52.35,54.45,51.5,51.75,77155.0,92340.0,NIFTY,2026-08-18,24300.0,PE,3
2026-08-10 09:45:00+00:00,51.6,53.3,51.0,52.4,75205.0,92664.0,NIFTY,2026-08-18,24300.0,PE,3
2026-08-10 09:50:00+00:00,52.35,52.35,50.35,50.6,144690.0,94785.0,NIFTY,2026-08-18,24300.0,PE,3
2026-08-10 09:55:00+00:00,50.75,51.85,49.5,50.7,159445.0,97028.0,NIFTY,2026-08-18,24300.0,PE,3
2026-08-10 10:00:00+00:00,50.75,50.95,50.15,50.85,89310.0,98592.0,NIFTY,2026-08-18,24300.0,PE,3
2026-08-10 10:05:00+00:00,50.9,53.35,50.6,53.0,165035.0,100316.0,NIFTY,2026-08-18,24300.0,PE,3
2026-08-11 03:45:00+00:00,57.6,67.7,56.0,66.8,439270.0,82030.0,NIFTY,2026-08-18,24300.0,PE,3
2026-08-11 03:50:00+00:00,66.6,71.75,66.6,69.8,307580.0,103563.0,NIFTY,2026-08-18,24300.0,PE,3
2026-08-11 03:55:00+00:00,69.95,74.4,67.2,74.4,246610.0,104209.0,NIFTY,2026-08-18,24300.0,PE,3
2026-08-11 04:00:00+00:00,74.95,75.45,71.75,74.0,173810.0,103860.0,NIFTY,2026-08-18,24300.0,PE,3
2026-08-11 04:05:00+00:00,73.85,74.8,71.05,74.25,134745.0,105169.0,NIFTY,2026-08-18,24300.0,PE,3
2026-08-11 04:10:00+00:00,74.45,77.95,72.8,72.9,203450.0,107362.0,NIFTY,2026-08-18,24300.0,PE,3
2026-08-11 04:15:00+00:00,72.6,77.25,71.15,74.75,152815.0,108342.0,NIFTY,2026-08-18,24300.0,PE,3
2026-08-11 04:20:00+00:00,74.8,77.0,73.8,76.45,96460.0,108880.0,NIFTY,2026-08-18,24300.0,PE,3
2026-08-11 04:25:00+00:00,76.3,77.05,69.05,69.05,127920.0,109523.0,NIFTY,2026-08-18,24300.0,PE,3
2026-08-11 04:30:00+00:00,68.8,70.75,66.4,67.8,140335.0,109698.0,NIFTY,2026-08-18,24300.0,PE,3
2026-08-11 04:35:00+00:00,67.95,70.0,65.35,68.7,143065.0,88022.0,NIFTY,2026-08-18,24300.0,PE,3
2026-08-11 04:40:00+00:00,69.0,70.85,67.5,70.85,86970.0,110355.0,NIFTY,2026-08-18,24300.0,PE,3
2026-08-11 04:45:00+00:00,70.3,72.45,68.5,72.05,90025.0,88305.0,NIFTY,2026-08-18,24300.0,PE,3
2026-08-11 04:50:00+00:00,72.0,73.25,70.15,72.0,88985.0,110584.0,NIFTY,2026-08-18,24300.0,PE,3
2026-08-11 04:55:00+00:00,71.75,72.3,68.0,69.7,60515.0,110886.0,NIFTY,2026-08-18,24300.0,PE,3
2026-08-11 05:00:00+00:00,69.6,70.85,67.7,68.7,105300.0,110934.0,NIFTY,2026-08-18,24300.0,PE,3
2026-08-11 05:05:00+00:00,69.15,71.05,68.75,69.85,53430.0,111055.0,NIFTY,2026-08-18,24300.0,PE,3
2026-08-11 05:10:00+00:00,70.05,71.4,69.4,70.9,60645.0,89018.0,NIFTY,2026-08-18,24300.0,PE,3
2026-08-11 05:15:00+00:00,71.15,72.4,70.8,71.35,62335.0,111133.0,NIFTY,2026-08-18,24300.0,PE,3
2026-08-11 05:20:00+00:00,70.9,71.0,68.4,69.25,44265.0,110756.0,NIFTY,2026-08-18,24300.0,PE,3
2026-08-11 05:25:00+00:00,69.45,70.55,68.0,70.3,40365.0,88676.0,NIFTY,2026-08-18,24300.0,PE,3
2026-08-11 05:30:00+00:00,70.35,75.4,70.25,74.7,129935.0,110945.0,NIFTY,2026-08-18,24300.0,PE,3
2026-08-11 05:35:00+00:00,74.65,77.0,72.6,77.0,121095.0,111096.0,NIFTY,2026-08-18,24300.0,PE,3
2026-08-11 05:40:00+00:00,77.3,78.6,74.35,74.6,99255.0,111226.0,NIFTY,2026-08-18,24300.0,PE,3
2026-08-11 05:45:00+00:00,74.55,75.65,72.25,74.75,58110.0,89219.0,NIFTY,2026-08-18,24300.0,PE,3
2026-08-11 05:50:00+00:00,74.7,76.5,74.7,76.05,70395.0,111810.0,NIFTY,2026-08-18,24300.0,PE,3
2026-08-11 05:55:00+00:00,76.15,78.35,76.0,77.6,92235.0,111830.0,NIFTY,2026-08-18,24300.0,PE,3
2026-08-11 06:00:00+00:00,77.7,80.25,77.05,77.85,135200.0,67423.0,NIFTY,2026-08-18,24300.0,PE,3
2026-08-11 06:05:00+00:00,78.0,79.2,75.8,76.4,72735.0,112676.0,NIFTY,2026-08-18,24300.0,PE,3
2026-08-11 06:10:00+00:00,76.2,76.2,73.0,74.65,113035.0,112943.0,NIFTY,2026-08-18,24300.0,PE,3
2026-08-11 06:15:00+00:00,74.55,74.6,70.7,71.9,113100.0,113682.0,NIFTY,2026-08-18,24300.0,PE,3
2026-08-11 06:20:00+00:00,71.7,76.15,70.85,75.8,66300.0,114078.0,NIFTY,2026-08-18,24300.0,PE,3
2026-08-11 06:25:00+00:00,76.0,78.35,75.15,75.4,87750.0,114836.0,NIFTY,2026-08-18,24300.0,PE,3
2026-08-11 06:30:00+00:00,75.6,79.8,74.95,79.3,105755.0,115774.0,NIFTY,2026-08-18,24300.0,PE,3
2026-08-11 06:35:00+00:00,79.45,80.9,76.6,77.4,94705.0,116223.0,NIFTY,2026-08-18,24300.0,PE,3
2026-08-11 06:40:00+00:00,77.35,77.35,72.3,76.25,109330.0,116355.0,NIFTY,2026-08-18,24300.0,PE,3
2026-08-11 06:45:00+00:00,76.1,78.65,74.75,77.45,91650.0,116246.0,NIFTY,2026-08-18,24300.0,PE,3
2026-08-11 06:50:00+00:00,77.35,78.6,76.7,78.45,34840.0,116463.0,NIFTY,2026-08-18,24300.0,PE,3
2026-08-11 06:55:00+00:00,78.1,78.8,76.25,76.85,40105.0,116704.0,NIFTY,2026-08-18,24300.0,PE,3
2026-08-11 07:00:00+00:00,76.6,77.1,73.85,73.85,45370.0,117076.0,NIFTY,2026-08-18,24300.0,PE,3
2026-08-11 07:05:00+00:00,74.05,76.35,73.75,76.35,68445.0,117574.0,NIFTY,2026-08-18,24300.0,PE,3
2026-08-11 07:10:00+00:00,76.2,77.1,73.35,74.0,58890.0,94791.0,NIFTY,2026-08-18,24300.0,PE,3
2026-08-11 07:15:00+00:00,74.2,74.55,69.65,71.35,164905.0,118611.0,NIFTY,2026-08-18,24300.0,PE,3
2026-08-11 07:20:00+00:00,71.4,74.0,69.8,73.8,122915.0,120237.0,NIFTY,2026-08-18,24300.0,PE,3
2026-08-11 07:25:00+00:00,73.7,75.5,73.1,74.5,81380.0,121447.0,NIFTY,2026-08-18,24300.0,PE,3
2026-08-11 07:30:00+00:00,74.35,74.55,68.3,69.05,147615.0,122818.0,NIFTY,2026-08-18,24300.0,PE,3
2026-08-11 07:35:00+00:00,69.0,70.25,66.0,66.7,161590.0,123619.0,NIFTY,2026-08-18,24300.0,PE,3
2026-08-11 07:40:00+00:00,66.85,70.75,66.25,69.0,93405.0,123659.0,NIFTY,2026-08-18,24300.0,PE,3
2026-08-11 07:45:00+00:00,69.2,71.45,69.0,69.45,72280.0,123876.0,NIFTY,2026-08-18,24300.0,PE,3
2026-08-11 07:50:00+00:00,69.35,70.9,67.45,67.75,78585.0,124052.0,NIFTY,2026-08-18,24300.0,PE,3
2026-08-11 07:55:00+00:00,68.0,68.2,63.4,65.9,159770.0,123455.0,NIFTY,2026-08-18,24300.0,PE,3
2026-08-11 08:00:00+00:00,65.85,67.4,64.3,66.25,74425.0,123164.0,NIFTY,2026-08-18,24300.0,PE,3
2026-08-11 08:05:00+00:00,66.15,68.4,65.65,67.9,70070.0,123350.0,NIFTY,2026-08-18,24300.0,PE,3
2026-08-11 08:10:00+00:00,67.8,68.45,66.65,67.5,61035.0,123557.0,NIFTY,2026-08-18,24300.0,PE,3
2026-08-11 08:15:00+00:00,67.85,68.1,66.7,67.85,46020.0,123279.0,NIFTY,2026-08-18,24300.0,PE,3
2026-08-11 08:20:00+00:00,67.75,69.0,67.0,68.95,57395.0,123266.0,NIFTY,2026-08-18,24300.0,PE,3
2026-08-11 08:25:00+00:00,69.0,69.7,67.85,69.05,61425.0,123253.0,NIFTY,2026-08-18,24300.0,PE,3
2026-08-11 08:30:00+00:00,69.3,71.4,68.6,71.15,91650.0,123179.0,NIFTY,2026-08-18,24300.0,PE,3
2026-08-11 08:35:00+00:00,70.8,73.15,67.55,69.2,175500.0,123162.0,NIFTY,2026-08-18,24300.0,PE,3
2026-08-11 08:40:00+00:00,68.95,69.75,66.2,67.35,108095.0,123780.0,NIFTY,2026-08-18,24300.0,PE,3
2026-08-11 08:45:00+00:00,67.2,69.65,65.8,69.5,91000.0,124878.0,NIFTY,2026-08-18,24300.0,PE,3
2026-08-11 08:50:00+00:00,69.0,69.7,67.55,68.6,86580.0,124787.0,NIFTY,2026-08-18,24300.0,PE,3
2026-08-11 08:55:00+00:00,68.4,69.05,66.75,68.85,52130.0,124736.0,NIFTY,2026-08-18,24300.0,PE,3
2026-08-11 09:00:00+00:00,68.5,70.15,68.25,69.4,93925.0,124804.0,NIFTY,2026-08-18,24300.0,PE,3
2026-08-11 09:05:00+00:00,69.25,70.5,68.2,70.05,100620.0,125133.0,NIFTY,2026-08-18,24300.0,PE,3
2026-08-11 09:10:00+00:00,69.7,69.75,67.5,68.5,85540.0,125193.0,NIFTY,2026-08-18,24300.0,PE,3
2026-08-11 09:15:00+00:00,67.8,68.0,65.6,66.0,90025.0,124602.0,NIFTY,2026-08-18,24300.0,PE,3
2026-08-11 09:20:00+00:00,66.25,66.6,63.45,64.5,177645.0,124348.0,NIFTY,2026-08-18,24300.0,PE,3
2026-08-11 09:25:00+00:00,64.65,64.75,61.6,62.0,154180.0,150150.0,NIFTY,2026-08-18,24300.0,PE,3
2026-08-11 09:30:00+00:00,61.7,62.35,57.0,59.7,277420.0,125643.0,NIFTY,2026-08-18,24300.0,PE,3
2026-08-11 09:35:00+00:00,59.65,61.9,58.9,61.05,136435.0,125604.0,NIFTY,2026-08-18,24300.0,PE,3
2026-08-11 09:40:00+00:00,61.15,62.0,60.3,61.5,195065.0,126521.0,NIFTY,2026-08-18,24300.0,PE,3
2026-08-11 09:45:00+00:00,61.6,62.85,61.25,61.7,162500.0,127451.0,NIFTY,2026-08-18,24300.0,PE,3
2026-08-11 09:50:00+00:00,61.8,63.75,61.6,62.85,260065.0,128282.0,NIFTY,2026-08-18,24300.0,PE,3
2026-08-11 09:55:00+00:00,62.95,64.2,62.4,62.45,187850.0,130813.0,NIFTY,2026-08-18,24300.0,PE,3
2026-08-11 10:00:00+00:00,62.15,65.45,60.1,65.4,283660.0,133277.0,NIFTY,2026-08-18,24300.0,PE,3
2026-08-11 10:05:00+00:00,65.55,66.75,65.0,65.8,304915.0,136967.0,NIFTY,2026-08-18,24300.0,PE,3
2026-08-11 10:10:00+00:00,65.8,65.8,65.8,65.8,780.0,,NIFTY,2026-08-18,24300.0,PE,3
2026-08-12 03:45:00+00:00,56.9,78.5,56.45,72.7,3247985.0,152126.0,NIFTY,2026-08-18,24300.0,PE,3
2026-08-12 03:50:00+00:00,71.55,76.1,66.35,67.45,2131285.0,182765.0,NIFTY,2026-08-18,24300.0,PE,3
2026-08-12 03:55:00+00:00,67.4,67.7,55.6,57.7,2339870.0,197938.0,NIFTY,2026-08-18,24300.0,PE,3
2026-08-12 04:00:00+00:00,57.1,62.75,56.8,60.85,1367600.0,210300.0,NIFTY,2026-08-18,24300.0,PE,3
2026-08-12 04:05:00+00:00,60.75,65.7,60.0,63.3,1297985.0,214798.0,NIFTY,2026-08-18,24300.0,PE,3
2026-08-12 04:10:00+00:00,63.65,64.6,60.5,64.0,937950.0,173468.0,NIFTY,2026-08-18,24300.0,PE,3
2026-08-12 04:15:00+00:00,63.9,73.0,63.5,72.45,2704130.0,217249.0,NIFTY,2026-08-18,24300.0,PE,3
2026-08-12 04:20:00+00:00,72.75,75.75,68.55,70.65,1922505.0,199407.0,NIFTY,2026-08-18,24300.0,PE,3
2026-08-12 04:25:00+00:00,71.0,81.7,71.0,81.45,2300220.0,202548.0,NIFTY,2026-08-18,24300.0,PE,3
2026-08-12 04:30:00+00:00,81.65,88.85,81.05,87.55,3148860.0,201036.0,NIFTY,2026-08-18,24300.0,PE,3
2026-08-12 04:35:00+00:00,88.0,90.1,85.1,87.75,2012790.0,206769.0,NIFTY,2026-08-18,24300.0,PE,3
2026-08-12 04:40:00+00:00,87.7,89.3,83.7,88.35,1441115.0,214676.0,NIFTY,2026-08-18,24300.0,PE,3
2026-08-12 04:45:00+00:00,88.1,89.15,81.35,84.35,1492790.0,219729.0,NIFTY,2026-08-18,24300.0,PE,3
2026-08-12 04:50:00+00:00,84.25,85.35,80.4,83.25,950495.0,223776.0,NIFTY,2026-08-18,24300.0,PE,3
2026-08-12 04:55:00+00:00,83.15,85.0,80.3,84.65,1011920.0,231113.0,NIFTY,2026-08-18,24300.0,PE,3
2026-08-12 05:00:00+00:00,84.8,85.1,73.8,76.75,1770145.0,233804.0,NIFTY,2026-08-18,24300.0,PE,3
2026-08-12 05:05:00+00:00,76.3,79.15,75.6,78.3,1037075.0,237157.0,NIFTY,2026-08-18,24300.0,PE,3
2026-08-12 05:10:00+00:00,78.15,82.85,78.15,81.3,1107470.0,241389.0,NIFTY,2026-08-18,24300.0,PE,3
2026-08-12 05:15:00+00:00,81.55,90.0,81.55,87.1,2434315.0,239607.0,NIFTY,2026-08-18,24300.0,PE,3
2026-08-12 05:20:00+00:00,86.95,88.95,84.05,85.5,972335.0,233142.0,NIFTY,2026-08-18,24300.0,PE,3
2026-08-12 05:25:00+00:00,85.75,113.5,84.5,101.6,5533580.0,236624.0,NIFTY,2026-08-18,24300.0,PE,3
2026-08-12 05:30:00+00:00,102.0,112.75,100.7,110.55,5340920.0,254671.0,NIFTY,2026-08-18,24300.0,PE,3
2026-08-12 05:35:00+00:00,110.7,114.0,106.0,106.1,3156660.0,270164.0,NIFTY,2026-08-18,24300.0,PE,3
2026-08-12 05:40:00+00:00,106.15,111.7,101.9,107.8,2557100.0,285513.0,NIFTY,2026-08-18,24300.0,PE,3
2026-08-12 05:45:00+00:00,108.1,109.7,104.4,105.15,1578265.0,298454.0,NIFTY,2026-08-18,24300.0,PE,3
2026-08-12 05:50:00+00:00,105.3,107.0,97.6,105.5,2337400.0,303854.0,NIFTY,2026-08-18,24300.0,PE,3
2026-08-12 05:55:00+00:00,105.25,111.0,103.5,110.35,2638415.0,306395.0,NIFTY,2026-08-18,24300.0,PE,3
2026-08-12 06:00:00+00:00,110.55,113.65,104.8,107.3,3080545.0,310800.0,NIFTY,2026-08-18,24300.0,PE,3
2026-08-12 06:05:00+00:00,107.4,115.0,107.4,114.05,2349165.0,311745.0,NIFTY,2026-08-18,24300.0,PE,3
2026-08-12 06:10:00+00:00,114.25,118.5,107.7,110.3,3702725.0,319278.0,NIFTY,2026-08-18,24300.0,PE,3
2026-08-12 06:15:00+00:00,110.45,113.2,108.1,110.9,1363050.0,326448.0,NIFTY,2026-08-18,24300.0,PE,3
2026-08-12 06:20:00+00:00,110.8,116.5,110.8,116.25,1982175.0,331298.0,NIFTY,2026-08-18,24300.0,PE,3
2026-08-12 06:25:00+00:00,116.05,118.0,113.25,115.6,2151370.0,332036.0,NIFTY,2026-08-18,24300.0,PE,3
2026-08-12 06:30:00+00:00,115.8,117.65,114.15,116.85,1260155.0,334321.0,NIFTY,2026-08-18,24300.0,PE,3
2026-08-12 06:35:00+00:00,117.0,117.35,111.65,116.4,1529450.0,336070.0,NIFTY,2026-08-18,24300.0,PE,3
2026-08-12 06:40:00+00:00,116.35,121.6,114.65,118.8,2431910.0,339067.0,NIFTY,2026-08-18,24300.0,PE,3
2026-08-12 06:45:00+00:00,119.0,119.2,114.0,115.3,1290965.0,338698.0,NIFTY,2026-08-18,24300.0,PE,3
2026-08-12 06:50:00+00:00,115.45,117.7,113.4,116.75,1023035.0,342743.0,NIFTY,2026-08-18,24300.0,PE,3
2026-08-12 06:55:00+00:00,116.7,117.35,109.9,109.9,1199055.0,345497.0,NIFTY,2026-08-18,24300.0,PE,3
2026-08-12 07:00:00+00:00,110.0,115.85,106.25,108.8,1825460.0,345436.0,NIFTY,2026-08-18,24300.0,PE,3
2026-08-12 07:05:00+00:00,109.0,111.35,107.35,108.55,1200095.0,350462.0,NIFTY,2026-08-18,24300.0,PE,3
2026-08-12 07:10:00+00:00,108.7,113.85,106.6,113.1,2055170.0,351007.0,NIFTY,2026-08-18,24300.0,PE,3
2026-08-12 07:15:00+00:00,112.9,117.75,112.4,114.1,1958840.0,355283.0,NIFTY,2026-08-18,24300.0,PE,3
2026-08-12 07:20:00+00:00,114.3,116.9,111.75,116.9,1098890.0,359970.0,NIFTY,2026-08-18,24300.0,PE,3
2026-08-12 07:25:00+00:00,116.85,118.25,115.7,116.75,1553630.0,358129.0,NIFTY,2026-08-18,24300.0,PE,3
2026-08-12 07:30:00+00:00,117.15,117.75,112.35,114.4,1055145.0,355935.0,NIFTY,2026-08-18,24300.0,PE,3
2026-08-12 07:35:00+00:00,114.35,115.9,112.1,112.75,829010.0,359393.0,NIFTY,2026-08-18,24300.0,PE,3
2026-08-12 07:40:00+00:00,112.7,113.8,108.85,109.55,1007370.0,364695.0,NIFTY,2026-08-18,24300.0,PE,3
2026-08-12 07:45:00+00:00,109.45,110.95,103.8,107.15,1635855.0,367328.0,NIFTY,2026-08-18,24300.0,PE,3
2026-08-12 07:50:00+00:00,106.9,108.0,104.3,106.0,1104480.0,378773.0,NIFTY,2026-08-18,24300.0,PE,3
2026-08-12 07:55:00+00:00,105.75,111.85,105.35,106.3,2119780.0,302959.0,NIFTY,2026-08-18,24300.0,PE,3
2026-08-12 08:00:00+00:00,106.0,106.15,102.5,103.15,1456780.0,381086.0,NIFTY,2026-08-18,24300.0,PE,3
2026-08-12 08:05:00+00:00,103.1,107.1,100.0,104.7,2128620.0,382980.0,NIFTY,2026-08-18,24300.0,PE,3
2026-08-12 08:10:00+00:00,104.65,109.4,101.35,108.5,1888055.0,381644.0,NIFTY,2026-08-18,24300.0,PE,3
2026-08-12 08:15:00+00:00,107.75,111.5,107.25,107.8,1563575.0,376822.0,NIFTY,2026-08-18,24300.0,PE,3
2026-08-12 08:20:00+00:00,108.0,108.85,105.65,107.75,846690.0,299460.0,NIFTY,2026-08-18,24300.0,PE,3
2026-08-12 08:25:00+00:00,107.7,113.25,106.8,110.3,1718405.0,371803.0,NIFTY,2026-08-18,24300.0,PE,3
2026-08-12 08:30:00+00:00,109.7,114.15,108.6,112.25,1380665.0,370520.0,NIFTY,2026-08-18,24300.0,PE,3
2026-08-12 08:35:00+00:00,112.6,112.6,107.9,109.15,1104935.0,373575.0,NIFTY,2026-08-18,24300.0,PE,3
2026-08-12 08:40:00+00:00,109.1,113.4,108.2,112.3,1243515.0,370581.0,NIFTY,2026-08-18,24300.0,PE,3
2026-08-12 08:45:00+00:00,111.8,111.8,106.0,106.4,1332110.0,364023.0,NIFTY,2026-08-18,24300.0,PE,3
2026-08-12 08:50:00+00:00,106.15,106.75,101.0,103.5,1534650.0,368218.0,NIFTY,2026-08-18,24300.0,PE,3
2026-08-12 08:55:00+00:00,103.15,103.5,99.4,101.0,1567475.0,376018.0,NIFTY,2026-08-18,24300.0,PE,3
2026-08-12 09:00:00+00:00,100.7,100.7,85.55,89.5,5431270.0,379599.0,NIFTY,2026-08-18,24300.0,PE,3
2026-08-12 09:05:00+00:00,89.25,91.3,86.75,89.25,2813265.0,392857.0,NIFTY,2026-08-18,24300.0,PE,3
2026-08-12 09:10:00+00:00,89.35,90.25,82.0,85.6,2909790.0,397532.0,NIFTY,2026-08-18,24300.0,PE,3
2026-08-12 09:15:00+00:00,85.4,88.1,82.3,86.8,2206035.0,404518.0,NIFTY,2026-08-18,24300.0,PE,3
2026-08-12 09:20:00+00:00,86.5,86.85,65.85,67.5,4656340.0,405497.0,NIFTY,2026-08-18,24300.0,PE,3
2026-08-12 09:25:00+00:00,68.75,73.5,65.75,69.75,4518540.0,387099.0,NIFTY,2026-08-18,24300.0,PE,3
2026-08-12 09:30:00+00:00,69.5,72.35,68.7,70.95,2032225.0,383628.0,NIFTY,2026-08-18,24300.0,PE,3
2026-08-12 09:35:00+00:00,71.2,75.5,70.8,72.25,2448810.0,375862.0,NIFTY,2026-08-18,24300.0,PE,3
2026-08-12 09:40:00+00:00,71.75,73.3,66.25,67.25,2088905.0,366097.0,NIFTY,2026-08-18,24300.0,PE,3
2026-08-12 09:45:00+00:00,67.2,68.7,64.0,66.3,1587235.0,357026.0,NIFTY,2026-08-18,24300.0,PE,3
2026-08-12 09:50:00+00:00,66.5,66.5,62.7,65.45,1409135.0,346340.0,NIFTY,2026-08-18,24300.0,PE,3
2026-08-12 09:55:00+00:00,65.6,66.0,62.9,63.3,1425385.0,329861.0,NIFTY,2026-08-18,24300.0,PE,3
2026-08-12 10:00:00+00:00,63.55,66.3,63.0,64.25,947115.0,312787.0,NIFTY,2026-08-18,24300.0,PE,3
2026-08-12 10:05:00+00:00,64.15,65.4,64.0,64.5,1021605.0,301200.0,NIFTY,2026-08-18,24300.0,PE,3
2026-08-12 10:10:00+00:00,64.75,64.75,64.75,64.75,3055.0,,NIFTY,2026-08-18,24300.0,PE,3
2026-08-13 03:45:00+00:00,66.65,84.35,65.5,77.55,6506695.0,299169.0,NIFTY,2026-08-18,24300.0,PE,3
2026-08-13 03:50:00+00:00,77.6,79.6,70.15,75.75,4024215.0,345311.0,NIFTY,2026-08-18,24300.0,PE,3
2026-08-13 03:55:00+00:00,75.95,86.15,75.55,78.55,5125380.0,372232.0,NIFTY,2026-08-18,24300.0,PE,3
2026-08-13 04:00:00+00:00,79.65,88.4,79.2,85.65,5067790.0,388622.0,NIFTY,2026-08-18,24300.0,PE,3
2026-08-13 04:05:00+00:00,85.8,87.3,77.05,77.05,3127800.0,406112.0,NIFTY,2026-08-18,24300.0,PE,3
2026-08-13 04:10:00+00:00,77.1,79.3,72.95,76.05,2852720.0,428644.0,NIFTY,2026-08-18,24300.0,PE,3
2026-08-13 04:15:00+00:00,75.6,78.3,68.8,70.95,3580655.0,443952.0,NIFTY,2026-08-18,24300.0,PE,3
2026-08-13 04:20:00+00:00,71.3,76.9,69.45,70.8,2193750.0,456228.0,NIFTY,2026-08-18,24300.0,PE,3
2026-08-13 04:25:00+00:00,70.85,72.25,68.6,69.65,1390610.0,468466.0,NIFTY,2026-08-18,24300.0,PE,3
2026-08-13 04:30:00+00:00,69.4,72.2,67.75,72.15,1924845.0,482064.0,NIFTY,2026-08-18,24300.0,PE,3
2026-08-13 04:35:00+00:00,72.25,74.8,68.65,74.05,2061800.0,489408.0,NIFTY,2026-08-18,24300.0,PE,3
2026-08-13 04:40:00+00:00,74.1,77.35,69.2,71.95,2814240.0,487657.0,NIFTY,2026-08-18,24300.0,PE,3
2026-08-13 04:45:00+00:00,71.15,75.9,71.15,72.5,1596270.0,489206.0,NIFTY,2026-08-18,24300.0,PE,3
2026-08-13 04:50:00+00:00,72.9,77.85,72.1,76.4,1715545.0,493743.0,NIFTY,2026-08-18,24300.0,PE,3
2026-08-13 04:55:00+00:00,76.55,81.4,73.95,81.2,2575690.0,487651.0,NIFTY,2026-08-18,24300.0,PE,3
2026-08-13 05:00:00+00:00,81.55,83.05,77.85,80.3,3690440.0,470905.0,NIFTY,2026-08-18,24300.0,PE,3
2026-08-13 05:05:00+00:00,79.9,81.5,77.4,78.05,1509235.0,472875.0,NIFTY,2026-08-18,24300.0,PE,3
2026-08-13 05:10:00+00:00,78.4,79.0,74.25,76.25,1547520.0,477819.0,NIFTY,2026-08-18,24300.0,PE,3
2026-08-13 05:15:00+00:00,76.35,77.65,70.25,71.95,1850485.0,480312.0,NIFTY,2026-08-18,24300.0,PE,3
2026-08-13 05:20:00+00:00,71.9,71.95,66.5,68.85,2287480.0,492956.0,NIFTY,2026-08-18,24300.0,PE,3
2026-08-13 05:25:00+00:00,68.3,70.5,66.6,69.95,1508260.0,511600.0,NIFTY,2026-08-18,24300.0,PE,3
2026-08-13 05:30:00+00:00,70.1,74.85,69.15,74.6,2574650.0,523205.0,NIFTY,2026-08-18,24300.0,PE,3
2026-08-13 05:35:00+00:00,74.75,80.35,74.6,74.65,3671915.0,498119.0,NIFTY,2026-08-18,24300.0,PE,3
2026-08-13 05:40:00+00:00,74.75,79.95,73.55,78.6,1822080.0,486471.0,NIFTY,2026-08-18,24300.0,PE,3
2026-08-13 05:45:00+00:00,78.8,79.7,74.1,75.5,1651780.0,486324.0,NIFTY,2026-08-18,24300.0,PE,3
2026-08-13 05:50:00+00:00,75.7,78.1,72.0,74.45,1716260.0,496016.0,NIFTY,2026-08-18,24300.0,PE,3
2026-08-13 05:55:00+00:00,74.35,74.35,70.0,70.55,1243645.0,498334.0,NIFTY,2026-08-18,24300.0,PE,3
2026-08-13 06:00:00+00:00,70.3,70.55,65.75,67.0,2049515.0,515744.0,NIFTY,2026-08-18,24300.0,PE,3
2026-08-13 06:05:00+00:00,67.1,67.1,61.3,61.3,2339415.0,537206.0,NIFTY,2026-08-18,24300.0,PE,3
2026-08-13 06:10:00+00:00,60.5,65.6,60.5,64.7,2213575.0,543407.0,NIFTY,2026-08-18,24300.0,PE,3
2026-08-13 06:15:00+00:00,64.3,65.9,62.3,62.5,1220570.0,551993.0,NIFTY,2026-08-18,24300.0,PE,3
2026-08-13 06:20:00+00:00,62.85,64.0,60.75,62.95,1268735.0,553822.0,NIFTY,2026-08-18,24300.0,PE,3
2026-08-13 06:25:00+00:00,62.6,62.75,52.75,53.5,3807050.0,548531.0,NIFTY,2026-08-18,24300.0,PE,3
2026-08-13 06:30:00+00:00,53.3,53.3,45.7,47.4,5139940.0,519216.0,NIFTY,2026-08-18,24300.0,PE,3
2026-08-13 06:35:00+00:00,47.15,48.55,45.6,48.3,2090920.0,516258.0,NIFTY,2026-08-18,24300.0,PE,3
2026-08-13 06:40:00+00:00,48.1,50.2,47.7,49.25,1744665.0,522928.0,NIFTY,2026-08-18,24300.0,PE,3
2026-08-13 06:45:00+00:00,49.35,50.0,48.5,49.35,1205945.0,525454.0,NIFTY,2026-08-18,24300.0,PE,3
2026-08-13 06:50:00+00:00,49.2,49.55,45.8,46.85,1572675.0,527040.0,NIFTY,2026-08-18,24300.0,PE,3
2026-08-13 06:55:00+00:00,47.0,49.6,45.65,48.3,1149720.0,522251.0,NIFTY,2026-08-18,24300.0,PE,3
2026-08-13 07:00:00+00:00,48.25,48.65,46.8,46.95,699010.0,525473.0,NIFTY,2026-08-18,24300.0,PE,3
2026-08-13 07:05:00+00:00,46.85,50.3,46.65,48.2,1004900.0,524692.0,NIFTY,2026-08-18,24300.0,PE,3
2026-08-13 07:10:00+00:00,48.35,49.65,46.1,49.45,841945.0,421464.0,NIFTY,2026-08-18,24300.0,PE,3
2026-08-13 07:15:00+00:00,49.4,55.2,49.1,55.1,2290340.0,522586.0,NIFTY,2026-08-18,24300.0,PE,3
2026-08-13 07:20:00+00:00,55.05,58.0,53.45,54.5,2266095.0,509350.0,NIFTY,2026-08-18,24300.0,PE,3
2026-08-13 07:25:00+00:00,54.45,56.95,53.5,54.15,1076725.0,504697.0,NIFTY,2026-08-18,24300.0,PE,3
2026-08-13 07:30:00+00:00,54.2,56.6,52.1,55.7,1162200.0,504162.0,NIFTY,2026-08-18,24300.0,PE,3
2026-08-13 07:35:00+00:00,55.8,55.95,53.1,53.1,730015.0,508126.0,NIFTY,2026-08-18,24300.0,PE,3
2026-08-13 07:40:00+00:00,53.5,54.7,50.5,50.95,1266460.0,507670.0,NIFTY,2026-08-18,24300.0,PE,3
2026-08-13 07:45:00+00:00,51.3,54.8,51.3,52.5,1133860.0,504360.0,NIFTY,2026-08-18,24300.0,PE,3
2026-08-13 07:50:00+00:00,52.45,55.75,51.2,54.6,828360.0,503760.0,NIFTY,2026-08-18,24300.0,PE,3
2026-08-13 07:55:00+00:00,54.85,56.7,52.3,54.25,905190.0,499654.0,NIFTY,2026-08-18,24300.0,PE,3
2026-08-13 08:00:00+00:00,54.1,56.05,52.0,53.3,860145.0,500328.0,NIFTY,2026-08-18,24300.0,PE,3
2026-08-13 08:05:00+00:00,53.4,54.0,49.5,49.7,931060.0,500961.0,NIFTY,2026-08-18,24300.0,PE,3
2026-08-13 08:10:00+00:00,49.8,50.45,44.8,46.25,1863290.0,495515.0,NIFTY,2026-08-18,24300.0,PE,3
2026-08-13 08:15:00+00:00,46.5,48.4,45.55,46.7,1194765.0,494988.0,NIFTY,2026-08-18,24300.0,PE,3
2026-08-13 08:20:00+00:00,46.6,46.9,43.85,44.35,950300.0,498932.0,NIFTY,2026-08-18,24300.0,PE,3
2026-08-13 08:25:00+00:00,44.25,44.25,40.8,42.25,1319630.0,496938.0,NIFTY,2026-08-18,24300.0,PE,3
2026-08-13 08:30:00+00:00,42.2,45.5,41.85,45.0,961025.0,500142.0,NIFTY,2026-08-18,24300.0,PE,3
2026-08-13 08:35:00+00:00,45.1,50.05,44.95,49.05,1545505.0,502260.0,NIFTY,2026-08-18,24300.0,PE,3
2026-08-13 08:40:00+00:00,49.35,50.8,47.85,50.5,1199380.0,598260.0,NIFTY,2026-08-18,24300.0,PE,3
2026-08-13 08:45:00+00:00,50.45,52.6,48.4,49.15,1491165.0,495540.0,NIFTY,2026-08-18,24300.0,PE,3
2026-08-13 08:50:00+00:00,49.0,49.0,46.55,47.35,998465.0,484893.0,NIFTY,2026-08-18,24300.0,PE,3
2026-08-13 08:55:00+00:00,47.25,47.95,43.1,44.35,1199770.0,484980.0,NIFTY,2026-08-18,24300.0,PE,3
2026-08-13 09:00:00+00:00,44.1,47.95,43.3,46.75,990860.0,484812.0,NIFTY,2026-08-18,24300.0,PE,3
2026-08-13 09:05:00+00:00,46.55,48.8,44.7,45.45,876590.0,483750.0,NIFTY,2026-08-18,24300.0,PE,3
2026-08-13 09:10:00+00:00,44.8,46.5,43.95,45.55,757835.0,482759.0,NIFTY,2026-08-18,24300.0,PE,3
2026-08-13 09:15:00+00:00,46.0,51.75,45.9,50.55,1302275.0,479411.0,NIFTY,2026-08-18,24300.0,PE,3
2026-08-13 09:20:00+00:00,50.2,52.25,48.75,50.45,1634685.0,469241.0,NIFTY,2026-08-18,24300.0,PE,3
2026-08-13 09:25:00+00:00,50.4,53.85,48.85,51.55,2049125.0,459321.0,NIFTY,2026-08-18,24300.0,PE,3
2026-08-13 09:30:00+00:00,51.65,52.8,47.1,48.45,1782950.0,452221.0,NIFTY,2026-08-18,24300.0,PE,3
2026-08-13 09:35:00+00:00,48.75,50.75,47.9,49.9,1239225.0,445723.0,NIFTY,2026-08-18,24300.0,PE,3
2026-08-13 09:40:00+00:00,50.3,50.95,47.5,49.0,1263080.0,435563.0,NIFTY,2026-08-18,24300.0,PE,3
2026-08-13 09:45:00+00:00,49.15,51.2,45.55,46.45,1358890.0,421508.0,NIFTY,2026-08-18,24300.0,PE,3
2026-08-13 09:50:00+00:00,46.35,50.3,45.85,50.3,1258010.0,415273.0,NIFTY,2026-08-18,24300.0,PE,3
2026-08-13 09:55:00+00:00,50.6,50.7,45.5,45.55,1059760.0,402257.0,NIFTY,2026-08-18,24300.0,PE,3
2026-08-13 10:00:00+00:00,45.5,46.45,43.6,45.55,1037725.0,396726.0,NIFTY,2026-08-18,24300.0,PE,3
2026-08-13 10:05:00+00:00,45.6,48.85,45.5,48.15,1297270.0,392442.0,NIFTY,2026-08-18,24300.0,PE,3
2026-08-13 10:10:00+00:00,48.5,48.5,48.5,48.5,1495.0,,NIFTY,2026-08-18,24300.0,PE,3
2026-08-14 03:45:00+00:00,55.75,69.55,55.0,67.75,16766620.0,499322.0,NIFTY,2026-08-18,24300.0,PE,3
2026-08-14 03:50:00+00:00,67.4,70.4,62.0,66.25,9657505.0,564491.0,NIFTY,2026-08-18,24300.0,PE,3
2026-08-14 03:55:00+00:00,67.0,74.85,65.5,73.9,10668320.0,618560.0,NIFTY,2026-08-18,24300.0,PE,3
2026-08-14 04:00:00+00:00,74.2,77.0,62.0,64.1,14011335.0,634212.0,NIFTY,2026-08-18,24300.0,PE,3
2026-08-14 04:05:00+00:00,64.35,65.25,58.6,62.3,7353385.0,698158.0,NIFTY,2026-08-18,24300.0,PE,3
2026-08-14 04:10:00+00:00,62.25,65.1,60.2,62.25,7325435.0,741952.0,NIFTY,2026-08-18,24300.0,PE,3
2026-08-14 04:15:00+00:00,62.15,62.8,59.0,60.0,4375345.0,756715.0,NIFTY,2026-08-18,24300.0,PE,3
2026-08-14 04:20:00+00:00,60.15,66.55,59.15,66.45,5392075.0,775112.0,NIFTY,2026-08-18,24300.0,PE,3
2026-08-14 04:25:00+00:00,66.55,67.9,59.7,60.05,6683365.0,773389.0,NIFTY,2026-08-18,24300.0,PE,3
2026-08-14 04:30:00+00:00,60.1,61.6,54.2,55.35,7235215.0,795569.0,NIFTY,2026-08-18,24300.0,PE,3
2026-08-14 04:35:00+00:00,55.3,58.9,53.7,53.7,4430660.0,813287.0,NIFTY,2026-08-18,24300.0,PE,3
2026-08-14 04:40:00+00:00,53.65,57.6,51.95,56.3,5294900.0,817676.0,NIFTY,2026-08-18,24300.0,PE,3
2026-08-14 04:45:00+00:00,56.6,59.5,54.75,58.95,4812925.0,836922.0,NIFTY,2026-08-18,24300.0,PE,3
2026-08-14 04:50:00+00:00,59.0,60.05,57.35,58.7,4030195.0,857237.0,NIFTY,2026-08-18,24300.0,PE,3
2026-08-14 04:55:00+00:00,58.65,60.6,57.15,59.85,3855670.0,855810.0,NIFTY,2026-08-18,24300.0,PE,3
2026-08-14 05:00:00+00:00,59.6,72.1,59.3,69.05,14789905.0,821173.0,NIFTY,2026-08-18,24300.0,PE,3
2026-08-14 05:05:00+00:00,68.45,69.25,62.55,63.45,6907290.0,761752.0,NIFTY,2026-08-18,24300.0,PE,3
2026-08-14 05:10:00+00:00,63.6,66.2,61.6,62.6,4494880.0,778349.0,NIFTY,2026-08-18,24300.0,PE,3
2026-08-14 05:15:00+00:00,62.8,63.15,58.45,59.6,3919500.0,789377.0,NIFTY,2026-08-18,24300.0,PE,3
2026-08-14 05:20:00+00:00,59.75,59.85,56.3,57.1,3717545.0,800022.0,NIFTY,2026-08-18,24300.0,PE,3
2026-08-14 05:25:00+00:00,57.6,68.6,57.45,68.0,8268065.0,825320.0,NIFTY,2026-08-18,24300.0,PE,3
2026-08-14 05:30:00+00:00,68.1,70.5,63.15,64.55,7875140.0,796703.0,NIFTY,2026-08-18,24300.0,PE,3
2026-08-14 05:35:00+00:00,64.35,68.85,63.85,66.1,4226430.0,800141.0,NIFTY,2026-08-18,24300.0,PE,3
2026-08-14 05:40:00+00:00,66.35,67.4,65.0,66.15,2333955.0,814289.0,NIFTY,2026-08-18,24300.0,PE,3
2026-08-14 05:45:00+00:00,66.0,66.5,59.7,60.35,4992715.0,807231.0,NIFTY,2026-08-18,24300.0,PE,3
2026-08-14 05:50:00+00:00,60.4,61.5,58.25,60.75,3780920.0,808225.0,NIFTY,2026-08-18,24300.0,PE,3
2026-08-14 05:55:00+00:00,61.0,67.7,60.7,66.9,5860595.0,834306.0,NIFTY,2026-08-18,24300.0,PE,3
2026-08-14 06:00:00+00:00,67.2,69.7,64.15,65.95,5616650.0,812451.0,NIFTY,2026-08-18,24300.0,PE,3
2026-08-14 06:05:00+00:00,65.75,68.0,63.55,64.4,3338140.0,816180.0,NIFTY,2026-08-18,24300.0,PE,3
2026-08-14 06:10:00+00:00,64.35,65.45,59.2,61.3,4319770.0,814918.0,NIFTY,2026-08-18,24300.0,PE,3
2026-08-14 06:15:00+00:00,61.35,62.55,57.95,62.15,4425460.0,824853.0,NIFTY,2026-08-18,24300.0,PE,3
2026-08-14 06:20:00+00:00,62.0,62.85,59.25,61.35,3256630.0,854548.0,NIFTY,2026-08-18,24300.0,PE,3
2026-08-14 06:25:00+00:00,61.4,63.25,60.05,61.65,2864355.0,861775.0,NIFTY,2026-08-18,24300.0,PE,3
2026-08-14 06:30:00+00:00,61.6,64.6,61.25,63.55,3567200.0,868838.0,NIFTY,2026-08-18,24300.0,PE,3
2026-08-14 06:35:00+00:00,63.65,63.85,58.3,59.5,4335825.0,851249.0,NIFTY,2026-08-18,24300.0,PE,3
2026-08-14 06:40:00+00:00,59.35,59.35,55.75,56.8,4353700.0,858448.0,NIFTY,2026-08-18,24300.0,PE,3
2026-08-14 06:45:00+00:00,56.7,56.85,52.45,52.75,4196790.0,881891.0,NIFTY,2026-08-18,24300.0,PE,3
2026-08-14 06:50:00+00:00,52.6,54.45,52.4,52.85,3337620.0,889200.0,NIFTY,2026-08-18,24300.0,PE,3
2026-08-14 06:55:00+00:00,53.0,55.6,52.95,54.65,3663985.0,922821.0,NIFTY,2026-08-18,24300.0,PE,3
2026-08-14 07:00:00+00:00,54.85,57.4,54.3,55.65,4292600.0,943096.0,NIFTY,2026-08-18,24300.0,PE,3
2026-08-14 07:05:00+00:00,55.7,56.65,53.8,55.95,2496000.0,946700.0,NIFTY,2026-08-18,24300.0,PE,3
2026-08-14 07:10:00+00:00,55.75,57.6,54.7,56.85,3652805.0,945018.0,NIFTY,2026-08-18,24300.0,PE,3
2026-08-14 07:15:00+00:00,57.0,57.45,51.5,53.2,4451005.0,741626.0,NIFTY,2026-08-18,24300.0,PE,3
2026-08-14 07:20:00+00:00,53.25,53.95,50.5,52.0,3568370.0,922301.0,NIFTY,2026-08-18,24300.0,PE,3
2026-08-14 07:25:00+00:00,51.8,53.4,51.15,51.35,2566850.0,940682.0,NIFTY,2026-08-18,24300.0,PE,3
2026-08-14 07:30:00+00:00,51.3,53.1,49.9,53.05,2877095.0,956414.0,NIFTY,2026-08-18,24300.0,PE,3
2026-08-14 07:35:00+00:00,52.85,54.0,51.55,51.7,2763345.0,962069.0,NIFTY,2026-08-18,24300.0,PE,3
2026-08-14 07:40:00+00:00,51.85,53.2,50.1,50.65,2688465.0,964085.0,NIFTY,2026-08-18,24300.0,PE,3
2026-08-14 07:45:00+00:00,50.7,53.4,50.35,51.5,2433015.0,963433.0,NIFTY,2026-08-18,24300.0,PE,3
2026-08-14 07:50:00+00:00,51.35,52.6,50.5,51.85,1485770.0,969365.0,NIFTY,2026-08-18,24300.0,PE,3
2026-08-14 07:55:00+00:00,51.9,53.8,51.3,52.9,2738255.0,969843.0,NIFTY,2026-08-18,24300.0,PE,3
2026-08-14 08:00:00+00:00,52.85,57.85,52.7,57.25,5277870.0,960534.0,NIFTY,2026-08-18,24300.0,PE,3
2026-08-14 08:05:00+00:00,57.45,58.35,48.4,50.35,7572760.0,923779.0,NIFTY,2026-08-18,24300.0,PE,3
2026-08-14 08:10:00+00:00,50.05,50.2,45.05,46.1,5700565.0,890295.0,NIFTY,2026-08-18,24300.0,PE,3
2026-08-14 08:15:00+00:00,46.15,46.15,35.4,37.15,12233065.0,873070.0,NIFTY,2026-08-18,24300.0,PE,3
2026-08-14 08:20:00+00:00,37.25,38.35,36.0,37.35,4621110.0,885419.0,NIFTY,2026-08-18,24300.0,PE,3
2026-08-14 08:25:00+00:00,37.3,39.15,35.8,36.85,3808025.0,893230.0,NIFTY,2026-08-18,24300.0,PE,3
2026-08-14 08:30:00+00:00,36.6,37.65,34.1,36.55,5138640.0,895218.0,NIFTY,2026-08-18,24300.0,PE,3
2026-08-14 08:35:00+00:00,36.45,38.25,36.1,37.2,2942485.0,899695.0,NIFTY,2026-08-18,24300.0,PE,3
2026-08-14 08:40:00+00:00,37.25,37.95,36.85,37.75,2191540.0,911699.0,NIFTY,2026-08-18,24300.0,PE,3
2026-08-14 08:45:00+00:00,37.7,37.7,35.75,37.55,2656875.0,908750.0,NIFTY,2026-08-18,24300.0,PE,3
2026-08-14 08:50:00+00:00,37.4,38.25,36.4,36.6,2713750.0,907427.0,NIFTY,2026-08-18,24300.0,PE,3
2026-08-14 08:55:00+00:00,36.55,38.35,36.35,37.85,2201160.0,899895.0,NIFTY,2026-08-18,24300.0,PE,3
2026-08-14 09:00:00+00:00,37.75,38.15,36.5,37.45,1781130.0,892464.0,NIFTY,2026-08-18,24300.0,PE,3
2026-08-14 09:05:00+00:00,37.1,38.15,36.9,37.65,1378910.0,878737.0,NIFTY,2026-08-18,24300.0,PE,3
2026-08-14 09:10:00+00:00,37.6,37.75,36.5,37.6,1510145.0,861015.0,NIFTY,2026-08-18,24300.0,PE,3
2026-08-14 09:15:00+00:00,37.65,39.25,37.0,38.2,2587975.0,839485.0,NIFTY,2026-08-18,24300.0,PE,3
2026-08-14 09:20:00+00:00,38.4,38.4,32.35,32.7,4903340.0,805467.0,NIFTY,2026-08-18,24300.0,PE,3
2026-08-14 09:25:00+00:00,32.6,34.65,32.2,34.5,2389530.0,794534.0,NIFTY,2026-08-18,24300.0,PE,3
2026-08-14 09:30:00+00:00,34.65,35.45,33.05,34.1,2585245.0,780243.0,NIFTY,2026-08-18,24300.0,PE,3
2026-08-14 09:35:00+00:00,34.0,36.8,33.95,35.75,3719755.0,756794.0,NIFTY,2026-08-18,24300.0,PE,3
2026-08-14 09:40:00+00:00,35.8,36.65,34.6,36.35,3350555.0,721150.0,NIFTY,2026-08-18,24300.0,PE,3
2026-08-14 09:45:00+00:00,36.3,37.55,33.65,35.65,3386240.0,688381.0,NIFTY,2026-08-18,24300.0,PE,3
2026-08-14 09:50:00+00:00,35.7,36.5,34.95,36.3,2666885.0,648163.0,NIFTY,2026-08-18,24300.0,PE,3
2026-08-14 09:55:00+00:00,36.5,36.85,34.8,36.3,2651740.0,612862.0,NIFTY,2026-08-18,24300.0,PE,3
2026-08-14 10:00:00+00:00,36.25,38.9,36.25,38.45,2623465.0,570991.0,NIFTY,2026-08-18,24300.0,PE,3
2026-08-14 10:05:00+00:00,38.5,39.0,37.2,38.6,2974920.0,535874.0,NIFTY,2026-08-18,24300.0,PE,3
2026-08-14 10:10:00+00:00,38.6,38.6,38.6,38.6,455.0,,NIFTY,2026-08-18,24300.0,PE,3
2026-08-17 03:45:00+00:00,42.55,64.55,42.55,57.05,30358835.0,606990.0,NIFTY,2026-08-18,24300.0,PE,3
2026-08-17 03:50:00+00:00,56.7,61.4,54.05,56.85,16244475.0,776820.0,NIFTY,2026-08-18,24300.0,PE,3
2026-08-17 03:55:00+00:00,57.0,60.3,54.25,56.5,10189465.0,895581.0,NIFTY,2026-08-18,24300.0,PE,3
2026-08-17 04:00:00+00:00,57.0,65.9,56.4,62.5,17960085.0,942297.0,NIFTY,2026-08-18,24300.0,PE,3
2026-08-17 04:05:00+00:00,62.25,63.15,55.35,57.65,12352795.0,928011.0,NIFTY,2026-08-18,24300.0,PE,3
2026-08-17 04:10:00+00:00,58.0,58.9,51.3,56.3,12072775.0,1006864.0,NIFTY,2026-08-18,24300.0,PE,3
2026-08-17 04:15:00+00:00,56.05,58.75,52.85,54.55,9882145.0,1056218.0,NIFTY,2026-08-18,24300.0,PE,3
2026-08-17 04:20:00+00:00,54.7,57.8,52.05,56.4,8775065.0,1067894.0,NIFTY,2026-08-18,24300.0,PE,3
2026-08-17 04:25:00+00:00,56.65,62.7,55.0,62.2,12341680.0,1080087.0,NIFTY,2026-08-18,24300.0,PE,3
2026-08-17 04:30:00+00:00,62.15,62.6,57.65,59.6,9089665.0,1031286.0,NIFTY,2026-08-18,24300.0,PE,3
2026-08-17 04:35:00+00:00,59.4,61.0,57.2,59.45,5028400.0,1044525.0,NIFTY,2026-08-18,24300.0,PE,3
2026-08-17 04:40:00+00:00,59.5,64.7,59.0,60.75,10052250.0,1049193.0,NIFTY,2026-08-18,24300.0,PE,3
2026-08-17 04:45:00+00:00,61.0,78.75,60.2,72.25,24105705.0,978253.0,NIFTY,2026-08-18,24300.0,PE,3
2026-08-17 04:50:00+00:00,73.85,79.65,71.85,79.3,13077675.0,822060.0,NIFTY,2026-08-18,24300.0,PE,3
2026-08-17 04:55:00+00:00,79.85,79.85,71.0,72.5,9716005.0,939659.0,NIFTY,2026-08-18,24300.0,PE,3
2026-08-17 05:00:00+00:00,72.25,75.8,71.6,74.5,5585840.0,795923.0,NIFTY,2026-08-18,24300.0,PE,3
2026-08-17 05:05:00+00:00,74.75,77.05,72.55,74.45,4740255.0,795261.0,NIFTY,2026-08-18,24300.0,PE,3
2026-08-17 05:10:00+00:00,74.65,87.65,74.65,82.75,13266630.0,757263.0,NIFTY,2026-08-18,24300.0,PE,3
2026-08-17 05:15:00+00:00,83.6,94.25,83.2,83.55,11948560.0,684129.0,NIFTY,2026-08-18,24300.0,PE,3
2026-08-17 05:20:00+00:00,83.95,85.8,79.0,82.5,5178745.0,681227.0,NIFTY,2026-08-18,24300.0,PE,3
2026-08-17 05:25:00+00:00,82.55,84.7,78.25,84.05,4040140.0,683332.0,NIFTY,2026-08-18,24300.0,PE,3
2026-08-17 05:30:00+00:00,84.15,87.25,79.0,82.2,5532540.0,678401.0,NIFTY,2026-08-18,24300.0,PE,3
2026-08-17 05:35:00+00:00,81.85,85.95,81.45,83.95,3399500.0,679091.0,NIFTY,2026-08-18,24300.0,PE,3
2026-08-17 05:40:00+00:00,83.85,86.6,82.75,84.05,2430025.0,670041.0,NIFTY,2026-08-18,24300.0,PE,3
2026-08-17 05:45:00+00:00,84.2,85.5,80.9,83.5,2441985.0,660175.0,NIFTY,2026-08-18,24300.0,PE,3
2026-08-17 05:50:00+00:00,83.25,88.5,82.0,86.55,4278950.0,668500.0,NIFTY,2026-08-18,24300.0,PE,3
2026-08-17 05:55:00+00:00,87.0,87.0,76.95,78.8,5563805.0,670073.0,NIFTY,2026-08-18,24300.0,PE,3
2026-08-17 06:00:00+00:00,78.95,82.0,75.3,76.4,3726190.0,672356.0,NIFTY,2026-08-18,24300.0,PE,3
2026-08-17 06:05:00+00:00,76.8,79.5,74.65,78.2,3195855.0,675472.0,NIFTY,2026-08-18,24300.0,PE,3
2026-08-17 06:10:00+00:00,78.1,78.7,72.75,74.95,3271970.0,681115.0,NIFTY,2026-08-18,24300.0,PE,3
2026-08-17 06:15:00+00:00,74.75,76.6,69.0,70.45,4027400.0,686382.0,NIFTY,2026-08-18,24300.0,PE,3
2026-08-17 06:20:00+00:00,70.65,70.65,64.1,67.5,7394985.0,708215.0,NIFTY,2026-08-18,24300.0,PE,3
2026-08-17 06:25:00+00:00,67.7,67.7,63.3,64.45,4839965.0,598404.0,NIFTY,2026-08-18,24300.0,PE,3
2026-08-17 06:30:00+00:00,64.1,65.9,61.85,65.65,5340920.0,769832.0,NIFTY,2026-08-18,24300.0,PE,3
2026-08-17 06:35:00+00:00,65.45,69.35,64.75,68.75,6420310.0,791354.0,NIFTY,2026-08-18,24300.0,PE,3
2026-08-17 06:40:00+00:00,68.8,70.75,63.0,64.2,7126470.0,784088.0,NIFTY,2026-08-18,24300.0,PE,3
2026-08-17 06:45:00+00:00,63.95,64.15,55.1,55.65,9947080.0,788856.0,NIFTY,2026-08-18,24300.0,PE,3
2026-08-17 06:50:00+00:00,55.45,57.5,52.65,54.8,6784245.0,848841.0,NIFTY,2026-08-18,24300.0,PE,3
2026-08-17 06:55:00+00:00,54.4,56.3,52.55,53.0,5190120.0,882289.0,NIFTY,2026-08-18,24300.0,PE,3
2026-08-17 07:00:00+00:00,52.85,54.55,46.9,49.75,9860435.0,929310.0,NIFTY,2026-08-18,24300.0,PE,3
2026-08-17 07:05:00+00:00,49.5,51.6,46.65,49.5,9053915.0,993943.0,NIFTY,2026-08-18,24300.0,PE,3
2026-08-17 07:10:00+00:00,49.7,50.0,46.7,48.55,6500325.0,1057943.0,NIFTY,2026-08-18,24300.0,PE,3
2026-08-17 07:15:00+00:00,48.6,48.6,34.8,38.05,24947585.0,1113010.0,NIFTY,2026-08-18,24300.0,PE,3
2026-08-17 07:20:00+00:00,37.7,37.8,33.3,33.4,13000845.0,1231484.0,NIFTY,2026-08-18,24300.0,PE,3
2026-08-17 07:25:00+00:00,33.45,35.95,32.2,32.4,11001120.0,1311601.0,NIFTY,2026-08-18,24300.0,PE,3
2026-08-17 07:30:00+00:00,32.25,32.3,28.2,30.25,15242435.0,1321236.0,NIFTY,2026-08-18,24300.0,PE,3
2026-08-17 07:35:00+00:00,30.35,31.2,29.1,30.8,6982105.0,1389541.0,NIFTY,2026-08-18,24300.0,PE,3
2026-08-17 07:40:00+00:00,30.9,31.3,28.15,28.9,8871265.0,1439371.0,NIFTY,2026-08-18,24300.0,PE,3
2026-08-17 07:45:00+00:00,29.0,29.55,26.85,28.8,8636030.0,1461480.0,NIFTY,2026-08-18,24300.0,PE,3
2026-08-17 07:50:00+00:00,28.7,29.7,28.15,29.3,5976100.0,1502725.0,NIFTY,2026-08-18,24300.0,PE,3
2026-08-17 07:55:00+00:00,29.15,29.55,26.8,27.5,6930430.0,1539319.0,NIFTY,2026-08-18,24300.0,PE,3
2026-08-17 08:00:00+00:00,27.45,28.65,26.1,28.55,6652035.0,1527851.0,NIFTY,2026-08-18,24300.0,PE,3
2026-08-17 08:05:00+00:00,28.5,30.7,28.4,29.45,8239075.0,1556582.0,NIFTY,2026-08-18,24300.0,PE,3
2026-08-17 08:10:00+00:00,29.6,29.85,26.2,27.7,6850350.0,1552513.0,NIFTY,2026-08-18,24300.0,PE,3
2026-08-17 08:15:00+00:00,27.65,29.7,26.85,29.7,4857385.0,1557035.0,NIFTY,2026-08-18,24300.0,PE,3
2026-08-17 08:20:00+00:00,29.55,31.25,29.35,30.3,8716110.0,1584579.0,NIFTY,2026-08-18,24300.0,PE,3
2026-08-17 08:25:00+00:00,30.25,31.85,29.3,30.0,9092460.0,1606710.0,NIFTY,2026-08-18,24300.0,PE,3
2026-08-17 08:30:00+00:00,29.9,30.45,27.8,28.05,7322055.0,1588049.0,NIFTY,2026-08-18,24300.0,PE,3
2026-08-17 08:35:00+00:00,27.6,29.3,27.15,28.85,3772340.0,1587788.0,NIFTY,2026-08-18,24300.0,PE,3
2026-08-17 08:40:00+00:00,28.95,32.0,28.75,31.95,8197475.0,1610810.0,NIFTY,2026-08-18,24300.0,PE,3
2026-08-17 08:45:00+00:00,31.8,32.1,27.8,29.7,9549605.0,1607560.0,NIFTY,2026-08-18,24300.0,PE,3
2026-08-17 08:50:00+00:00,29.65,32.9,28.75,31.95,10741510.0,1582765.0,NIFTY,2026-08-18,24300.0,PE,3
2026-08-17 08:55:00+00:00,32.05,32.85,30.2,31.0,8675680.0,1574528.0,NIFTY,2026-08-18,24300.0,PE,3
2026-08-17 09:00:00+00:00,31.05,32.05,30.25,31.35,5184400.0,1551769.0,NIFTY,2026-08-18,24300.0,PE,3
2026-08-17 09:05:00+00:00,31.1,33.85,29.9,30.25,12825280.0,1515493.0,NIFTY,2026-08-18,24300.0,PE,3
2026-08-17 09:10:00+00:00,30.1,31.0,28.6,30.2,7679360.0,1469345.0,NIFTY,2026-08-18,24300.0,PE,3
2026-08-17 09:15:00+00:00,30.25,30.9,28.4,29.45,5703815.0,1446226.0,NIFTY,2026-08-18,24300.0,PE,3
2026-08-17 09:20:00+00:00,29.55,30.3,27.15,28.0,9028695.0,1409896.0,NIFTY,2026-08-18,24300.0,PE,3
2026-08-17 09:25:00+00:00,28.15,29.8,27.85,29.0,4665115.0,1399838.0,NIFTY,2026-08-18,24300.0,PE,3
2026-08-17 09:30:00+00:00,29.5,31.6,26.5,27.5,11521055.0,1354193.0,NIFTY,2026-08-18,24300.0,PE,3
2026-08-17 09:35:00+00:00,27.9,29.4,27.45,29.1,5855070.0,1300955.0,NIFTY,2026-08-18,24300.0,PE,3
2026-08-17 09:40:00+00:00,29.15,30.0,27.5,30.0,9378590.0,1231669.0,NIFTY,2026-08-18,24300.0,PE,3
2026-08-17 09:45:00+00:00,29.85,31.8,28.9,30.75,8891870.0,1121933.0,NIFTY,2026-08-18,24300.0,PE,3
2026-08-17 09:50:00+00:00,29.7,33.0,29.7,32.65,10268180.0,832662.0,NIFTY,2026-08-18,24300.0,PE,3
2026-08-17 09:55:00+00:00,32.75,38.65,30.7,37.2,13917995.0,967369.0,NIFTY,2026-08-18,24300.0,PE,3
2026-08-17 10:00:00+00:00,37.15,40.05,36.25,37.75,13080145.0,839755.0,NIFTY,2026-08-18,24300.0,PE,3
2026-08-17 10:05:00+00:00,37.95,38.85,37.2,38.45,6781125.0,761154.0,NIFTY,2026-08-18,24300.0,PE,3
2026-08-17 10:10:00+00:00,38.45,38.45,38.45,38.45,12805.0,,NIFTY,2026-08-18,24300.0,PE,3
2026-08-18 03:45:00+00:00,68.0,87.8,68.0,80.1,26979810.0,591834.0,NIFTY,2026-08-18,24300.0,PE,3
2026-08-18 03:50:00+00:00,79.85,85.4,76.4,78.1,9207835.0,585834.0,NIFTY,2026-08-18,24300.0,PE,3
2026-08-18 03:55:00+00:00,77.7,79.9,61.55,74.35,17522960.0,676020.0,NIFTY,2026-08-18,24300.0,PE,3
2026-08-18 04:00:00+00:00,74.45,87.65,74.45,80.95,18168020.0,680082.0,NIFTY,2026-08-18,24300.0,PE,3
2026-08-18 04:05:00+00:00,81.25,83.3,69.05,71.45,11526125.0,677248.0,NIFTY,2026-08-18,24300.0,PE,3
2026-08-18 04:10:00+00:00,71.05,86.05,70.7,84.8,9564945.0,711527.0,NIFTY,2026-08-18,24300.0,PE,3
2026-08-18 04:15:00+00:00,85.6,92.7,78.0,82.5,14569295.0,674025.0,NIFTY,2026-08-18,24300.0,PE,3
2026-08-18 04:20:00+00:00,82.2,87.7,73.4,77.6,9356490.0,681991.0,NIFTY,2026-08-18,24300.0,PE,3
2026-08-18 04:25:00+00:00,77.65,85.85,77.55,79.75,7122115.0,678419.0,NIFTY,2026-08-18,24300.0,PE,3
2026-08-18 04:30:00+00:00,78.8,91.1,78.8,84.3,9078225.0,668560.0,NIFTY,2026-08-18,24300.0,PE,3
2026-08-18 04:35:00+00:00,84.85,86.9,80.6,86.9,4728360.0,669683.0,NIFTY,2026-08-18,24300.0,PE,3
2026-08-18 04:40:00+00:00,87.35,89.0,82.75,87.8,4529850.0,674344.0,NIFTY,2026-08-18,24300.0,PE,3
2026-08-18 04:45:00+00:00,87.9,96.25,85.8,86.45,10618205.0,626664.0,NIFTY,2026-08-18,24300.0,PE,3
2026-08-18 04:50:00+00:00,86.75,92.55,83.9,89.4,6379165.0,627723.0,NIFTY,2026-08-18,24300.0,PE,3
2026-08-18 04:55:00+00:00,89.5,89.6,75.85,78.3,7608250.0,629385.0,NIFTY,2026-08-18,24300.0,PE,3
2026-08-18 05:00:00+00:00,77.6,80.8,74.45,75.5,5243680.0,647307.0,NIFTY,2026-08-18,24300.0,PE,3
2026-08-18 05:05:00+00:00,75.6,79.1,73.1,79.1,4468490.0,672182.0,NIFTY,2026-08-18,24300.0,PE,3
2026-08-18 05:10:00+00:00,79.0,93.8,78.9,88.2,11428430.0,650148.0,NIFTY,2026-08-18,24300.0,PE,3
2026-08-18 05:15:00+00:00,88.35,101.3,88.35,95.25,11909755.0,606281.0,NIFTY,2026-08-18,24300.0,PE,3
2026-08-18 05:20:00+00:00,95.15,107.5,93.0,104.9,9068345.0,561057.0,NIFTY,2026-08-18,24300.0,PE,3
2026-08-18 05:25:00+00:00,104.95,110.95,98.2,99.05,6829615.0,501903.0,NIFTY,2026-08-18,24300.0,PE,3
2026-08-18 05:30:00+00:00,99.1,104.95,95.35,95.95,3893695.0,486371.0,NIFTY,2026-08-18,24300.0,PE,3
2026-08-18 05:35:00+00:00,96.65,100.45,91.85,95.2,3447145.0,485032.0,NIFTY,2026-08-18,24300.0,PE,3
2026-08-18 05:40:00+00:00,95.45,102.2,95.0,97.1,4788940.0,505702.0,NIFTY,2026-08-18,24300.0,PE,3
2026-08-18 05:45:00+00:00,97.0,104.4,93.5,100.1,4245930.0,513349.0,NIFTY,2026-08-18,24300.0,PE,3
2026-08-18 05:50:00+00:00,100.0,104.95,97.55,98.9,3418155.0,512867.0,NIFTY,2026-08-18,24300.0,PE,3
2026-08-18 05:55:00+00:00,99.65,112.85,99.65,112.4,5746845.0,497684.0,NIFTY,2026-08-18,24300.0,PE,3
2026-08-18 06:00:00+00:00,113.9,130.3,107.5,107.5,9940385.0,411971.0,NIFTY,2026-08-18,24300.0,PE,3
2026-08-18 06:05:00+00:00,107.25,110.65,100.4,105.0,4146805.0,415402.0,NIFTY,2026-08-18,24300.0,PE,3
2026-08-18 06:10:00+00:00,105.25,106.4,101.2,103.2,1804920.0,428672.0,NIFTY,2026-08-18,24300.0,PE,3
2026-08-18 06:15:00+00:00,103.3,105.25,99.4,100.3,2541305.0,435791.0,NIFTY,2026-08-18,24300.0,PE,3
2026-08-18 06:20:00+00:00,100.2,102.85,89.15,101.25,5755815.0,439517.0,NIFTY,2026-08-18,24300.0,PE,3
2026-08-18 06:25:00+00:00,100.85,106.0,94.6,95.5,4402905.0,353337.0,NIFTY,2026-08-18,24300.0,PE,3
2026-08-18 06:30:00+00:00,95.25,98.3,86.35,87.35,4141280.0,452549.0,NIFTY,2026-08-18,24300.0,PE,3
2026-08-18 06:35:00+00:00,87.45,90.85,84.0,87.2,3940235.0,470021.0,NIFTY,2026-08-18,24300.0,PE,3
2026-08-18 06:40:00+00:00,87.5,93.4,85.3,88.75,3311035.0,481186.0,NIFTY,2026-08-18,24300.0,PE,3
2026-08-18 06:45:00+00:00,88.65,95.65,87.4,92.25,3787550.0,487440.0,NIFTY,2026-08-18,24300.0,PE,3
2026-08-18 06:50:00+00:00,92.05,97.9,90.3,94.7,3283345.0,480220.0,NIFTY,2026-08-18,24300.0,PE,3
2026-08-18 06:55:00+00:00,94.0,94.7,82.7,86.5,3908320.0,479818.0,NIFTY,2026-08-18,24300.0,PE,3
2026-08-18 07:00:00+00:00,84.85,89.0,82.55,86.5,2511535.0,481544.0,NIFTY,2026-08-18,24300.0,PE,3
2026-08-18 07:05:00+00:00,86.1,93.0,83.25,91.95,3466710.0,484015.0,NIFTY,2026-08-18,24300.0,PE,3
2026-08-18 07:10:00+00:00,92.45,100.8,91.65,99.05,5465655.0,477872.0,NIFTY,2026-08-18,24300.0,PE,3
2026-08-18 07:15:00+00:00,98.7,104.75,93.05,93.6,5371340.0,472574.0,NIFTY,2026-08-18,24300.0,PE,3
2026-08-18 07:20:00+00:00,93.7,95.8,88.85,91.35,3809000.0,469340.0,NIFTY,2026-08-18,24300.0,PE,3
2026-08-18 07:25:00+00:00,90.6,99.95,87.65,99.35,3733210.0,472912.0,NIFTY,2026-08-18,24300.0,PE,3
2026-08-18 07:30:00+00:00,99.25,106.9,99.25,104.5,5872750.0,463837.0,NIFTY,2026-08-18,24300.0,PE,3
2026-08-18 07:35:00+00:00,104.1,110.5,96.0,96.7,5823285.0,441634.0,NIFTY,2026-08-18,24300.0,PE,3
2026-08-18 07:40:00+00:00,96.5,99.75,93.35,93.35,2773225.0,431543.0,NIFTY,2026-08-18,24300.0,PE,3
2026-08-18 07:45:00+00:00,93.25,95.0,89.15,92.35,3389880.0,436268.0,NIFTY,2026-08-18,24300.0,PE,3
2026-08-18 07:50:00+00:00,92.4,96.4,89.4,95.85,3365375.0,449378.0,NIFTY,2026-08-18,24300.0,PE,3
2026-08-18 07:55:00+00:00,95.95,100.2,91.55,91.55,3744845.0,440926.0,NIFTY,2026-08-18,24300.0,PE,3
2026-08-18 08:00:00+00:00,92.3,98.3,90.05,97.65,2760160.0,441528.0,NIFTY,2026-08-18,24300.0,PE,3
2026-08-18 08:05:00+00:00,97.55,108.85,95.0,100.0,5345015.0,425250.0,NIFTY,2026-08-18,24300.0,PE,3
2026-08-18 08:10:00+00:00,101.15,103.0,93.95,96.8,3289585.0,422174.0,NIFTY,2026-08-18,24300.0,PE,3
2026-08-18 08:15:00+00:00,97.2,97.2,89.0,93.05,3991260.0,429813.0,NIFTY,2026-08-18,24300.0,PE,3
2026-08-18 08:20:00+00:00,93.0,101.25,92.45,96.35,3185260.0,425075.0,NIFTY,2026-08-18,24300.0,PE,3
2026-08-18 08:25:00+00:00,96.55,105.25,96.0,101.55,3478410.0,418883.0,NIFTY,2026-08-18,24300.0,PE,3
2026-08-18 08:30:00+00:00,101.4,102.45,91.2,92.0,3152305.0,413632.0,NIFTY,2026-08-18,24300.0,PE,3
2026-08-18 08:35:00+00:00,91.65,100.6,90.0,99.15,4032860.0,420310.0,NIFTY,2026-08-18,24300.0,PE,3
2026-08-18 08:40:00+00:00,99.25,103.85,96.5,98.0,2881580.0,409076.0,NIFTY,2026-08-18,24300.0,PE,3
2026-08-18 08:45:00+00:00,97.8,105.65,95.45,104.95,2660840.0,411272.0,NIFTY,2026-08-18,24300.0,PE,3
2026-08-18 08:50:00+00:00,104.25,105.8,96.0,101.2,3773640.0,406404.0,NIFTY,2026-08-18,24300.0,PE,3
2026-08-18 08:55:00+00:00,100.85,111.35,89.65,91.7,7239960.0,396503.0,NIFTY,2026-08-18,24300.0,PE,3
2026-08-18 09:00:00+00:00,92.0,96.65,83.15,90.75,6267755.0,396987.0,NIFTY,2026-08-18,24300.0,PE,3
2026-08-18 09:05:00+00:00,91.3,97.45,88.0,89.5,3794115.0,394592.0,NIFTY,2026-08-18,24300.0,PE,3
2026-08-18 09:10:00+00:00,90.05,91.55,84.8,87.3,3037385.0,408509.0,NIFTY,2026-08-18,24300.0,PE,3
2026-08-18 09:15:00+00:00,87.2,90.6,77.55,83.35,5810285.0,410237.0,NIFTY,2026-08-18,24300.0,PE,3
2026-08-18 09:20:00+00:00,83.4,89.15,71.7,88.4,7938840.0,410651.0,NIFTY,2026-08-18,24300.0,PE,3
2026-08-18 09:25:00+00:00,87.65,87.65,71.8,76.1,6403995.0,407091.0,NIFTY,2026-08-18,24300.0,PE,3
2026-08-18 09:30:00+00:00,75.95,89.75,56.85,87.0,17056585.0,418743.0,NIFTY,2026-08-18,24300.0,PE,3
2026-08-18 09:35:00+00:00,88.45,90.85,78.9,85.25,7267650.0,374959.0,NIFTY,2026-08-18,24300.0,PE,3
2026-08-18 09:40:00+00:00,85.5,108.0,72.8,108.0,8249475.0,349413.0,NIFTY,2026-08-18,24300.0,PE,3
2026-08-18 09:45:00+00:00,108.15,115.95,80.0,89.55,7182955.0,241900.0,NIFTY,2026-08-18,24300.0,PE,3
2026-08-18 09:50:00+00:00,89.95,126.9,86.35,121.9,6541470.0,280870.0,NIFTY,2026-08-18,24300.0,PE,3
2026-08-18 09:55:00+00:00,122.55,169.45,116.45,145.1,7329335.0,234663.0,NIFTY,2026-08-18,24300.0,PE,3
2026-08-18 10:00:00+00:00,145.0,145.25,144.65,144.9,890110.0,178569.0,NIFTY,2026-08-18,24300.0,PE,3
2026-08-18 10:05:00+00:00,145.0,145.1,144.85,144.85,236535.0,166463.0,NIFTY,2026-08-18,24300.0,PE,3
2026-08-18 10:10:00+00:00,144.85,144.85,144.85,144.85,260.0,,NIFTY,2026-08-18,24300.0,PE,3
