timestamp,open,high,low,close,volume,oi,underlying,expiry,strike,option_type,itm_rank
2026-07-20 03:45:00+00:00,343.0,343.0,343.0,343.0,65.0,,NIFTY,2026-08-18,24250.0,PE,2
2026-07-20 03:50:00+00:00,348.0,355.0,348.0,355.0,195.0,,NIFTY,2026-08-18,24250.0,PE,2
2026-07-20 03:55:00+00:00,353.0,361.85,353.0,361.85,325.0,9.0,NIFTY,2026-08-18,24250.0,PE,2
2026-07-20 04:00:00+00:00,361.6,370.2,360.0,370.2,1495.0,37.0,NIFTY,2026-08-18,24250.0,PE,2
2026-07-20 04:25:00+00:00,360.0,360.0,360.0,360.0,65.0,11.0,NIFTY,2026-08-18,24250.0,PE,2
2026-07-20 04:45:00+00:00,349.0,349.0,335.8,335.8,130.0,10.0,NIFTY,2026-08-18,24250.0,PE,2
2026-07-20 07:15:00+00:00,375.0,375.0,375.0,375.0,65.0,,NIFTY,2026-08-18,24250.0,PE,2
2026-07-20 09:20:00+00:00,303.0,303.0,303.0,303.0,65.0,,NIFTY,2026-08-18,24250.0,PE,2
2026-07-20 09:25:00+00:00,305.0,305.0,305.0,305.0,65.0,,NIFTY,2026-08-18,24250.0,PE,2
2026-07-20 09:35:00+00:00,307.75,307.75,307.75,307.75,65.0,11.0,NIFTY,2026-08-18,24250.0,PE,2
2026-07-21 03:55:00+00:00,307.75,307.75,307.75,307.75,65.0,,NIFTY,2026-08-18,24250.0,PE,2
2026-07-21 04:45:00+00:00,320.0,320.0,320.0,320.0,325.0,13.0,NIFTY,2026-08-18,24250.0,PE,2
2026-07-21 05:15:00+00:00,335.6,338.0,335.6,338.0,130.0,15.0,NIFTY,2026-08-18,24250.0,PE,2
2026-07-21 05:20:00+00:00,340.55,340.55,340.55,340.55,65.0,16.0,NIFTY,2026-08-18,24250.0,PE,2
2026-07-21 05:30:00+00:00,328.5,328.5,328.5,328.5,65.0,16.0,NIFTY,2026-08-18,24250.0,PE,2
2026-07-21 05:35:00+00:00,323.65,328.7,323.65,328.7,130.0,33.0,NIFTY,2026-08-18,24250.0,PE,2
2026-07-21 05:40:00+00:00,331.1,332.05,331.1,332.05,195.0,17.0,NIFTY,2026-08-18,24250.0,PE,2
2026-07-21 06:00:00+00:00,336.25,336.25,336.25,336.25,130.0,18.0,NIFTY,2026-08-18,24250.0,PE,2
2026-07-21 06:05:00+00:00,333.2,333.2,333.2,333.2,65.0,20.0,NIFTY,2026-08-18,24250.0,PE,2
2026-07-21 07:30:00+00:00,347.75,347.75,347.75,347.75,65.0,20.0,NIFTY,2026-08-18,24250.0,PE,2
2026-07-21 08:15:00+00:00,330.0,330.85,330.0,330.85,260.0,,NIFTY,2026-08-18,24250.0,PE,2
2026-07-21 08:20:00+00:00,331.5,331.5,331.5,331.5,65.0,18.0,NIFTY,2026-08-18,24250.0,PE,2
2026-07-21 08:30:00+00:00,333.85,333.85,333.85,333.85,325.0,,NIFTY,2026-08-18,24250.0,PE,2
2026-07-21 08:35:00+00:00,330.0,332.0,330.0,332.0,195.0,40.0,NIFTY,2026-08-18,24250.0,PE,2
2026-07-21 08:40:00+00:00,338.1,338.1,338.1,338.1,65.0,22.0,NIFTY,2026-08-18,24250.0,PE,2
2026-07-21 09:05:00+00:00,340.35,341.1,340.35,341.1,130.0,22.0,NIFTY,2026-08-18,24250.0,PE,2
2026-07-22 03:45:00+00:00,386.3,386.3,386.25,386.25,195.0,25.0,NIFTY,2026-08-18,24250.0,PE,2
2026-07-22 03:50:00+00:00,375.0,375.0,372.6,372.6,130.0,,NIFTY,2026-08-18,24250.0,PE,2
2026-07-22 05:15:00+00:00,428.2,428.2,419.65,419.65,130.0,,NIFTY,2026-08-18,24250.0,PE,2
2026-07-22 05:20:00+00:00,422.2,424.15,422.2,424.15,130.0,,NIFTY,2026-08-18,24250.0,PE,2
2026-07-22 07:15:00+00:00,426.45,426.45,425.45,425.45,520.0,,NIFTY,2026-08-18,24250.0,PE,2
2026-07-22 08:00:00+00:00,428.0,428.0,428.0,428.0,65.0,,NIFTY,2026-08-18,24250.0,PE,2
2026-07-22 08:05:00+00:00,430.65,430.65,430.65,430.65,195.0,,NIFTY,2026-08-18,24250.0,PE,2
2026-07-22 09:50:00+00:00,426.3,429.65,426.3,429.65,260.0,,NIFTY,2026-08-18,24250.0,PE,2
2026-07-23 05:20:00+00:00,431.3,433.55,431.3,432.1,195.0,,NIFTY,2026-08-18,24250.0,PE,2
2026-07-23 05:40:00+00:00,432.1,432.1,432.1,432.1,65.0,,NIFTY,2026-08-18,24250.0,PE,2
2026-07-23 06:25:00+00:00,457.65,457.65,457.65,457.65,65.0,26.0,NIFTY,2026-08-18,24250.0,PE,2
2026-07-23 07:00:00+00:00,493.5,493.5,491.6,491.6,195.0,,NIFTY,2026-08-18,24250.0,PE,2
2026-07-23 07:15:00+00:00,522.1,522.1,522.1,522.1,65.0,25.0,NIFTY,2026-08-18,24250.0,PE,2
2026-07-23 07:25:00+00:00,518.1,518.1,518.1,518.1,65.0,24.0,NIFTY,2026-08-18,24250.0,PE,2
2026-07-23 07:40:00+00:00,532.85,532.85,532.85,532.85,65.0,24.0,NIFTY,2026-08-18,24250.0,PE,2
2026-07-23 07:45:00+00:00,545.3,545.3,545.3,545.3,325.0,23.0,NIFTY,2026-08-18,24250.0,PE,2
2026-07-23 08:05:00+00:00,529.35,529.35,526.1,526.1,195.0,20.0,NIFTY,2026-08-18,24250.0,PE,2
2026-07-23 09:00:00+00:00,504.9,504.9,504.9,504.9,195.0,18.0,NIFTY,2026-08-18,24250.0,PE,2
2026-07-23 09:10:00+00:00,531.75,531.75,531.75,531.75,65.0,17.0,NIFTY,2026-08-18,24250.0,PE,2
2026-07-23 09:20:00+00:00,544.95,544.95,541.75,541.75,195.0,33.0,NIFTY,2026-08-18,24250.0,PE,2
2026-07-23 09:25:00+00:00,537.5,537.5,537.5,537.5,65.0,15.0,NIFTY,2026-08-18,24250.0,PE,2
2026-07-23 09:30:00+00:00,526.35,526.35,524.65,524.65,130.0,14.0,NIFTY,2026-08-18,24250.0,PE,2
2026-07-24 04:00:00+00:00,619.9,619.9,619.9,619.9,65.0,,NIFTY,2026-08-18,24250.0,PE,2
2026-07-24 04:20:00+00:00,662.85,662.85,662.85,662.85,65.0,14.0,NIFTY,2026-08-18,24250.0,PE,2
2026-07-24 04:25:00+00:00,653.2,653.2,653.2,653.2,65.0,13.0,NIFTY,2026-08-18,24250.0,PE,2
2026-07-24 04:35:00+00:00,674.6,674.6,674.6,674.6,65.0,13.0,NIFTY,2026-08-18,24250.0,PE,2
2026-07-24 04:45:00+00:00,680.95,680.95,680.95,680.95,130.0,12.0,NIFTY,2026-08-18,24250.0,PE,2
2026-07-27 03:50:00+00:00,443.1,443.1,434.65,435.35,845.0,,NIFTY,2026-08-18,24250.0,PE,2
2026-07-27 08:30:00+00:00,400.95,400.95,391.6,393.65,455.0,27.0,NIFTY,2026-08-18,24250.0,PE,2
2026-07-27 08:40:00+00:00,390.0,390.0,390.0,390.0,195.0,15.0,NIFTY,2026-08-18,24250.0,PE,2
2026-07-27 09:30:00+00:00,379.7,379.7,379.7,379.7,65.0,17.0,NIFTY,2026-08-18,24250.0,PE,2
2026-07-27 09:55:00+00:00,357.7,357.7,357.7,357.7,65.0,18.0,NIFTY,2026-08-18,24250.0,PE,2
2026-07-28 06:40:00+00:00,339.75,339.75,339.75,339.75,65.0,,NIFTY,2026-08-18,24250.0,PE,2
2026-07-28 06:45:00+00:00,337.25,337.25,337.25,337.25,260.0,,NIFTY,2026-08-18,24250.0,PE,2
2026-07-28 06:55:00+00:00,339.1,339.1,339.1,339.1,65.0,16.0,NIFTY,2026-08-18,24250.0,PE,2
2026-07-28 09:45:00+00:00,350.0,350.0,350.0,350.0,65.0,15.0,NIFTY,2026-08-18,24250.0,PE,2
2026-07-29 03:45:00+00:00,252.05,252.05,246.0,248.8,1495.0,39.0,NIFTY,2026-08-18,24250.0,PE,2
2026-07-29 03:50:00+00:00,250.0,260.0,250.0,260.0,260.0,20.0,NIFTY,2026-08-18,24250.0,PE,2
2026-07-29 03:55:00+00:00,259.65,259.65,259.65,259.65,65.0,,NIFTY,2026-08-18,24250.0,PE,2
2026-07-29 04:00:00+00:00,252.35,252.4,252.35,252.35,325.0,21.0,NIFTY,2026-08-18,24250.0,PE,2
2026-07-29 04:05:00+00:00,256.35,256.35,250.8,250.8,455.0,23.0,NIFTY,2026-08-18,24250.0,PE,2
2026-07-29 04:10:00+00:00,249.3,249.35,249.3,249.3,1170.0,22.0,NIFTY,2026-08-18,24250.0,PE,2
2026-07-29 04:15:00+00:00,249.3,249.3,249.3,249.3,65.0,30.0,NIFTY,2026-08-18,24250.0,PE,2
2026-07-29 04:20:00+00:00,250.1,250.1,250.0,250.0,195.0,,NIFTY,2026-08-18,24250.0,PE,2
2026-07-29 04:25:00+00:00,250.05,252.65,248.15,251.05,325.0,63.0,NIFTY,2026-08-18,24250.0,PE,2
2026-07-29 04:30:00+00:00,254.4,254.4,250.35,250.35,1300.0,,NIFTY,2026-08-18,24250.0,PE,2
2026-07-29 04:35:00+00:00,248.3,248.3,241.7,241.7,1430.0,153.0,NIFTY,2026-08-18,24250.0,PE,2
2026-07-29 04:40:00+00:00,245.0,247.05,245.0,245.7,715.0,145.0,NIFTY,2026-08-18,24250.0,PE,2
2026-07-29 04:45:00+00:00,242.15,244.7,242.15,244.7,1885.0,157.0,NIFTY,2026-08-18,24250.0,PE,2
2026-07-29 04:50:00+00:00,243.0,243.85,242.2,242.3,650.0,206.0,NIFTY,2026-08-18,24250.0,PE,2
2026-07-29 04:55:00+00:00,240.0,242.05,240.0,242.05,715.0,219.0,NIFTY,2026-08-18,24250.0,PE,2
2026-07-29 05:00:00+00:00,243.65,243.65,243.0,243.0,260.0,232.0,NIFTY,2026-08-18,24250.0,PE,2
2026-07-29 05:05:00+00:00,240.75,243.95,240.75,243.95,325.0,78.0,NIFTY,2026-08-18,24250.0,PE,2
2026-07-29 05:10:00+00:00,241.05,243.45,241.0,243.45,1040.0,323.0,NIFTY,2026-08-18,24250.0,PE,2
2026-07-29 05:15:00+00:00,245.0,248.05,245.0,246.75,455.0,268.0,NIFTY,2026-08-18,24250.0,PE,2
2026-07-29 05:20:00+00:00,246.0,246.7,245.0,245.0,390.0,185.0,NIFTY,2026-08-18,24250.0,PE,2
2026-07-29 05:25:00+00:00,245.0,246.7,245.0,246.7,130.0,92.0,NIFTY,2026-08-18,24250.0,PE,2
2026-07-29 05:30:00+00:00,246.0,246.0,243.0,243.0,130.0,187.0,NIFTY,2026-08-18,24250.0,PE,2
2026-07-29 05:35:00+00:00,240.0,240.0,235.3,237.05,455.0,188.0,NIFTY,2026-08-18,24250.0,PE,2
2026-07-29 05:40:00+00:00,238.95,239.95,238.95,239.45,325.0,187.0,NIFTY,2026-08-18,24250.0,PE,2
2026-07-29 05:45:00+00:00,239.1,241.95,239.1,241.7,390.0,189.0,NIFTY,2026-08-18,24250.0,PE,2
2026-07-29 05:50:00+00:00,241.0,241.0,241.0,241.0,130.0,96.0,NIFTY,2026-08-18,24250.0,PE,2
2026-07-29 05:55:00+00:00,240.0,240.0,240.0,240.0,195.0,95.0,NIFTY,2026-08-18,24250.0,PE,2
2026-07-29 06:00:00+00:00,238.45,242.0,238.45,242.0,390.0,193.0,NIFTY,2026-08-18,24250.0,PE,2
2026-07-29 06:05:00+00:00,243.2,243.2,241.1,241.1,910.0,95.0,NIFTY,2026-08-18,24250.0,PE,2
2026-07-29 06:10:00+00:00,242.0,242.65,241.0,241.0,1430.0,293.0,NIFTY,2026-08-18,24250.0,PE,2
2026-07-29 06:15:00+00:00,240.15,240.15,238.3,238.4,650.0,306.0,NIFTY,2026-08-18,24250.0,PE,2
2026-07-29 06:20:00+00:00,239.6,242.15,239.6,242.15,650.0,217.0,NIFTY,2026-08-18,24250.0,PE,2
2026-07-29 06:25:00+00:00,242.4,242.4,242.4,242.4,65.0,113.0,NIFTY,2026-08-18,24250.0,PE,2
2026-07-29 06:30:00+00:00,241.65,241.65,239.35,239.35,195.0,113.0,NIFTY,2026-08-18,24250.0,PE,2
2026-07-29 06:35:00+00:00,238.9,238.9,234.0,234.0,975.0,,NIFTY,2026-08-18,24250.0,PE,2
2026-07-29 06:40:00+00:00,233.6,237.2,231.4,237.2,1950.0,115.0,NIFTY,2026-08-18,24250.0,PE,2
2026-07-29 06:45:00+00:00,238.15,238.15,238.15,238.15,65.0,126.0,NIFTY,2026-08-18,24250.0,PE,2
2026-07-29 06:50:00+00:00,239.0,239.25,239.0,239.25,390.0,258.0,NIFTY,2026-08-18,24250.0,PE,2
2026-07-29 06:55:00+00:00,240.4,241.95,240.4,241.95,325.0,131.0,NIFTY,2026-08-18,24250.0,PE,2
2026-07-29 07:00:00+00:00,241.7,241.7,241.15,241.15,65.0,,NIFTY,2026-08-18,24250.0,PE,2
2026-07-29 07:05:00+00:00,241.15,241.15,241.15,241.15,65.0,,NIFTY,2026-08-18,24250.0,PE,2
2026-07-29 07:10:00+00:00,240.75,243.0,238.95,243.0,260.0,132.0,NIFTY,2026-08-18,24250.0,PE,2
2026-07-29 07:15:00+00:00,243.4,246.35,242.5,246.35,910.0,267.0,NIFTY,2026-08-18,24250.0,PE,2
2026-07-29 07:20:00+00:00,243.75,245.45,243.75,245.45,130.0,,NIFTY,2026-08-18,24250.0,PE,2
2026-07-29 07:25:00+00:00,243.0,244.1,240.55,240.55,1625.0,273.0,NIFTY,2026-08-18,24250.0,PE,2
2026-07-29 07:30:00+00:00,242.0,242.8,238.65,238.65,4680.0,291.0,NIFTY,2026-08-18,24250.0,PE,2
2026-07-29 07:35:00+00:00,236.15,237.5,231.75,231.75,845.0,729.0,NIFTY,2026-08-18,24250.0,PE,2
2026-07-29 07:40:00+00:00,230.0,231.4,229.25,231.3,2275.0,565.0,NIFTY,2026-08-18,24250.0,PE,2
2026-07-29 07:45:00+00:00,232.65,235.1,232.65,235.05,780.0,393.0,NIFTY,2026-08-18,24250.0,PE,2
2026-07-29 07:50:00+00:00,235.15,236.7,235.15,236.7,1235.0,395.0,NIFTY,2026-08-18,24250.0,PE,2
2026-07-29 07:55:00+00:00,238.0,238.0,235.45,237.35,715.0,202.0,NIFTY,2026-08-18,24250.0,PE,2
2026-07-29 08:00:00+00:00,235.4,235.4,235.0,235.0,260.0,404.0,NIFTY,2026-08-18,24250.0,PE,2
2026-07-29 08:05:00+00:00,234.0,234.95,234.0,234.95,2990.0,203.0,NIFTY,2026-08-18,24250.0,PE,2
2026-07-29 08:10:00+00:00,238.05,241.5,236.35,241.5,1170.0,379.0,NIFTY,2026-08-18,24250.0,PE,2
2026-07-29 08:15:00+00:00,241.8,241.9,229.15,235.2,1950.0,388.0,NIFTY,2026-08-18,24250.0,PE,2
2026-07-29 08:20:00+00:00,236.9,236.9,233.8,233.8,195.0,371.0,NIFTY,2026-08-18,24250.0,PE,2
2026-07-29 08:25:00+00:00,233.75,233.9,233.75,233.9,585.0,186.0,NIFTY,2026-08-18,24250.0,PE,2
2026-07-29 08:30:00+00:00,233.05,233.05,227.75,229.45,1430.0,547.0,NIFTY,2026-08-18,24250.0,PE,2
2026-07-29 08:35:00+00:00,229.75,230.8,229.75,230.8,260.0,367.0,NIFTY,2026-08-18,24250.0,PE,2
2026-07-29 08:40:00+00:00,227.35,230.1,227.35,230.1,195.0,,NIFTY,2026-08-18,24250.0,PE,2
2026-07-29 08:45:00+00:00,230.0,230.0,224.0,224.0,2470.0,742.0,NIFTY,2026-08-18,24250.0,PE,2
2026-07-29 08:50:00+00:00,224.35,226.4,221.05,224.4,1365.0,592.0,NIFTY,2026-08-18,24250.0,PE,2
2026-07-29 08:55:00+00:00,225.65,225.7,224.65,224.65,650.0,599.0,NIFTY,2026-08-18,24250.0,PE,2
2026-07-29 09:00:00+00:00,223.05,231.25,222.15,231.25,5785.0,414.0,NIFTY,2026-08-18,24250.0,PE,2
2026-07-29 09:05:00+00:00,226.75,228.45,226.75,228.45,260.0,501.0,NIFTY,2026-08-18,24250.0,PE,2
2026-07-29 09:10:00+00:00,227.05,229.7,227.05,227.05,390.0,506.0,NIFTY,2026-08-18,24250.0,PE,2
2026-07-29 09:15:00+00:00,227.25,227.45,225.9,227.45,910.0,1026.0,NIFTY,2026-08-18,24250.0,PE,2
2026-07-29 09:20:00+00:00,227.7,227.7,225.8,225.8,325.0,519.0,NIFTY,2026-08-18,24250.0,PE,2
2026-07-29 09:25:00+00:00,224.25,225.75,224.25,225.75,260.0,260.0,NIFTY,2026-08-18,24250.0,PE,2
2026-07-29 09:30:00+00:00,227.3,228.4,223.25,228.4,1170.0,781.0,NIFTY,2026-08-18,24250.0,PE,2
2026-07-29 09:35:00+00:00,227.6,229.5,226.8,227.3,1430.0,508.0,NIFTY,2026-08-18,24250.0,PE,2
2026-07-29 09:40:00+00:00,228.95,231.15,227.1,231.0,7150.0,993.0,NIFTY,2026-08-18,24250.0,PE,2
2026-07-29 09:45:00+00:00,232.0,237.65,232.0,236.4,2730.0,1026.0,NIFTY,2026-08-18,24250.0,PE,2
2026-07-29 09:50:00+00:00,236.9,237.0,232.8,236.7,2535.0,581.0,NIFTY,2026-08-18,24250.0,PE,2
2026-07-29 09:55:00+00:00,237.0,237.6,233.05,233.05,1820.0,576.0,NIFTY,2026-08-18,24250.0,PE,2
2026-07-30 03:45:00+00:00,246.0,255.35,228.35,231.2,9945.0,1509.0,NIFTY,2026-08-18,24250.0,PE,2
2026-07-30 03:50:00+00:00,229.2,229.2,223.0,223.0,1365.0,1205.0,NIFTY,2026-08-18,24250.0,PE,2
2026-07-30 03:55:00+00:00,224.15,225.7,222.9,224.05,1690.0,815.0,NIFTY,2026-08-18,24250.0,PE,2
2026-07-30 04:00:00+00:00,223.4,227.65,219.35,226.5,2275.0,850.0,NIFTY,2026-08-18,24250.0,PE,2
2026-07-30 04:05:00+00:00,226.0,232.0,226.0,232.0,780.0,664.0,NIFTY,2026-08-18,24250.0,PE,2
2026-07-30 04:10:00+00:00,233.9,238.55,230.15,230.15,1170.0,894.0,NIFTY,2026-08-18,24250.0,PE,2
2026-07-30 04:15:00+00:00,230.0,230.0,222.0,227.2,1625.0,690.0,NIFTY,2026-08-18,24250.0,PE,2
2026-07-30 04:20:00+00:00,223.8,229.95,222.0,229.95,1625.0,943.0,NIFTY,2026-08-18,24250.0,PE,2
2026-07-30 04:25:00+00:00,230.45,230.45,221.45,221.45,2015.0,1208.0,NIFTY,2026-08-18,24250.0,PE,2
2026-07-30 04:30:00+00:00,221.7,224.95,221.7,222.45,325.0,735.0,NIFTY,2026-08-18,24250.0,PE,2
2026-07-30 04:35:00+00:00,225.0,227.75,225.0,227.75,520.0,,NIFTY,2026-08-18,24250.0,PE,2
2026-07-30 04:40:00+00:00,229.25,236.35,229.25,236.35,2470.0,479.0,NIFTY,2026-08-18,24250.0,PE,2
2026-07-30 04:45:00+00:00,233.55,234.15,228.7,234.15,2145.0,973.0,NIFTY,2026-08-18,24250.0,PE,2
2026-07-30 04:50:00+00:00,236.8,237.0,233.0,233.0,2210.0,744.0,NIFTY,2026-08-18,24250.0,PE,2
2026-07-30 04:55:00+00:00,237.05,240.0,236.9,239.45,1300.0,503.0,NIFTY,2026-08-18,24250.0,PE,2
2026-07-30 05:00:00+00:00,241.0,245.85,240.0,240.0,1820.0,744.0,NIFTY,2026-08-18,24250.0,PE,2
2026-07-30 05:05:00+00:00,236.0,237.0,232.45,237.0,1495.0,507.0,NIFTY,2026-08-18,24250.0,PE,2
2026-07-30 05:10:00+00:00,237.8,239.7,227.45,231.3,1300.0,515.0,NIFTY,2026-08-18,24250.0,PE,2
2026-07-30 05:15:00+00:00,231.0,231.05,230.0,230.5,2665.0,1057.0,NIFTY,2026-08-18,24250.0,PE,2
2026-07-30 05:20:00+00:00,225.0,228.55,225.0,228.55,1105.0,821.0,NIFTY,2026-08-18,24250.0,PE,2
2026-07-30 05:25:00+00:00,230.0,231.35,230.0,230.2,325.0,832.0,NIFTY,2026-08-18,24250.0,PE,2
2026-07-30 05:30:00+00:00,232.4,232.4,231.65,231.65,390.0,560.0,NIFTY,2026-08-18,24250.0,PE,2
2026-07-30 05:35:00+00:00,228.0,233.1,228.0,230.4,1430.0,,NIFTY,2026-08-18,24250.0,PE,2
2026-07-30 05:40:00+00:00,226.6,227.0,223.8,227.0,1040.0,566.0,NIFTY,2026-08-18,24250.0,PE,2
2026-07-30 05:45:00+00:00,227.0,227.0,221.0,222.65,715.0,861.0,NIFTY,2026-08-18,24250.0,PE,2
2026-07-30 05:50:00+00:00,223.0,227.25,223.0,227.25,195.0,289.0,NIFTY,2026-08-18,24250.0,PE,2
2026-07-30 05:55:00+00:00,223.75,223.75,220.0,220.85,2405.0,1142.0,NIFTY,2026-08-18,24250.0,PE,2
2026-07-30 06:00:00+00:00,221.0,221.0,221.0,221.0,65.0,286.0,NIFTY,2026-08-18,24250.0,PE,2
2026-07-30 06:05:00+00:00,223.5,223.5,223.5,223.5,65.0,287.0,NIFTY,2026-08-18,24250.0,PE,2
2026-07-30 06:10:00+00:00,223.5,223.5,223.5,223.5,65.0,287.0,NIFTY,2026-08-18,24250.0,PE,2
2026-07-30 06:15:00+00:00,225.85,231.25,225.85,228.0,1040.0,586.0,NIFTY,2026-08-18,24250.0,PE,2
2026-07-30 06:20:00+00:00,229.0,229.0,228.4,228.4,130.0,592.0,NIFTY,2026-08-18,24250.0,PE,2
2026-07-30 06:25:00+00:00,228.65,228.65,228.65,228.65,130.0,,NIFTY,2026-08-18,24250.0,PE,2
2026-07-30 06:30:00+00:00,227.5,229.15,227.5,229.15,585.0,891.0,NIFTY,2026-08-18,24250.0,PE,2
2026-07-30 06:35:00+00:00,229.0,229.45,228.5,229.45,780.0,599.0,NIFTY,2026-08-18,24250.0,PE,2
2026-07-30 06:40:00+00:00,229.5,229.5,225.75,227.05,455.0,1210.0,NIFTY,2026-08-18,24250.0,PE,2
2026-07-30 06:45:00+00:00,227.75,227.75,226.05,226.05,130.0,304.0,NIFTY,2026-08-18,24250.0,PE,2
2026-07-30 06:50:00+00:00,224.5,224.5,224.5,224.5,65.0,,NIFTY,2026-08-18,24250.0,PE,2
2026-07-30 06:55:00+00:00,223.5,223.5,223.5,223.5,325.0,304.0,NIFTY,2026-08-18,24250.0,PE,2
2026-07-30 07:00:00+00:00,219.0,219.0,192.65,193.1,7540.0,654.0,NIFTY,2026-08-18,24250.0,PE,2
2026-07-30 07:05:00+00:00,197.9,203.75,197.0,202.2,2080.0,1361.0,NIFTY,2026-08-18,24250.0,PE,2
2026-07-30 07:10:00+00:00,200.0,200.0,197.0,199.0,2210.0,1025.0,NIFTY,2026-08-18,24250.0,PE,2
2026-07-30 07:15:00+00:00,198.1,203.55,198.1,203.45,195.0,345.0,NIFTY,2026-08-18,24250.0,PE,2
2026-07-30 07:20:00+00:00,203.0,204.5,201.4,204.0,2015.0,691.0,NIFTY,2026-08-18,24250.0,PE,2
2026-07-30 07:25:00+00:00,205.1,205.85,204.0,205.85,1560.0,1415.0,NIFTY,2026-08-18,24250.0,PE,2
2026-07-30 07:30:00+00:00,206.0,210.35,206.0,210.0,845.0,705.0,NIFTY,2026-08-18,24250.0,PE,2
2026-07-30 07:35:00+00:00,210.0,210.0,208.5,208.5,260.0,706.0,NIFTY,2026-08-18,24250.0,PE,2
2026-07-30 07:40:00+00:00,211.0,225.0,211.0,219.8,2730.0,1044.0,NIFTY,2026-08-18,24250.0,PE,2
2026-07-30 07:45:00+00:00,218.45,220.2,218.45,219.05,780.0,694.0,NIFTY,2026-08-18,24250.0,PE,2
2026-07-30 07:50:00+00:00,217.95,217.95,209.65,209.65,715.0,702.0,NIFTY,2026-08-18,24250.0,PE,2
2026-07-30 07:55:00+00:00,211.9,217.45,211.9,217.45,260.0,352.0,NIFTY,2026-08-18,24250.0,PE,2
2026-07-30 08:00:00+00:00,218.0,218.15,213.35,213.35,195.0,707.0,NIFTY,2026-08-18,24250.0,PE,2
2026-07-30 08:05:00+00:00,213.05,213.05,206.0,208.15,2535.0,1803.0,NIFTY,2026-08-18,24250.0,PE,2
2026-07-30 08:10:00+00:00,207.5,207.5,205.45,205.45,1300.0,733.0,NIFTY,2026-08-18,24250.0,PE,2
2026-07-30 08:15:00+00:00,208.9,211.15,208.9,211.15,1040.0,1082.0,NIFTY,2026-08-18,24250.0,PE,2
2026-07-30 08:20:00+00:00,212.2,213.15,205.65,206.2,1105.0,1092.0,NIFTY,2026-08-18,24250.0,PE,2
2026-07-30 08:25:00+00:00,204.35,204.35,204.35,204.35,65.0,362.0,NIFTY,2026-08-18,24250.0,PE,2
2026-07-30 08:30:00+00:00,209.15,209.15,208.75,208.75,130.0,362.0,NIFTY,2026-08-18,24250.0,PE,2
2026-07-30 08:35:00+00:00,213.5,215.0,213.5,215.0,130.0,363.0,NIFTY,2026-08-18,24250.0,PE,2
2026-07-30 08:40:00+00:00,214.85,220.0,214.85,220.0,390.0,1445.0,NIFTY,2026-08-18,24250.0,PE,2
2026-07-30 08:45:00+00:00,221.95,222.0,221.95,222.0,325.0,358.0,NIFTY,2026-08-18,24250.0,PE,2
2026-07-30 08:50:00+00:00,222.9,231.3,222.9,223.1,3445.0,1738.0,NIFTY,2026-08-18,24250.0,PE,2
2026-07-30 08:55:00+00:00,230.7,230.7,226.0,227.0,1235.0,1348.0,NIFTY,2026-08-18,24250.0,PE,2
2026-07-30 09:00:00+00:00,228.05,230.05,219.55,219.55,2665.0,646.0,NIFTY,2026-08-18,24250.0,PE,2
2026-07-30 09:05:00+00:00,218.85,218.85,214.3,214.3,910.0,635.0,NIFTY,2026-08-18,24250.0,PE,2
2026-07-30 09:10:00+00:00,214.35,219.65,214.35,216.15,1105.0,1281.0,NIFTY,2026-08-18,24250.0,PE,2
2026-07-30 09:15:00+00:00,213.9,213.9,207.8,208.0,2080.0,961.0,NIFTY,2026-08-18,24250.0,PE,2
2026-07-30 09:20:00+00:00,208.9,210.3,205.7,210.3,1755.0,1294.0,NIFTY,2026-08-18,24250.0,PE,2
2026-07-30 09:25:00+00:00,210.45,210.95,206.8,206.8,1040.0,658.0,NIFTY,2026-08-18,24250.0,PE,2
2026-07-30 09:30:00+00:00,207.3,210.6,201.4,203.4,1560.0,1648.0,NIFTY,2026-08-18,24250.0,PE,2
2026-07-30 09:35:00+00:00,201.0,203.8,199.1,203.0,1625.0,1342.0,NIFTY,2026-08-18,24250.0,PE,2
2026-07-30 09:40:00+00:00,203.95,206.0,202.55,206.0,1560.0,1021.0,NIFTY,2026-08-18,24250.0,PE,2
2026-07-30 09:45:00+00:00,210.0,211.05,207.85,209.0,1430.0,1296.0,NIFTY,2026-08-18,24250.0,PE,2
2026-07-30 09:50:00+00:00,208.8,208.8,203.05,203.05,1885.0,1284.0,NIFTY,2026-08-18,24250.0,PE,2
2026-07-30 09:55:00+00:00,206.4,206.4,203.0,205.75,1170.0,952.0,NIFTY,2026-08-18,24250.0,PE,2
2026-07-31 03:45:00+00:00,173.5,173.55,168.05,170.25,7215.0,999.0,NIFTY,2026-08-18,24250.0,PE,2
2026-07-31 03:50:00+00:00,170.55,174.75,163.5,166.45,2860.0,1876.0,NIFTY,2026-08-18,24250.0,PE,2
2026-07-31 03:55:00+00:00,170.6,173.95,170.6,173.95,455.0,771.0,NIFTY,2026-08-18,24250.0,PE,2
2026-07-31 04:00:00+00:00,174.35,182.0,174.35,182.0,1690.0,388.0,NIFTY,2026-08-18,24250.0,PE,2
2026-07-31 04:05:00+00:00,183.15,187.85,183.15,186.4,910.0,776.0,NIFTY,2026-08-18,24250.0,PE,2
2026-07-31 04:10:00+00:00,179.5,179.5,169.0,169.0,715.0,770.0,NIFTY,2026-08-18,24250.0,PE,2
2026-07-31 04:15:00+00:00,174.75,174.75,167.25,167.25,1300.0,1537.0,NIFTY,2026-08-18,24250.0,PE,2
2026-07-31 04:20:00+00:00,168.45,175.1,168.45,173.2,390.0,390.0,NIFTY,2026-08-18,24250.0,PE,2
2026-07-31 04:25:00+00:00,168.95,172.35,168.95,169.55,585.0,781.0,NIFTY,2026-08-18,24250.0,PE,2
2026-07-31 04:30:00+00:00,170.85,170.85,169.95,169.95,1430.0,798.0,NIFTY,2026-08-18,24250.0,PE,2
2026-07-31 04:35:00+00:00,173.95,174.0,173.8,173.8,455.0,819.0,NIFTY,2026-08-18,24250.0,PE,2
2026-07-31 04:40:00+00:00,173.05,173.05,169.0,169.0,390.0,410.0,NIFTY,2026-08-18,24250.0,PE,2
2026-07-31 04:45:00+00:00,174.0,175.15,172.8,172.8,520.0,824.0,NIFTY,2026-08-18,24250.0,PE,2
2026-07-31 04:50:00+00:00,169.35,170.85,169.35,170.85,650.0,828.0,NIFTY,2026-08-18,24250.0,PE,2
2026-07-31 05:00:00+00:00,170.2,172.8,170.2,172.8,130.0,414.0,NIFTY,2026-08-18,24250.0,PE,2
2026-07-31 05:05:00+00:00,175.3,175.3,168.7,168.7,390.0,1248.0,NIFTY,2026-08-18,24250.0,PE,2
2026-07-31 05:10:00+00:00,167.1,168.1,167.1,168.1,325.0,839.0,NIFTY,2026-08-18,24250.0,PE,2
2026-07-31 05:15:00+00:00,166.8,167.05,165.0,165.0,1170.0,845.0,NIFTY,2026-08-18,24250.0,PE,2
2026-07-31 05:20:00+00:00,168.55,168.75,167.0,168.2,650.0,1276.0,NIFTY,2026-08-18,24250.0,PE,2
2026-07-31 05:30:00+00:00,168.65,168.65,168.65,168.65,390.0,,NIFTY,2026-08-18,24250.0,PE,2
2026-07-31 05:40:00+00:00,169.4,169.4,166.0,166.0,585.0,849.0,NIFTY,2026-08-18,24250.0,PE,2
2026-07-31 05:45:00+00:00,160.0,160.0,160.0,160.0,195.0,429.0,NIFTY,2026-08-18,24250.0,PE,2
2026-07-31 05:50:00+00:00,160.0,160.85,160.0,160.85,260.0,859.0,NIFTY,2026-08-18,24250.0,PE,2
2026-07-31 05:55:00+00:00,158.75,160.75,158.75,160.75,130.0,431.0,NIFTY,2026-08-18,24250.0,PE,2
2026-07-31 06:00:00+00:00,163.3,163.3,163.3,163.3,130.0,432.0,NIFTY,2026-08-18,24250.0,PE,2
2026-07-31 06:05:00+00:00,159.8,162.2,159.8,162.2,325.0,866.0,NIFTY,2026-08-18,24250.0,PE,2
2026-07-31 06:10:00+00:00,160.6,160.6,160.6,160.6,65.0,433.0,NIFTY,2026-08-18,24250.0,PE,2
2026-07-31 06:15:00+00:00,162.65,162.65,162.0,162.0,130.0,869.0,NIFTY,2026-08-18,24250.0,PE,2
2026-07-31 06:40:00+00:00,158.0,158.0,158.0,158.0,325.0,435.0,NIFTY,2026-08-18,24250.0,PE,2
2026-07-31 06:45:00+00:00,156.3,158.05,156.3,158.05,975.0,876.0,NIFTY,2026-08-18,24250.0,PE,2
2026-07-31 06:50:00+00:00,158.6,158.6,158.45,158.45,260.0,878.0,NIFTY,2026-08-18,24250.0,PE,2
2026-07-31 06:55:00+00:00,157.25,157.25,154.85,154.85,195.0,882.0,NIFTY,2026-08-18,24250.0,PE,2
2026-07-31 07:00:00+00:00,155.05,157.9,155.05,156.0,585.0,440.0,NIFTY,2026-08-18,24250.0,PE,2
2026-07-31 07:05:00+00:00,153.55,153.55,152.45,152.45,130.0,887.0,NIFTY,2026-08-18,24250.0,PE,2
2026-07-31 07:10:00+00:00,151.35,152.75,149.55,149.55,1040.0,1331.0,NIFTY,2026-08-18,24250.0,PE,2
2026-07-31 07:15:00+00:00,150.0,150.45,148.8,148.8,455.0,1777.0,NIFTY,2026-08-18,24250.0,PE,2
2026-07-31 07:20:00+00:00,149.5,152.05,148.85,151.9,1495.0,893.0,NIFTY,2026-08-18,24250.0,PE,2
2026-07-31 07:25:00+00:00,148.8,150.25,147.95,150.2,1430.0,895.0,NIFTY,2026-08-18,24250.0,PE,2
2026-07-31 07:30:00+00:00,151.1,152.35,150.0,150.1,975.0,890.0,NIFTY,2026-08-18,24250.0,PE,2
2026-07-31 07:35:00+00:00,150.05,150.05,147.1,147.1,715.0,1353.0,NIFTY,2026-08-18,24250.0,PE,2
2026-07-31 07:40:00+00:00,148.2,149.6,148.05,149.0,715.0,908.0,NIFTY,2026-08-18,24250.0,PE,2
2026-07-31 07:45:00+00:00,149.85,149.85,146.1,146.65,1625.0,924.0,NIFTY,2026-08-18,24250.0,PE,2
2026-07-31 07:50:00+00:00,147.1,147.95,146.5,146.5,1040.0,1854.0,NIFTY,2026-08-18,24250.0,PE,2
2026-07-31 07:55:00+00:00,145.0,146.0,145.0,146.0,455.0,936.0,NIFTY,2026-08-18,24250.0,PE,2
2026-07-31 08:00:00+00:00,147.55,150.7,147.55,149.9,650.0,943.0,NIFTY,2026-08-18,24250.0,PE,2
2026-07-31 08:05:00+00:00,150.25,150.55,149.05,149.05,910.0,471.0,NIFTY,2026-08-18,24250.0,PE,2
2026-07-31 08:10:00+00:00,151.6,152.5,150.75,150.75,1235.0,956.0,NIFTY,2026-08-18,24250.0,PE,2
2026-07-31 08:15:00+00:00,152.25,152.25,149.3,149.3,390.0,480.0,NIFTY,2026-08-18,24250.0,PE,2
2026-07-31 08:20:00+00:00,150.1,150.1,148.05,148.1,520.0,959.0,NIFTY,2026-08-18,24250.0,PE,2
2026-07-31 08:25:00+00:00,147.3,147.3,147.0,147.0,650.0,963.0,NIFTY,2026-08-18,24250.0,PE,2
2026-07-31 08:35:00+00:00,150.7,151.0,149.15,149.15,2275.0,988.0,NIFTY,2026-08-18,24250.0,PE,2
2026-07-31 08:40:00+00:00,150.0,150.0,147.85,147.85,260.0,1003.0,NIFTY,2026-08-18,24250.0,PE,2
2026-07-31 08:45:00+00:00,148.4,150.0,148.4,150.0,325.0,1005.0,NIFTY,2026-08-18,24250.0,PE,2
2026-07-31 08:50:00+00:00,150.0,150.0,148.8,149.05,325.0,1005.0,NIFTY,2026-08-18,24250.0,PE,2
2026-07-31 08:55:00+00:00,146.75,146.75,146.75,146.75,130.0,501.0,NIFTY,2026-08-18,24250.0,PE,2
2026-07-31 09:00:00+00:00,153.25,153.25,151.0,151.0,130.0,1005.0,NIFTY,2026-08-18,24250.0,PE,2
2026-07-31 09:05:00+00:00,152.05,152.05,150.8,151.0,2340.0,1005.0,NIFTY,2026-08-18,24250.0,PE,2
2026-07-31 09:10:00+00:00,151.95,154.7,151.95,154.5,260.0,1452.0,NIFTY,2026-08-18,24250.0,PE,2
2026-07-31 09:15:00+00:00,153.0,153.35,153.0,153.35,325.0,486.0,NIFTY,2026-08-18,24250.0,PE,2
2026-07-31 09:20:00+00:00,150.3,153.65,150.3,151.95,845.0,2427.0,NIFTY,2026-08-18,24250.0,PE,2
2026-07-31 09:25:00+00:00,153.45,155.4,153.45,155.4,130.0,969.0,NIFTY,2026-08-18,24250.0,PE,2
2026-07-31 09:30:00+00:00,153.6,153.6,148.55,148.6,4095.0,1940.0,NIFTY,2026-08-18,24250.0,PE,2
2026-07-31 09:35:00+00:00,150.0,150.0,147.45,149.2,1430.0,917.0,NIFTY,2026-08-18,24250.0,PE,2
2026-07-31 09:45:00+00:00,154.0,154.95,154.0,154.95,455.0,2278.0,NIFTY,2026-08-18,24250.0,PE,2
2026-07-31 09:50:00+00:00,154.95,154.95,153.0,153.0,390.0,913.0,NIFTY,2026-08-18,24250.0,PE,2
2026-07-31 09:55:00+00:00,154.0,158.05,153.05,157.8,4745.0,1827.0,NIFTY,2026-08-18,24250.0,PE,2
2026-08-03 03:45:00+00:00,95.0,95.0,90.05,94.1,12480.0,1909.0,NIFTY,2026-08-18,24250.0,PE,2
2026-08-03 03:50:00+00:00,93.55,93.75,91.85,93.75,5070.0,1968.0,NIFTY,2026-08-18,24250.0,PE,2
2026-08-03 03:55:00+00:00,93.15,93.35,90.0,91.75,7020.0,2045.0,NIFTY,2026-08-18,24250.0,PE,2
2026-08-03 04:00:00+00:00,89.0,89.0,88.15,88.15,6045.0,1595.0,NIFTY,2026-08-18,24250.0,PE,2
2026-08-03 04:05:00+00:00,87.4,87.75,86.25,86.6,4030.0,2134.0,NIFTY,2026-08-18,24250.0,PE,2
2026-08-03 04:10:00+00:00,86.25,86.95,85.8,86.3,2600.0,1086.0,NIFTY,2026-08-18,24250.0,PE,2
2026-08-03 04:15:00+00:00,85.4,86.7,85.15,86.7,1755.0,1653.0,NIFTY,2026-08-18,24250.0,PE,2
2026-08-03 04:20:00+00:00,87.0,87.05,86.2,86.2,3705.0,2210.0,NIFTY,2026-08-18,24250.0,PE,2
2026-08-03 04:25:00+00:00,85.0,85.0,83.15,84.25,1560.0,2216.0,NIFTY,2026-08-18,24250.0,PE,2
2026-08-03 04:30:00+00:00,83.85,84.4,82.65,83.1,1300.0,1119.0,NIFTY,2026-08-18,24250.0,PE,2
2026-08-03 04:35:00+00:00,83.85,84.05,82.75,82.75,2795.0,,NIFTY,2026-08-18,24250.0,PE,2
2026-08-03 04:40:00+00:00,82.75,82.75,81.25,81.25,585.0,1702.0,NIFTY,2026-08-18,24250.0,PE,2
2026-08-03 04:45:00+00:00,81.15,81.15,78.25,78.4,1885.0,1720.0,NIFTY,2026-08-18,24250.0,PE,2
2026-08-03 04:50:00+00:00,78.3,79.9,78.3,79.6,715.0,1735.0,NIFTY,2026-08-18,24250.0,PE,2
2026-08-03 04:55:00+00:00,80.0,80.0,79.05,79.5,1105.0,2310.0,NIFTY,2026-08-18,24250.0,PE,2
2026-08-03 05:00:00+00:00,80.1,81.25,80.1,81.25,1235.0,1734.0,NIFTY,2026-08-18,24250.0,PE,2
2026-08-03 05:05:00+00:00,80.5,81.65,80.5,81.0,260.0,580.0,NIFTY,2026-08-18,24250.0,PE,2
2026-08-03 05:10:00+00:00,81.95,81.95,81.0,81.0,1365.0,1753.0,NIFTY,2026-08-18,24250.0,PE,2
2026-08-03 05:15:00+00:00,79.8,79.8,79.1,79.6,520.0,1179.0,NIFTY,2026-08-18,24250.0,PE,2
2026-08-03 05:20:00+00:00,79.3,79.9,79.3,79.4,390.0,1181.0,NIFTY,2026-08-18,24250.0,PE,2
2026-08-03 05:25:00+00:00,79.85,79.85,78.15,78.15,1040.0,1188.0,NIFTY,2026-08-18,24250.0,PE,2
2026-08-03 05:30:00+00:00,79.05,79.05,76.65,76.65,1105.0,1184.0,NIFTY,2026-08-18,24250.0,PE,2
2026-08-03 05:35:00+00:00,77.3,78.25,77.3,78.0,260.0,1187.0,NIFTY,2026-08-18,24250.0,PE,2
2026-08-03 05:40:00+00:00,79.1,79.1,78.95,79.05,260.0,1187.0,NIFTY,2026-08-18,24250.0,PE,2
2026-08-03 05:45:00+00:00,79.1,79.25,77.95,78.7,520.0,2386.0,NIFTY,2026-08-18,24250.0,PE,2
2026-08-03 05:50:00+00:00,78.7,78.7,78.7,78.7,65.0,,NIFTY,2026-08-18,24250.0,PE,2
2026-08-03 05:55:00+00:00,78.85,79.05,78.2,78.6,520.0,1797.0,NIFTY,2026-08-18,24250.0,PE,2
2026-08-03 06:00:00+00:00,79.85,79.85,79.65,79.8,1690.0,1811.0,NIFTY,2026-08-18,24250.0,PE,2
2026-08-03 06:05:00+00:00,79.55,79.55,79.55,79.55,65.0,614.0,NIFTY,2026-08-18,24250.0,PE,2
2026-08-03 06:10:00+00:00,78.55,78.9,77.95,78.9,585.0,1231.0,NIFTY,2026-08-18,24250.0,PE,2
2026-08-03 06:15:00+00:00,79.95,79.95,79.0,79.0,455.0,1848.0,NIFTY,2026-08-18,24250.0,PE,2
2026-08-03 06:20:00+00:00,79.4,79.5,78.7,78.95,1040.0,1855.0,NIFTY,2026-08-18,24250.0,PE,2
2026-08-03 06:25:00+00:00,79.15,79.15,79.15,79.15,715.0,622.0,NIFTY,2026-08-18,24250.0,PE,2
2026-08-03 06:30:00+00:00,80.75,81.6,80.75,81.6,1235.0,3153.0,NIFTY,2026-08-18,24250.0,PE,2
2026-08-03 06:35:00+00:00,81.75,82.2,81.0,81.0,715.0,1919.0,NIFTY,2026-08-18,24250.0,PE,2
2026-08-03 06:40:00+00:00,81.1,81.1,81.1,81.1,65.0,,NIFTY,2026-08-18,24250.0,PE,2
2026-08-03 06:45:00+00:00,78.7,78.7,78.7,78.7,65.0,642.0,NIFTY,2026-08-18,24250.0,PE,2
2026-08-03 06:50:00+00:00,78.0,79.55,78.0,79.55,325.0,1285.0,NIFTY,2026-08-18,24250.0,PE,2
2026-08-03 07:00:00+00:00,79.0,81.0,79.0,80.65,390.0,1291.0,NIFTY,2026-08-18,24250.0,PE,2
2026-08-03 07:05:00+00:00,80.3,80.3,80.3,80.3,130.0,645.0,NIFTY,2026-08-18,24250.0,PE,2
2026-08-03 07:10:00+00:00,80.6,80.6,79.7,79.7,1170.0,1293.0,NIFTY,2026-08-18,24250.0,PE,2
2026-08-03 07:15:00+00:00,79.2,84.95,79.2,84.9,3510.0,1287.0,NIFTY,2026-08-18,24250.0,PE,2
2026-08-03 07:20:00+00:00,84.45,84.45,83.35,83.35,715.0,1272.0,NIFTY,2026-08-18,24250.0,PE,2
2026-08-03 07:25:00+00:00,83.15,84.65,83.15,84.65,910.0,1270.0,NIFTY,2026-08-18,24250.0,PE,2
2026-08-03 07:45:00+00:00,83.15,83.15,83.15,83.15,65.0,,NIFTY,2026-08-18,24250.0,PE,2
2026-08-03 07:50:00+00:00,82.95,82.95,82.0,82.0,325.0,1274.0,NIFTY,2026-08-18,24250.0,PE,2
2026-08-03 07:55:00+00:00,81.4,81.4,81.4,81.4,65.0,638.0,NIFTY,2026-08-18,24250.0,PE,2
2026-08-03 08:00:00+00:00,81.2,81.2,80.7,80.7,130.0,1275.0,NIFTY,2026-08-18,24250.0,PE,2
2026-08-03 08:05:00+00:00,79.7,80.8,79.7,80.8,130.0,1277.0,NIFTY,2026-08-18,24250.0,PE,2
2026-08-03 08:10:00+00:00,80.6,80.6,80.25,80.25,130.0,639.0,NIFTY,2026-08-18,24250.0,PE,2
2026-08-03 08:15:00+00:00,80.9,81.55,80.9,81.0,1560.0,650.0,NIFTY,2026-08-18,24250.0,PE,2
2026-08-03 08:30:00+00:00,81.5,81.5,81.5,81.5,130.0,,NIFTY,2026-08-18,24250.0,PE,2
2026-08-03 08:35:00+00:00,81.05,82.25,81.05,82.25,715.0,651.0,NIFTY,2026-08-18,24250.0,PE,2
2026-08-03 08:40:00+00:00,81.6,81.6,80.95,80.95,130.0,1314.0,NIFTY,2026-08-18,24250.0,PE,2
2026-08-03 08:45:00+00:00,81.95,81.95,81.85,81.85,130.0,658.0,NIFTY,2026-08-18,24250.0,PE,2
2026-08-03 08:50:00+00:00,82.85,82.9,82.85,82.9,195.0,659.0,NIFTY,2026-08-18,24250.0,PE,2
2026-08-03 08:55:00+00:00,82.0,82.0,82.0,82.0,65.0,,NIFTY,2026-08-18,24250.0,PE,2
2026-08-03 09:05:00+00:00,81.8,82.25,80.25,81.35,6955.0,1320.0,NIFTY,2026-08-18,24250.0,PE,2
2026-08-03 09:10:00+00:00,80.95,81.45,80.55,81.45,845.0,1418.0,NIFTY,2026-08-18,24250.0,PE,2
2026-08-03 09:15:00+00:00,81.3,81.3,81.25,81.25,325.0,1415.0,NIFTY,2026-08-18,24250.0,PE,2
2026-08-03 09:20:00+00:00,80.85,82.0,80.85,82.0,1235.0,1418.0,NIFTY,2026-08-18,24250.0,PE,2
2026-08-03 09:25:00+00:00,81.0,81.0,80.6,80.6,260.0,1421.0,NIFTY,2026-08-18,24250.0,PE,2
2026-08-03 09:30:00+00:00,81.35,83.2,81.35,83.2,975.0,1418.0,NIFTY,2026-08-18,24250.0,PE,2
2026-08-03 09:35:00+00:00,83.2,85.25,83.2,84.55,845.0,2113.0,NIFTY,2026-08-18,24250.0,PE,2
2026-08-03 09:40:00+00:00,85.4,85.4,83.0,83.0,1040.0,2104.0,NIFTY,2026-08-18,24250.0,PE,2
2026-08-03 09:45:00+00:00,82.95,83.5,82.0,82.2,3770.0,1412.0,NIFTY,2026-08-18,24250.0,PE,2
2026-08-03 09:50:00+00:00,82.5,83.55,82.5,82.7,1170.0,2112.0,NIFTY,2026-08-18,24250.0,PE,2
2026-08-03 09:55:00+00:00,82.25,83.05,78.4,78.4,2925.0,2092.0,NIFTY,2026-08-18,24250.0,PE,2
2026-08-03 10:00:00+00:00,77.0,77.0,73.05,75.0,3250.0,1391.0,NIFTY,2026-08-18,24250.0,PE,2
2026-08-03 10:05:00+00:00,79.75,82.25,76.1,76.1,910.0,2780.0,NIFTY,2026-08-18,24250.0,PE,2
2026-08-04 03:45:00+00:00,74.4,78.15,73.4,74.7,2860.0,2089.0,NIFTY,2026-08-18,24250.0,PE,2
2026-08-04 03:50:00+00:00,72.2,72.4,68.95,70.0,7410.0,3486.0,NIFTY,2026-08-18,24250.0,PE,2
2026-08-04 03:55:00+00:00,70.3,74.35,70.3,74.35,3640.0,2823.0,NIFTY,2026-08-18,24250.0,PE,2
2026-08-04 04:00:00+00:00,74.75,76.4,73.8,76.4,2210.0,2133.0,NIFTY,2026-08-18,24250.0,PE,2
2026-08-04 04:05:00+00:00,77.85,77.85,73.55,73.55,1430.0,1439.0,NIFTY,2026-08-18,24250.0,PE,2
2026-08-04 04:10:00+00:00,71.1,72.2,68.3,68.4,3640.0,3617.0,NIFTY,2026-08-18,24250.0,PE,2
2026-08-04 04:15:00+00:00,69.4,69.4,67.0,67.0,1495.0,2165.0,NIFTY,2026-08-18,24250.0,PE,2
2026-08-04 04:20:00+00:00,67.05,68.3,66.5,67.9,2210.0,2906.0,NIFTY,2026-08-18,24250.0,PE,2
2026-08-04 04:25:00+00:00,66.45,67.65,66.45,67.15,845.0,1450.0,NIFTY,2026-08-18,24250.0,PE,2
2026-08-04 04:30:00+00:00,67.5,67.5,67.0,67.35,910.0,2185.0,NIFTY,2026-08-18,24250.0,PE,2
2026-08-04 04:35:00+00:00,67.2,67.5,67.2,67.5,910.0,1469.0,NIFTY,2026-08-18,24250.0,PE,2
2026-08-04 04:40:00+00:00,67.15,68.7,66.95,67.7,2990.0,1487.0,NIFTY,2026-08-18,24250.0,PE,2
2026-08-04 04:45:00+00:00,68.0,68.0,66.3,66.5,1495.0,2995.0,NIFTY,2026-08-18,24250.0,PE,2
2026-08-04 04:50:00+00:00,68.85,68.85,68.85,68.85,260.0,754.0,NIFTY,2026-08-18,24250.0,PE,2
2026-08-04 04:55:00+00:00,70.55,71.6,69.3,70.75,715.0,3030.0,NIFTY,2026-08-18,24250.0,PE,2
2026-08-04 05:00:00+00:00,70.9,73.35,70.9,73.35,390.0,2275.0,NIFTY,2026-08-18,24250.0,PE,2
2026-08-04 05:05:00+00:00,74.05,75.0,73.1,73.1,845.0,3787.0,NIFTY,2026-08-18,24250.0,PE,2
2026-08-04 05:10:00+00:00,73.15,74.3,73.15,74.25,585.0,757.0,NIFTY,2026-08-18,24250.0,PE,2
2026-08-04 05:15:00+00:00,73.3,75.2,73.3,74.65,715.0,2276.0,NIFTY,2026-08-18,24250.0,PE,2
2026-08-04 05:20:00+00:00,73.4,74.4,73.1,74.4,650.0,1517.0,NIFTY,2026-08-18,24250.0,PE,2
2026-08-04 05:25:00+00:00,74.5,79.05,74.5,79.05,1170.0,754.0,NIFTY,2026-08-18,24250.0,PE,2
2026-08-04 05:30:00+00:00,77.6,77.6,74.95,74.95,715.0,754.0,NIFTY,2026-08-18,24250.0,PE,2
2026-08-04 05:35:00+00:00,75.7,75.7,74.7,75.55,4940.0,2308.0,NIFTY,2026-08-18,24250.0,PE,2
2026-08-04 05:40:00+00:00,75.6,75.65,75.0,75.0,7280.0,2477.0,NIFTY,2026-08-18,24250.0,PE,2
2026-08-04 05:45:00+00:00,72.75,73.05,72.75,73.05,195.0,847.0,NIFTY,2026-08-18,24250.0,PE,2
2026-08-04 05:50:00+00:00,74.6,75.75,74.6,75.75,130.0,,NIFTY,2026-08-18,24250.0,PE,2
2026-08-04 05:55:00+00:00,75.9,76.15,75.4,76.15,780.0,848.0,NIFTY,2026-08-18,24250.0,PE,2
2026-08-04 06:00:00+00:00,78.65,79.45,78.45,78.45,260.0,1698.0,NIFTY,2026-08-18,24250.0,PE,2
2026-08-04 06:05:00+00:00,80.5,80.5,80.0,80.0,260.0,1699.0,NIFTY,2026-08-18,24250.0,PE,2
2026-08-04 06:10:00+00:00,80.0,83.35,80.0,80.6,1625.0,2556.0,NIFTY,2026-08-18,24250.0,PE,2
2026-08-04 06:15:00+00:00,83.0,91.85,83.0,91.55,14495.0,3587.0,NIFTY,2026-08-18,24250.0,PE,2
2026-08-04 06:20:00+00:00,91.45,92.1,87.95,90.15,24115.0,3295.0,NIFTY,2026-08-18,24250.0,PE,2
2026-08-04 06:25:00+00:00,89.25,95.65,89.25,95.65,1430.0,4601.0,NIFTY,2026-08-18,24250.0,PE,2
2026-08-04 06:30:00+00:00,97.85,101.7,94.0,96.4,3770.0,6907.0,NIFTY,2026-08-18,24250.0,PE,2
2026-08-04 06:35:00+00:00,97.3,102.3,97.3,102.3,715.0,3447.0,NIFTY,2026-08-18,24250.0,PE,2
2026-08-04 06:40:00+00:00,102.25,105.5,99.45,99.45,1950.0,3443.0,NIFTY,2026-08-18,24250.0,PE,2
2026-08-04 06:45:00+00:00,100.8,102.15,97.25,98.1,1755.0,3451.0,NIFTY,2026-08-18,24250.0,PE,2
2026-08-04 06:50:00+00:00,96.5,99.95,96.5,97.55,520.0,3455.0,NIFTY,2026-08-18,24250.0,PE,2
2026-08-04 06:55:00+00:00,97.55,97.55,97.55,97.55,65.0,,NIFTY,2026-08-18,24250.0,PE,2
2026-08-04 07:00:00+00:00,98.85,101.15,98.25,101.15,715.0,2301.0,NIFTY,2026-08-18,24250.0,PE,2
2026-08-04 07:05:00+00:00,103.3,108.65,103.3,106.55,4355.0,2319.0,NIFTY,2026-08-18,24250.0,PE,2
2026-08-04 07:10:00+00:00,103.6,109.4,102.3,109.2,1820.0,5868.0,NIFTY,2026-08-18,24250.0,PE,2
2026-08-04 07:15:00+00:00,107.6,107.65,104.25,107.6,1495.0,4726.0,NIFTY,2026-08-18,24250.0,PE,2
2026-08-04 07:20:00+00:00,104.85,106.5,103.8,106.35,455.0,1184.0,NIFTY,2026-08-18,24250.0,PE,2
2026-08-04 07:25:00+00:00,107.45,109.4,106.85,109.2,4615.0,3569.0,NIFTY,2026-08-18,24250.0,PE,2
2026-08-04 07:30:00+00:00,109.35,109.95,108.25,108.8,1105.0,2417.0,NIFTY,2026-08-18,24250.0,PE,2
2026-08-04 07:35:00+00:00,108.2,110.0,108.2,110.0,455.0,3638.0,NIFTY,2026-08-18,24250.0,PE,2
2026-08-04 07:40:00+00:00,109.75,112.15,109.75,111.5,1300.0,3637.0,NIFTY,2026-08-18,24250.0,PE,2
2026-08-04 07:45:00+00:00,112.15,113.5,109.85,110.5,1365.0,4838.0,NIFTY,2026-08-18,24250.0,PE,2
2026-08-04 07:50:00+00:00,111.0,111.0,108.05,108.05,260.0,2416.0,NIFTY,2026-08-18,24250.0,PE,2
2026-08-04 07:55:00+00:00,108.25,115.0,108.25,113.5,1625.0,2424.0,NIFTY,2026-08-18,24250.0,PE,2
2026-08-04 08:00:00+00:00,113.4,115.7,112.85,112.85,2015.0,3649.0,NIFTY,2026-08-18,24250.0,PE,2
2026-08-04 08:05:00+00:00,114.0,115.8,113.8,113.8,1300.0,6118.0,NIFTY,2026-08-18,24250.0,PE,2
2026-08-04 08:10:00+00:00,112.0,116.25,111.85,116.25,2015.0,4935.0,NIFTY,2026-08-18,24250.0,PE,2
2026-08-04 08:15:00+00:00,116.3,116.7,113.5,115.45,1755.0,4946.0,NIFTY,2026-08-18,24250.0,PE,2
2026-08-04 08:20:00+00:00,114.2,121.0,114.2,119.2,2275.0,4967.0,NIFTY,2026-08-18,24250.0,PE,2
2026-08-04 08:25:00+00:00,119.15,126.25,116.65,116.65,2860.0,4964.0,NIFTY,2026-08-18,24250.0,PE,2
2026-08-04 08:30:00+00:00,117.15,121.1,117.0,120.25,26585.0,4638.0,NIFTY,2026-08-18,24250.0,PE,2
2026-08-04 08:35:00+00:00,116.65,117.05,112.15,114.45,1300.0,4626.0,NIFTY,2026-08-18,24250.0,PE,2
2026-08-04 08:40:00+00:00,115.05,115.05,110.0,110.0,3965.0,3469.0,NIFTY,2026-08-18,24250.0,PE,2
2026-08-04 08:45:00+00:00,110.0,110.25,109.0,109.0,9425.0,3445.0,NIFTY,2026-08-18,24250.0,PE,2
2026-08-04 08:50:00+00:00,104.45,110.35,103.1,109.75,5915.0,4559.0,NIFTY,2026-08-18,24250.0,PE,2
2026-08-04 08:55:00+00:00,108.5,111.0,108.4,109.4,1430.0,3418.0,NIFTY,2026-08-18,24250.0,PE,2
2026-08-04 09:00:00+00:00,110.0,110.0,107.35,108.65,1950.0,1148.0,NIFTY,2026-08-18,24250.0,PE,2
2026-08-04 09:05:00+00:00,108.45,110.1,107.45,108.35,3575.0,5820.0,NIFTY,2026-08-18,24250.0,PE,2
2026-08-04 09:10:00+00:00,109.3,110.75,108.8,108.8,715.0,3505.0,NIFTY,2026-08-18,24250.0,PE,2
2026-08-04 09:15:00+00:00,109.85,109.85,107.15,108.0,2925.0,2350.0,NIFTY,2026-08-18,24250.0,PE,2
2026-08-04 09:20:00+00:00,107.75,107.75,104.95,104.95,1495.0,3556.0,NIFTY,2026-08-18,24250.0,PE,2
2026-08-04 09:25:00+00:00,104.55,106.85,104.0,106.85,4095.0,7220.0,NIFTY,2026-08-18,24250.0,PE,2
2026-08-04 09:30:00+00:00,105.95,109.15,103.8,108.8,3575.0,4890.0,NIFTY,2026-08-18,24250.0,PE,2
2026-08-04 09:35:00+00:00,110.55,111.15,104.8,105.0,1105.0,4938.0,NIFTY,2026-08-18,24250.0,PE,2
2026-08-04 09:40:00+00:00,106.1,107.5,99.95,99.95,1690.0,6179.0,NIFTY,2026-08-18,24250.0,PE,2
2026-08-04 09:45:00+00:00,100.0,101.85,100.0,101.85,2275.0,3703.0,NIFTY,2026-08-18,24250.0,PE,2
2026-08-04 09:50:00+00:00,100.75,102.45,100.75,101.7,1170.0,2465.0,NIFTY,2026-08-18,24250.0,PE,2
2026-08-04 09:55:00+00:00,101.9,102.25,94.2,94.2,5460.0,6130.0,NIFTY,2026-08-18,24250.0,PE,2
2026-08-04 10:00:00+00:00,93.65,103.65,93.65,103.65,6175.0,4876.0,NIFTY,2026-08-18,24250.0,PE,2
2026-08-04 10:05:00+00:00,101.7,104.9,98.95,98.95,3640.0,3664.0,NIFTY,2026-08-18,24250.0,PE,2
2026-08-05 03:45:00+00:00,61.75,61.75,50.9,53.15,41275.0,6281.0,NIFTY,2026-08-18,24250.0,PE,2
2026-08-05 03:50:00+00:00,52.7,57.95,52.4,57.9,15340.0,5190.0,NIFTY,2026-08-18,24250.0,PE,2
2026-08-05 03:55:00+00:00,57.85,61.1,57.15,58.65,5330.0,6500.0,NIFTY,2026-08-18,24250.0,PE,2
2026-08-05 04:00:00+00:00,59.55,63.5,59.15,62.05,7085.0,5248.0,NIFTY,2026-08-18,24250.0,PE,2
2026-08-05 04:05:00+00:00,62.1,63.5,59.2,59.2,5850.0,6594.0,NIFTY,2026-08-18,24250.0,PE,2
2026-08-05 04:10:00+00:00,59.45,60.15,56.75,59.35,5655.0,5276.0,NIFTY,2026-08-18,24250.0,PE,2
2026-08-05 04:15:00+00:00,59.0,60.15,57.3,57.5,3770.0,4012.0,NIFTY,2026-08-18,24250.0,PE,2
2026-08-05 04:20:00+00:00,57.9,65.25,57.9,65.25,4550.0,5377.0,NIFTY,2026-08-18,24250.0,PE,2
2026-08-05 04:25:00+00:00,64.5,67.0,63.4,63.95,5785.0,6826.0,NIFTY,2026-08-18,24250.0,PE,2
2026-08-05 04:30:00+00:00,63.5,63.5,55.6,58.7,13975.0,5447.0,NIFTY,2026-08-18,24250.0,PE,2
2026-08-05 04:35:00+00:00,58.75,65.7,58.75,61.3,5330.0,5369.0,NIFTY,2026-08-18,24250.0,PE,2
2026-08-05 04:40:00+00:00,61.1,61.85,58.35,58.85,4680.0,5383.0,NIFTY,2026-08-18,24250.0,PE,2
2026-08-05 04:45:00+00:00,60.3,64.05,60.3,61.15,6305.0,5382.0,NIFTY,2026-08-18,24250.0,PE,2
2026-08-05 04:50:00+00:00,60.75,62.55,60.35,61.7,2275.0,5376.0,NIFTY,2026-08-18,24250.0,PE,2
2026-08-05 04:55:00+00:00,62.7,72.2,62.25,70.85,7020.0,6739.0,NIFTY,2026-08-18,24250.0,PE,2
2026-08-05 05:00:00+00:00,72.25,81.0,71.4,72.2,27820.0,6847.0,NIFTY,2026-08-18,24250.0,PE,2
2026-08-05 05:05:00+00:00,72.7,74.3,68.9,71.05,5200.0,6928.0,NIFTY,2026-08-18,24250.0,PE,2
2026-08-05 05:10:00+00:00,72.2,72.2,63.45,65.4,12675.0,6877.0,NIFTY,2026-08-18,24250.0,PE,2
2026-08-05 05:15:00+00:00,66.0,66.0,63.5,63.65,1690.0,2739.0,NIFTY,2026-08-18,24250.0,PE,2
2026-08-05 05:20:00+00:00,61.0,64.05,61.0,62.35,2340.0,5452.0,NIFTY,2026-08-18,24250.0,PE,2
2026-08-05 05:25:00+00:00,60.65,60.65,55.25,55.25,7215.0,6817.0,NIFTY,2026-08-18,24250.0,PE,2
2026-08-05 05:30:00+00:00,55.0,56.3,54.2,56.3,11440.0,6836.0,NIFTY,2026-08-18,24250.0,PE,2
2026-08-05 05:35:00+00:00,56.05,59.8,55.25,59.8,5200.0,5499.0,NIFTY,2026-08-18,24250.0,PE,2
2026-08-05 05:40:00+00:00,59.85,60.9,58.45,59.6,2860.0,4126.0,NIFTY,2026-08-18,24250.0,PE,2
2026-08-05 05:45:00+00:00,59.05,61.0,59.05,61.0,845.0,5508.0,NIFTY,2026-08-18,24250.0,PE,2
2026-08-05 05:50:00+00:00,61.25,62.35,59.85,62.35,2275.0,5503.0,NIFTY,2026-08-18,24250.0,PE,2
2026-08-05 05:55:00+00:00,63.1,63.1,62.3,63.1,780.0,1376.0,NIFTY,2026-08-18,24250.0,PE,2
2026-08-05 06:00:00+00:00,65.2,72.2,65.2,71.85,4550.0,6890.0,NIFTY,2026-08-18,24250.0,PE,2
2026-08-05 06:05:00+00:00,71.95,71.95,67.8,67.8,5915.0,6990.0,NIFTY,2026-08-18,24250.0,PE,2
2026-08-05 06:10:00+00:00,67.7,70.0,67.4,69.75,2470.0,5582.0,NIFTY,2026-08-18,24250.0,PE,2
2026-08-05 06:15:00+00:00,70.1,72.75,70.1,72.4,1950.0,4182.0,NIFTY,2026-08-18,24250.0,PE,2
2026-08-05 06:20:00+00:00,73.0,78.5,73.0,76.0,3705.0,5583.0,NIFTY,2026-08-18,24250.0,PE,2
2026-08-05 06:25:00+00:00,77.25,81.4,77.2,78.3,10855.0,7005.0,NIFTY,2026-08-18,24250.0,PE,2
2026-08-05 06:30:00+00:00,77.75,78.3,73.7,75.8,3055.0,4263.0,NIFTY,2026-08-18,24250.0,PE,2
2026-08-05 06:35:00+00:00,75.5,76.0,74.3,74.35,1300.0,4278.0,NIFTY,2026-08-18,24250.0,PE,2
2026-08-05 06:40:00+00:00,75.35,78.95,73.6,75.1,6760.0,5697.0,NIFTY,2026-08-18,24250.0,PE,2
2026-08-05 06:45:00+00:00,75.05,77.5,74.05,77.5,4095.0,5706.0,NIFTY,2026-08-18,24250.0,PE,2
2026-08-05 06:50:00+00:00,77.45,79.45,76.55,79.45,520.0,2861.0,NIFTY,2026-08-18,24250.0,PE,2
2026-08-05 06:55:00+00:00,78.15,78.45,76.35,77.65,2730.0,4301.0,NIFTY,2026-08-18,24250.0,PE,2
2026-08-05 07:00:00+00:00,78.35,87.95,78.35,87.55,11635.0,5816.0,NIFTY,2026-08-18,24250.0,PE,2
2026-08-05 07:05:00+00:00,90.0,92.85,87.9,90.0,8710.0,5831.0,NIFTY,2026-08-18,24250.0,PE,2
2026-08-05 07:10:00+00:00,87.65,94.55,86.95,92.35,8125.0,8771.0,NIFTY,2026-08-18,24250.0,PE,2
2026-08-05 07:15:00+00:00,90.6,96.35,90.45,95.25,5135.0,5893.0,NIFTY,2026-08-18,24250.0,PE,2
2026-08-05 07:20:00+00:00,94.0,97.6,93.0,94.8,5200.0,7431.0,NIFTY,2026-08-18,24250.0,PE,2
2026-08-05 07:25:00+00:00,95.35,99.65,93.75,99.65,5655.0,7425.0,NIFTY,2026-08-18,24250.0,PE,2
2026-08-05 07:30:00+00:00,98.0,100.0,93.7,95.1,10660.0,7497.0,NIFTY,2026-08-18,24250.0,PE,2
2026-08-05 07:35:00+00:00,98.05,103.6,93.7,93.95,7085.0,7580.0,NIFTY,2026-08-18,24250.0,PE,2
2026-08-05 07:40:00+00:00,92.9,97.85,91.55,94.6,9035.0,4538.0,NIFTY,2026-08-18,24250.0,PE,2
2026-08-05 07:45:00+00:00,94.65,95.75,89.9,90.15,4420.0,4506.0,NIFTY,2026-08-18,24250.0,PE,2
2026-08-05 07:50:00+00:00,90.2,95.0,89.6,95.0,8320.0,7476.0,NIFTY,2026-08-18,24250.0,PE,2
2026-08-05 07:55:00+00:00,96.3,98.05,95.6,95.6,6565.0,7434.0,NIFTY,2026-08-18,24250.0,PE,2
2026-08-05 08:00:00+00:00,97.15,100.2,95.55,100.0,2990.0,7447.0,NIFTY,2026-08-18,24250.0,PE,2
2026-08-05 08:05:00+00:00,98.3,98.95,96.3,98.0,1885.0,7461.0,NIFTY,2026-08-18,24250.0,PE,2
2026-08-05 08:10:00+00:00,98.7,107.4,97.5,105.95,4030.0,5979.0,NIFTY,2026-08-18,24250.0,PE,2
2026-08-05 08:15:00+00:00,103.35,103.35,95.0,95.0,10725.0,7554.0,NIFTY,2026-08-18,24250.0,PE,2
2026-08-05 08:20:00+00:00,95.05,98.6,95.05,98.6,1885.0,6180.0,NIFTY,2026-08-18,24250.0,PE,2
2026-08-05 08:25:00+00:00,99.25,99.9,98.1,98.45,3250.0,4608.0,NIFTY,2026-08-18,24250.0,PE,2
2026-08-05 08:30:00+00:00,98.2,98.2,89.9,91.1,14040.0,7560.0,NIFTY,2026-08-18,24250.0,PE,2
2026-08-05 08:35:00+00:00,90.6,91.75,87.4,90.2,7605.0,6054.0,NIFTY,2026-08-18,24250.0,PE,2
2026-08-05 08:40:00+00:00,89.7,96.15,87.65,95.85,30225.0,6365.0,NIFTY,2026-08-18,24250.0,PE,2
2026-08-05 08:45:00+00:00,95.95,100.8,94.65,96.25,19500.0,4700.0,NIFTY,2026-08-18,24250.0,PE,2
2026-08-05 08:50:00+00:00,95.9,97.65,91.8,97.65,2795.0,6098.0,NIFTY,2026-08-18,24250.0,PE,2
2026-08-05 08:55:00+00:00,97.75,98.5,96.1,98.0,3575.0,6119.0,NIFTY,2026-08-18,24250.0,PE,2
2026-08-05 09:00:00+00:00,96.65,100.1,95.9,97.5,2600.0,4570.0,NIFTY,2026-08-18,24250.0,PE,2
2026-08-05 09:05:00+00:00,97.15,97.2,92.85,93.95,4550.0,7548.0,NIFTY,2026-08-18,24250.0,PE,2
2026-08-05 09:10:00+00:00,96.6,98.4,95.7,97.7,2275.0,7499.0,NIFTY,2026-08-18,24250.0,PE,2
2026-08-05 09:15:00+00:00,96.35,98.5,91.2,91.6,5850.0,2992.0,NIFTY,2026-08-18,24250.0,PE,2
2026-08-05 09:20:00+00:00,91.55,93.95,88.0,90.95,4420.0,6004.0,NIFTY,2026-08-18,24250.0,PE,2
2026-08-05 09:25:00+00:00,91.7,91.7,83.9,87.7,6890.0,5968.0,NIFTY,2026-08-18,24250.0,PE,2
2026-08-05 09:30:00+00:00,86.45,89.4,81.7,82.15,8710.0,7410.0,NIFTY,2026-08-18,24250.0,PE,2
2026-08-05 09:35:00+00:00,83.35,85.4,75.0,77.9,9425.0,7455.0,NIFTY,2026-08-18,24250.0,PE,2
2026-08-05 09:40:00+00:00,77.0,79.0,68.2,69.6,19630.0,6035.0,NIFTY,2026-08-18,24250.0,PE,2
2026-08-05 09:45:00+00:00,69.8,78.05,63.1,71.25,43095.0,7500.0,NIFTY,2026-08-18,24250.0,PE,2
2026-08-05 09:50:00+00:00,71.05,71.55,69.05,71.0,6240.0,5996.0,NIFTY,2026-08-18,24250.0,PE,2
2026-08-05 09:55:00+00:00,71.1,74.0,66.0,66.0,11245.0,7419.0,NIFTY,2026-08-18,24250.0,PE,2
2026-08-05 10:00:00+00:00,65.35,68.0,65.35,68.0,3770.0,7328.0,NIFTY,2026-08-18,24250.0,PE,2
2026-08-05 10:05:00+00:00,67.85,73.7,67.85,73.7,6045.0,7265.0,NIFTY,2026-08-18,24250.0,PE,2
2026-08-06 03:45:00+00:00,56.5,60.4,53.65,56.0,33215.0,5839.0,NIFTY,2026-08-18,24250.0,PE,2
2026-08-06 03:50:00+00:00,56.2,57.0,55.0,55.8,13390.0,7528.0,NIFTY,2026-08-18,24250.0,PE,2
2026-08-06 03:55:00+00:00,56.5,58.75,56.05,57.55,17810.0,7672.0,NIFTY,2026-08-18,24250.0,PE,2
2026-08-06 04:00:00+00:00,57.25,60.45,56.1,60.35,16510.0,4837.0,NIFTY,2026-08-18,24250.0,PE,2
2026-08-06 04:05:00+00:00,59.95,59.95,57.5,58.1,9685.0,3231.0,NIFTY,2026-08-18,24250.0,PE,2
2026-08-06 04:10:00+00:00,57.7,58.4,57.1,57.1,4745.0,8403.0,NIFTY,2026-08-18,24250.0,PE,2
2026-08-06 04:15:00+00:00,57.0,57.2,54.65,55.5,7085.0,6727.0,NIFTY,2026-08-18,24250.0,PE,2
2026-08-06 04:20:00+00:00,56.2,56.55,55.55,56.3,3055.0,6642.0,NIFTY,2026-08-18,24250.0,PE,2
2026-08-06 04:25:00+00:00,56.95,59.3,56.7,58.6,3640.0,6617.0,NIFTY,2026-08-18,24250.0,PE,2
2026-08-06 04:30:00+00:00,59.15,64.4,59.05,62.75,9880.0,8308.0,NIFTY,2026-08-18,24250.0,PE,2
2026-08-06 04:35:00+00:00,64.25,65.2,62.5,63.85,6955.0,6678.0,NIFTY,2026-08-18,24250.0,PE,2
2026-08-06 04:40:00+00:00,63.1,63.3,59.35,60.8,2340.0,6628.0,NIFTY,2026-08-18,24250.0,PE,2
2026-08-06 04:45:00+00:00,62.55,64.0,61.75,63.6,5525.0,8248.0,NIFTY,2026-08-18,24250.0,PE,2
2026-08-06 04:50:00+00:00,63.95,63.95,60.75,60.85,4550.0,8193.0,NIFTY,2026-08-18,24250.0,PE,2
2026-08-06 04:55:00+00:00,61.35,62.65,61.35,61.65,3185.0,4871.0,NIFTY,2026-08-18,24250.0,PE,2
2026-08-06 05:00:00+00:00,62.4,62.45,60.85,62.45,1430.0,6485.0,NIFTY,2026-08-18,24250.0,PE,2
2026-08-06 05:05:00+00:00,62.75,62.75,61.2,61.8,2145.0,6477.0,NIFTY,2026-08-18,24250.0,PE,2
2026-08-06 05:10:00+00:00,61.5,62.45,61.5,61.55,910.0,4835.0,NIFTY,2026-08-18,24250.0,PE,2
2026-08-06 05:15:00+00:00,62.0,63.35,62.0,62.55,2925.0,6456.0,NIFTY,2026-08-18,24250.0,PE,2
2026-08-06 05:20:00+00:00,62.55,66.0,62.55,64.0,2600.0,4884.0,NIFTY,2026-08-18,24250.0,PE,2
2026-08-06 05:25:00+00:00,62.45,63.1,59.55,63.1,1560.0,8186.0,NIFTY,2026-08-18,24250.0,PE,2
2026-08-06 05:30:00+00:00,63.0,64.3,62.55,63.0,1430.0,3274.0,NIFTY,2026-08-18,24250.0,PE,2
2026-08-06 05:35:00+00:00,61.75,62.05,61.0,61.0,2275.0,3281.0,NIFTY,2026-08-18,24250.0,PE,2
2026-08-06 05:40:00+00:00,60.0,60.65,59.6,59.65,2535.0,8323.0,NIFTY,2026-08-18,24250.0,PE,2
2026-08-06 05:45:00+00:00,58.5,60.15,57.25,57.55,2210.0,3333.0,NIFTY,2026-08-18,24250.0,PE,2
2026-08-06 05:50:00+00:00,57.7,58.6,57.05,58.35,2730.0,8301.0,NIFTY,2026-08-18,24250.0,PE,2
2026-08-06 05:55:00+00:00,58.35,59.45,58.35,58.95,1430.0,6636.0,NIFTY,2026-08-18,24250.0,PE,2
2026-08-06 06:00:00+00:00,58.9,60.55,58.7,60.55,585.0,1659.0,NIFTY,2026-08-18,24250.0,PE,2
2026-08-06 06:05:00+00:00,60.3,60.95,60.15,60.95,2210.0,6640.0,NIFTY,2026-08-18,24250.0,PE,2
2026-08-06 06:10:00+00:00,61.2,63.95,61.15,62.9,2275.0,8275.0,NIFTY,2026-08-18,24250.0,PE,2
2026-08-06 06:15:00+00:00,64.5,64.6,62.55,63.55,910.0,1650.0,NIFTY,2026-08-18,24250.0,PE,2
2026-08-06 06:20:00+00:00,61.8,61.85,60.2,60.2,650.0,3302.0,NIFTY,2026-08-18,24250.0,PE,2
2026-08-06 06:25:00+00:00,60.75,60.75,58.1,58.1,650.0,3303.0,NIFTY,2026-08-18,24250.0,PE,2
2026-08-06 06:30:00+00:00,58.85,59.85,58.85,59.85,1560.0,6612.0,NIFTY,2026-08-18,24250.0,PE,2
2026-08-06 06:35:00+00:00,59.7,60.8,59.7,60.8,845.0,6606.0,NIFTY,2026-08-18,24250.0,PE,2
2026-08-06 06:40:00+00:00,61.5,61.65,61.2,61.2,260.0,4947.0,NIFTY,2026-08-18,24250.0,PE,2
2026-08-06 06:45:00+00:00,60.4,60.4,59.55,59.55,1300.0,4939.0,NIFTY,2026-08-18,24250.0,PE,2
2026-08-06 06:50:00+00:00,62.9,63.5,62.35,62.35,1625.0,6573.0,NIFTY,2026-08-18,24250.0,PE,2
2026-08-06 06:55:00+00:00,61.8,62.75,61.3,62.7,2275.0,1648.0,NIFTY,2026-08-18,24250.0,PE,2
2026-08-06 07:00:00+00:00,61.6,61.6,59.8,59.8,4160.0,4964.0,NIFTY,2026-08-18,24250.0,PE,2
2026-08-06 07:05:00+00:00,59.4,61.65,59.3,61.65,3380.0,8242.0,NIFTY,2026-08-18,24250.0,PE,2
2026-08-06 07:10:00+00:00,61.25,61.25,61.25,61.25,65.0,1635.0,NIFTY,2026-08-18,24250.0,PE,2
2026-08-06 07:15:00+00:00,60.75,62.75,60.75,62.55,1690.0,3254.0,NIFTY,2026-08-18,24250.0,PE,2
2026-08-06 07:20:00+00:00,62.6,63.45,61.95,63.45,2080.0,4862.0,NIFTY,2026-08-18,24250.0,PE,2
2026-08-06 07:25:00+00:00,64.0,64.95,62.1,62.1,2860.0,3228.0,NIFTY,2026-08-18,24250.0,PE,2
2026-08-06 07:30:00+00:00,63.85,63.85,61.6,61.6,4550.0,4861.0,NIFTY,2026-08-18,24250.0,PE,2
2026-08-06 07:35:00+00:00,62.6,65.95,62.6,65.75,2730.0,4891.0,NIFTY,2026-08-18,24250.0,PE,2
2026-08-06 07:40:00+00:00,65.3,65.3,60.5,64.75,1755.0,1626.0,NIFTY,2026-08-18,24250.0,PE,2
2026-08-06 07:45:00+00:00,64.95,66.9,60.0,61.4,7930.0,6560.0,NIFTY,2026-08-18,24250.0,PE,2
2026-08-06 07:50:00+00:00,58.95,66.15,58.95,66.15,6565.0,5010.0,NIFTY,2026-08-18,24250.0,PE,2
2026-08-06 07:55:00+00:00,66.35,66.35,62.5,63.9,2210.0,6648.0,NIFTY,2026-08-18,24250.0,PE,2
2026-08-06 08:00:00+00:00,62.0,63.25,62.0,63.25,1235.0,4961.0,NIFTY,2026-08-18,24250.0,PE,2
2026-08-06 08:05:00+00:00,60.85,61.65,59.0,61.5,2470.0,8292.0,NIFTY,2026-08-18,24250.0,PE,2
2026-08-06 08:10:00+00:00,61.85,63.5,61.25,62.75,2145.0,6631.0,NIFTY,2026-08-18,24250.0,PE,2
2026-08-06 08:15:00+00:00,64.05,64.6,64.05,64.45,1365.0,3323.0,NIFTY,2026-08-18,24250.0,PE,2
2026-08-06 08:20:00+00:00,65.0,65.0,59.15,60.9,7475.0,3298.0,NIFTY,2026-08-18,24250.0,PE,2
2026-08-06 08:25:00+00:00,60.05,60.55,56.0,56.9,9100.0,9803.0,NIFTY,2026-08-18,24250.0,PE,2
2026-08-06 08:30:00+00:00,58.15,58.15,54.3,54.65,4420.0,4849.0,NIFTY,2026-08-18,24250.0,PE,2
2026-08-06 08:35:00+00:00,55.1,56.0,54.0,56.0,1885.0,6449.0,NIFTY,2026-08-18,24250.0,PE,2
2026-08-06 08:40:00+00:00,55.5,56.0,55.0,56.0,1820.0,4833.0,NIFTY,2026-08-18,24250.0,PE,2
2026-08-06 08:45:00+00:00,55.25,55.55,54.35,54.75,1040.0,6415.0,NIFTY,2026-08-18,24250.0,PE,2
2026-08-06 08:50:00+00:00,54.5,55.35,53.75,54.9,1950.0,4810.0,NIFTY,2026-08-18,24250.0,PE,2
2026-08-06 08:55:00+00:00,54.1,54.45,52.6,53.95,7475.0,8031.0,NIFTY,2026-08-18,24250.0,PE,2
2026-08-06 09:00:00+00:00,54.05,55.45,52.85,54.45,8125.0,6453.0,NIFTY,2026-08-18,24250.0,PE,2
2026-08-06 09:05:00+00:00,54.65,55.5,54.65,55.3,1755.0,6441.0,NIFTY,2026-08-18,24250.0,PE,2
2026-08-06 09:10:00+00:00,55.6,55.6,55.15,55.15,1040.0,4828.0,NIFTY,2026-08-18,24250.0,PE,2
2026-08-06 09:15:00+00:00,54.35,54.95,54.0,54.0,1040.0,4830.0,NIFTY,2026-08-18,24250.0,PE,2
2026-08-06 09:20:00+00:00,54.1,55.0,54.0,54.85,1170.0,4828.0,NIFTY,2026-08-18,24250.0,PE,2
2026-08-06 09:25:00+00:00,55.2,55.5,53.35,53.35,975.0,4824.0,NIFTY,2026-08-18,24250.0,PE,2
2026-08-06 09:30:00+00:00,55.35,55.9,51.65,55.9,6500.0,6429.0,NIFTY,2026-08-18,24250.0,PE,2
2026-08-06 09:35:00+00:00,55.75,56.0,53.55,54.85,5200.0,7941.0,NIFTY,2026-08-18,24250.0,PE,2
2026-08-06 09:40:00+00:00,54.8,55.1,52.2,53.35,8580.0,7889.0,NIFTY,2026-08-18,24250.0,PE,2
2026-08-06 09:45:00+00:00,53.0,53.7,49.7,51.95,12545.0,4761.0,NIFTY,2026-08-18,24250.0,PE,2
2026-08-06 09:50:00+00:00,52.6,54.0,50.55,51.55,13130.0,6369.0,NIFTY,2026-08-18,24250.0,PE,2
2026-08-06 09:55:00+00:00,51.5,53.7,51.35,51.55,10205.0,4888.0,NIFTY,2026-08-18,24250.0,PE,2
2026-08-06 10:00:00+00:00,51.05,51.35,49.75,49.75,7280.0,8118.0,NIFTY,2026-08-18,24250.0,PE,2
2026-08-06 10:05:00+00:00,49.65,53.75,49.65,51.55,11960.0,8089.0,NIFTY,2026-08-18,24250.0,PE,2
2026-08-07 03:45:00+00:00,58.95,67.05,58.95,65.5,24440.0,8176.0,NIFTY,2026-08-18,24250.0,PE,2
2026-08-07 03:50:00+00:00,66.05,66.95,65.1,66.0,8905.0,8396.0,NIFTY,2026-08-18,24250.0,PE,2
2026-08-07 03:55:00+00:00,66.25,68.75,66.25,68.45,7475.0,8391.0,NIFTY,2026-08-18,24250.0,PE,2
2026-08-07 04:00:00+00:00,68.75,70.5,68.0,69.85,8905.0,6715.0,NIFTY,2026-08-18,24250.0,PE,2
2026-08-07 04:05:00+00:00,70.35,70.65,68.25,68.7,8450.0,8652.0,NIFTY,2026-08-18,24250.0,PE,2
2026-08-07 04:10:00+00:00,68.95,69.55,66.3,66.65,9165.0,8739.0,NIFTY,2026-08-18,24250.0,PE,2
2026-08-07 04:15:00+00:00,66.55,68.85,66.55,68.1,5915.0,7168.0,NIFTY,2026-08-18,24250.0,PE,2
2026-08-07 04:20:00+00:00,67.8,67.8,66.15,66.4,6175.0,5462.0,NIFTY,2026-08-18,24250.0,PE,2
2026-08-07 04:25:00+00:00,66.0,66.7,65.7,66.7,4810.0,5487.0,NIFTY,2026-08-18,24250.0,PE,2
2026-08-07 04:30:00+00:00,66.6,67.75,66.6,67.5,3770.0,3649.0,NIFTY,2026-08-18,24250.0,PE,2
2026-08-07 04:35:00+00:00,67.25,67.6,66.35,67.45,1430.0,9137.0,NIFTY,2026-08-18,24250.0,PE,2
2026-08-07 04:40:00+00:00,67.4,69.05,67.4,67.8,13585.0,5512.0,NIFTY,2026-08-18,24250.0,PE,2
2026-08-07 04:45:00+00:00,68.7,71.15,68.45,69.45,25610.0,9256.0,NIFTY,2026-08-18,24250.0,PE,2
2026-08-07 04:50:00+00:00,69.7,71.3,69.2,70.9,7280.0,7582.0,NIFTY,2026-08-18,24250.0,PE,2
2026-08-07 04:55:00+00:00,71.15,72.0,70.4,71.35,5070.0,7592.0,NIFTY,2026-08-18,24250.0,PE,2
2026-08-07 05:00:00+00:00,71.45,73.35,70.95,71.0,12740.0,9482.0,NIFTY,2026-08-18,24250.0,PE,2
2026-08-07 05:05:00+00:00,71.4,71.95,70.35,70.9,5525.0,5796.0,NIFTY,2026-08-18,24250.0,PE,2
2026-08-07 05:10:00+00:00,70.75,72.75,70.75,71.75,3705.0,1929.0,NIFTY,2026-08-18,24250.0,PE,2
2026-08-07 05:15:00+00:00,71.8,72.15,67.95,68.85,5200.0,9601.0,NIFTY,2026-08-18,24250.0,PE,2
2026-08-07 05:20:00+00:00,70.4,71.5,69.3,69.3,3120.0,7666.0,NIFTY,2026-08-18,24250.0,PE,2
2026-08-07 05:25:00+00:00,70.15,71.45,69.9,71.45,1170.0,3823.0,NIFTY,2026-08-18,24250.0,PE,2
2026-08-07 05:30:00+00:00,72.0,76.2,71.4,74.8,16250.0,9573.0,NIFTY,2026-08-18,24250.0,PE,2
2026-08-07 05:35:00+00:00,74.95,75.5,72.9,73.1,2080.0,9556.0,NIFTY,2026-08-18,24250.0,PE,2
2026-08-07 05:40:00+00:00,73.4,74.2,72.6,73.55,7085.0,7581.0,NIFTY,2026-08-18,24250.0,PE,2
2026-08-07 05:45:00+00:00,74.0,75.55,74.0,74.55,4615.0,3822.0,NIFTY,2026-08-18,24250.0,PE,2
2026-08-07 05:50:00+00:00,74.4,74.5,70.7,70.7,4225.0,9568.0,NIFTY,2026-08-18,24250.0,PE,2
2026-08-07 05:55:00+00:00,71.15,71.15,67.1,68.1,11960.0,9604.0,NIFTY,2026-08-18,24250.0,PE,2
2026-08-07 06:00:00+00:00,68.75,70.3,68.75,69.95,1690.0,7651.0,NIFTY,2026-08-18,24250.0,PE,2
2026-08-07 06:05:00+00:00,69.9,69.9,68.1,68.9,845.0,9543.0,NIFTY,2026-08-18,24250.0,PE,2
2026-08-07 06:10:00+00:00,69.45,70.2,69.4,69.5,1950.0,5731.0,NIFTY,2026-08-18,24250.0,PE,2
2026-08-07 06:15:00+00:00,69.95,73.0,69.45,73.0,2665.0,9542.0,NIFTY,2026-08-18,24250.0,PE,2
2026-08-07 06:20:00+00:00,72.85,75.45,72.65,73.3,7020.0,9584.0,NIFTY,2026-08-18,24250.0,PE,2
2026-08-07 06:25:00+00:00,73.0,73.6,72.0,72.0,1950.0,5786.0,NIFTY,2026-08-18,24250.0,PE,2
2026-08-07 06:30:00+00:00,73.35,74.3,73.35,73.85,2275.0,5772.0,NIFTY,2026-08-18,24250.0,PE,2
2026-08-07 06:35:00+00:00,73.95,75.85,73.85,75.15,2470.0,7655.0,NIFTY,2026-08-18,24250.0,PE,2
2026-08-07 06:40:00+00:00,74.65,77.0,74.65,76.2,2925.0,7658.0,NIFTY,2026-08-18,24250.0,PE,2
2026-08-07 06:45:00+00:00,77.55,78.0,76.25,77.25,3640.0,7662.0,NIFTY,2026-08-18,24250.0,PE,2
2026-08-07 06:50:00+00:00,77.45,77.45,74.55,76.35,2275.0,9511.0,NIFTY,2026-08-18,24250.0,PE,2
2026-08-07 06:55:00+00:00,76.5,76.5,71.7,72.85,3120.0,9462.0,NIFTY,2026-08-18,24250.0,PE,2
2026-08-07 07:00:00+00:00,73.0,74.25,71.35,71.35,1950.0,9456.0,NIFTY,2026-08-18,24250.0,PE,2
2026-08-07 07:05:00+00:00,71.95,72.65,70.7,70.7,5005.0,7536.0,NIFTY,2026-08-18,24250.0,PE,2
2026-08-07 07:10:00+00:00,71.1,72.25,71.1,71.75,1235.0,3724.0,NIFTY,2026-08-18,24250.0,PE,2
2026-08-07 07:15:00+00:00,70.45,70.45,68.45,69.0,2080.0,5593.0,NIFTY,2026-08-18,24250.0,PE,2
2026-08-07 07:20:00+00:00,69.25,71.45,69.25,71.45,845.0,3719.0,NIFTY,2026-08-18,24250.0,PE,2
2026-08-07 07:25:00+00:00,71.95,73.0,71.95,73.0,780.0,3725.0,NIFTY,2026-08-18,24250.0,PE,2
2026-08-07 07:30:00+00:00,73.4,73.9,73.05,73.7,325.0,3729.0,NIFTY,2026-08-18,24250.0,PE,2
2026-08-07 07:35:00+00:00,71.9,71.9,69.75,71.35,1170.0,3723.0,NIFTY,2026-08-18,24250.0,PE,2
2026-08-07 07:40:00+00:00,71.25,73.65,71.25,73.65,1300.0,3719.0,NIFTY,2026-08-18,24250.0,PE,2
2026-08-07 07:45:00+00:00,74.45,75.95,72.25,74.8,5070.0,5640.0,NIFTY,2026-08-18,24250.0,PE,2
2026-08-07 07:50:00+00:00,74.45,74.45,70.0,70.0,4550.0,7555.0,NIFTY,2026-08-18,24250.0,PE,2
2026-08-07 07:55:00+00:00,69.75,70.1,68.55,69.7,7020.0,7577.0,NIFTY,2026-08-18,24250.0,PE,2
2026-08-07 08:00:00+00:00,69.5,75.05,69.5,74.75,5265.0,7571.0,NIFTY,2026-08-18,24250.0,PE,2
2026-08-07 08:05:00+00:00,73.3,74.35,72.4,74.3,6045.0,7542.0,NIFTY,2026-08-18,24250.0,PE,2
2026-08-07 08:10:00+00:00,74.35,74.9,73.35,73.35,2015.0,7530.0,NIFTY,2026-08-18,24250.0,PE,2
2026-08-07 08:15:00+00:00,73.15,73.15,64.85,66.15,14625.0,7428.0,NIFTY,2026-08-18,24250.0,PE,2
2026-08-07 08:20:00+00:00,65.75,66.2,63.15,65.85,9490.0,9317.0,NIFTY,2026-08-18,24250.0,PE,2
2026-08-07 08:25:00+00:00,66.9,71.4,66.9,69.7,8320.0,7508.0,NIFTY,2026-08-18,24250.0,PE,2
2026-08-07 08:30:00+00:00,68.2,70.75,65.4,70.2,6045.0,5625.0,NIFTY,2026-08-18,24250.0,PE,2
2026-08-07 08:35:00+00:00,70.2,75.55,70.2,73.3,46735.0,10070.0,NIFTY,2026-08-18,24250.0,PE,2
2026-08-07 08:40:00+00:00,73.8,76.45,73.25,75.45,11895.0,8952.0,NIFTY,2026-08-18,24250.0,PE,2
2026-08-07 08:45:00+00:00,77.0,77.8,72.5,74.95,8385.0,11155.0,NIFTY,2026-08-18,24250.0,PE,2
2026-08-07 08:50:00+00:00,74.8,75.45,73.25,73.25,4745.0,11133.0,NIFTY,2026-08-18,24250.0,PE,2
2026-08-07 08:55:00+00:00,72.95,74.1,72.55,73.65,2990.0,8896.0,NIFTY,2026-08-18,24250.0,PE,2
2026-08-07 09:00:00+00:00,73.9,74.6,69.65,71.45,5395.0,8903.0,NIFTY,2026-08-18,24250.0,PE,2
2026-08-07 09:05:00+00:00,71.75,71.85,70.5,71.6,2665.0,8827.0,NIFTY,2026-08-18,24250.0,PE,2
2026-08-07 09:10:00+00:00,71.4,72.75,70.6,70.7,1105.0,4407.0,NIFTY,2026-08-18,24250.0,PE,2
2026-08-07 09:15:00+00:00,70.25,70.25,66.1,67.25,13065.0,8773.0,NIFTY,2026-08-18,24250.0,PE,2
2026-08-07 09:20:00+00:00,67.35,68.65,66.85,68.1,6240.0,6622.0,NIFTY,2026-08-18,24250.0,PE,2
2026-08-07 09:25:00+00:00,66.85,68.1,66.0,66.6,3380.0,13277.0,NIFTY,2026-08-18,24250.0,PE,2
2026-08-07 09:30:00+00:00,66.9,67.45,62.0,62.0,9425.0,10999.0,NIFTY,2026-08-18,24250.0,PE,2
2026-08-07 09:35:00+00:00,62.7,63.35,60.75,61.05,51025.0,8831.0,NIFTY,2026-08-18,24250.0,PE,2
2026-08-07 09:40:00+00:00,60.55,60.6,56.75,57.75,25675.0,9822.0,NIFTY,2026-08-18,24250.0,PE,2
2026-08-07 09:45:00+00:00,57.25,58.65,54.8,58.15,12740.0,5989.0,NIFTY,2026-08-18,24250.0,PE,2
2026-08-07 09:50:00+00:00,58.3,59.35,57.5,58.45,18915.0,9778.0,NIFTY,2026-08-18,24250.0,PE,2
2026-08-07 09:55:00+00:00,58.5,59.0,57.0,57.7,35490.0,9423.0,NIFTY,2026-08-18,24250.0,PE,2
2026-08-07 10:00:00+00:00,57.8,59.45,57.25,57.25,16640.0,8980.0,NIFTY,2026-08-18,24250.0,PE,2
2026-08-07 10:05:00+00:00,57.2,60.75,55.85,60.75,26390.0,8830.0,NIFTY,2026-08-18,24250.0,PE,2
2026-08-07 10:10:00+00:00,60.75,60.75,60.75,60.75,65.0,,NIFTY,2026-08-18,24250.0,PE,2
2026-08-10 03:45:00+00:00,57.95,66.7,53.85,56.2,122720.0,9572.0,NIFTY,2026-08-18,24250.0,PE,2
2026-08-10 03:50:00+00:00,55.95,57.6,53.55,57.6,61620.0,9649.0,NIFTY,2026-08-18,24250.0,PE,2
2026-08-10 03:55:00+00:00,57.8,62.45,57.2,61.35,29445.0,12249.0,NIFTY,2026-08-18,24250.0,PE,2
2026-08-10 04:00:00+00:00,61.8,64.35,60.7,64.35,67600.0,10491.0,NIFTY,2026-08-18,24250.0,PE,2
2026-08-10 04:05:00+00:00,64.75,67.25,62.6,64.5,37960.0,11671.0,NIFTY,2026-08-18,24250.0,PE,2
2026-08-10 04:10:00+00:00,65.8,68.1,64.7,66.05,18005.0,14860.0,NIFTY,2026-08-18,24250.0,PE,2
2026-08-10 04:15:00+00:00,66.5,67.0,62.9,64.95,29900.0,15063.0,NIFTY,2026-08-18,24250.0,PE,2
2026-08-10 04:20:00+00:00,64.4,64.75,60.7,62.6,13195.0,12059.0,NIFTY,2026-08-18,24250.0,PE,2
2026-08-10 04:25:00+00:00,63.15,64.0,61.7,61.7,14040.0,9105.0,NIFTY,2026-08-18,24250.0,PE,2
2026-08-10 04:30:00+00:00,61.45,62.15,58.85,61.45,25545.0,15393.0,NIFTY,2026-08-18,24250.0,PE,2
2026-08-10 04:35:00+00:00,61.55,62.9,60.5,62.65,8320.0,15441.0,NIFTY,2026-08-18,24250.0,PE,2
2026-08-10 04:40:00+00:00,63.05,63.25,58.8,59.65,9555.0,12312.0,NIFTY,2026-08-18,24250.0,PE,2
2026-08-10 04:45:00+00:00,59.2,59.2,54.25,54.25,36205.0,15597.0,NIFTY,2026-08-18,24250.0,PE,2
2026-08-10 04:50:00+00:00,54.1,54.7,50.9,51.45,36530.0,15809.0,NIFTY,2026-08-18,24250.0,PE,2
2026-08-10 04:55:00+00:00,51.3,53.2,50.45,51.2,32695.0,15668.0,NIFTY,2026-08-18,24250.0,PE,2
2026-08-10 05:00:00+00:00,51.0,52.65,50.25,52.45,17550.0,12634.0,NIFTY,2026-08-18,24250.0,PE,2
2026-08-10 05:05:00+00:00,52.25,52.3,51.2,51.7,22035.0,15950.0,NIFTY,2026-08-18,24250.0,PE,2
2026-08-10 05:10:00+00:00,51.55,51.6,49.05,49.4,20215.0,16258.0,NIFTY,2026-08-18,24250.0,PE,2
2026-08-10 05:15:00+00:00,49.35,49.6,46.8,49.6,18200.0,13274.0,NIFTY,2026-08-18,24250.0,PE,2
2026-08-10 05:20:00+00:00,49.05,50.85,48.95,50.55,11440.0,16994.0,NIFTY,2026-08-18,24250.0,PE,2
2026-08-10 05:25:00+00:00,50.9,50.9,50.15,50.45,6110.0,13704.0,NIFTY,2026-08-18,24250.0,PE,2
2026-08-10 05:30:00+00:00,50.55,50.55,48.1,48.1,26845.0,17456.0,NIFTY,2026-08-18,24250.0,PE,2
2026-08-10 05:35:00+00:00,47.95,48.9,47.8,48.4,8775.0,14318.0,NIFTY,2026-08-18,24250.0,PE,2
2026-08-10 05:40:00+00:00,48.75,49.2,47.05,47.05,12025.0,21721.0,NIFTY,2026-08-18,24250.0,PE,2
2026-08-10 05:45:00+00:00,47.2,47.9,46.7,47.1,10595.0,18292.0,NIFTY,2026-08-18,24250.0,PE,2
2026-08-10 05:50:00+00:00,46.9,47.4,45.85,46.85,9685.0,18315.0,NIFTY,2026-08-18,24250.0,PE,2
2026-08-10 05:55:00+00:00,46.7,47.25,46.0,46.2,43225.0,15091.0,NIFTY,2026-08-18,24250.0,PE,2
2026-08-10 06:00:00+00:00,46.5,48.7,46.5,48.35,12545.0,23533.0,NIFTY,2026-08-18,24250.0,PE,2
2026-08-10 06:05:00+00:00,48.45,48.45,46.0,46.35,6435.0,15709.0,NIFTY,2026-08-18,24250.0,PE,2
2026-08-10 06:10:00+00:00,46.7,48.0,46.05,47.9,10790.0,23570.0,NIFTY,2026-08-18,24250.0,PE,2
2026-08-10 06:15:00+00:00,47.7,48.7,45.1,46.15,29965.0,19501.0,NIFTY,2026-08-18,24250.0,PE,2
2026-08-10 06:20:00+00:00,46.05,46.9,45.65,46.9,11440.0,19412.0,NIFTY,2026-08-18,24250.0,PE,2
2026-08-10 06:25:00+00:00,47.0,47.25,45.9,46.75,5850.0,19517.0,NIFTY,2026-08-18,24250.0,PE,2
2026-08-10 06:30:00+00:00,47.0,47.7,45.85,45.95,5265.0,15618.0,NIFTY,2026-08-18,24250.0,PE,2
2026-08-10 06:35:00+00:00,46.0,46.4,45.55,45.6,6565.0,19600.0,NIFTY,2026-08-18,24250.0,PE,2
2026-08-10 06:40:00+00:00,45.65,46.0,43.75,44.45,19890.0,19808.0,NIFTY,2026-08-18,24250.0,PE,2
2026-08-10 06:45:00+00:00,44.5,44.7,42.1,43.85,60320.0,20323.0,NIFTY,2026-08-18,24250.0,PE,2
2026-08-10 06:50:00+00:00,43.6,44.25,42.9,43.95,6175.0,16264.0,NIFTY,2026-08-18,24250.0,PE,2
2026-08-10 06:55:00+00:00,43.6,43.65,42.25,42.8,8385.0,20309.0,NIFTY,2026-08-18,24250.0,PE,2
2026-08-10 07:00:00+00:00,42.75,43.3,42.2,43.3,2405.0,12142.0,NIFTY,2026-08-18,24250.0,PE,2
2026-08-10 07:05:00+00:00,43.0,43.9,42.4,42.55,6630.0,16191.0,NIFTY,2026-08-18,24250.0,PE,2
2026-08-10 07:10:00+00:00,42.45,43.85,42.45,43.8,7085.0,24195.0,NIFTY,2026-08-18,24250.0,PE,2
2026-08-10 07:15:00+00:00,44.0,44.5,43.4,44.25,7605.0,15969.0,NIFTY,2026-08-18,24250.0,PE,2
2026-08-10 07:20:00+00:00,44.2,45.5,44.05,44.95,19890.0,16080.0,NIFTY,2026-08-18,24250.0,PE,2
2026-08-10 07:25:00+00:00,44.9,46.15,44.9,45.15,14495.0,20384.0,NIFTY,2026-08-18,24250.0,PE,2
2026-08-10 07:30:00+00:00,44.95,46.45,44.3,44.85,14040.0,16432.0,NIFTY,2026-08-18,24250.0,PE,2
2026-08-10 07:35:00+00:00,44.3,46.25,43.6,46.25,9620.0,20539.0,NIFTY,2026-08-18,24250.0,PE,2
2026-08-10 07:40:00+00:00,46.2,47.5,45.95,47.05,20345.0,20437.0,NIFTY,2026-08-18,24250.0,PE,2
2026-08-10 07:45:00+00:00,46.95,47.15,44.75,45.6,17940.0,20478.0,NIFTY,2026-08-18,24250.0,PE,2
2026-08-10 07:50:00+00:00,45.7,46.35,45.0,45.1,9360.0,16312.0,NIFTY,2026-08-18,24250.0,PE,2
2026-08-10 07:55:00+00:00,44.65,45.0,43.2,44.25,18265.0,16390.0,NIFTY,2026-08-18,24250.0,PE,2
2026-08-10 08:00:00+00:00,43.65,44.15,41.5,41.5,18590.0,20519.0,NIFTY,2026-08-18,24250.0,PE,2
2026-08-10 08:05:00+00:00,41.7,42.25,41.15,41.85,18395.0,20623.0,NIFTY,2026-08-18,24250.0,PE,2
2026-08-10 08:10:00+00:00,41.95,42.05,40.5,40.65,140140.0,21925.0,NIFTY,2026-08-18,24250.0,PE,2
2026-08-10 08:15:00+00:00,40.75,42.4,40.35,41.85,63050.0,26101.0,NIFTY,2026-08-18,24250.0,PE,2
2026-08-10 08:20:00+00:00,41.8,42.0,41.45,41.6,32500.0,27452.0,NIFTY,2026-08-18,24250.0,PE,2
2026-08-10 08:25:00+00:00,41.65,43.2,41.65,42.85,18330.0,28052.0,NIFTY,2026-08-18,24250.0,PE,2
2026-08-10 08:30:00+00:00,42.7,43.85,42.2,43.2,21320.0,28221.0,NIFTY,2026-08-18,24250.0,PE,2
2026-08-10 08:35:00+00:00,43.05,43.05,40.85,41.8,27755.0,28548.0,NIFTY,2026-08-18,24250.0,PE,2
2026-08-10 08:40:00+00:00,42.2,43.75,41.45,43.6,28600.0,29075.0,NIFTY,2026-08-18,24250.0,PE,2
2026-08-10 08:45:00+00:00,43.4,44.4,43.0,43.95,35100.0,29722.0,NIFTY,2026-08-18,24250.0,PE,2
2026-08-10 08:50:00+00:00,43.85,44.45,43.25,43.75,19045.0,30135.0,NIFTY,2026-08-18,24250.0,PE,2
2026-08-10 08:55:00+00:00,43.8,44.1,42.95,43.5,18590.0,30309.0,NIFTY,2026-08-18,24250.0,PE,2
2026-08-10 09:00:00+00:00,43.3,44.65,43.0,43.8,26000.0,30256.0,NIFTY,2026-08-18,24250.0,PE,2
2026-08-10 09:05:00+00:00,44.4,45.4,44.4,44.5,14300.0,30048.0,NIFTY,2026-08-18,24250.0,PE,2
2026-08-10 09:10:00+00:00,44.7,45.6,44.0,45.0,8710.0,30048.0,NIFTY,2026-08-18,24250.0,PE,2
2026-08-10 09:15:00+00:00,45.4,46.45,45.15,45.75,15470.0,24097.0,NIFTY,2026-08-18,24250.0,PE,2
2026-08-10 09:20:00+00:00,46.0,46.15,42.6,43.9,16835.0,24165.0,NIFTY,2026-08-18,24250.0,PE,2
2026-08-10 09:25:00+00:00,43.75,43.95,41.15,41.5,23400.0,30230.0,NIFTY,2026-08-18,24250.0,PE,2
2026-08-10 09:30:00+00:00,41.45,44.9,41.15,42.1,26715.0,30186.0,NIFTY,2026-08-18,24250.0,PE,2
2026-08-10 09:35:00+00:00,42.05,43.4,41.45,43.4,22035.0,30200.0,NIFTY,2026-08-18,24250.0,PE,2
2026-08-10 09:40:00+00:00,43.25,45.05,42.8,42.9,47905.0,30066.0,NIFTY,2026-08-18,24250.0,PE,2
2026-08-10 09:45:00+00:00,42.95,44.25,42.25,43.45,26585.0,29912.0,NIFTY,2026-08-18,24250.0,PE,2
2026-08-10 09:50:00+00:00,43.35,43.35,41.75,42.3,41860.0,29844.0,NIFTY,2026-08-18,24250.0,PE,2
2026-08-10 09:55:00+00:00,42.2,43.2,41.3,42.0,63245.0,29612.0,NIFTY,2026-08-18,24250.0,PE,2
2026-08-10 10:00:00+00:00,42.15,42.35,41.55,41.95,51350.0,29711.0,NIFTY,2026-08-18,24250.0,PE,2
2026-08-10 10:05:00+00:00,42.0,45.15,41.95,45.15,89700.0,30830.0,NIFTY,2026-08-18,24250.0,PE,2
2026-08-11 03:45:00+00:00,50.0,55.85,46.1,54.9,208325.0,26386.0,NIFTY,2026-08-18,24250.0,PE,2
2026-08-11 03:50:00+00:00,55.75,59.55,55.6,57.8,112060.0,34297.0,NIFTY,2026-08-18,24250.0,PE,2
2026-08-11 03:55:00+00:00,57.9,61.0,55.45,61.0,231465.0,37931.0,NIFTY,2026-08-18,24250.0,PE,2
2026-08-11 04:00:00+00:00,61.4,62.3,59.25,60.95,135005.0,41506.0,NIFTY,2026-08-18,24250.0,PE,2
2026-08-11 04:05:00+00:00,61.2,61.75,58.65,61.35,35230.0,41672.0,NIFTY,2026-08-18,24250.0,PE,2
2026-08-11 04:10:00+00:00,61.55,64.5,59.8,59.8,67340.0,41790.0,NIFTY,2026-08-18,24250.0,PE,2
2026-08-11 04:15:00+00:00,60.3,63.8,58.55,61.45,71500.0,41751.0,NIFTY,2026-08-18,24250.0,PE,2
2026-08-11 04:20:00+00:00,61.7,63.5,60.8,62.9,43810.0,41791.0,NIFTY,2026-08-18,24250.0,PE,2
2026-08-11 04:25:00+00:00,63.1,63.4,56.4,56.4,75075.0,42136.0,NIFTY,2026-08-18,24250.0,PE,2
2026-08-11 04:30:00+00:00,56.45,57.9,53.9,55.1,302835.0,46587.0,NIFTY,2026-08-18,24250.0,PE,2
2026-08-11 04:35:00+00:00,55.05,56.7,52.85,55.95,347230.0,61256.0,NIFTY,2026-08-18,24250.0,PE,2
2026-08-11 04:40:00+00:00,55.7,57.5,54.5,57.5,99645.0,66996.0,NIFTY,2026-08-18,24250.0,PE,2
2026-08-11 04:45:00+00:00,57.2,58.95,55.65,58.6,88855.0,68348.0,NIFTY,2026-08-18,24250.0,PE,2
2026-08-11 04:50:00+00:00,58.55,59.8,57.25,58.5,102375.0,69116.0,NIFTY,2026-08-18,24250.0,PE,2
2026-08-11 04:55:00+00:00,58.45,58.85,55.55,56.95,82225.0,70205.0,NIFTY,2026-08-18,24250.0,PE,2
2026-08-11 05:00:00+00:00,56.85,57.8,55.1,56.2,72410.0,71111.0,NIFTY,2026-08-18,24250.0,PE,2
2026-08-11 05:05:00+00:00,56.65,58.2,56.25,57.15,61035.0,71499.0,NIFTY,2026-08-18,24250.0,PE,2
2026-08-11 05:10:00+00:00,57.25,58.35,56.65,57.9,35165.0,72085.0,NIFTY,2026-08-18,24250.0,PE,2
2026-08-11 05:15:00+00:00,58.05,59.2,57.9,58.25,48620.0,72129.0,NIFTY,2026-08-18,24250.0,PE,2
2026-08-11 05:20:00+00:00,58.05,58.15,56.0,56.4,50635.0,57523.0,NIFTY,2026-08-18,24250.0,PE,2
2026-08-11 05:25:00+00:00,56.0,57.65,55.6,57.65,24700.0,72422.0,NIFTY,2026-08-18,24250.0,PE,2
2026-08-11 05:30:00+00:00,57.45,61.8,57.45,61.0,62205.0,72314.0,NIFTY,2026-08-18,24250.0,PE,2
2026-08-11 05:35:00+00:00,60.85,63.1,59.35,63.1,35620.0,72433.0,NIFTY,2026-08-18,24250.0,PE,2
2026-08-11 05:40:00+00:00,63.0,64.55,60.7,61.15,221520.0,73021.0,NIFTY,2026-08-18,24250.0,PE,2
2026-08-11 05:45:00+00:00,61.0,62.0,59.1,61.3,67145.0,74087.0,NIFTY,2026-08-18,24250.0,PE,2
2026-08-11 05:50:00+00:00,61.4,62.9,61.4,62.2,42965.0,58862.0,NIFTY,2026-08-18,24250.0,PE,2
2026-08-11 05:55:00+00:00,62.4,64.4,62.4,64.0,113880.0,71078.0,NIFTY,2026-08-18,24250.0,PE,2
2026-08-11 06:00:00+00:00,63.85,66.55,63.55,64.85,486525.0,61525.0,NIFTY,2026-08-18,24250.0,PE,2
2026-08-11 06:05:00+00:00,64.5,65.75,62.85,63.2,32890.0,58033.0,NIFTY,2026-08-18,24250.0,PE,2
2026-08-11 06:10:00+00:00,63.0,63.0,60.25,61.65,49660.0,57407.0,NIFTY,2026-08-18,24250.0,PE,2
2026-08-11 06:15:00+00:00,61.35,61.55,57.85,59.25,47060.0,57131.0,NIFTY,2026-08-18,24250.0,PE,2
2026-08-11 06:20:00+00:00,59.0,62.95,58.3,62.9,51350.0,56544.0,NIFTY,2026-08-18,24250.0,PE,2
2026-08-11 06:25:00+00:00,62.65,64.75,62.15,62.3,38545.0,44650.0,NIFTY,2026-08-18,24250.0,PE,2
2026-08-11 06:30:00+00:00,62.0,66.0,61.9,65.65,37635.0,44335.0,NIFTY,2026-08-18,24250.0,PE,2
2026-08-11 06:35:00+00:00,65.7,66.95,63.3,64.15,56030.0,55023.0,NIFTY,2026-08-18,24250.0,PE,2
2026-08-11 06:40:00+00:00,63.85,63.95,59.45,62.75,56290.0,44149.0,NIFTY,2026-08-18,24250.0,PE,2
2026-08-11 06:45:00+00:00,62.85,65.0,61.65,64.0,40950.0,55162.0,NIFTY,2026-08-18,24250.0,PE,2
2026-08-11 06:50:00+00:00,64.3,65.0,63.35,64.3,13585.0,55150.0,NIFTY,2026-08-18,24250.0,PE,2
2026-08-11 06:55:00+00:00,64.6,65.05,63.0,63.4,12740.0,55177.0,NIFTY,2026-08-18,24250.0,PE,2
2026-08-11 07:00:00+00:00,62.85,63.4,60.95,61.0,8970.0,44238.0,NIFTY,2026-08-18,24250.0,PE,2
2026-08-11 07:05:00+00:00,60.95,63.1,60.95,63.1,11180.0,66498.0,NIFTY,2026-08-18,24250.0,PE,2
2026-08-11 07:10:00+00:00,63.0,63.7,60.6,61.0,23725.0,44230.0,NIFTY,2026-08-18,24250.0,PE,2
2026-08-11 07:15:00+00:00,60.9,61.55,57.35,58.65,52195.0,55104.0,NIFTY,2026-08-18,24250.0,PE,2
2026-08-11 07:20:00+00:00,58.8,60.8,57.2,60.75,33800.0,55181.0,NIFTY,2026-08-18,24250.0,PE,2
2026-08-11 07:25:00+00:00,60.7,62.2,60.15,61.4,30355.0,55292.0,NIFTY,2026-08-18,24250.0,PE,2
2026-08-11 07:30:00+00:00,61.35,61.5,55.75,56.7,47775.0,55515.0,NIFTY,2026-08-18,24250.0,PE,2
2026-08-11 07:35:00+00:00,56.6,57.7,53.9,54.85,132275.0,55851.0,NIFTY,2026-08-18,24250.0,PE,2
2026-08-11 07:40:00+00:00,55.0,58.15,54.25,56.4,30745.0,56193.0,NIFTY,2026-08-18,24250.0,PE,2
2026-08-11 07:45:00+00:00,56.65,58.6,56.45,56.75,20930.0,44778.0,NIFTY,2026-08-18,24250.0,PE,2
2026-08-11 07:50:00+00:00,56.95,58.2,55.4,55.4,31655.0,55964.0,NIFTY,2026-08-18,24250.0,PE,2
2026-08-11 07:55:00+00:00,55.5,55.75,51.65,53.7,89570.0,56462.0,NIFTY,2026-08-18,24250.0,PE,2
2026-08-11 08:00:00+00:00,53.45,54.9,52.35,53.9,41860.0,57187.0,NIFTY,2026-08-18,24250.0,PE,2
2026-08-11 08:05:00+00:00,53.75,55.8,53.45,55.45,28275.0,45900.0,NIFTY,2026-08-18,24250.0,PE,2
2026-08-11 08:10:00+00:00,55.6,55.65,54.3,55.2,25675.0,57230.0,NIFTY,2026-08-18,24250.0,PE,2
2026-08-11 08:15:00+00:00,55.05,55.75,54.5,55.35,23335.0,57259.0,NIFTY,2026-08-18,24250.0,PE,2
2026-08-11 08:20:00+00:00,55.15,56.4,54.85,56.1,29120.0,57453.0,NIFTY,2026-08-18,24250.0,PE,2
2026-08-11 08:25:00+00:00,56.35,57.0,55.25,56.45,25935.0,34395.0,NIFTY,2026-08-18,24250.0,PE,2
2026-08-11 08:30:00+00:00,56.85,58.5,56.2,58.0,40755.0,45817.0,NIFTY,2026-08-18,24250.0,PE,2
2026-08-11 08:35:00+00:00,57.9,60.0,55.35,56.45,147615.0,57422.0,NIFTY,2026-08-18,24250.0,PE,2
2026-08-11 08:40:00+00:00,56.7,57.0,53.95,54.65,39325.0,46389.0,NIFTY,2026-08-18,24250.0,PE,2
2026-08-11 08:45:00+00:00,54.95,56.7,53.5,56.7,39910.0,58291.0,NIFTY,2026-08-18,24250.0,PE,2
2026-08-11 08:50:00+00:00,56.4,56.85,55.05,56.25,25935.0,58591.0,NIFTY,2026-08-18,24250.0,PE,2
2026-08-11 08:55:00+00:00,55.65,56.2,54.35,55.7,18200.0,58597.0,NIFTY,2026-08-18,24250.0,PE,2
2026-08-11 09:00:00+00:00,55.8,57.05,55.6,56.6,21515.0,58573.0,NIFTY,2026-08-18,24250.0,PE,2
2026-08-11 09:05:00+00:00,56.45,57.5,55.6,57.05,131365.0,58227.0,NIFTY,2026-08-18,24250.0,PE,2
2026-08-11 09:10:00+00:00,56.9,56.95,54.8,55.9,32695.0,57467.0,NIFTY,2026-08-18,24250.0,PE,2
2026-08-11 09:15:00+00:00,55.55,55.55,53.4,54.0,53235.0,56971.0,NIFTY,2026-08-18,24250.0,PE,2
2026-08-11 09:20:00+00:00,54.1,54.3,51.6,52.85,72215.0,56676.0,NIFTY,2026-08-18,24250.0,PE,2
2026-08-11 09:25:00+00:00,52.65,52.65,50.1,50.5,139425.0,57218.0,NIFTY,2026-08-18,24250.0,PE,2
2026-08-11 09:30:00+00:00,50.25,50.85,46.15,48.4,249665.0,56911.0,NIFTY,2026-08-18,24250.0,PE,2
2026-08-11 09:35:00+00:00,48.15,50.1,47.65,49.3,257400.0,61871.0,NIFTY,2026-08-18,24250.0,PE,2
2026-08-11 09:40:00+00:00,49.45,50.2,48.85,49.8,78195.0,64247.0,NIFTY,2026-08-18,24250.0,PE,2
2026-08-11 09:45:00+00:00,49.75,50.9,49.75,50.1,122395.0,65594.0,NIFTY,2026-08-18,24250.0,PE,2
2026-08-11 09:50:00+00:00,49.95,51.55,49.75,50.75,181090.0,69567.0,NIFTY,2026-08-18,24250.0,PE,2
2026-08-11 09:55:00+00:00,50.7,52.2,50.45,50.45,113685.0,71415.0,NIFTY,2026-08-18,24250.0,PE,2
2026-08-11 10:00:00+00:00,50.75,53.0,48.25,52.95,222170.0,72599.0,NIFTY,2026-08-18,24250.0,PE,2
2026-08-11 10:05:00+00:00,53.05,55.0,52.7,54.95,238875.0,71715.0,NIFTY,2026-08-18,24250.0,PE,2
2026-08-11 10:10:00+00:00,54.95,54.95,54.95,54.95,1820.0,,NIFTY,2026-08-18,24250.0,PE,2
2026-08-12 03:45:00+00:00,47.6,63.3,42.55,58.65,2340000.0,97734.0,NIFTY,2026-08-18,24250.0,PE,2
2026-08-12 03:50:00+00:00,57.8,61.65,53.4,54.15,1200095.0,115638.0,NIFTY,2026-08-18,24250.0,PE,2
2026-08-12 03:55:00+00:00,54.35,54.35,44.45,46.1,1357525.0,132447.0,NIFTY,2026-08-18,24250.0,PE,2
2026-08-12 04:00:00+00:00,46.2,50.3,45.65,48.8,701480.0,144399.0,NIFTY,2026-08-18,24250.0,PE,2
2026-08-12 04:05:00+00:00,48.55,52.7,48.0,50.85,636350.0,147056.0,NIFTY,2026-08-18,24250.0,PE,2
2026-08-12 04:10:00+00:00,50.7,51.55,48.45,50.9,406380.0,118865.0,NIFTY,2026-08-18,24250.0,PE,2
2026-08-12 04:15:00+00:00,51.3,58.6,50.9,58.15,1503190.0,147449.0,NIFTY,2026-08-18,24250.0,PE,2
2026-08-12 04:20:00+00:00,58.65,61.05,54.75,57.0,1276275.0,132499.0,NIFTY,2026-08-18,24250.0,PE,2
2026-08-12 04:25:00+00:00,57.05,66.15,57.05,65.75,1741155.0,128409.0,NIFTY,2026-08-18,24250.0,PE,2
2026-08-12 04:30:00+00:00,66.15,72.2,65.5,71.1,1770535.0,114025.0,NIFTY,2026-08-18,24250.0,PE,2
2026-08-12 04:35:00+00:00,71.35,73.45,68.8,71.15,853905.0,113581.0,NIFTY,2026-08-18,24250.0,PE,2
2026-08-12 04:40:00+00:00,71.25,72.65,67.7,71.65,607945.0,110240.0,NIFTY,2026-08-18,24250.0,PE,2
2026-08-12 04:45:00+00:00,71.7,72.5,65.8,68.3,710970.0,112973.0,NIFTY,2026-08-18,24250.0,PE,2
2026-08-12 04:50:00+00:00,68.25,69.3,64.95,67.45,424840.0,115095.0,NIFTY,2026-08-18,24250.0,PE,2
2026-08-12 04:55:00+00:00,67.4,68.9,64.8,68.7,434720.0,116889.0,NIFTY,2026-08-18,24250.0,PE,2
2026-08-12 05:00:00+00:00,68.6,69.2,59.25,61.95,757640.0,116333.0,NIFTY,2026-08-18,24250.0,PE,2
2026-08-12 05:05:00+00:00,61.65,63.9,61.1,63.0,445185.0,116394.0,NIFTY,2026-08-18,24250.0,PE,2
2026-08-12 05:10:00+00:00,63.15,67.05,63.05,65.85,500890.0,115900.0,NIFTY,2026-08-18,24250.0,PE,2
2026-08-12 05:15:00+00:00,65.9,73.05,65.9,70.55,891345.0,113549.0,NIFTY,2026-08-18,24250.0,PE,2
2026-08-12 05:20:00+00:00,70.4,72.2,67.9,68.65,374270.0,109717.0,NIFTY,2026-08-18,24250.0,PE,2
2026-08-12 05:25:00+00:00,69.1,94.0,68.25,83.4,2239965.0,109994.0,NIFTY,2026-08-18,24250.0,PE,2
2026-08-12 05:30:00+00:00,83.5,93.5,82.75,91.55,2273895.0,114842.0,NIFTY,2026-08-18,24250.0,PE,2
2026-08-12 05:35:00+00:00,91.35,94.5,87.15,87.3,1814085.0,129775.0,NIFTY,2026-08-18,24250.0,PE,2
2026-08-12 05:40:00+00:00,87.55,92.15,83.65,88.9,1072825.0,134324.0,NIFTY,2026-08-18,24250.0,PE,2
2026-08-12 05:45:00+00:00,89.05,90.45,85.5,86.45,688480.0,138604.0,NIFTY,2026-08-18,24250.0,PE,2
2026-08-12 05:50:00+00:00,86.25,88.1,79.6,86.2,906750.0,142516.0,NIFTY,2026-08-18,24250.0,PE,2
2026-08-12 05:55:00+00:00,86.45,91.55,84.75,91.0,1069770.0,143653.0,NIFTY,2026-08-18,24250.0,PE,2
2026-08-12 06:00:00+00:00,91.1,93.65,85.85,88.1,1722630.0,147345.0,NIFTY,2026-08-18,24250.0,PE,2
2026-08-12 06:05:00+00:00,88.35,95.15,88.35,94.0,1288820.0,146097.0,NIFTY,2026-08-18,24250.0,PE,2
2026-08-12 06:10:00+00:00,94.35,98.3,88.5,90.75,2091635.0,136995.0,NIFTY,2026-08-18,24250.0,PE,2
2026-08-12 06:15:00+00:00,90.85,93.35,88.75,91.9,876070.0,144195.0,NIFTY,2026-08-18,24250.0,PE,2
2026-08-12 06:20:00+00:00,91.5,96.2,91.4,96.2,1014260.0,145586.0,NIFTY,2026-08-18,24250.0,PE,2
2026-08-12 06:25:00+00:00,95.7,97.45,93.45,95.75,1334385.0,143464.0,NIFTY,2026-08-18,24250.0,PE,2
2026-08-12 06:30:00+00:00,95.85,97.4,94.1,96.75,896675.0,145726.0,NIFTY,2026-08-18,24250.0,PE,2
2026-08-12 06:35:00+00:00,96.95,97.0,91.75,96.0,1104285.0,152870.0,NIFTY,2026-08-18,24250.0,PE,2
2026-08-12 06:40:00+00:00,95.65,100.4,94.8,98.15,1449045.0,152176.0,NIFTY,2026-08-18,24250.0,PE,2
2026-08-12 06:45:00+00:00,97.8,98.4,93.8,94.85,980330.0,157001.0,NIFTY,2026-08-18,24250.0,PE,2
2026-08-12 06:50:00+00:00,95.0,97.25,93.25,96.3,749710.0,160868.0,NIFTY,2026-08-18,24250.0,PE,2
2026-08-12 06:55:00+00:00,96.2,96.7,90.0,90.0,818090.0,163657.0,NIFTY,2026-08-18,24250.0,PE,2
2026-08-12 07:00:00+00:00,90.25,95.3,87.0,89.5,1320540.0,162622.0,NIFTY,2026-08-18,24250.0,PE,2
2026-08-12 07:05:00+00:00,89.45,91.65,88.0,89.3,782340.0,165319.0,NIFTY,2026-08-18,24250.0,PE,2
2026-08-12 07:10:00+00:00,89.2,93.9,87.3,92.85,1266655.0,167226.0,NIFTY,2026-08-18,24250.0,PE,2
2026-08-12 07:15:00+00:00,93.1,97.4,92.45,94.0,1317680.0,165954.0,NIFTY,2026-08-18,24250.0,PE,2
2026-08-12 07:20:00+00:00,94.2,96.4,92.0,96.15,674960.0,168126.0,NIFTY,2026-08-18,24250.0,PE,2
2026-08-12 07:25:00+00:00,96.0,97.5,95.35,96.35,1106560.0,165061.0,NIFTY,2026-08-18,24250.0,PE,2
2026-08-12 07:30:00+00:00,96.55,97.0,92.35,94.2,675740.0,164028.0,NIFTY,2026-08-18,24250.0,PE,2
2026-08-12 07:35:00+00:00,94.1,95.45,92.15,92.65,551590.0,167735.0,NIFTY,2026-08-18,24250.0,PE,2
2026-08-12 07:40:00+00:00,92.6,93.75,89.2,89.55,653835.0,170644.0,NIFTY,2026-08-18,24250.0,PE,2
2026-08-12 07:45:00+00:00,89.7,91.0,84.6,87.25,1100840.0,172994.0,NIFTY,2026-08-18,24250.0,PE,2
2026-08-12 07:50:00+00:00,87.3,88.55,85.3,86.55,644085.0,179398.0,NIFTY,2026-08-18,24250.0,PE,2
2026-08-12 07:55:00+00:00,86.65,91.8,86.05,86.8,1220700.0,142848.0,NIFTY,2026-08-18,24250.0,PE,2
2026-08-12 08:00:00+00:00,86.65,86.8,83.75,84.35,812110.0,180722.0,NIFTY,2026-08-18,24250.0,PE,2
2026-08-12 08:05:00+00:00,84.45,87.55,81.45,85.35,1149915.0,185218.0,NIFTY,2026-08-18,24250.0,PE,2
2026-08-12 08:10:00+00:00,85.45,89.75,82.7,88.6,980330.0,183609.0,NIFTY,2026-08-18,24250.0,PE,2
2026-08-12 08:15:00+00:00,88.2,91.25,87.9,88.15,969735.0,145118.0,NIFTY,2026-08-18,24250.0,PE,2
2026-08-12 08:20:00+00:00,88.1,89.0,86.2,88.0,477945.0,183113.0,NIFTY,2026-08-18,24250.0,PE,2
2026-08-12 08:25:00+00:00,87.75,93.0,87.25,90.3,1068275.0,181785.0,NIFTY,2026-08-18,24250.0,PE,2
2026-08-12 08:30:00+00:00,90.4,93.65,88.8,92.2,876590.0,182060.0,NIFTY,2026-08-18,24250.0,PE,2
2026-08-12 08:35:00+00:00,92.0,92.0,88.25,89.2,574795.0,180764.0,NIFTY,2026-08-18,24250.0,PE,2
2026-08-12 08:40:00+00:00,89.3,92.9,88.5,91.5,838305.0,180233.0,NIFTY,2026-08-18,24250.0,PE,2
2026-08-12 08:45:00+00:00,91.7,91.7,86.3,86.65,861250.0,179671.0,NIFTY,2026-08-18,24250.0,PE,2
2026-08-12 08:50:00+00:00,86.9,87.1,82.25,84.15,886730.0,182599.0,NIFTY,2026-08-18,24250.0,PE,2
2026-08-12 08:55:00+00:00,84.0,84.4,80.9,82.1,893880.0,186171.0,NIFTY,2026-08-18,24250.0,PE,2
2026-08-12 09:00:00+00:00,82.2,82.2,69.0,72.45,2397460.0,176616.0,NIFTY,2026-08-18,24250.0,PE,2
2026-08-12 09:05:00+00:00,72.55,73.9,70.15,72.1,830115.0,170598.0,NIFTY,2026-08-18,24250.0,PE,2
2026-08-12 09:10:00+00:00,72.15,72.7,65.8,68.65,971165.0,169615.0,NIFTY,2026-08-18,24250.0,PE,2
2026-08-12 09:15:00+00:00,68.95,70.8,66.05,69.5,832065.0,164845.0,NIFTY,2026-08-18,24250.0,PE,2
2026-08-12 09:20:00+00:00,69.45,69.85,52.6,53.65,1590485.0,159710.0,NIFTY,2026-08-18,24250.0,PE,2
2026-08-12 09:25:00+00:00,53.85,58.7,52.5,55.5,1846520.0,143497.0,NIFTY,2026-08-18,24250.0,PE,2
2026-08-12 09:30:00+00:00,55.35,57.55,54.55,56.35,752635.0,139231.0,NIFTY,2026-08-18,24250.0,PE,2
2026-08-12 09:35:00+00:00,56.6,60.0,56.1,57.4,832455.0,138297.0,NIFTY,2026-08-18,24250.0,PE,2
2026-08-12 09:40:00+00:00,57.15,58.25,52.1,52.8,904345.0,133899.0,NIFTY,2026-08-18,24250.0,PE,2
2026-08-12 09:45:00+00:00,52.95,54.1,50.0,52.2,782795.0,127862.0,NIFTY,2026-08-18,24250.0,PE,2
2026-08-12 09:50:00+00:00,52.35,52.55,49.15,51.5,891475.0,124249.0,NIFTY,2026-08-18,24250.0,PE,2
2026-08-12 09:55:00+00:00,51.45,51.95,49.0,49.85,685295.0,123202.0,NIFTY,2026-08-18,24250.0,PE,2
2026-08-12 10:00:00+00:00,49.5,52.0,49.3,50.3,500630.0,123604.0,NIFTY,2026-08-18,24250.0,PE,2
2026-08-12 10:05:00+00:00,50.35,51.25,50.1,50.1,516360.0,123756.0,NIFTY,2026-08-18,24250.0,PE,2
2026-08-13 03:45:00+00:00,50.8,66.85,50.8,60.8,3279445.0,130468.0,NIFTY,2026-08-18,24250.0,PE,2
2026-08-13 03:50:00+00:00,60.9,62.55,54.65,59.4,1734330.0,146778.0,NIFTY,2026-08-18,24250.0,PE,2
2026-08-13 03:55:00+00:00,59.5,67.95,59.1,61.6,1976910.0,155452.0,NIFTY,2026-08-18,24250.0,PE,2
2026-08-13 04:00:00+00:00,61.95,69.8,61.95,67.55,1903330.0,153314.0,NIFTY,2026-08-18,24250.0,PE,2
2026-08-13 04:05:00+00:00,67.5,68.6,60.4,60.6,940680.0,151804.0,NIFTY,2026-08-18,24250.0,PE,2
2026-08-13 04:10:00+00:00,60.1,62.0,56.7,59.15,1023490.0,157344.0,NIFTY,2026-08-18,24250.0,PE,2
2026-08-13 04:15:00+00:00,58.95,61.1,53.15,55.0,1317875.0,161461.0,NIFTY,2026-08-18,24250.0,PE,2
2026-08-13 04:20:00+00:00,55.25,59.9,53.55,54.8,806000.0,167820.0,NIFTY,2026-08-18,24250.0,PE,2
2026-08-13 04:25:00+00:00,54.95,56.1,53.1,53.75,528580.0,170647.0,NIFTY,2026-08-18,24250.0,PE,2
2026-08-13 04:30:00+00:00,53.85,56.1,52.35,56.05,560235.0,174922.0,NIFTY,2026-08-18,24250.0,PE,2
2026-08-13 04:35:00+00:00,55.85,58.2,53.0,57.5,802555.0,176407.0,NIFTY,2026-08-18,24250.0,PE,2
2026-08-13 04:40:00+00:00,57.4,60.15,53.35,55.75,1078415.0,174313.0,NIFTY,2026-08-18,24250.0,PE,2
2026-08-13 04:45:00+00:00,55.25,59.0,55.15,55.95,531505.0,172732.0,NIFTY,2026-08-18,24250.0,PE,2
2026-08-13 04:50:00+00:00,56.25,60.55,55.65,59.1,728130.0,173783.0,NIFTY,2026-08-18,24250.0,PE,2
2026-08-13 04:55:00+00:00,59.3,63.35,57.25,63.1,731120.0,175106.0,NIFTY,2026-08-18,24250.0,PE,2
2026-08-13 05:00:00+00:00,63.15,64.8,60.2,62.05,1104155.0,169889.0,NIFTY,2026-08-18,24250.0,PE,2
2026-08-13 05:05:00+00:00,62.15,63.35,59.85,60.5,514345.0,170721.0,NIFTY,2026-08-18,24250.0,PE,2
2026-08-13 05:10:00+00:00,60.6,61.25,57.25,58.9,522665.0,171126.0,NIFTY,2026-08-18,24250.0,PE,2
2026-08-13 05:15:00+00:00,59.0,59.9,53.95,55.05,630240.0,170773.0,NIFTY,2026-08-18,24250.0,PE,2
2026-08-13 05:20:00+00:00,55.1,55.2,50.7,52.85,823225.0,175550.0,NIFTY,2026-08-18,24250.0,PE,2
2026-08-13 05:25:00+00:00,52.55,54.0,51.1,53.6,503035.0,179929.0,NIFTY,2026-08-18,24250.0,PE,2
2026-08-13 05:30:00+00:00,53.65,57.75,53.15,57.35,813930.0,182119.0,NIFTY,2026-08-18,24250.0,PE,2
2026-08-13 05:35:00+00:00,57.4,62.35,57.2,57.45,1039415.0,176432.0,NIFTY,2026-08-18,24250.0,PE,2
2026-08-13 05:40:00+00:00,57.35,61.7,56.6,60.45,651430.0,173083.0,NIFTY,2026-08-18,24250.0,PE,2
2026-08-13 05:45:00+00:00,60.7,61.6,56.85,57.8,496600.0,174519.0,NIFTY,2026-08-18,24250.0,PE,2
2026-08-13 05:50:00+00:00,58.1,60.1,55.1,56.95,528190.0,172782.0,NIFTY,2026-08-18,24250.0,PE,2
2026-08-13 05:55:00+00:00,57.05,57.2,53.35,53.9,395070.0,174274.0,NIFTY,2026-08-18,24250.0,PE,2
2026-08-13 06:00:00+00:00,53.8,53.9,50.15,50.9,762970.0,179045.0,NIFTY,2026-08-18,24250.0,PE,2
2026-08-13 06:05:00+00:00,51.0,51.2,46.35,46.35,848900.0,183914.0,NIFTY,2026-08-18,24250.0,PE,2
2026-08-13 06:10:00+00:00,45.8,49.95,45.75,49.15,827255.0,188826.0,NIFTY,2026-08-18,24250.0,PE,2
2026-08-13 06:15:00+00:00,49.05,50.2,47.35,47.45,440635.0,193561.0,NIFTY,2026-08-18,24250.0,PE,2
2026-08-13 06:20:00+00:00,47.55,48.7,46.25,47.9,393640.0,193752.0,NIFTY,2026-08-18,24250.0,PE,2
2026-08-13 06:25:00+00:00,47.5,47.8,40.0,40.55,1224405.0,188347.0,NIFTY,2026-08-18,24250.0,PE,2
2026-08-13 06:30:00+00:00,40.3,40.45,34.65,35.85,1712815.0,182378.0,NIFTY,2026-08-18,24250.0,PE,2
2026-08-13 06:35:00+00:00,36.0,36.65,34.5,36.55,741845.0,180690.0,NIFTY,2026-08-18,24250.0,PE,2
2026-08-13 06:40:00+00:00,36.45,37.95,35.95,37.25,608140.0,184438.0,NIFTY,2026-08-18,24250.0,PE,2
2026-08-13 06:45:00+00:00,37.15,37.6,36.5,37.05,426660.0,184330.0,NIFTY,2026-08-18,24250.0,PE,2
2026-08-13 06:50:00+00:00,36.9,37.2,34.2,35.1,475020.0,182403.0,NIFTY,2026-08-18,24250.0,PE,2
2026-08-13 06:55:00+00:00,35.35,37.2,34.0,36.15,352755.0,180129.0,NIFTY,2026-08-18,24250.0,PE,2
2026-08-13 07:00:00+00:00,36.2,36.45,35.0,35.2,215540.0,180763.0,NIFTY,2026-08-18,24250.0,PE,2
2026-08-13 07:05:00+00:00,35.1,37.7,34.9,36.2,379990.0,181402.0,NIFTY,2026-08-18,24250.0,PE,2
2026-08-13 07:10:00+00:00,36.0,37.25,34.5,37.1,306605.0,144931.0,NIFTY,2026-08-18,24250.0,PE,2
2026-08-13 07:15:00+00:00,37.05,41.75,36.9,41.6,717730.0,180165.0,NIFTY,2026-08-18,24250.0,PE,2
2026-08-13 07:20:00+00:00,41.5,44.0,40.3,41.1,726310.0,178960.0,NIFTY,2026-08-18,24250.0,PE,2
2026-08-13 07:25:00+00:00,41.15,43.15,40.35,40.75,418015.0,179062.0,NIFTY,2026-08-18,24250.0,PE,2
2026-08-13 07:30:00+00:00,40.85,42.8,39.15,41.95,415610.0,179766.0,NIFTY,2026-08-18,24250.0,PE,2
2026-08-13 07:35:00+00:00,42.0,42.25,40.05,40.3,252655.0,180074.0,NIFTY,2026-08-18,24250.0,PE,2
2026-08-13 07:40:00+00:00,40.2,41.15,37.8,38.0,469690.0,178761.0,NIFTY,2026-08-18,24250.0,PE,2
2026-08-13 07:45:00+00:00,38.2,41.2,38.2,39.15,377325.0,177022.0,NIFTY,2026-08-18,24250.0,PE,2
2026-08-13 07:50:00+00:00,39.3,41.65,38.15,40.85,332280.0,177403.0,NIFTY,2026-08-18,24250.0,PE,2
2026-08-13 07:55:00+00:00,41.05,42.55,39.05,40.65,348660.0,174775.0,NIFTY,2026-08-18,24250.0,PE,2
2026-08-13 08:00:00+00:00,40.35,42.15,38.75,39.8,316160.0,174459.0,NIFTY,2026-08-18,24250.0,PE,2
2026-08-13 08:05:00+00:00,40.0,40.5,36.85,37.05,387790.0,174994.0,NIFTY,2026-08-18,24250.0,PE,2
2026-08-13 08:10:00+00:00,37.1,37.6,33.15,34.4,675870.0,172838.0,NIFTY,2026-08-18,24250.0,PE,2
2026-08-13 08:15:00+00:00,34.35,35.9,33.8,34.55,638560.0,173155.0,NIFTY,2026-08-18,24250.0,PE,2
2026-08-13 08:20:00+00:00,34.5,34.7,32.4,32.75,292825.0,175109.0,NIFTY,2026-08-18,24250.0,PE,2
2026-08-13 08:25:00+00:00,32.7,32.8,30.1,31.2,542685.0,173988.0,NIFTY,2026-08-18,24250.0,PE,2
2026-08-13 08:30:00+00:00,31.05,33.75,30.9,33.3,527410.0,174798.0,NIFTY,2026-08-18,24250.0,PE,2
2026-08-13 08:35:00+00:00,33.35,37.0,33.2,36.25,497120.0,174760.0,NIFTY,2026-08-18,24250.0,PE,2
2026-08-13 08:40:00+00:00,36.45,37.65,35.3,37.35,388180.0,173571.0,NIFTY,2026-08-18,24250.0,PE,2
2026-08-13 08:45:00+00:00,37.3,39.4,35.85,36.45,488150.0,172517.0,NIFTY,2026-08-18,24250.0,PE,2
2026-08-13 08:50:00+00:00,36.3,36.4,34.5,35.1,355745.0,172320.0,NIFTY,2026-08-18,24250.0,PE,2
2026-08-13 08:55:00+00:00,35.05,35.5,31.9,32.75,521690.0,171626.0,NIFTY,2026-08-18,24250.0,PE,2
2026-08-13 09:00:00+00:00,32.85,35.6,31.95,34.8,412945.0,168561.0,NIFTY,2026-08-18,24250.0,PE,2
2026-08-13 09:05:00+00:00,34.65,36.45,33.35,33.65,375830.0,167644.0,NIFTY,2026-08-18,24250.0,PE,2
2026-08-13 09:10:00+00:00,33.55,34.6,32.75,34.0,216515.0,166138.0,NIFTY,2026-08-18,24250.0,PE,2
2026-08-13 09:15:00+00:00,34.05,38.9,34.05,37.85,510380.0,163380.0,NIFTY,2026-08-18,24250.0,PE,2
2026-08-13 09:20:00+00:00,37.7,39.15,36.35,37.7,497835.0,160037.0,NIFTY,2026-08-18,24250.0,PE,2
2026-08-13 09:25:00+00:00,37.65,40.6,36.45,38.45,630695.0,157013.0,NIFTY,2026-08-18,24250.0,PE,2
2026-08-13 09:30:00+00:00,38.65,39.5,34.7,35.9,682175.0,154815.0,NIFTY,2026-08-18,24250.0,PE,2
2026-08-13 09:35:00+00:00,36.0,37.55,35.45,36.9,383565.0,155522.0,NIFTY,2026-08-18,24250.0,PE,2
2026-08-13 09:40:00+00:00,37.25,37.9,35.05,36.5,561470.0,151186.0,NIFTY,2026-08-18,24250.0,PE,2
2026-08-13 09:45:00+00:00,36.7,38.15,33.55,34.3,627250.0,146254.0,NIFTY,2026-08-18,24250.0,PE,2
2026-08-13 09:50:00+00:00,34.6,37.6,33.85,37.5,661245.0,147243.0,NIFTY,2026-08-18,24250.0,PE,2
2026-08-13 09:55:00+00:00,37.65,37.95,33.7,33.7,503815.0,144108.0,NIFTY,2026-08-18,24250.0,PE,2
2026-08-13 10:00:00+00:00,33.8,34.3,31.95,33.45,481130.0,141805.0,NIFTY,2026-08-18,24250.0,PE,2
2026-08-13 10:05:00+00:00,33.5,36.25,33.45,36.15,789750.0,144117.0,NIFTY,2026-08-18,24250.0,PE,2
2026-08-13 10:10:00+00:00,35.7,35.7,35.7,35.7,455.0,,NIFTY,2026-08-18,24250.0,PE,2
2026-08-14 03:45:00+00:00,38.9,51.4,38.9,49.35,6767670.0,146731.0,NIFTY,2026-08-18,24250.0,PE,2
2026-08-14 03:50:00+00:00,49.9,52.3,45.4,49.25,3139565.0,202814.0,NIFTY,2026-08-18,24250.0,PE,2
2026-08-14 03:55:00+00:00,49.1,55.8,48.3,54.95,3779100.0,220255.0,NIFTY,2026-08-18,24250.0,PE,2
2026-08-14 04:00:00+00:00,55.65,57.65,45.45,47.15,4636385.0,230948.0,NIFTY,2026-08-18,24250.0,PE,2
2026-08-14 04:05:00+00:00,47.0,47.9,42.5,45.55,2425800.0,249298.0,NIFTY,2026-08-18,24250.0,PE,2
2026-08-14 04:10:00+00:00,45.4,47.6,43.85,45.25,2196220.0,266206.0,NIFTY,2026-08-18,24250.0,PE,2
2026-08-14 04:15:00+00:00,45.2,45.75,42.8,43.55,1494090.0,279900.0,NIFTY,2026-08-18,24250.0,PE,2
2026-08-14 04:20:00+00:00,43.45,48.8,43.0,48.6,1686490.0,285523.0,NIFTY,2026-08-18,24250.0,PE,2
2026-08-14 04:25:00+00:00,48.55,49.7,43.25,43.85,2111980.0,291568.0,NIFTY,2026-08-18,24250.0,PE,2
2026-08-14 04:30:00+00:00,43.9,44.7,38.9,39.8,2814695.0,299970.0,NIFTY,2026-08-18,24250.0,PE,2
2026-08-14 04:35:00+00:00,39.75,42.6,38.45,38.45,1573195.0,312432.0,NIFTY,2026-08-18,24250.0,PE,2
2026-08-14 04:40:00+00:00,38.55,41.5,37.1,40.5,1728090.0,322106.0,NIFTY,2026-08-18,24250.0,PE,2
2026-08-14 04:45:00+00:00,40.35,42.85,39.25,42.35,1455870.0,329811.0,NIFTY,2026-08-18,24250.0,PE,2
2026-08-14 04:50:00+00:00,42.4,43.35,41.15,42.05,1349400.0,335613.0,NIFTY,2026-08-18,24250.0,PE,2
2026-08-14 04:55:00+00:00,42.2,43.55,41.05,43.1,1241370.0,337888.0,NIFTY,2026-08-18,24250.0,PE,2
2026-08-14 05:00:00+00:00,42.9,52.65,42.65,50.15,5277350.0,333866.0,NIFTY,2026-08-18,24250.0,PE,2
2026-08-14 05:05:00+00:00,50.0,50.45,45.05,45.8,2982915.0,323350.0,NIFTY,2026-08-18,24250.0,PE,2
2026-08-14 05:10:00+00:00,45.65,48.1,44.3,44.8,1810510.0,314215.0,NIFTY,2026-08-18,24250.0,PE,2
2026-08-14 05:15:00+00:00,45.1,45.4,41.75,42.6,1408420.0,310042.0,NIFTY,2026-08-18,24250.0,PE,2
2026-08-14 05:20:00+00:00,42.5,42.9,40.1,41.05,1366300.0,313398.0,NIFTY,2026-08-18,24250.0,PE,2
2026-08-14 05:25:00+00:00,41.2,49.75,41.0,49.5,2976610.0,322335.0,NIFTY,2026-08-18,24250.0,PE,2
2026-08-14 05:30:00+00:00,49.4,51.4,45.55,46.45,3080805.0,319443.0,NIFTY,2026-08-18,24250.0,PE,2
2026-08-14 05:35:00+00:00,46.4,50.15,46.15,47.95,1847430.0,317873.0,NIFTY,2026-08-18,24250.0,PE,2
2026-08-14 05:40:00+00:00,48.3,49.1,47.05,47.9,926835.0,323227.0,NIFTY,2026-08-18,24250.0,PE,2
2026-08-14 05:45:00+00:00,48.05,48.25,42.95,43.9,1776190.0,317185.0,NIFTY,2026-08-18,24250.0,PE,2
2026-08-14 05:50:00+00:00,43.3,44.45,41.85,43.85,1333865.0,314479.0,NIFTY,2026-08-18,24250.0,PE,2
2026-08-14 05:55:00+00:00,43.8,49.0,43.7,48.35,2248155.0,324555.0,NIFTY,2026-08-18,24250.0,PE,2
2026-08-14 06:00:00+00:00,48.6,50.65,46.2,47.75,2065960.0,314953.0,NIFTY,2026-08-18,24250.0,PE,2
2026-08-14 06:05:00+00:00,47.6,49.5,45.8,46.35,1399450.0,318464.0,NIFTY,2026-08-18,24250.0,PE,2
2026-08-14 06:10:00+00:00,46.4,47.25,42.35,44.05,1615250.0,314408.0,NIFTY,2026-08-18,24250.0,PE,2
2026-08-14 06:15:00+00:00,44.1,45.0,41.4,44.65,1542775.0,312718.0,NIFTY,2026-08-18,24250.0,PE,2
2026-08-14 06:20:00+00:00,44.75,45.25,42.5,44.25,997425.0,321300.0,NIFTY,2026-08-18,24250.0,PE,2
2026-08-14 06:25:00+00:00,44.3,45.5,43.05,44.4,981890.0,324014.0,NIFTY,2026-08-18,24250.0,PE,2
2026-08-14 06:30:00+00:00,44.2,46.5,43.95,45.65,1137435.0,326756.0,NIFTY,2026-08-18,24250.0,PE,2
2026-08-14 06:35:00+00:00,45.7,45.9,41.7,42.55,1534260.0,321725.0,NIFTY,2026-08-18,24250.0,PE,2
2026-08-14 06:40:00+00:00,42.7,42.7,39.6,40.6,1631370.0,324673.0,NIFTY,2026-08-18,24250.0,PE,2
2026-08-14 06:45:00+00:00,40.55,40.55,37.25,37.35,1427530.0,328434.0,NIFTY,2026-08-18,24250.0,PE,2
2026-08-14 06:50:00+00:00,37.4,38.85,37.35,37.75,1021800.0,336767.0,NIFTY,2026-08-18,24250.0,PE,2
2026-08-14 06:55:00+00:00,37.65,39.65,37.65,39.0,1170000.0,344005.0,NIFTY,2026-08-18,24250.0,PE,2
2026-08-14 07:00:00+00:00,39.2,40.9,38.6,39.45,1501500.0,351797.0,NIFTY,2026-08-18,24250.0,PE,2
2026-08-14 07:05:00+00:00,39.6,40.2,38.15,39.65,723450.0,354392.0,NIFTY,2026-08-18,24250.0,PE,2
2026-08-14 07:10:00+00:00,39.55,40.95,38.8,40.4,1166750.0,357527.0,NIFTY,2026-08-18,24250.0,PE,2
2026-08-14 07:15:00+00:00,40.35,40.8,36.25,37.45,1625650.0,353846.0,NIFTY,2026-08-18,24250.0,PE,2
2026-08-14 07:20:00+00:00,37.3,38.15,35.4,36.45,1237600.0,280996.0,NIFTY,2026-08-18,24250.0,PE,2
2026-08-14 07:25:00+00:00,36.4,37.5,36.0,36.1,883285.0,355881.0,NIFTY,2026-08-18,24250.0,PE,2
2026-08-14 07:30:00+00:00,36.0,37.35,35.0,37.3,980655.0,361404.0,NIFTY,2026-08-18,24250.0,PE,2
2026-08-14 07:35:00+00:00,37.2,38.0,36.2,36.35,977405.0,363630.0,NIFTY,2026-08-18,24250.0,PE,2
2026-08-14 07:40:00+00:00,36.25,37.3,35.1,35.55,842270.0,362896.0,NIFTY,2026-08-18,24250.0,PE,2
2026-08-14 07:45:00+00:00,35.45,37.6,35.4,36.05,683345.0,363337.0,NIFTY,2026-08-18,24250.0,PE,2
2026-08-14 07:50:00+00:00,36.15,36.95,35.4,36.35,448175.0,365334.0,NIFTY,2026-08-18,24250.0,PE,2
2026-08-14 07:55:00+00:00,36.3,37.75,35.85,37.0,933530.0,366418.0,NIFTY,2026-08-18,24250.0,PE,2
2026-08-14 08:00:00+00:00,37.1,40.95,36.9,40.55,1838395.0,365002.0,NIFTY,2026-08-18,24250.0,PE,2
2026-08-14 08:05:00+00:00,40.7,41.25,33.55,35.15,2675725.0,358076.0,NIFTY,2026-08-18,24250.0,PE,2
2026-08-14 08:10:00+00:00,34.95,34.95,31.25,32.15,2319590.0,347310.0,NIFTY,2026-08-18,24250.0,PE,2
2026-08-14 08:15:00+00:00,32.05,32.05,24.65,26.15,5565820.0,338026.0,NIFTY,2026-08-18,24250.0,PE,2
2026-08-14 08:20:00+00:00,25.8,26.9,25.3,26.15,1571895.0,344657.0,NIFTY,2026-08-18,24250.0,PE,2
2026-08-14 08:25:00+00:00,26.05,27.4,25.1,25.65,1359410.0,347143.0,NIFTY,2026-08-18,24250.0,PE,2
2026-08-14 08:30:00+00:00,25.6,26.35,24.0,25.7,1902290.0,339970.0,NIFTY,2026-08-18,24250.0,PE,2
2026-08-14 08:35:00+00:00,25.65,26.75,25.2,26.05,1192295.0,406423.0,NIFTY,2026-08-18,24250.0,PE,2
2026-08-14 08:40:00+00:00,25.95,26.5,25.7,26.15,1344265.0,347931.0,NIFTY,2026-08-18,24250.0,PE,2
2026-08-14 08:45:00+00:00,26.1,26.15,24.65,25.85,1206205.0,359998.0,NIFTY,2026-08-18,24250.0,PE,2
2026-08-14 08:50:00+00:00,25.8,26.45,25.1,25.2,854425.0,362481.0,NIFTY,2026-08-18,24250.0,PE,2
2026-08-14 08:55:00+00:00,25.15,26.5,25.1,26.15,803010.0,358207.0,NIFTY,2026-08-18,24250.0,PE,2
2026-08-14 09:00:00+00:00,26.1,26.4,25.3,25.8,603005.0,354334.0,NIFTY,2026-08-18,24250.0,PE,2
2026-08-14 09:05:00+00:00,25.75,26.35,25.5,25.9,532740.0,352166.0,NIFTY,2026-08-18,24250.0,PE,2
2026-08-14 09:10:00+00:00,25.8,26.0,25.1,26.0,651235.0,349902.0,NIFTY,2026-08-18,24250.0,PE,2
2026-08-14 09:15:00+00:00,26.1,27.2,25.6,26.5,826085.0,345632.0,NIFTY,2026-08-18,24250.0,PE,2
2026-08-14 09:20:00+00:00,26.55,26.55,22.2,22.4,2140255.0,334287.0,NIFTY,2026-08-18,24250.0,PE,2
2026-08-14 09:25:00+00:00,22.35,23.85,22.1,23.8,1194700.0,321083.0,NIFTY,2026-08-18,24250.0,PE,2
2026-08-14 09:30:00+00:00,23.95,24.45,22.65,23.3,1264705.0,311028.0,NIFTY,2026-08-18,24250.0,PE,2
2026-08-14 09:35:00+00:00,23.35,25.35,23.3,24.7,1182155.0,300302.0,NIFTY,2026-08-18,24250.0,PE,2
2026-08-14 09:40:00+00:00,24.8,25.4,23.8,25.15,1430000.0,284005.0,NIFTY,2026-08-18,24250.0,PE,2
2026-08-14 09:45:00+00:00,25.25,26.0,23.25,24.55,1307670.0,271943.0,NIFTY,2026-08-18,24250.0,PE,2
2026-08-14 09:50:00+00:00,24.6,25.2,23.9,24.95,1365000.0,266241.0,NIFTY,2026-08-18,24250.0,PE,2
2026-08-14 09:55:00+00:00,25.2,25.45,23.8,25.05,1242410.0,250840.0,NIFTY,2026-08-18,24250.0,PE,2
2026-08-14 10:00:00+00:00,25.2,27.3,25.15,26.85,1683955.0,218975.0,NIFTY,2026-08-18,24250.0,PE,2
2026-08-14 10:05:00+00:00,26.95,27.5,25.7,27.5,1416675.0,204906.0,NIFTY,2026-08-18,24250.0,PE,2
2026-08-17 03:45:00+00:00,28.15,43.2,28.1,37.25,14455545.0,258321.0,NIFTY,2026-08-18,24250.0,PE,2
2026-08-17 03:50:00+00:00,37.75,40.8,35.25,36.8,7833280.0,351871.0,NIFTY,2026-08-18,24250.0,PE,2
2026-08-17 03:55:00+00:00,37.35,39.75,35.3,36.8,5513885.0,404615.0,NIFTY,2026-08-18,24250.0,PE,2
2026-08-17 04:00:00+00:00,36.9,43.75,36.65,41.5,9565335.0,435670.0,NIFTY,2026-08-18,24250.0,PE,2
2026-08-17 04:05:00+00:00,41.1,41.5,35.6,37.5,7640815.0,451009.0,NIFTY,2026-08-18,24250.0,PE,2
2026-08-17 04:10:00+00:00,37.6,38.3,32.6,36.0,7466940.0,503085.0,NIFTY,2026-08-18,24250.0,PE,2
2026-08-17 04:15:00+00:00,35.9,37.85,33.4,34.6,5088980.0,524022.0,NIFTY,2026-08-18,24250.0,PE,2
2026-08-17 04:20:00+00:00,34.55,36.7,32.55,35.7,4188340.0,536747.0,NIFTY,2026-08-18,24250.0,PE,2
2026-08-17 04:25:00+00:00,36.45,40.4,34.6,39.8,6807190.0,549060.0,NIFTY,2026-08-18,24250.0,PE,2
2026-08-17 04:30:00+00:00,39.55,40.15,36.65,38.25,5493345.0,537308.0,NIFTY,2026-08-18,24250.0,PE,2
2026-08-17 04:35:00+00:00,38.05,39.2,36.2,38.05,3652090.0,552429.0,NIFTY,2026-08-18,24250.0,PE,2
2026-08-17 04:40:00+00:00,37.95,41.65,37.6,38.75,7266870.0,560889.0,NIFTY,2026-08-18,24250.0,PE,2
2026-08-17 04:45:00+00:00,39.25,54.3,38.55,48.35,17271020.0,533616.0,NIFTY,2026-08-18,24250.0,PE,2
2026-08-17 04:50:00+00:00,49.0,53.9,47.9,53.8,11729315.0,492151.0,NIFTY,2026-08-18,24250.0,PE,2
2026-08-17 04:55:00+00:00,53.85,54.0,46.9,47.75,10420410.0,528457.0,NIFTY,2026-08-18,24250.0,PE,2
2026-08-17 05:00:00+00:00,47.8,50.75,47.3,49.75,5920915.0,563117.0,NIFTY,2026-08-18,24250.0,PE,2
2026-08-17 05:05:00+00:00,49.7,51.85,48.2,49.75,4829370.0,571873.0,NIFTY,2026-08-18,24250.0,PE,2
2026-08-17 05:10:00+00:00,50.15,60.85,50.1,56.7,14266590.0,541299.0,NIFTY,2026-08-18,24250.0,PE,2
2026-08-17 05:15:00+00:00,57.45,65.95,56.85,57.25,14283815.0,467175.0,NIFTY,2026-08-18,24250.0,PE,2
2026-08-17 05:20:00+00:00,57.7,59.25,53.45,56.5,6508710.0,490004.0,NIFTY,2026-08-18,24250.0,PE,2
2026-08-17 05:25:00+00:00,56.35,58.25,53.0,57.8,5418790.0,523400.0,NIFTY,2026-08-18,24250.0,PE,2
2026-08-17 05:30:00+00:00,57.75,60.45,53.4,55.95,6890650.0,536916.0,NIFTY,2026-08-18,24250.0,PE,2
2026-08-17 05:35:00+00:00,56.2,59.3,55.6,57.6,4073550.0,548171.0,NIFTY,2026-08-18,24250.0,PE,2
2026-08-17 05:40:00+00:00,57.45,59.75,56.6,57.75,3102645.0,553445.0,NIFTY,2026-08-18,24250.0,PE,2
2026-08-17 05:45:00+00:00,57.85,58.95,55.1,57.05,2922725.0,551478.0,NIFTY,2026-08-18,24250.0,PE,2
2026-08-17 05:50:00+00:00,57.25,61.4,56.05,59.95,5362110.0,557038.0,NIFTY,2026-08-18,24250.0,PE,2
2026-08-17 05:55:00+00:00,59.9,59.95,51.8,53.45,7289490.0,569998.0,NIFTY,2026-08-18,24250.0,PE,2
2026-08-17 06:00:00+00:00,53.4,55.95,50.65,51.5,4868825.0,590956.0,NIFTY,2026-08-18,24250.0,PE,2
2026-08-17 06:05:00+00:00,51.7,53.6,49.85,52.85,4129710.0,603836.0,NIFTY,2026-08-18,24250.0,PE,2
2026-08-17 06:10:00+00:00,52.9,53.2,48.25,50.15,4408950.0,628747.0,NIFTY,2026-08-18,24250.0,PE,2
2026-08-17 06:15:00+00:00,50.0,51.35,45.45,46.55,5978830.0,644805.0,NIFTY,2026-08-18,24250.0,PE,2
2026-08-17 06:20:00+00:00,46.3,46.3,41.75,44.2,9013095.0,696751.0,NIFTY,2026-08-18,24250.0,PE,2
2026-08-17 06:25:00+00:00,44.15,44.15,41.0,41.7,4871165.0,745959.0,NIFTY,2026-08-18,24250.0,PE,2
2026-08-17 06:30:00+00:00,41.65,42.95,39.9,42.65,5861505.0,618287.0,NIFTY,2026-08-18,24250.0,PE,2
2026-08-17 06:35:00+00:00,42.6,45.4,42.15,45.1,6837610.0,786120.0,NIFTY,2026-08-18,24250.0,PE,2
2026-08-17 06:40:00+00:00,45.0,46.45,40.4,41.4,7409090.0,788121.0,NIFTY,2026-08-18,24250.0,PE,2
2026-08-17 06:45:00+00:00,41.3,41.5,34.75,35.15,9535370.0,778805.0,NIFTY,2026-08-18,24250.0,PE,2
2026-08-17 06:50:00+00:00,35.0,36.6,33.2,34.75,5440630.0,787340.0,NIFTY,2026-08-18,24250.0,PE,2
2026-08-17 06:55:00+00:00,34.6,35.75,33.0,33.15,3949855.0,799269.0,NIFTY,2026-08-18,24250.0,PE,2
2026-08-17 07:00:00+00:00,33.2,34.35,28.95,30.85,8305180.0,820255.0,NIFTY,2026-08-18,24250.0,PE,2
2026-08-17 07:05:00+00:00,30.75,32.2,28.75,30.75,6442605.0,796084.0,NIFTY,2026-08-18,24250.0,PE,2
2026-08-17 07:10:00+00:00,30.8,31.15,28.85,30.05,3941600.0,814737.0,NIFTY,2026-08-18,24250.0,PE,2
2026-08-17 07:15:00+00:00,29.85,30.0,21.2,23.55,15332590.0,800225.0,NIFTY,2026-08-18,24250.0,PE,2
2026-08-17 07:20:00+00:00,23.7,23.7,20.8,21.0,6844370.0,787174.0,NIFTY,2026-08-18,24250.0,PE,2
2026-08-17 07:25:00+00:00,20.95,22.2,19.8,20.05,5594355.0,793193.0,NIFTY,2026-08-18,24250.0,PE,2
2026-08-17 07:30:00+00:00,19.85,19.85,17.55,18.7,7904975.0,786422.0,NIFTY,2026-08-18,24250.0,PE,2
2026-08-17 07:35:00+00:00,18.75,19.3,18.1,19.25,3360630.0,784947.0,NIFTY,2026-08-18,24250.0,PE,2
2026-08-17 07:40:00+00:00,19.15,19.5,17.55,18.1,3219385.0,796699.0,NIFTY,2026-08-18,24250.0,PE,2
2026-08-17 07:45:00+00:00,18.0,18.5,16.8,18.15,3153605.0,791941.0,NIFTY,2026-08-18,24250.0,PE,2
2026-08-17 07:50:00+00:00,18.1,18.55,17.65,18.25,1836055.0,794325.0,NIFTY,2026-08-18,24250.0,PE,2
2026-08-17 07:55:00+00:00,18.15,18.45,16.7,17.05,2546440.0,801824.0,NIFTY,2026-08-18,24250.0,PE,2
2026-08-17 08:00:00+00:00,17.0,17.9,16.3,17.8,3176615.0,797683.0,NIFTY,2026-08-18,24250.0,PE,2
2026-08-17 08:05:00+00:00,17.75,19.3,17.75,18.5,3099265.0,819466.0,NIFTY,2026-08-18,24250.0,PE,2
2026-08-17 08:10:00+00:00,18.45,18.7,16.35,17.4,3571620.0,799828.0,NIFTY,2026-08-18,24250.0,PE,2
2026-08-17 08:15:00+00:00,17.3,18.55,16.8,18.45,2214745.0,787079.0,NIFTY,2026-08-18,24250.0,PE,2
2026-08-17 08:20:00+00:00,18.6,19.65,18.45,18.9,3776695.0,807399.0,NIFTY,2026-08-18,24250.0,PE,2
2026-08-17 08:25:00+00:00,18.8,19.95,18.25,18.75,4035785.0,818440.0,NIFTY,2026-08-18,24250.0,PE,2
2026-08-17 08:30:00+00:00,18.7,19.15,16.95,16.95,3258775.0,815491.0,NIFTY,2026-08-18,24250.0,PE,2
2026-08-17 08:35:00+00:00,17.05,18.05,16.8,17.75,1691430.0,809224.0,NIFTY,2026-08-18,24250.0,PE,2
2026-08-17 08:40:00+00:00,17.8,19.75,17.75,19.75,3472365.0,818364.0,NIFTY,2026-08-18,24250.0,PE,2
2026-08-17 08:45:00+00:00,19.8,19.9,17.1,18.25,4560400.0,822131.0,NIFTY,2026-08-18,24250.0,PE,2
2026-08-17 08:50:00+00:00,18.2,20.2,17.9,19.7,4426110.0,809303.0,NIFTY,2026-08-18,24250.0,PE,2
2026-08-17 08:55:00+00:00,19.65,20.2,18.45,18.9,3470285.0,810918.0,NIFTY,2026-08-18,24250.0,PE,2
2026-08-17 09:00:00+00:00,19.05,19.5,18.35,19.0,2127515.0,804893.0,NIFTY,2026-08-18,24250.0,PE,2
2026-08-17 09:05:00+00:00,18.9,20.65,18.05,18.35,4880525.0,792830.0,NIFTY,2026-08-18,24250.0,PE,2
2026-08-17 09:10:00+00:00,18.3,18.95,17.45,18.4,3033680.0,783901.0,NIFTY,2026-08-18,24250.0,PE,2
2026-08-17 09:15:00+00:00,18.35,18.9,17.35,18.0,2603965.0,773811.0,NIFTY,2026-08-18,24250.0,PE,2
2026-08-17 09:20:00+00:00,17.95,18.5,16.55,17.2,3810105.0,755485.0,NIFTY,2026-08-18,24250.0,PE,2
2026-08-17 09:25:00+00:00,17.15,18.25,17.05,17.75,2435420.0,745941.0,NIFTY,2026-08-18,24250.0,PE,2
2026-08-17 09:30:00+00:00,18.05,19.45,16.3,16.9,5068115.0,729608.0,NIFTY,2026-08-18,24250.0,PE,2
2026-08-17 09:35:00+00:00,17.1,18.2,16.85,18.0,2761655.0,703524.0,NIFTY,2026-08-18,24250.0,PE,2
2026-08-17 09:40:00+00:00,18.05,18.35,16.8,18.35,4758975.0,667798.0,NIFTY,2026-08-18,24250.0,PE,2
2026-08-17 09:45:00+00:00,18.4,19.65,17.75,18.9,3887715.0,619035.0,NIFTY,2026-08-18,24250.0,PE,2
2026-08-17 09:50:00+00:00,18.25,20.65,18.25,20.6,5979805.0,572667.0,NIFTY,2026-08-18,24250.0,PE,2
2026-08-17 09:55:00+00:00,20.7,24.45,19.3,23.0,8059610.0,426468.0,NIFTY,2026-08-18,24250.0,PE,2
2026-08-17 10:00:00+00:00,23.35,24.9,22.2,23.2,6143020.0,471494.0,NIFTY,2026-08-18,24250.0,PE,2
2026-08-17 10:05:00+00:00,23.3,23.95,22.6,23.75,4307485.0,438493.0,NIFTY,2026-08-18,24250.0,PE,2
2026-08-17 10:10:00+00:00,23.8,23.8,23.8,23.8,2990.0,,NIFTY,2026-08-18,24250.0,PE,2
2026-08-18 03:45:00+00:00,44.25,56.25,43.0,46.95,38427090.0,557654.0,NIFTY,2026-08-18,24250.0,PE,2
2026-08-18 03:50:00+00:00,46.65,51.3,44.3,45.2,17030715.0,753561.0,NIFTY,2026-08-18,24250.0,PE,2
2026-08-18 03:55:00+00:00,45.0,46.5,33.95,41.7,32523010.0,963431.0,NIFTY,2026-08-18,24250.0,PE,2
2026-08-18 04:00:00+00:00,42.4,51.65,42.4,46.55,31481840.0,1003799.0,NIFTY,2026-08-18,24250.0,PE,2
2026-08-18 04:05:00+00:00,46.75,48.3,37.85,39.35,20699705.0,1025215.0,NIFTY,2026-08-18,24250.0,PE,2
2026-08-18 04:10:00+00:00,38.95,49.7,38.8,48.85,17039035.0,1110982.0,NIFTY,2026-08-18,24250.0,PE,2
2026-08-18 04:15:00+00:00,49.0,55.0,43.65,46.65,26958295.0,1012526.0,NIFTY,2026-08-18,24250.0,PE,2
2026-08-18 04:20:00+00:00,46.6,50.6,39.8,43.0,17528290.0,1035218.0,NIFTY,2026-08-18,24250.0,PE,2
2026-08-18 04:25:00+00:00,43.05,49.2,42.95,44.05,13834600.0,1088732.0,NIFTY,2026-08-18,24250.0,PE,2
2026-08-18 04:30:00+00:00,43.9,53.1,43.9,47.6,15873650.0,1078562.0,NIFTY,2026-08-18,24250.0,PE,2
2026-08-18 04:35:00+00:00,47.75,49.65,44.8,49.65,10358530.0,1058465.0,NIFTY,2026-08-18,24250.0,PE,2
2026-08-18 04:40:00+00:00,50.0,51.45,46.6,50.15,8957390.0,1065124.0,NIFTY,2026-08-18,24250.0,PE,2
2026-08-18 04:45:00+00:00,50.25,57.0,48.8,49.05,20780305.0,987773.0,NIFTY,2026-08-18,24250.0,PE,2
2026-08-18 04:50:00+00:00,49.2,53.65,47.05,51.15,10911485.0,989234.0,NIFTY,2026-08-18,24250.0,PE,2
2026-08-18 04:55:00+00:00,51.25,51.5,41.0,42.55,16431870.0,997891.0,NIFTY,2026-08-18,24250.0,PE,2
2026-08-18 05:00:00+00:00,42.3,44.5,40.0,40.9,11839685.0,1061607.0,NIFTY,2026-08-18,24250.0,PE,2
2026-08-18 05:05:00+00:00,41.3,43.2,38.8,43.2,9646585.0,1112924.0,NIFTY,2026-08-18,24250.0,PE,2
2026-08-18 05:10:00+00:00,43.0,54.2,42.8,49.95,24782745.0,1083347.0,NIFTY,2026-08-18,24250.0,PE,2
2026-08-18 05:15:00+00:00,51.0,60.75,50.45,55.45,23664940.0,949193.0,NIFTY,2026-08-18,24250.0,PE,2
2026-08-18 05:20:00+00:00,55.7,66.35,53.85,64.6,19588595.0,838522.0,NIFTY,2026-08-18,24250.0,PE,2
2026-08-18 05:25:00+00:00,63.6,69.5,58.3,58.95,14171755.0,738004.0,NIFTY,2026-08-18,24250.0,PE,2
2026-08-18 05:30:00+00:00,58.7,63.95,56.0,56.35,8291075.0,713592.0,NIFTY,2026-08-18,24250.0,PE,2
2026-08-18 05:35:00+00:00,56.65,59.95,53.0,55.75,7996950.0,711154.0,NIFTY,2026-08-18,24250.0,PE,2
2026-08-18 05:40:00+00:00,56.0,61.3,55.4,56.95,10427885.0,748414.0,NIFTY,2026-08-18,24250.0,PE,2
2026-08-18 05:45:00+00:00,57.2,63.15,54.15,59.65,9336145.0,750345.0,NIFTY,2026-08-18,24250.0,PE,2
2026-08-18 05:50:00+00:00,59.85,63.6,57.3,58.85,7780110.0,731864.0,NIFTY,2026-08-18,24250.0,PE,2
2026-08-18 05:55:00+00:00,59.3,70.55,59.3,70.55,11516115.0,704483.0,NIFTY,2026-08-18,24250.0,PE,2
2026-08-18 06:00:00+00:00,71.3,87.8,66.15,66.15,20983495.0,561101.0,NIFTY,2026-08-18,24250.0,PE,2
2026-08-18 06:05:00+00:00,66.35,69.0,60.35,63.75,8128120.0,576454.0,NIFTY,2026-08-18,24250.0,PE,2
2026-08-18 06:10:00+00:00,64.0,65.2,60.65,62.15,4173390.0,603187.0,NIFTY,2026-08-18,24250.0,PE,2
2026-08-18 06:15:00+00:00,62.4,64.05,59.15,59.85,5390515.0,619978.0,NIFTY,2026-08-18,24250.0,PE,2
2026-08-18 06:20:00+00:00,60.05,61.65,51.35,60.8,11224200.0,643203.0,NIFTY,2026-08-18,24250.0,PE,2
2026-08-18 06:25:00+00:00,60.45,64.75,54.95,55.75,9535630.0,655863.0,NIFTY,2026-08-18,24250.0,PE,2
2026-08-18 06:30:00+00:00,55.5,58.05,48.5,49.25,8356660.0,539132.0,NIFTY,2026-08-18,24250.0,PE,2
2026-08-18 06:35:00+00:00,49.15,51.6,46.25,48.55,8492315.0,702196.0,NIFTY,2026-08-18,24250.0,PE,2
2026-08-18 06:40:00+00:00,48.7,53.1,47.2,49.7,7797140.0,732476.0,NIFTY,2026-08-18,24250.0,PE,2
2026-08-18 06:45:00+00:00,49.5,54.85,48.4,52.15,7804225.0,740227.0,NIFTY,2026-08-18,24250.0,PE,2
2026-08-18 06:50:00+00:00,52.2,56.5,50.8,54.2,7331675.0,740435.0,NIFTY,2026-08-18,24250.0,PE,2
2026-08-18 06:55:00+00:00,54.1,54.1,44.85,47.6,8434530.0,746107.0,NIFTY,2026-08-18,24250.0,PE,2
2026-08-18 07:00:00+00:00,46.5,49.6,44.5,47.3,6370715.0,752406.0,NIFTY,2026-08-18,24250.0,PE,2
2026-08-18 07:05:00+00:00,47.25,52.45,45.0,51.45,7742735.0,770885.0,NIFTY,2026-08-18,24250.0,PE,2
2026-08-18 07:10:00+00:00,51.8,58.4,51.35,57.1,11625315.0,759348.0,NIFTY,2026-08-18,24250.0,PE,2
2026-08-18 07:15:00+00:00,57.0,61.85,52.25,52.5,11415495.0,721482.0,NIFTY,2026-08-18,24250.0,PE,2
2026-08-18 07:20:00+00:00,52.45,54.0,48.75,50.25,7749430.0,713177.0,NIFTY,2026-08-18,24250.0,PE,2
2026-08-18 07:25:00+00:00,49.9,57.4,47.45,56.5,8493095.0,728557.0,NIFTY,2026-08-18,24250.0,PE,2
2026-08-18 07:30:00+00:00,56.9,63.25,56.85,61.1,12324520.0,691208.0,NIFTY,2026-08-18,24250.0,PE,2
2026-08-18 07:35:00+00:00,60.85,66.2,53.55,54.3,11948755.0,655637.0,NIFTY,2026-08-18,24250.0,PE,2
2026-08-18 07:40:00+00:00,54.25,56.6,51.5,51.5,5635435.0,648094.0,NIFTY,2026-08-18,24250.0,PE,2
2026-08-18 07:45:00+00:00,51.35,52.65,47.75,50.05,7861555.0,663710.0,NIFTY,2026-08-18,24250.0,PE,2
2026-08-18 07:50:00+00:00,50.15,53.55,48.15,53.15,8111025.0,694511.0,NIFTY,2026-08-18,24250.0,PE,2
2026-08-18 07:55:00+00:00,53.25,56.55,50.05,50.05,8931780.0,686682.0,NIFTY,2026-08-18,24250.0,PE,2
2026-08-18 08:00:00+00:00,50.55,54.3,48.6,54.15,6670040.0,685889.0,NIFTY,2026-08-18,24250.0,PE,2
2026-08-18 08:05:00+00:00,53.95,63.85,52.2,56.55,12988755.0,673344.0,NIFTY,2026-08-18,24250.0,PE,2
2026-08-18 08:10:00+00:00,56.85,59.15,50.8,53.1,7579585.0,666299.0,NIFTY,2026-08-18,24250.0,PE,2
2026-08-18 08:15:00+00:00,53.15,53.5,47.0,50.25,8904935.0,682307.0,NIFTY,2026-08-18,24250.0,PE,2
2026-08-18 08:20:00+00:00,50.15,56.75,49.45,52.85,8524035.0,695316.0,NIFTY,2026-08-18,24250.0,PE,2
2026-08-18 08:25:00+00:00,53.0,60.25,52.35,57.2,8309405.0,685728.0,NIFTY,2026-08-18,24250.0,PE,2
2026-08-18 08:30:00+00:00,57.0,57.95,48.3,48.7,8338070.0,670137.0,NIFTY,2026-08-18,24250.0,PE,2
2026-08-18 08:35:00+00:00,48.15,56.05,47.6,54.85,10208510.0,690654.0,NIFTY,2026-08-18,24250.0,PE,2
2026-08-18 08:40:00+00:00,54.75,58.45,52.35,53.4,7314710.0,673786.0,NIFTY,2026-08-18,24250.0,PE,2
2026-08-18 08:45:00+00:00,53.35,59.95,51.4,59.0,6466395.0,673201.0,NIFTY,2026-08-18,24250.0,PE,2
2026-08-18 08:50:00+00:00,58.5,59.95,51.45,55.85,9439885.0,669843.0,NIFTY,2026-08-18,24250.0,PE,2
2026-08-18 08:55:00+00:00,55.5,64.8,46.1,47.35,18480085.0,660143.0,NIFTY,2026-08-18,24250.0,PE,2
2026-08-18 09:00:00+00:00,47.9,51.55,41.25,47.45,15692430.0,686500.0,NIFTY,2026-08-18,24250.0,PE,2
2026-08-18 09:05:00+00:00,47.1,52.25,44.45,45.55,9962095.0,682908.0,NIFTY,2026-08-18,24250.0,PE,2
2026-08-18 09:10:00+00:00,45.95,47.35,41.45,43.65,8355945.0,695760.0,NIFTY,2026-08-18,24250.0,PE,2
2026-08-18 09:15:00+00:00,43.2,46.65,36.6,41.0,15638675.0,707061.0,NIFTY,2026-08-18,24250.0,PE,2
2026-08-18 09:20:00+00:00,40.55,45.2,33.35,44.35,19976710.0,747435.0,NIFTY,2026-08-18,24250.0,PE,2
2026-08-18 09:25:00+00:00,43.65,43.65,32.2,35.0,19311370.0,799973.0,NIFTY,2026-08-18,24250.0,PE,2
2026-08-18 09:30:00+00:00,35.15,45.2,21.7,42.15,56914065.0,888355.0,NIFTY,2026-08-18,24250.0,PE,2
2026-08-18 09:35:00+00:00,43.75,45.3,36.1,40.8,25599340.0,747336.0,NIFTY,2026-08-18,24250.0,PE,2
2026-08-18 09:40:00+00:00,40.95,61.9,32.05,61.55,26846105.0,702174.0,NIFTY,2026-08-18,24250.0,PE,2
2026-08-18 09:45:00+00:00,62.7,68.35,37.9,44.55,22142055.0,562575.0,NIFTY,2026-08-18,24250.0,PE,2
2026-08-18 09:50:00+00:00,45.1,77.4,43.8,73.55,21132345.0,416295.0,NIFTY,2026-08-18,24250.0,PE,2
2026-08-18 09:55:00+00:00,73.2,118.9,69.6,95.05,19044610.0,399855.0,NIFTY,2026-08-18,24250.0,PE,2
2026-08-18 10:00:00+00:00,95.15,95.35,94.65,94.9,1765595.0,269102.0,NIFTY,2026-08-18,24250.0,PE,2
2026-08-18 10:05:00+00:00,95.1,95.2,94.85,94.85,456560.0,249844.0,NIFTY,2026-08-18,24250.0,PE,2
2026-08-18 10:10:00+00:00,94.85,94.85,94.85,94.85,650.0,,NIFTY,2026-08-18,24250.0,PE,2
