timestamp,open,high,low,close,volume,oi,underlying,expiry,strike,option_type,itm_rank
2026-07-20 03:45:00+00:00,245.05,245.25,238.85,239.5,1235.0,,NIFTY,2026-08-11,24400.0,CE,2
2026-07-20 03:50:00+00:00,236.0,236.0,230.55,231.4,455.0,286.0,NIFTY,2026-08-11,24400.0,CE,2
2026-07-20 03:55:00+00:00,235.0,235.0,220.9,225.55,1365.0,436.0,NIFTY,2026-08-11,24400.0,CE,2
2026-07-20 04:00:00+00:00,222.1,224.6,214.0,214.0,2470.0,455.0,NIFTY,2026-08-11,24400.0,CE,2
2026-07-20 04:05:00+00:00,219.05,222.8,218.4,218.65,1560.0,599.0,NIFTY,2026-08-11,24400.0,CE,2
2026-07-20 04:10:00+00:00,215.5,219.35,213.85,215.8,715.0,432.0,NIFTY,2026-08-11,24400.0,CE,2
2026-07-20 04:15:00+00:00,215.95,217.55,211.8,211.8,650.0,291.0,NIFTY,2026-08-11,24400.0,CE,2
2026-07-20 04:20:00+00:00,217.65,220.65,217.65,218.8,260.0,291.0,NIFTY,2026-08-11,24400.0,CE,2
2026-07-20 04:25:00+00:00,223.65,225.65,223.0,223.0,1820.0,143.0,NIFTY,2026-08-11,24400.0,CE,2
2026-07-20 04:30:00+00:00,221.3,221.45,220.85,221.45,325.0,146.0,NIFTY,2026-08-11,24400.0,CE,2
2026-07-20 04:35:00+00:00,229.1,229.1,224.35,224.35,260.0,144.0,NIFTY,2026-08-11,24400.0,CE,2
2026-07-20 04:40:00+00:00,226.5,230.7,226.45,230.7,455.0,292.0,NIFTY,2026-08-11,24400.0,CE,2
2026-07-20 04:45:00+00:00,231.35,237.8,231.35,237.75,520.0,148.0,NIFTY,2026-08-11,24400.0,CE,2
2026-07-20 04:50:00+00:00,237.75,237.75,227.1,227.1,325.0,149.0,NIFTY,2026-08-11,24400.0,CE,2
2026-07-20 04:55:00+00:00,236.0,236.0,236.0,236.0,130.0,148.0,NIFTY,2026-08-11,24400.0,CE,2
2026-07-20 05:00:00+00:00,236.0,236.0,236.0,236.0,130.0,148.0,NIFTY,2026-08-11,24400.0,CE,2
2026-07-20 05:10:00+00:00,233.15,233.15,233.15,233.15,65.0,149.0,NIFTY,2026-08-11,24400.0,CE,2
2026-07-20 05:15:00+00:00,229.85,229.85,229.85,229.85,130.0,,NIFTY,2026-08-11,24400.0,CE,2
2026-07-20 05:40:00+00:00,230.6,230.6,230.6,230.6,65.0,150.0,NIFTY,2026-08-11,24400.0,CE,2
2026-07-20 05:45:00+00:00,229.55,229.55,229.55,229.55,65.0,151.0,NIFTY,2026-08-11,24400.0,CE,2
2026-07-20 06:05:00+00:00,225.95,228.8,225.95,228.8,455.0,,NIFTY,2026-08-11,24400.0,CE,2
2026-07-20 06:20:00+00:00,218.35,218.35,218.35,218.35,65.0,152.0,NIFTY,2026-08-11,24400.0,CE,2
2026-07-20 06:35:00+00:00,215.1,215.1,215.1,215.1,65.0,152.0,NIFTY,2026-08-11,24400.0,CE,2
2026-07-20 06:40:00+00:00,220.65,220.65,220.65,220.65,65.0,,NIFTY,2026-08-11,24400.0,CE,2
2026-07-20 06:55:00+00:00,214.1,214.45,214.1,214.45,130.0,,NIFTY,2026-08-11,24400.0,CE,2
2026-07-20 07:00:00+00:00,215.6,215.6,215.1,215.1,130.0,154.0,NIFTY,2026-08-11,24400.0,CE,2
2026-07-20 07:05:00+00:00,212.95,212.95,211.35,211.35,1105.0,310.0,NIFTY,2026-08-11,24400.0,CE,2
2026-07-20 07:10:00+00:00,210.75,211.3,210.3,210.3,455.0,156.0,NIFTY,2026-08-11,24400.0,CE,2
2026-07-20 07:15:00+00:00,210.05,210.05,201.0,205.8,1040.0,479.0,NIFTY,2026-08-11,24400.0,CE,2
2026-07-20 07:25:00+00:00,214.4,222.0,214.4,222.0,520.0,,NIFTY,2026-08-11,24400.0,CE,2
2026-07-20 07:35:00+00:00,221.75,221.75,219.55,219.55,455.0,158.0,NIFTY,2026-08-11,24400.0,CE,2
2026-07-20 07:40:00+00:00,226.5,226.5,226.5,226.5,65.0,157.0,NIFTY,2026-08-11,24400.0,CE,2
2026-07-20 07:45:00+00:00,240.75,240.75,228.25,231.7,390.0,473.0,NIFTY,2026-08-11,24400.0,CE,2
2026-07-20 07:50:00+00:00,236.1,246.05,236.1,245.4,585.0,157.0,NIFTY,2026-08-11,24400.0,CE,2
2026-07-20 07:55:00+00:00,241.6,244.05,241.6,244.05,325.0,317.0,NIFTY,2026-08-11,24400.0,CE,2
2026-07-20 08:00:00+00:00,247.05,250.25,241.1,246.3,18200.0,563.0,NIFTY,2026-08-11,24400.0,CE,2
2026-07-20 08:05:00+00:00,246.2,251.65,245.6,245.6,3770.0,712.0,NIFTY,2026-08-11,24400.0,CE,2
2026-07-20 08:10:00+00:00,242.2,246.0,242.2,244.85,1430.0,952.0,NIFTY,2026-08-11,24400.0,CE,2
2026-07-20 08:15:00+00:00,245.85,251.75,245.85,251.5,780.0,479.0,NIFTY,2026-08-11,24400.0,CE,2
2026-07-20 08:20:00+00:00,252.75,252.75,245.95,245.95,845.0,476.0,NIFTY,2026-08-11,24400.0,CE,2
2026-07-20 08:25:00+00:00,252.9,257.0,252.9,257.0,195.0,238.0,NIFTY,2026-08-11,24400.0,CE,2
2026-07-20 08:30:00+00:00,258.15,259.4,258.15,259.4,130.0,237.0,NIFTY,2026-08-11,24400.0,CE,2
2026-07-20 08:35:00+00:00,257.4,257.4,253.5,253.5,455.0,236.0,NIFTY,2026-08-11,24400.0,CE,2
2026-07-20 08:40:00+00:00,250.95,252.0,250.95,252.0,195.0,468.0,NIFTY,2026-08-11,24400.0,CE,2
2026-07-20 08:45:00+00:00,247.4,247.4,246.9,246.9,195.0,234.0,NIFTY,2026-08-11,24400.0,CE,2
2026-07-20 08:55:00+00:00,251.9,252.4,251.9,252.4,130.0,234.0,NIFTY,2026-08-11,24400.0,CE,2
2026-07-20 09:00:00+00:00,252.4,252.4,250.45,250.45,195.0,469.0,NIFTY,2026-08-11,24400.0,CE,2
2026-07-20 09:05:00+00:00,243.6,244.6,243.6,243.65,195.0,235.0,NIFTY,2026-08-11,24400.0,CE,2
2026-07-20 09:15:00+00:00,245.7,245.7,245.7,245.7,130.0,235.0,NIFTY,2026-08-11,24400.0,CE,2
2026-07-20 09:20:00+00:00,247.75,248.7,247.75,248.7,130.0,,NIFTY,2026-08-11,24400.0,CE,2
2026-07-20 09:25:00+00:00,242.0,243.15,242.0,243.15,585.0,,NIFTY,2026-08-11,24400.0,CE,2
2026-07-20 09:30:00+00:00,242.95,242.95,235.0,242.45,260.0,481.0,NIFTY,2026-08-11,24400.0,CE,2
2026-07-20 09:35:00+00:00,242.35,246.2,242.35,246.2,845.0,480.0,NIFTY,2026-08-11,24400.0,CE,2
2026-07-20 09:40:00+00:00,244.95,245.2,244.95,245.2,130.0,480.0,NIFTY,2026-08-11,24400.0,CE,2
2026-07-20 09:45:00+00:00,247.2,249.05,245.7,246.9,455.0,726.0,NIFTY,2026-08-11,24400.0,CE,2
2026-07-20 09:50:00+00:00,245.8,247.05,245.8,247.05,130.0,243.0,NIFTY,2026-08-11,24400.0,CE,2
2026-07-20 09:55:00+00:00,247.4,247.45,247.15,247.45,1040.0,489.0,NIFTY,2026-08-11,24400.0,CE,2
2026-07-21 03:45:00+00:00,170.8,245.2,170.8,240.5,5395.0,1045.0,NIFTY,2026-08-11,24400.0,CE,2
2026-07-21 03:50:00+00:00,239.25,239.25,227.25,227.25,390.0,536.0,NIFTY,2026-08-11,24400.0,CE,2
2026-07-21 03:55:00+00:00,222.2,229.4,222.2,229.4,260.0,267.0,NIFTY,2026-08-11,24400.0,CE,2
2026-07-21 04:05:00+00:00,218.5,223.95,218.5,221.15,1885.0,1090.0,NIFTY,2026-08-11,24400.0,CE,2
2026-07-21 04:10:00+00:00,219.35,219.35,216.0,218.9,585.0,1143.0,NIFTY,2026-08-11,24400.0,CE,2
2026-07-21 04:15:00+00:00,216.3,218.05,213.85,218.05,260.0,579.0,NIFTY,2026-08-11,24400.0,CE,2
2026-07-21 04:20:00+00:00,212.75,216.45,212.75,215.3,325.0,583.0,NIFTY,2026-08-11,24400.0,CE,2
2026-07-21 04:25:00+00:00,218.75,218.75,218.75,218.75,65.0,291.0,NIFTY,2026-08-11,24400.0,CE,2
2026-07-21 04:30:00+00:00,215.3,215.3,211.6,214.35,325.0,877.0,NIFTY,2026-08-11,24400.0,CE,2
2026-07-21 04:40:00+00:00,213.0,213.0,211.85,211.85,130.0,,NIFTY,2026-08-11,24400.0,CE,2
2026-07-21 04:45:00+00:00,211.3,211.3,211.3,211.3,65.0,293.0,NIFTY,2026-08-11,24400.0,CE,2
2026-07-21 04:50:00+00:00,205.0,206.15,203.25,206.15,390.0,295.0,NIFTY,2026-08-11,24400.0,CE,2
2026-07-21 04:55:00+00:00,206.7,206.7,202.45,205.15,1170.0,297.0,NIFTY,2026-08-11,24400.0,CE,2
2026-07-21 05:00:00+00:00,207.6,207.9,207.6,207.9,130.0,594.0,NIFTY,2026-08-11,24400.0,CE,2
2026-07-21 05:05:00+00:00,201.1,202.45,201.05,201.55,455.0,895.0,NIFTY,2026-08-11,24400.0,CE,2
2026-07-21 05:10:00+00:00,195.8,201.95,195.8,201.95,4810.0,1261.0,NIFTY,2026-08-11,24400.0,CE,2
2026-07-21 05:15:00+00:00,200.2,200.2,198.85,199.2,455.0,324.0,NIFTY,2026-08-11,24400.0,CE,2
2026-07-21 05:25:00+00:00,200.0,200.0,200.0,200.0,260.0,326.0,NIFTY,2026-08-11,24400.0,CE,2
2026-07-21 05:35:00+00:00,203.25,203.25,202.9,202.9,130.0,,NIFTY,2026-08-11,24400.0,CE,2
2026-07-21 05:40:00+00:00,203.95,203.95,200.5,200.8,455.0,326.0,NIFTY,2026-08-11,24400.0,CE,2
2026-07-21 05:50:00+00:00,200.85,200.85,197.65,200.75,845.0,653.0,NIFTY,2026-08-11,24400.0,CE,2
2026-07-21 05:55:00+00:00,200.8,200.8,200.1,200.1,455.0,326.0,NIFTY,2026-08-11,24400.0,CE,2
2026-07-21 06:05:00+00:00,198.05,198.05,198.0,198.0,130.0,327.0,NIFTY,2026-08-11,24400.0,CE,2
2026-07-21 06:10:00+00:00,194.0,194.0,194.0,194.0,65.0,,NIFTY,2026-08-11,24400.0,CE,2
2026-07-21 06:15:00+00:00,196.3,196.3,196.3,196.3,65.0,,NIFTY,2026-08-11,24400.0,CE,2
2026-07-21 06:20:00+00:00,194.9,194.9,194.85,194.9,195.0,326.0,NIFTY,2026-08-11,24400.0,CE,2
2026-07-21 06:25:00+00:00,195.95,199.0,195.95,198.85,1365.0,651.0,NIFTY,2026-08-11,24400.0,CE,2
2026-07-21 06:30:00+00:00,197.15,199.0,197.15,199.0,195.0,321.0,NIFTY,2026-08-11,24400.0,CE,2
2026-07-21 07:00:00+00:00,197.6,199.45,197.6,199.45,195.0,644.0,NIFTY,2026-08-11,24400.0,CE,2
2026-07-21 07:05:00+00:00,201.95,201.95,200.0,200.0,260.0,323.0,NIFTY,2026-08-11,24400.0,CE,2
2026-07-21 07:10:00+00:00,196.65,196.65,196.65,196.65,65.0,,NIFTY,2026-08-11,24400.0,CE,2
2026-07-21 07:15:00+00:00,193.95,196.45,193.95,194.05,650.0,322.0,NIFTY,2026-08-11,24400.0,CE,2
2026-07-21 07:20:00+00:00,193.0,193.0,193.0,193.0,130.0,327.0,NIFTY,2026-08-11,24400.0,CE,2
2026-07-21 07:25:00+00:00,194.0,194.0,192.45,192.45,325.0,328.0,NIFTY,2026-08-11,24400.0,CE,2
2026-07-21 07:30:00+00:00,189.15,189.15,178.75,187.65,2210.0,1305.0,NIFTY,2026-08-11,24400.0,CE,2
2026-07-21 07:35:00+00:00,186.0,189.0,186.0,188.0,520.0,659.0,NIFTY,2026-08-11,24400.0,CE,2
2026-07-21 07:40:00+00:00,190.1,190.1,189.0,190.05,1625.0,658.0,NIFTY,2026-08-11,24400.0,CE,2
2026-07-21 07:45:00+00:00,188.0,189.4,188.0,189.4,130.0,341.0,NIFTY,2026-08-11,24400.0,CE,2
2026-07-21 07:50:00+00:00,193.55,193.55,193.55,193.55,65.0,,NIFTY,2026-08-11,24400.0,CE,2
2026-07-21 07:55:00+00:00,194.85,196.45,194.7,194.7,520.0,341.0,NIFTY,2026-08-11,24400.0,CE,2
2026-07-21 08:00:00+00:00,193.95,197.15,193.95,197.15,520.0,339.0,NIFTY,2026-08-11,24400.0,CE,2
2026-07-21 08:05:00+00:00,198.95,199.9,198.25,199.9,390.0,1017.0,NIFTY,2026-08-11,24400.0,CE,2
2026-07-21 08:10:00+00:00,200.0,202.0,196.0,196.0,845.0,677.0,NIFTY,2026-08-11,24400.0,CE,2
2026-07-21 08:15:00+00:00,198.9,198.9,195.55,195.55,845.0,1360.0,NIFTY,2026-08-11,24400.0,CE,2
2026-07-21 08:20:00+00:00,196.7,196.7,194.8,194.95,650.0,1034.0,NIFTY,2026-08-11,24400.0,CE,2
2026-07-21 08:25:00+00:00,191.0,192.0,190.0,190.5,390.0,1049.0,NIFTY,2026-08-11,24400.0,CE,2
2026-07-21 08:30:00+00:00,190.3,194.9,190.3,194.9,130.0,703.0,NIFTY,2026-08-11,24400.0,CE,2
2026-07-21 08:35:00+00:00,194.9,195.05,190.0,192.75,325.0,,NIFTY,2026-08-11,24400.0,CE,2
2026-07-21 08:40:00+00:00,190.0,191.6,190.0,191.6,130.0,351.0,NIFTY,2026-08-11,24400.0,CE,2
2026-07-21 08:45:00+00:00,191.6,191.6,190.15,190.15,455.0,,NIFTY,2026-08-11,24400.0,CE,2
2026-07-21 09:00:00+00:00,190.0,190.75,188.55,188.55,455.0,702.0,NIFTY,2026-08-11,24400.0,CE,2
2026-07-21 09:05:00+00:00,190.7,190.7,190.7,190.7,65.0,,NIFTY,2026-08-11,24400.0,CE,2
2026-07-21 09:10:00+00:00,188.45,190.7,188.45,190.7,455.0,352.0,NIFTY,2026-08-11,24400.0,CE,2
2026-07-21 09:15:00+00:00,194.0,194.0,194.0,194.0,130.0,355.0,NIFTY,2026-08-11,24400.0,CE,2
2026-07-21 09:20:00+00:00,196.6,196.6,193.3,194.3,325.0,1066.0,NIFTY,2026-08-11,24400.0,CE,2
2026-07-21 09:25:00+00:00,194.2,197.0,194.2,194.35,715.0,716.0,NIFTY,2026-08-11,24400.0,CE,2
2026-07-21 09:30:00+00:00,197.05,197.05,194.0,194.0,520.0,1081.0,NIFTY,2026-08-11,24400.0,CE,2
2026-07-21 09:35:00+00:00,196.5,197.25,195.5,197.25,455.0,720.0,NIFTY,2026-08-11,24400.0,CE,2
2026-07-21 09:40:00+00:00,196.9,197.3,194.4,195.8,1560.0,1097.0,NIFTY,2026-08-11,24400.0,CE,2
2026-07-21 09:45:00+00:00,196.25,196.35,194.9,195.05,1885.0,745.0,NIFTY,2026-08-11,24400.0,CE,2
2026-07-21 09:50:00+00:00,194.9,196.8,194.9,196.8,1365.0,763.0,NIFTY,2026-08-11,24400.0,CE,2
2026-07-21 09:55:00+00:00,196.55,196.55,192.15,192.15,1170.0,1156.0,NIFTY,2026-08-11,24400.0,CE,2
2026-07-22 03:45:00+00:00,163.6,164.0,154.85,161.4,6890.0,1560.0,NIFTY,2026-08-11,24400.0,CE,2
2026-07-22 03:50:00+00:00,160.05,163.05,159.55,161.2,1950.0,1518.0,NIFTY,2026-08-11,24400.0,CE,2
2026-07-22 03:55:00+00:00,162.05,162.05,152.45,153.0,4680.0,2021.0,NIFTY,2026-08-11,24400.0,CE,2
2026-07-22 04:00:00+00:00,154.0,154.75,146.15,148.35,5980.0,2143.0,NIFTY,2026-08-11,24400.0,CE,2
2026-07-22 04:05:00+00:00,146.85,148.5,145.7,147.85,1755.0,893.0,NIFTY,2026-08-11,24400.0,CE,2
2026-07-22 04:10:00+00:00,147.5,149.0,147.35,148.25,1430.0,1803.0,NIFTY,2026-08-11,24400.0,CE,2
2026-07-22 04:15:00+00:00,148.0,148.65,143.1,144.0,2340.0,1838.0,NIFTY,2026-08-11,24400.0,CE,2
2026-07-22 04:20:00+00:00,144.05,146.95,144.05,146.95,455.0,1384.0,NIFTY,2026-08-11,24400.0,CE,2
2026-07-22 04:25:00+00:00,145.0,146.0,143.4,146.0,910.0,922.0,NIFTY,2026-08-11,24400.0,CE,2
2026-07-22 04:30:00+00:00,145.95,147.15,145.95,147.15,325.0,928.0,NIFTY,2026-08-11,24400.0,CE,2
2026-07-22 04:35:00+00:00,148.95,153.45,148.95,153.45,2925.0,1420.0,NIFTY,2026-08-11,24400.0,CE,2
2026-07-22 04:40:00+00:00,152.0,152.0,150.0,150.75,455.0,470.0,NIFTY,2026-08-11,24400.0,CE,2
2026-07-22 04:45:00+00:00,144.6,144.6,143.45,143.45,520.0,1413.0,NIFTY,2026-08-11,24400.0,CE,2
2026-07-22 04:50:00+00:00,144.9,144.9,140.3,141.15,1040.0,1902.0,NIFTY,2026-08-11,24400.0,CE,2
2026-07-22 04:55:00+00:00,140.0,140.0,134.95,140.0,4160.0,2398.0,NIFTY,2026-08-11,24400.0,CE,2
2026-07-22 05:00:00+00:00,140.95,143.1,140.0,140.55,1495.0,978.0,NIFTY,2026-08-11,24400.0,CE,2
2026-07-22 05:05:00+00:00,138.85,139.95,138.0,138.75,1820.0,1970.0,NIFTY,2026-08-11,24400.0,CE,2
2026-07-22 05:10:00+00:00,137.95,137.95,137.95,137.95,65.0,492.0,NIFTY,2026-08-11,24400.0,CE,2
2026-07-22 05:15:00+00:00,137.95,141.25,137.95,141.25,585.0,1482.0,NIFTY,2026-08-11,24400.0,CE,2
2026-07-22 05:20:00+00:00,140.15,143.15,140.15,143.15,520.0,992.0,NIFTY,2026-08-11,24400.0,CE,2
2026-07-22 05:25:00+00:00,143.15,143.15,141.6,142.95,910.0,998.0,NIFTY,2026-08-11,24400.0,CE,2
2026-07-22 05:30:00+00:00,142.85,142.85,140.25,141.0,195.0,,NIFTY,2026-08-11,24400.0,CE,2
2026-07-22 05:35:00+00:00,141.0,141.0,139.7,139.7,1625.0,499.0,NIFTY,2026-08-11,24400.0,CE,2
2026-07-22 05:40:00+00:00,142.3,142.3,138.8,138.8,2015.0,1023.0,NIFTY,2026-08-11,24400.0,CE,2
2026-07-22 05:45:00+00:00,139.5,141.0,139.5,141.0,2990.0,1069.0,NIFTY,2026-08-11,24400.0,CE,2
2026-07-22 05:50:00+00:00,143.5,145.35,143.05,145.35,1235.0,1093.0,NIFTY,2026-08-11,24400.0,CE,2
2026-07-22 05:55:00+00:00,145.65,145.65,143.5,144.45,455.0,1636.0,NIFTY,2026-08-11,24400.0,CE,2
2026-07-22 06:00:00+00:00,145.2,146.45,145.2,146.35,260.0,547.0,NIFTY,2026-08-11,24400.0,CE,2
2026-07-22 06:05:00+00:00,145.75,145.75,142.4,143.0,1300.0,1650.0,NIFTY,2026-08-11,24400.0,CE,2
2026-07-22 06:10:00+00:00,144.0,145.1,144.0,145.1,195.0,551.0,NIFTY,2026-08-11,24400.0,CE,2
2026-07-22 06:15:00+00:00,144.6,144.6,144.5,144.5,195.0,552.0,NIFTY,2026-08-11,24400.0,CE,2
2026-07-22 06:20:00+00:00,141.55,141.6,141.55,141.6,130.0,1106.0,NIFTY,2026-08-11,24400.0,CE,2
2026-07-22 06:25:00+00:00,138.0,138.15,137.8,138.15,390.0,551.0,NIFTY,2026-08-11,24400.0,CE,2
2026-07-22 06:30:00+00:00,136.05,136.05,133.5,134.0,4030.0,1103.0,NIFTY,2026-08-11,24400.0,CE,2
2026-07-22 06:35:00+00:00,135.7,135.7,134.85,134.85,260.0,555.0,NIFTY,2026-08-11,24400.0,CE,2
2026-07-22 06:40:00+00:00,133.2,134.8,132.95,133.95,1625.0,2773.0,NIFTY,2026-08-11,24400.0,CE,2
2026-07-22 06:45:00+00:00,132.95,133.95,128.6,128.6,1755.0,1652.0,NIFTY,2026-08-11,24400.0,CE,2
2026-07-22 06:50:00+00:00,126.85,131.45,126.4,131.45,17420.0,2062.0,NIFTY,2026-08-11,24400.0,CE,2
2026-07-22 06:55:00+00:00,131.8,131.9,130.05,130.05,1430.0,2449.0,NIFTY,2026-08-11,24400.0,CE,2
2026-07-22 07:00:00+00:00,130.0,130.0,128.85,129.75,2210.0,1483.0,NIFTY,2026-08-11,24400.0,CE,2
2026-07-22 07:05:00+00:00,128.85,128.85,127.8,128.05,780.0,1497.0,NIFTY,2026-08-11,24400.0,CE,2
2026-07-22 07:10:00+00:00,128.1,131.75,128.0,131.75,1105.0,2499.0,NIFTY,2026-08-11,24400.0,CE,2
2026-07-22 07:15:00+00:00,132.6,139.5,130.65,135.2,3640.0,2466.0,NIFTY,2026-08-11,24400.0,CE,2
2026-07-22 07:20:00+00:00,136.0,139.45,134.8,134.8,1755.0,1469.0,NIFTY,2026-08-11,24400.0,CE,2
2026-07-22 07:25:00+00:00,136.5,137.45,136.25,136.55,2340.0,1496.0,NIFTY,2026-08-11,24400.0,CE,2
2026-07-22 07:30:00+00:00,133.1,133.1,129.0,129.15,715.0,2003.0,NIFTY,2026-08-11,24400.0,CE,2
2026-07-22 07:35:00+00:00,129.45,132.15,129.45,131.7,195.0,503.0,NIFTY,2026-08-11,24400.0,CE,2
2026-07-22 07:40:00+00:00,130.45,131.4,127.1,131.4,715.0,1511.0,NIFTY,2026-08-11,24400.0,CE,2
2026-07-22 07:45:00+00:00,132.3,132.3,132.3,132.3,65.0,504.0,NIFTY,2026-08-11,24400.0,CE,2
2026-07-22 07:50:00+00:00,131.55,131.55,130.0,131.3,845.0,1008.0,NIFTY,2026-08-11,24400.0,CE,2
2026-07-22 07:55:00+00:00,131.25,132.05,131.25,132.05,195.0,1012.0,NIFTY,2026-08-11,24400.0,CE,2
2026-07-22 08:00:00+00:00,132.85,135.0,132.85,135.0,1105.0,1518.0,NIFTY,2026-08-11,24400.0,CE,2
2026-07-22 08:05:00+00:00,137.85,143.0,136.25,136.25,5525.0,1023.0,NIFTY,2026-08-11,24400.0,CE,2
2026-07-22 08:10:00+00:00,132.65,134.0,132.65,134.0,390.0,,NIFTY,2026-08-11,24400.0,CE,2
2026-07-22 08:15:00+00:00,132.8,132.8,132.8,132.8,260.0,518.0,NIFTY,2026-08-11,24400.0,CE,2
2026-07-22 08:20:00+00:00,131.45,131.6,131.45,131.6,585.0,1039.0,NIFTY,2026-08-11,24400.0,CE,2
2026-07-22 08:25:00+00:00,131.65,132.3,130.8,132.3,325.0,1045.0,NIFTY,2026-08-11,24400.0,CE,2
2026-07-22 08:30:00+00:00,129.95,133.2,129.65,130.1,1365.0,2616.0,NIFTY,2026-08-11,24400.0,CE,2
2026-07-22 08:35:00+00:00,130.45,130.45,130.45,130.45,65.0,,NIFTY,2026-08-11,24400.0,CE,2
2026-07-22 08:40:00+00:00,130.85,131.25,127.05,131.0,975.0,1045.0,NIFTY,2026-08-11,24400.0,CE,2
2026-07-22 08:50:00+00:00,133.3,133.4,130.0,130.0,325.0,517.0,NIFTY,2026-08-11,24400.0,CE,2
2026-07-22 08:55:00+00:00,129.35,130.0,129.35,130.0,520.0,520.0,NIFTY,2026-08-11,24400.0,CE,2
2026-07-22 09:00:00+00:00,128.4,130.9,128.4,130.9,455.0,523.0,NIFTY,2026-08-11,24400.0,CE,2
2026-07-22 09:05:00+00:00,133.5,134.05,133.5,134.05,715.0,1047.0,NIFTY,2026-08-11,24400.0,CE,2
2026-07-22 09:10:00+00:00,130.0,130.35,130.0,130.35,520.0,,NIFTY,2026-08-11,24400.0,CE,2
2026-07-22 09:15:00+00:00,132.0,132.25,131.75,132.25,195.0,1044.0,NIFTY,2026-08-11,24400.0,CE,2
2026-07-22 09:20:00+00:00,132.85,133.15,132.1,133.15,585.0,1563.0,NIFTY,2026-08-11,24400.0,CE,2
2026-07-22 09:25:00+00:00,133.2,133.2,130.0,131.15,520.0,1041.0,NIFTY,2026-08-11,24400.0,CE,2
2026-07-22 09:30:00+00:00,132.0,132.0,130.5,131.15,260.0,521.0,NIFTY,2026-08-11,24400.0,CE,2
2026-07-22 09:35:00+00:00,132.7,134.1,131.95,132.0,325.0,521.0,NIFTY,2026-08-11,24400.0,CE,2
2026-07-22 09:40:00+00:00,132.65,136.75,132.65,136.75,1105.0,1561.0,NIFTY,2026-08-11,24400.0,CE,2
2026-07-22 09:45:00+00:00,136.2,137.0,133.25,135.4,4030.0,1587.0,NIFTY,2026-08-11,24400.0,CE,2
2026-07-22 09:50:00+00:00,135.85,136.65,134.0,135.15,4420.0,1553.0,NIFTY,2026-08-11,24400.0,CE,2
2026-07-22 09:55:00+00:00,136.35,136.35,134.05,134.25,4095.0,2105.0,NIFTY,2026-08-11,24400.0,CE,2
2026-07-23 03:45:00+00:00,114.9,114.9,106.7,111.95,4940.0,2112.0,NIFTY,2026-08-11,24400.0,CE,2
2026-07-23 03:50:00+00:00,111.0,119.55,111.0,119.05,2275.0,2121.0,NIFTY,2026-08-11,24400.0,CE,2
2026-07-23 03:55:00+00:00,115.2,117.95,112.0,112.0,3835.0,2687.0,NIFTY,2026-08-11,24400.0,CE,2
2026-07-23 04:00:00+00:00,111.9,114.15,107.75,110.0,3185.0,2757.0,NIFTY,2026-08-11,24400.0,CE,2
2026-07-23 04:05:00+00:00,110.25,110.35,104.75,110.35,2145.0,2213.0,NIFTY,2026-08-11,24400.0,CE,2
2026-07-23 04:10:00+00:00,107.5,108.4,106.05,107.35,1820.0,1677.0,NIFTY,2026-08-11,24400.0,CE,2
2026-07-23 04:15:00+00:00,111.5,111.5,107.0,108.5,1690.0,2808.0,NIFTY,2026-08-11,24400.0,CE,2
2026-07-23 04:20:00+00:00,109.65,111.35,108.5,111.35,975.0,2282.0,NIFTY,2026-08-11,24400.0,CE,2
2026-07-23 04:25:00+00:00,111.85,112.35,110.4,112.0,1365.0,1153.0,NIFTY,2026-08-11,24400.0,CE,2
2026-07-23 04:30:00+00:00,112.05,114.5,112.05,114.5,1950.0,1185.0,NIFTY,2026-08-11,24400.0,CE,2
2026-07-23 04:35:00+00:00,117.05,120.0,115.65,120.0,715.0,2384.0,NIFTY,2026-08-11,24400.0,CE,2
2026-07-23 04:40:00+00:00,118.65,119.75,117.0,118.95,585.0,2405.0,NIFTY,2026-08-11,24400.0,CE,2
2026-07-23 04:45:00+00:00,116.1,118.95,116.1,118.05,975.0,2423.0,NIFTY,2026-08-11,24400.0,CE,2
2026-07-23 04:50:00+00:00,116.1,116.1,113.1,115.7,650.0,1821.0,NIFTY,2026-08-11,24400.0,CE,2
2026-07-23 04:55:00+00:00,115.5,119.65,115.25,119.45,1430.0,1223.0,NIFTY,2026-08-11,24400.0,CE,2
2026-07-23 05:00:00+00:00,117.85,118.8,115.2,115.2,455.0,2450.0,NIFTY,2026-08-11,24400.0,CE,2
2026-07-23 05:05:00+00:00,119.7,120.0,118.35,119.0,845.0,1223.0,NIFTY,2026-08-11,24400.0,CE,2
2026-07-23 05:10:00+00:00,118.9,118.9,118.3,118.3,130.0,,NIFTY,2026-08-11,24400.0,CE,2
2026-07-23 05:15:00+00:00,118.05,121.0,118.05,121.0,260.0,,NIFTY,2026-08-11,24400.0,CE,2
2026-07-23 05:20:00+00:00,119.3,119.75,114.85,114.85,390.0,612.0,NIFTY,2026-08-11,24400.0,CE,2
2026-07-23 05:25:00+00:00,116.95,120.0,116.95,120.0,910.0,1227.0,NIFTY,2026-08-11,24400.0,CE,2
2026-07-23 05:30:00+00:00,119.75,120.0,119.75,120.0,455.0,1846.0,NIFTY,2026-08-11,24400.0,CE,2
2026-07-23 05:35:00+00:00,121.95,121.95,117.5,119.55,1170.0,1231.0,NIFTY,2026-08-11,24400.0,CE,2
2026-07-23 05:40:00+00:00,119.55,119.55,116.4,116.4,780.0,1227.0,NIFTY,2026-08-11,24400.0,CE,2
2026-07-23 05:45:00+00:00,116.0,116.0,113.0,113.0,585.0,1836.0,NIFTY,2026-08-11,24400.0,CE,2
2026-07-23 05:50:00+00:00,111.8,111.9,110.25,110.25,1040.0,1226.0,NIFTY,2026-08-11,24400.0,CE,2
2026-07-23 05:55:00+00:00,108.85,110.7,107.3,107.3,2210.0,2461.0,NIFTY,2026-08-11,24400.0,CE,2
2026-07-23 06:00:00+00:00,107.3,107.3,107.3,107.3,260.0,607.0,NIFTY,2026-08-11,24400.0,CE,2
2026-07-23 06:05:00+00:00,109.7,109.7,106.5,108.9,1105.0,1213.0,NIFTY,2026-08-11,24400.0,CE,2
2026-07-23 06:10:00+00:00,108.85,109.6,108.85,109.6,325.0,1210.0,NIFTY,2026-08-11,24400.0,CE,2
2026-07-23 06:15:00+00:00,109.95,109.95,107.85,107.85,1040.0,1209.0,NIFTY,2026-08-11,24400.0,CE,2
2026-07-23 06:20:00+00:00,108.45,108.45,105.0,105.0,1625.0,1229.0,NIFTY,2026-08-11,24400.0,CE,2
2026-07-23 06:25:00+00:00,107.25,110.0,105.75,110.0,1950.0,617.0,NIFTY,2026-08-11,24400.0,CE,2
2026-07-23 06:30:00+00:00,109.8,111.25,109.35,109.35,845.0,625.0,NIFTY,2026-08-11,24400.0,CE,2
2026-07-23 06:35:00+00:00,106.7,110.0,106.7,110.0,1235.0,625.0,NIFTY,2026-08-11,24400.0,CE,2
2026-07-23 06:40:00+00:00,107.65,107.65,107.65,107.65,65.0,631.0,NIFTY,2026-08-11,24400.0,CE,2
2026-07-23 06:45:00+00:00,105.95,105.95,104.1,104.1,715.0,631.0,NIFTY,2026-08-11,24400.0,CE,2
2026-07-23 06:50:00+00:00,104.75,104.75,102.3,102.3,2275.0,616.0,NIFTY,2026-08-11,24400.0,CE,2
2026-07-23 06:55:00+00:00,102.3,102.3,100.85,100.85,650.0,1231.0,NIFTY,2026-08-11,24400.0,CE,2
2026-07-23 07:00:00+00:00,100.5,100.5,96.0,96.7,6695.0,1865.0,NIFTY,2026-08-11,24400.0,CE,2
2026-07-23 07:05:00+00:00,96.6,97.45,94.65,95.0,3705.0,3159.0,NIFTY,2026-08-11,24400.0,CE,2
2026-07-23 07:10:00+00:00,94.9,94.9,89.0,90.45,5785.0,3227.0,NIFTY,2026-08-11,24400.0,CE,2
2026-07-23 07:15:00+00:00,91.45,92.0,90.15,91.4,3965.0,3316.0,NIFTY,2026-08-11,24400.0,CE,2
2026-07-23 07:20:00+00:00,90.8,91.9,90.0,91.9,3900.0,2726.0,NIFTY,2026-08-11,24400.0,CE,2
2026-07-23 07:25:00+00:00,91.95,93.8,91.95,92.95,1885.0,2065.0,NIFTY,2026-08-11,24400.0,CE,2
2026-07-23 07:30:00+00:00,92.45,93.55,90.9,91.4,10205.0,3716.0,NIFTY,2026-08-11,24400.0,CE,2
2026-07-23 07:35:00+00:00,91.6,91.6,88.95,88.95,6435.0,3890.0,NIFTY,2026-08-11,24400.0,CE,2
2026-07-23 07:40:00+00:00,88.85,89.7,86.3,89.55,6760.0,4039.0,NIFTY,2026-08-11,24400.0,CE,2
2026-07-23 07:45:00+00:00,89.75,90.7,87.85,90.2,6370.0,2431.0,NIFTY,2026-08-11,24400.0,CE,2
2026-07-23 07:50:00+00:00,90.6,91.8,90.5,91.4,3510.0,3247.0,NIFTY,2026-08-11,24400.0,CE,2
2026-07-23 07:55:00+00:00,91.45,92.5,90.9,92.05,6825.0,3370.0,NIFTY,2026-08-11,24400.0,CE,2
2026-07-23 08:00:00+00:00,91.25,92.0,90.3,91.2,4355.0,3569.0,NIFTY,2026-08-11,24400.0,CE,2
2026-07-23 08:05:00+00:00,91.0,93.6,89.2,93.6,8515.0,3604.0,NIFTY,2026-08-11,24400.0,CE,2
2026-07-23 08:10:00+00:00,93.8,96.4,93.6,93.6,26715.0,4982.0,NIFTY,2026-08-11,24400.0,CE,2
2026-07-23 08:15:00+00:00,94.2,95.65,93.25,94.7,4030.0,4269.0,NIFTY,2026-08-11,24400.0,CE,2
2026-07-23 08:20:00+00:00,95.25,95.7,93.75,93.75,1820.0,3236.0,NIFTY,2026-08-11,24400.0,CE,2
2026-07-23 08:25:00+00:00,93.5,94.7,93.5,93.95,2080.0,3189.0,NIFTY,2026-08-11,24400.0,CE,2
2026-07-23 08:30:00+00:00,94.0,94.6,93.0,93.7,2470.0,2124.0,NIFTY,2026-08-11,24400.0,CE,2
2026-07-23 08:35:00+00:00,93.4,93.4,91.75,91.75,1755.0,2143.0,NIFTY,2026-08-11,24400.0,CE,2
2026-07-23 08:40:00+00:00,91.45,92.55,91.2,92.45,975.0,1075.0,NIFTY,2026-08-11,24400.0,CE,2
2026-07-23 08:50:00+00:00,92.0,93.6,91.7,93.55,5135.0,3310.0,NIFTY,2026-08-11,24400.0,CE,2
2026-07-23 08:55:00+00:00,92.75,92.95,92.25,92.7,910.0,3366.0,NIFTY,2026-08-11,24400.0,CE,2
2026-07-23 09:00:00+00:00,90.95,99.75,90.9,96.85,3120.0,2254.0,NIFTY,2026-08-11,24400.0,CE,2
2026-07-23 09:05:00+00:00,97.25,97.4,91.15,91.15,2210.0,2263.0,NIFTY,2026-08-11,24400.0,CE,2
2026-07-23 09:10:00+00:00,90.05,90.05,88.35,88.45,1690.0,4553.0,NIFTY,2026-08-11,24400.0,CE,2
2026-07-23 09:15:00+00:00,88.95,88.95,87.95,88.1,4875.0,4488.0,NIFTY,2026-08-11,24400.0,CE,2
2026-07-23 09:20:00+00:00,87.7,89.0,86.6,88.0,2535.0,4433.0,NIFTY,2026-08-11,24400.0,CE,2
2026-07-23 09:25:00+00:00,89.15,90.9,89.05,90.9,390.0,2208.0,NIFTY,2026-08-11,24400.0,CE,2
2026-07-23 09:30:00+00:00,89.15,93.95,88.9,91.7,5265.0,1116.0,NIFTY,2026-08-11,24400.0,CE,2
2026-07-23 09:35:00+00:00,93.25,95.0,93.25,94.95,1495.0,5613.0,NIFTY,2026-08-11,24400.0,CE,2
2026-07-23 09:40:00+00:00,94.7,96.8,93.6,95.6,3315.0,3387.0,NIFTY,2026-08-11,24400.0,CE,2
2026-07-23 09:45:00+00:00,95.3,95.6,93.6,95.35,1885.0,3397.0,NIFTY,2026-08-11,24400.0,CE,2
2026-07-23 09:50:00+00:00,94.75,96.0,94.7,96.0,3640.0,3412.0,NIFTY,2026-08-11,24400.0,CE,2
2026-07-23 09:55:00+00:00,95.8,97.0,95.25,96.0,8580.0,5705.0,NIFTY,2026-08-11,24400.0,CE,2
2026-07-24 03:45:00+00:00,67.25,81.45,61.45,81.2,15795.0,5559.0,NIFTY,2026-08-11,24400.0,CE,2
2026-07-24 03:50:00+00:00,81.05,82.25,76.3,76.65,5915.0,5622.0,NIFTY,2026-08-11,24400.0,CE,2
2026-07-24 03:55:00+00:00,76.7,77.05,71.85,73.05,9880.0,5808.0,NIFTY,2026-08-11,24400.0,CE,2
2026-07-24 04:00:00+00:00,74.8,75.0,72.55,73.5,6760.0,4683.0,NIFTY,2026-08-11,24400.0,CE,2
2026-07-24 04:05:00+00:00,72.8,74.05,70.65,71.2,9425.0,5943.0,NIFTY,2026-08-11,24400.0,CE,2
2026-07-24 04:10:00+00:00,71.25,71.55,68.0,68.95,13520.0,6129.0,NIFTY,2026-08-11,24400.0,CE,2
2026-07-24 04:15:00+00:00,68.8,70.1,68.6,68.95,2860.0,4995.0,NIFTY,2026-08-11,24400.0,CE,2
2026-07-24 04:20:00+00:00,68.1,69.5,65.85,69.3,10725.0,6185.0,NIFTY,2026-08-11,24400.0,CE,2
2026-07-24 04:25:00+00:00,69.15,69.65,63.75,64.3,33410.0,4639.0,NIFTY,2026-08-11,24400.0,CE,2
2026-07-24 04:30:00+00:00,63.45,64.85,62.55,63.1,10595.0,4416.0,NIFTY,2026-08-11,24400.0,CE,2
2026-07-24 04:35:00+00:00,63.25,66.0,63.15,65.45,11375.0,3377.0,NIFTY,2026-08-11,24400.0,CE,2
2026-07-24 04:40:00+00:00,65.7,66.3,64.9,65.35,2925.0,4536.0,NIFTY,2026-08-11,24400.0,CE,2
2026-07-24 04:45:00+00:00,65.15,66.45,65.15,65.95,3965.0,4538.0,NIFTY,2026-08-11,24400.0,CE,2
2026-07-24 04:50:00+00:00,66.35,66.4,64.2,65.1,6825.0,5682.0,NIFTY,2026-08-11,24400.0,CE,2
2026-07-24 04:55:00+00:00,64.85,65.4,64.1,65.25,3640.0,3366.0,NIFTY,2026-08-11,24400.0,CE,2
2026-07-24 05:00:00+00:00,64.85,64.9,64.0,64.1,2340.0,3363.0,NIFTY,2026-08-11,24400.0,CE,2
2026-07-24 05:05:00+00:00,64.2,65.95,64.0,65.95,3380.0,6756.0,NIFTY,2026-08-11,24400.0,CE,2
2026-07-24 05:10:00+00:00,66.0,67.65,65.5,67.15,6500.0,4574.0,NIFTY,2026-08-11,24400.0,CE,2
2026-07-24 05:15:00+00:00,67.4,67.4,66.5,67.0,2860.0,5734.0,NIFTY,2026-08-11,24400.0,CE,2
2026-07-24 05:20:00+00:00,67.0,67.0,65.0,65.0,2145.0,4594.0,NIFTY,2026-08-11,24400.0,CE,2
2026-07-24 05:25:00+00:00,64.9,64.9,63.0,63.0,4550.0,4616.0,NIFTY,2026-08-11,24400.0,CE,2
2026-07-24 05:30:00+00:00,63.4,63.45,62.6,63.45,585.0,2339.0,NIFTY,2026-08-11,24400.0,CE,2
2026-07-24 05:35:00+00:00,63.65,64.0,63.2,63.8,455.0,2339.0,NIFTY,2026-08-11,24400.0,CE,2
2026-07-24 05:40:00+00:00,64.2,64.45,62.95,64.45,1300.0,5831.0,NIFTY,2026-08-11,24400.0,CE,2
2026-07-24 05:45:00+00:00,64.2,65.7,64.2,65.45,1885.0,5821.0,NIFTY,2026-08-11,24400.0,CE,2
2026-07-24 05:50:00+00:00,66.0,67.6,66.0,66.95,4225.0,5781.0,NIFTY,2026-08-11,24400.0,CE,2
2026-07-24 05:55:00+00:00,66.55,67.3,65.75,65.75,1690.0,4616.0,NIFTY,2026-08-11,24400.0,CE,2
2026-07-24 06:00:00+00:00,64.85,64.95,63.7,64.3,15210.0,6013.0,NIFTY,2026-08-11,24400.0,CE,2
2026-07-24 06:05:00+00:00,64.4,65.15,63.9,64.85,8515.0,3825.0,NIFTY,2026-08-11,24400.0,CE,2
2026-07-24 06:10:00+00:00,65.2,67.15,65.2,66.05,2210.0,1327.0,NIFTY,2026-08-11,24400.0,CE,2
2026-07-24 06:15:00+00:00,66.45,68.0,66.45,67.5,1950.0,4040.0,NIFTY,2026-08-11,24400.0,CE,2
2026-07-24 06:20:00+00:00,67.25,67.95,66.85,67.0,5070.0,5446.0,NIFTY,2026-08-11,24400.0,CE,2
2026-07-24 06:25:00+00:00,66.6,68.3,65.75,66.65,7865.0,5485.0,NIFTY,2026-08-11,24400.0,CE,2
2026-07-24 06:30:00+00:00,65.2,69.9,65.2,69.9,3640.0,5506.0,NIFTY,2026-08-11,24400.0,CE,2
2026-07-24 06:35:00+00:00,68.8,69.3,67.1,67.85,3055.0,5502.0,NIFTY,2026-08-11,24400.0,CE,2
2026-07-24 06:40:00+00:00,67.7,67.7,66.55,67.0,715.0,5505.0,NIFTY,2026-08-11,24400.0,CE,2
2026-07-24 06:45:00+00:00,67.65,69.9,67.65,69.05,845.0,2756.0,NIFTY,2026-08-11,24400.0,CE,2
2026-07-24 06:50:00+00:00,69.05,72.45,68.3,72.45,2600.0,2761.0,NIFTY,2026-08-11,24400.0,CE,2
2026-07-24 06:55:00+00:00,73.05,83.9,72.9,80.0,8580.0,6889.0,NIFTY,2026-08-11,24400.0,CE,2
2026-07-24 07:00:00+00:00,82.55,82.55,74.0,75.85,15665.0,6810.0,NIFTY,2026-08-11,24400.0,CE,2
2026-07-24 07:05:00+00:00,76.3,77.1,73.45,75.65,3445.0,5481.0,NIFTY,2026-08-11,24400.0,CE,2
2026-07-24 07:10:00+00:00,77.75,82.6,77.35,82.45,4485.0,5439.0,NIFTY,2026-08-11,24400.0,CE,2
2026-07-24 07:15:00+00:00,81.75,83.65,80.45,83.05,1235.0,5469.0,NIFTY,2026-08-11,24400.0,CE,2
2026-07-24 07:20:00+00:00,83.5,85.0,82.6,83.6,2730.0,1365.0,NIFTY,2026-08-11,24400.0,CE,2
2026-07-24 07:25:00+00:00,82.45,87.15,82.45,83.35,2535.0,5499.0,NIFTY,2026-08-11,24400.0,CE,2
2026-07-24 07:30:00+00:00,83.45,83.45,77.15,77.95,3185.0,4117.0,NIFTY,2026-08-11,24400.0,CE,2
2026-07-24 07:35:00+00:00,77.4,77.4,75.25,76.65,2990.0,5507.0,NIFTY,2026-08-11,24400.0,CE,2
2026-07-24 07:40:00+00:00,77.2,79.15,76.8,78.95,2860.0,,NIFTY,2026-08-11,24400.0,CE,2
2026-07-24 07:45:00+00:00,79.05,81.0,79.05,80.85,1690.0,4132.0,NIFTY,2026-08-11,24400.0,CE,2
2026-07-24 07:50:00+00:00,80.75,82.0,79.15,80.25,3315.0,4126.0,NIFTY,2026-08-11,24400.0,CE,2
2026-07-24 07:55:00+00:00,81.7,83.25,80.85,81.25,3185.0,5506.0,NIFTY,2026-08-11,24400.0,CE,2
2026-07-24 08:00:00+00:00,78.5,78.6,75.55,75.55,1560.0,5511.0,NIFTY,2026-08-11,24400.0,CE,2
2026-07-24 08:05:00+00:00,75.95,76.25,73.5,75.95,8580.0,6864.0,NIFTY,2026-08-11,24400.0,CE,2
2026-07-24 08:10:00+00:00,75.9,75.9,70.0,72.45,5720.0,6910.0,NIFTY,2026-08-11,24400.0,CE,2
2026-07-24 08:15:00+00:00,71.95,74.35,71.2,74.35,2535.0,5612.0,NIFTY,2026-08-11,24400.0,CE,2
2026-07-24 08:20:00+00:00,76.5,78.6,75.2,77.7,910.0,4220.0,NIFTY,2026-08-11,24400.0,CE,2
2026-07-24 08:25:00+00:00,77.2,82.25,76.95,82.25,1755.0,4196.0,NIFTY,2026-08-11,24400.0,CE,2
2026-07-24 08:30:00+00:00,83.15,86.0,80.15,85.5,3900.0,6962.0,NIFTY,2026-08-11,24400.0,CE,2
2026-07-24 08:35:00+00:00,85.0,85.0,81.65,82.05,2470.0,4171.0,NIFTY,2026-08-11,24400.0,CE,2
2026-07-24 08:40:00+00:00,80.15,81.6,80.0,81.5,11245.0,2848.0,NIFTY,2026-08-11,24400.0,CE,2
2026-07-24 08:45:00+00:00,82.05,83.35,80.2,80.75,1755.0,7252.0,NIFTY,2026-08-11,24400.0,CE,2
2026-07-24 08:50:00+00:00,80.25,80.25,76.35,76.7,4420.0,7258.0,NIFTY,2026-08-11,24400.0,CE,2
2026-07-24 08:55:00+00:00,76.55,79.45,75.95,79.0,7735.0,4551.0,NIFTY,2026-08-11,24400.0,CE,2
2026-07-24 09:00:00+00:00,78.2,80.45,78.2,79.2,975.0,3030.0,NIFTY,2026-08-11,24400.0,CE,2
2026-07-24 09:05:00+00:00,78.5,79.45,77.85,79.35,6955.0,7575.0,NIFTY,2026-08-11,24400.0,CE,2
2026-07-24 09:10:00+00:00,79.55,79.7,78.35,78.5,845.0,4586.0,NIFTY,2026-08-11,24400.0,CE,2
2026-07-24 09:15:00+00:00,78.45,79.5,77.0,79.5,1495.0,6117.0,NIFTY,2026-08-11,24400.0,CE,2
2026-07-24 09:20:00+00:00,79.0,80.75,77.6,79.15,3705.0,4571.0,NIFTY,2026-08-11,24400.0,CE,2
2026-07-24 09:25:00+00:00,79.25,79.3,76.75,77.55,2600.0,6059.0,NIFTY,2026-08-11,24400.0,CE,2
2026-07-24 09:30:00+00:00,78.25,78.3,72.0,75.2,12350.0,7584.0,NIFTY,2026-08-11,24400.0,CE,2
2026-07-24 09:35:00+00:00,74.9,76.45,73.5,73.95,5590.0,9293.0,NIFTY,2026-08-11,24400.0,CE,2
2026-07-24 09:40:00+00:00,74.0,77.3,73.0,77.3,3640.0,4702.0,NIFTY,2026-08-11,24400.0,CE,2
2026-07-24 09:45:00+00:00,76.7,80.6,74.55,76.2,5200.0,7800.0,NIFTY,2026-08-11,24400.0,CE,2
2026-07-24 09:50:00+00:00,76.5,77.15,75.55,75.95,11830.0,9444.0,NIFTY,2026-08-11,24400.0,CE,2
2026-07-24 09:55:00+00:00,76.2,76.75,75.6,76.65,17810.0,6396.0,NIFTY,2026-08-11,24400.0,CE,2
2026-07-27 03:45:00+00:00,85.3,94.85,83.1,85.0,30745.0,8353.0,NIFTY,2026-08-11,24400.0,CE,2
2026-07-27 03:50:00+00:00,84.95,89.95,84.95,86.25,5460.0,6820.0,NIFTY,2026-08-11,24400.0,CE,2
2026-07-27 03:55:00+00:00,86.6,88.35,83.45,87.0,12740.0,6853.0,NIFTY,2026-08-11,24400.0,CE,2
2026-07-27 04:00:00+00:00,87.55,88.35,84.15,84.8,8125.0,6851.0,NIFTY,2026-08-11,24400.0,CE,2
2026-07-27 04:05:00+00:00,85.15,88.05,84.15,86.7,12415.0,8665.0,NIFTY,2026-08-11,24400.0,CE,2
2026-07-27 04:10:00+00:00,87.6,87.8,86.3,87.75,9750.0,8476.0,NIFTY,2026-08-11,24400.0,CE,2
2026-07-27 04:15:00+00:00,87.4,87.5,85.4,86.45,7540.0,8444.0,NIFTY,2026-08-11,24400.0,CE,2
2026-07-27 04:20:00+00:00,86.65,86.7,83.05,84.05,16120.0,8693.0,NIFTY,2026-08-11,24400.0,CE,2
2026-07-27 04:25:00+00:00,82.75,84.0,80.0,83.5,6435.0,8742.0,NIFTY,2026-08-11,24400.0,CE,2
2026-07-27 04:30:00+00:00,83.55,84.05,81.0,82.0,3510.0,7031.0,NIFTY,2026-08-11,24400.0,CE,2
2026-07-27 04:35:00+00:00,81.25,82.45,79.95,80.65,14170.0,7063.0,NIFTY,2026-08-11,24400.0,CE,2
2026-07-27 04:40:00+00:00,80.8,86.0,80.8,85.35,3965.0,7083.0,NIFTY,2026-08-11,24400.0,CE,2
2026-07-27 04:45:00+00:00,85.0,85.15,81.6,82.7,3640.0,8840.0,NIFTY,2026-08-11,24400.0,CE,2
2026-07-27 04:50:00+00:00,82.0,82.15,80.2,80.35,7410.0,8932.0,NIFTY,2026-08-11,24400.0,CE,2
2026-07-27 04:55:00+00:00,80.5,82.0,80.5,81.0,4615.0,5423.0,NIFTY,2026-08-11,24400.0,CE,2
2026-07-27 05:00:00+00:00,80.8,81.8,80.0,80.7,5265.0,9068.0,NIFTY,2026-08-11,24400.0,CE,2
2026-07-27 05:05:00+00:00,80.4,80.4,77.9,77.9,7735.0,9106.0,NIFTY,2026-08-11,24400.0,CE,2
2026-07-27 05:10:00+00:00,78.4,83.9,78.4,83.9,7150.0,7233.0,NIFTY,2026-08-11,24400.0,CE,2
2026-07-27 05:15:00+00:00,83.8,83.8,81.0,81.55,3380.0,10788.0,NIFTY,2026-08-11,24400.0,CE,2
2026-07-27 05:20:00+00:00,81.65,82.6,80.9,82.6,4095.0,5406.0,NIFTY,2026-08-11,24400.0,CE,2
2026-07-27 05:25:00+00:00,81.6,84.25,81.45,83.45,650.0,1804.0,NIFTY,2026-08-11,24400.0,CE,2
2026-07-27 05:30:00+00:00,82.9,84.0,82.15,82.15,2600.0,3621.0,NIFTY,2026-08-11,24400.0,CE,2
2026-07-27 05:35:00+00:00,82.6,83.25,81.6,83.25,10855.0,5504.0,NIFTY,2026-08-11,24400.0,CE,2
2026-07-27 05:40:00+00:00,81.45,81.8,81.25,81.7,325.0,,NIFTY,2026-08-11,24400.0,CE,2
2026-07-27 05:45:00+00:00,81.75,84.0,81.75,84.0,715.0,3725.0,NIFTY,2026-08-11,24400.0,CE,2
2026-07-27 05:50:00+00:00,84.2,84.65,83.25,84.65,5005.0,9323.0,NIFTY,2026-08-11,24400.0,CE,2
2026-07-27 05:55:00+00:00,84.8,86.6,84.6,84.6,4290.0,7500.0,NIFTY,2026-08-11,24400.0,CE,2
2026-07-27 06:00:00+00:00,84.2,86.2,83.95,85.35,4875.0,5597.0,NIFTY,2026-08-11,24400.0,CE,2
2026-07-27 06:05:00+00:00,85.2,85.2,83.5,84.2,14885.0,7413.0,NIFTY,2026-08-11,24400.0,CE,2
2026-07-27 06:10:00+00:00,84.8,86.1,84.8,85.5,3250.0,9218.0,NIFTY,2026-08-11,24400.0,CE,2
2026-07-27 06:15:00+00:00,84.5,86.2,83.25,83.25,2990.0,7447.0,NIFTY,2026-08-11,24400.0,CE,2
2026-07-27 06:20:00+00:00,83.75,86.45,83.7,85.35,2470.0,7506.0,NIFTY,2026-08-11,24400.0,CE,2
2026-07-27 06:25:00+00:00,86.7,88.0,86.0,86.0,5265.0,5649.0,NIFTY,2026-08-11,24400.0,CE,2
2026-07-27 06:30:00+00:00,86.85,86.85,84.25,84.45,6370.0,9508.0,NIFTY,2026-08-11,24400.0,CE,2
2026-07-27 06:35:00+00:00,83.0,85.35,83.0,84.4,13390.0,9618.0,NIFTY,2026-08-11,24400.0,CE,2
2026-07-27 06:40:00+00:00,84.05,85.25,82.7,85.0,2730.0,3895.0,NIFTY,2026-08-11,24400.0,CE,2
2026-07-27 06:45:00+00:00,85.2,86.7,85.2,86.0,1235.0,7797.0,NIFTY,2026-08-11,24400.0,CE,2
2026-07-27 06:50:00+00:00,85.3,86.8,84.85,85.25,6825.0,3904.0,NIFTY,2026-08-11,24400.0,CE,2
2026-07-27 06:55:00+00:00,86.35,87.25,85.8,85.8,10140.0,5980.0,NIFTY,2026-08-11,24400.0,CE,2
2026-07-27 07:00:00+00:00,85.4,87.75,85.4,87.05,3835.0,4113.0,NIFTY,2026-08-11,24400.0,CE,2
2026-07-27 07:05:00+00:00,86.95,86.95,84.2,84.8,7800.0,8315.0,NIFTY,2026-08-11,24400.0,CE,2
2026-07-27 07:10:00+00:00,84.75,84.8,82.05,83.6,5525.0,8571.0,NIFTY,2026-08-11,24400.0,CE,2
2026-07-27 07:15:00+00:00,83.8,86.7,83.8,85.95,2405.0,8682.0,NIFTY,2026-08-11,24400.0,CE,2
2026-07-27 07:20:00+00:00,85.65,86.25,83.2,83.2,2275.0,10936.0,NIFTY,2026-08-11,24400.0,CE,2
2026-07-27 07:25:00+00:00,83.45,84.5,80.8,84.3,36075.0,11863.0,NIFTY,2026-08-11,24400.0,CE,2
2026-07-27 07:30:00+00:00,84.0,87.25,82.95,86.25,18005.0,12770.0,NIFTY,2026-08-11,24400.0,CE,2
2026-07-27 07:35:00+00:00,86.2,87.3,84.65,85.0,39455.0,11458.0,NIFTY,2026-08-11,24400.0,CE,2
2026-07-27 07:40:00+00:00,85.2,86.0,85.0,85.75,8385.0,8913.0,NIFTY,2026-08-11,24400.0,CE,2
2026-07-27 07:45:00+00:00,86.7,88.35,86.7,86.9,5460.0,12021.0,NIFTY,2026-08-11,24400.0,CE,2
2026-07-27 07:50:00+00:00,87.35,87.5,86.0,86.95,14040.0,12071.0,NIFTY,2026-08-11,24400.0,CE,2
2026-07-27 07:55:00+00:00,86.9,86.9,82.5,82.5,5915.0,15075.0,NIFTY,2026-08-11,24400.0,CE,2
2026-07-27 08:00:00+00:00,82.65,83.75,77.6,77.6,5525.0,12041.0,NIFTY,2026-08-11,24400.0,CE,2
2026-07-27 08:05:00+00:00,77.85,82.25,75.9,82.15,9490.0,12011.0,NIFTY,2026-08-11,24400.0,CE,2
2026-07-27 08:10:00+00:00,81.85,82.95,80.45,82.9,3705.0,12019.0,NIFTY,2026-08-11,24400.0,CE,2
2026-07-27 08:15:00+00:00,82.55,84.25,81.65,83.25,2145.0,12064.0,NIFTY,2026-08-11,24400.0,CE,2
2026-07-27 08:20:00+00:00,82.75,83.85,82.75,83.35,845.0,12070.0,NIFTY,2026-08-11,24400.0,CE,2
2026-07-27 08:25:00+00:00,83.85,84.55,83.3,84.4,2015.0,9057.0,NIFTY,2026-08-11,24400.0,CE,2
2026-07-27 08:30:00+00:00,85.15,88.5,84.4,86.75,7475.0,15030.0,NIFTY,2026-08-11,24400.0,CE,2
2026-07-27 08:35:00+00:00,86.9,90.0,86.1,89.3,4615.0,12000.0,NIFTY,2026-08-11,24400.0,CE,2
2026-07-27 08:40:00+00:00,89.5,90.65,88.6,89.8,7670.0,12016.0,NIFTY,2026-08-11,24400.0,CE,2
2026-07-27 08:45:00+00:00,89.65,89.85,87.95,88.75,3575.0,9006.0,NIFTY,2026-08-11,24400.0,CE,2
2026-07-27 08:50:00+00:00,89.0,90.6,88.65,90.45,6240.0,15036.0,NIFTY,2026-08-11,24400.0,CE,2
2026-07-27 08:55:00+00:00,90.3,94.45,89.9,92.25,22750.0,15130.0,NIFTY,2026-08-11,24400.0,CE,2
2026-07-27 09:00:00+00:00,92.1,92.95,89.4,89.85,67600.0,17429.0,NIFTY,2026-08-11,24400.0,CE,2
2026-07-27 09:05:00+00:00,90.35,92.0,88.0,90.4,44915.0,18917.0,NIFTY,2026-08-11,24400.0,CE,2
2026-07-27 09:10:00+00:00,90.55,92.6,89.25,90.65,23140.0,20123.0,NIFTY,2026-08-11,24400.0,CE,2
2026-07-27 09:15:00+00:00,90.2,92.7,90.2,92.5,16250.0,20424.0,NIFTY,2026-08-11,24400.0,CE,2
2026-07-27 09:20:00+00:00,92.2,93.0,90.65,90.95,11375.0,20707.0,NIFTY,2026-08-11,24400.0,CE,2
2026-07-27 09:25:00+00:00,90.45,92.55,90.0,90.0,13975.0,20904.0,NIFTY,2026-08-11,24400.0,CE,2
2026-07-27 09:30:00+00:00,90.55,94.05,88.15,91.1,20020.0,21234.0,NIFTY,2026-08-11,24400.0,CE,2
2026-07-27 09:35:00+00:00,91.75,92.9,91.25,91.85,14170.0,21505.0,NIFTY,2026-08-11,24400.0,CE,2
2026-07-27 09:40:00+00:00,92.25,93.65,91.4,92.65,15860.0,17454.0,NIFTY,2026-08-11,24400.0,CE,2
2026-07-27 09:45:00+00:00,92.45,93.45,91.85,93.4,13585.0,21938.0,NIFTY,2026-08-11,24400.0,CE,2
2026-07-27 09:50:00+00:00,93.0,95.35,92.65,94.45,22490.0,17572.0,NIFTY,2026-08-11,24400.0,CE,2
2026-07-27 09:55:00+00:00,94.65,97.65,94.0,97.4,21775.0,21955.0,NIFTY,2026-08-11,24400.0,CE,2
2026-07-27 10:00:00+00:00,97.4,97.4,97.4,97.4,130.0,,NIFTY,2026-08-11,24400.0,CE,2
2026-07-28 03:45:00+00:00,96.65,96.65,77.25,89.9,52065.0,21837.0,NIFTY,2026-08-11,24400.0,CE,2
2026-07-28 03:50:00+00:00,89.8,91.0,84.35,85.25,10140.0,17430.0,NIFTY,2026-08-11,24400.0,CE,2
2026-07-28 03:55:00+00:00,85.35,87.45,81.65,85.8,15665.0,21896.0,NIFTY,2026-08-11,24400.0,CE,2
2026-07-28 04:00:00+00:00,84.65,88.0,80.4,82.25,10595.0,22088.0,NIFTY,2026-08-11,24400.0,CE,2
2026-07-28 04:05:00+00:00,82.5,86.5,81.7,86.45,11505.0,22203.0,NIFTY,2026-08-11,24400.0,CE,2
2026-07-28 04:10:00+00:00,86.4,87.2,85.1,85.45,8775.0,22313.0,NIFTY,2026-08-11,24400.0,CE,2
2026-07-28 04:15:00+00:00,83.65,84.35,82.05,82.05,7280.0,17897.0,NIFTY,2026-08-11,24400.0,CE,2
2026-07-28 04:20:00+00:00,82.7,82.8,79.0,82.7,8645.0,22408.0,NIFTY,2026-08-11,24400.0,CE,2
2026-07-28 04:25:00+00:00,82.65,84.35,81.75,82.05,6240.0,22478.0,NIFTY,2026-08-11,24400.0,CE,2
2026-07-28 04:30:00+00:00,81.8,81.8,74.6,75.7,11960.0,22513.0,NIFTY,2026-08-11,24400.0,CE,2
2026-07-28 04:35:00+00:00,76.5,78.15,74.45,76.3,14040.0,18020.0,NIFTY,2026-08-11,24400.0,CE,2
2026-07-28 04:40:00+00:00,76.85,78.3,74.95,77.65,45045.0,23625.0,NIFTY,2026-08-11,24400.0,CE,2
2026-07-28 04:45:00+00:00,79.0,81.3,78.25,79.6,6240.0,24627.0,NIFTY,2026-08-11,24400.0,CE,2
2026-07-28 04:50:00+00:00,78.5,79.15,75.25,77.25,23270.0,24879.0,NIFTY,2026-08-11,24400.0,CE,2
2026-07-28 04:55:00+00:00,76.9,78.55,75.65,76.75,5850.0,20426.0,NIFTY,2026-08-11,24400.0,CE,2
2026-07-28 05:00:00+00:00,76.35,80.95,76.2,80.9,5460.0,25572.0,NIFTY,2026-08-11,24400.0,CE,2
2026-07-28 05:05:00+00:00,80.4,85.35,80.4,84.85,12285.0,20609.0,NIFTY,2026-08-11,24400.0,CE,2
2026-07-28 05:10:00+00:00,84.25,86.4,84.25,85.1,8385.0,31029.0,NIFTY,2026-08-11,24400.0,CE,2
2026-07-28 05:15:00+00:00,86.0,87.2,84.9,86.8,7475.0,20734.0,NIFTY,2026-08-11,24400.0,CE,2
2026-07-28 05:20:00+00:00,86.75,87.15,84.7,87.0,4290.0,20742.0,NIFTY,2026-08-11,24400.0,CE,2
2026-07-28 05:25:00+00:00,87.2,87.5,85.7,86.0,3510.0,15585.0,NIFTY,2026-08-11,24400.0,CE,2
2026-07-28 05:30:00+00:00,85.65,85.65,82.45,83.85,7995.0,20818.0,NIFTY,2026-08-11,24400.0,CE,2
2026-07-28 05:35:00+00:00,83.65,85.1,82.55,85.1,3250.0,15646.0,NIFTY,2026-08-11,24400.0,CE,2
2026-07-28 05:40:00+00:00,84.15,84.15,81.2,81.55,4355.0,20901.0,NIFTY,2026-08-11,24400.0,CE,2
2026-07-28 05:45:00+00:00,82.0,87.15,82.0,85.75,1950.0,15728.0,NIFTY,2026-08-11,24400.0,CE,2
2026-07-28 05:50:00+00:00,85.15,85.35,82.65,83.2,3900.0,26258.0,NIFTY,2026-08-11,24400.0,CE,2
2026-07-28 05:55:00+00:00,83.55,84.85,82.65,83.95,3445.0,21020.0,NIFTY,2026-08-11,24400.0,CE,2
2026-07-28 06:00:00+00:00,83.1,84.1,81.15,81.55,7865.0,21154.0,NIFTY,2026-08-11,24400.0,CE,2
2026-07-28 06:05:00+00:00,81.15,83.4,80.8,82.7,3185.0,15845.0,NIFTY,2026-08-11,24400.0,CE,2
2026-07-28 06:10:00+00:00,83.5,86.4,83.5,85.45,7475.0,26513.0,NIFTY,2026-08-11,24400.0,CE,2
2026-07-28 06:15:00+00:00,86.0,89.2,85.5,88.4,5915.0,21329.0,NIFTY,2026-08-11,24400.0,CE,2
2026-07-28 06:20:00+00:00,87.05,87.5,82.55,84.6,8450.0,10639.0,NIFTY,2026-08-11,24400.0,CE,2
2026-07-28 06:25:00+00:00,84.65,84.8,81.95,83.6,6045.0,15932.0,NIFTY,2026-08-11,24400.0,CE,2
2026-07-28 06:30:00+00:00,83.5,83.95,81.8,83.95,3185.0,21274.0,NIFTY,2026-08-11,24400.0,CE,2
2026-07-28 06:35:00+00:00,84.3,86.05,84.3,86.05,4290.0,16029.0,NIFTY,2026-08-11,24400.0,CE,2
2026-07-28 06:40:00+00:00,86.0,87.75,86.0,87.75,3640.0,16066.0,NIFTY,2026-08-11,24400.0,CE,2
2026-07-28 06:45:00+00:00,87.0,87.0,84.5,84.5,780.0,16073.0,NIFTY,2026-08-11,24400.0,CE,2
2026-07-28 06:50:00+00:00,85.55,86.25,84.55,86.25,650.0,16069.0,NIFTY,2026-08-11,24400.0,CE,2
2026-07-28 06:55:00+00:00,85.85,87.45,85.85,86.95,975.0,10710.0,NIFTY,2026-08-11,24400.0,CE,2
2026-07-28 07:00:00+00:00,87.2,87.7,85.4,85.4,1300.0,5355.0,NIFTY,2026-08-11,24400.0,CE,2
2026-07-28 07:05:00+00:00,84.0,86.65,83.15,86.6,3770.0,21343.0,NIFTY,2026-08-11,24400.0,CE,2
2026-07-28 07:10:00+00:00,85.8,87.0,84.8,84.8,2340.0,15972.0,NIFTY,2026-08-11,24400.0,CE,2
2026-07-28 07:15:00+00:00,84.95,85.75,84.55,84.55,1170.0,21291.0,NIFTY,2026-08-11,24400.0,CE,2
2026-07-28 07:20:00+00:00,84.25,85.3,83.8,84.65,3055.0,26616.0,NIFTY,2026-08-11,24400.0,CE,2
2026-07-28 07:25:00+00:00,84.35,85.75,82.7,83.75,3705.0,26704.0,NIFTY,2026-08-11,24400.0,CE,2
2026-07-28 07:30:00+00:00,83.2,84.5,82.8,83.1,1885.0,10687.0,NIFTY,2026-08-11,24400.0,CE,2
2026-07-28 07:35:00+00:00,83.1,83.65,82.4,83.65,390.0,,NIFTY,2026-08-11,24400.0,CE,2
2026-07-28 07:40:00+00:00,82.3,82.3,78.65,79.35,4160.0,16031.0,NIFTY,2026-08-11,24400.0,CE,2
2026-07-28 07:45:00+00:00,77.9,78.3,74.6,78.25,8385.0,16030.0,NIFTY,2026-08-11,24400.0,CE,2
2026-07-28 07:50:00+00:00,78.2,80.05,77.3,80.05,4485.0,21342.0,NIFTY,2026-08-11,24400.0,CE,2
2026-07-28 07:55:00+00:00,80.0,80.75,78.45,79.0,3705.0,10675.0,NIFTY,2026-08-11,24400.0,CE,2
2026-07-28 08:00:00+00:00,77.75,80.0,77.6,79.85,8970.0,32169.0,NIFTY,2026-08-11,24400.0,CE,2
2026-07-28 08:05:00+00:00,79.25,80.0,78.05,78.25,5525.0,26994.0,NIFTY,2026-08-11,24400.0,CE,2
2026-07-28 08:10:00+00:00,78.35,79.1,77.55,78.5,1235.0,10819.0,NIFTY,2026-08-11,24400.0,CE,2
2026-07-28 08:15:00+00:00,78.4,78.75,77.1,77.85,1430.0,10817.0,NIFTY,2026-08-11,24400.0,CE,2
2026-07-28 08:20:00+00:00,79.7,82.1,79.5,81.8,6565.0,27057.0,NIFTY,2026-08-11,24400.0,CE,2
2026-07-28 08:25:00+00:00,81.75,82.65,80.55,81.8,2275.0,27127.0,NIFTY,2026-08-11,24400.0,CE,2
2026-07-28 08:30:00+00:00,81.45,82.6,81.15,82.6,1820.0,16269.0,NIFTY,2026-08-11,24400.0,CE,2
2026-07-28 08:35:00+00:00,82.6,82.6,80.65,81.3,2145.0,32525.0,NIFTY,2026-08-11,24400.0,CE,2
2026-07-28 08:40:00+00:00,81.35,81.35,79.35,79.35,2730.0,10863.0,NIFTY,2026-08-11,24400.0,CE,2
2026-07-28 08:45:00+00:00,80.25,80.95,79.55,80.05,2080.0,10881.0,NIFTY,2026-08-11,24400.0,CE,2
2026-07-28 08:50:00+00:00,79.95,81.15,78.3,78.3,1365.0,10887.0,NIFTY,2026-08-11,24400.0,CE,2
2026-07-28 08:55:00+00:00,80.25,80.75,79.0,79.3,7085.0,27225.0,NIFTY,2026-08-11,24400.0,CE,2
2026-07-28 09:00:00+00:00,78.95,80.35,77.1,78.8,5850.0,21773.0,NIFTY,2026-08-11,24400.0,CE,2
2026-07-28 09:05:00+00:00,79.2,80.8,79.15,80.5,3835.0,21826.0,NIFTY,2026-08-11,24400.0,CE,2
2026-07-28 09:10:00+00:00,80.8,81.3,79.7,79.85,1365.0,10931.0,NIFTY,2026-08-11,24400.0,CE,2
2026-07-28 09:15:00+00:00,79.9,79.9,78.15,79.3,4225.0,21835.0,NIFTY,2026-08-11,24400.0,CE,2
2026-07-28 09:20:00+00:00,79.0,79.85,77.8,79.65,5655.0,16375.0,NIFTY,2026-08-11,24400.0,CE,2
2026-07-28 09:25:00+00:00,78.9,79.5,77.55,78.15,2665.0,16417.0,NIFTY,2026-08-11,24400.0,CE,2
2026-07-28 09:30:00+00:00,78.0,78.75,75.0,78.0,21840.0,27360.0,NIFTY,2026-08-11,24400.0,CE,2
2026-07-28 09:35:00+00:00,78.05,79.7,77.95,78.4,58370.0,27734.0,NIFTY,2026-08-11,24400.0,CE,2
2026-07-28 09:40:00+00:00,78.0,78.5,76.5,78.15,30940.0,28928.0,NIFTY,2026-08-11,24400.0,CE,2
2026-07-28 09:45:00+00:00,78.1,81.8,78.1,81.35,33345.0,29467.0,NIFTY,2026-08-11,24400.0,CE,2
2026-07-28 09:50:00+00:00,81.8,84.7,81.65,83.7,43095.0,23664.0,NIFTY,2026-08-11,24400.0,CE,2
2026-07-28 09:55:00+00:00,83.75,85.65,82.5,85.0,42120.0,29582.0,NIFTY,2026-08-11,24400.0,CE,2
2026-07-29 03:45:00+00:00,105.0,125.8,105.0,124.3,90025.0,29751.0,NIFTY,2026-08-11,24400.0,CE,2
2026-07-29 03:50:00+00:00,124.2,125.25,114.0,118.8,63830.0,30104.0,NIFTY,2026-08-11,24400.0,CE,2
2026-07-29 03:55:00+00:00,119.0,122.75,116.25,118.65,18525.0,24595.0,NIFTY,2026-08-11,24400.0,CE,2
2026-07-29 04:00:00+00:00,118.6,123.05,118.6,121.65,46345.0,37829.0,NIFTY,2026-08-11,24400.0,CE,2
2026-07-29 04:05:00+00:00,121.95,129.4,121.85,129.4,47385.0,26661.0,NIFTY,2026-08-11,24400.0,CE,2
2026-07-29 04:10:00+00:00,128.8,132.9,126.55,130.3,24245.0,33982.0,NIFTY,2026-08-11,24400.0,CE,2
2026-07-29 04:15:00+00:00,129.45,131.6,126.0,130.5,26845.0,34416.0,NIFTY,2026-08-11,24400.0,CE,2
2026-07-29 04:20:00+00:00,130.6,130.6,123.5,126.0,23010.0,34921.0,NIFTY,2026-08-11,24400.0,CE,2
2026-07-29 04:25:00+00:00,125.95,125.95,118.9,118.95,51155.0,35061.0,NIFTY,2026-08-11,24400.0,CE,2
2026-07-29 04:30:00+00:00,118.9,126.0,118.7,126.0,10790.0,28109.0,NIFTY,2026-08-11,24400.0,CE,2
2026-07-29 04:35:00+00:00,125.75,130.55,124.45,130.0,23465.0,35420.0,NIFTY,2026-08-11,24400.0,CE,2
2026-07-29 04:40:00+00:00,129.95,130.0,125.65,128.6,8190.0,28704.0,NIFTY,2026-08-11,24400.0,CE,2
2026-07-29 04:45:00+00:00,129.0,132.35,126.6,130.5,16770.0,35958.0,NIFTY,2026-08-11,24400.0,CE,2
2026-07-29 04:50:00+00:00,129.75,133.2,129.6,131.45,49920.0,36422.0,NIFTY,2026-08-11,24400.0,CE,2
2026-07-29 04:55:00+00:00,131.9,133.05,128.35,128.8,23270.0,36794.0,NIFTY,2026-08-11,24400.0,CE,2
2026-07-29 05:00:00+00:00,129.8,130.05,125.9,129.7,6565.0,29462.0,NIFTY,2026-08-11,24400.0,CE,2
2026-07-29 05:05:00+00:00,129.75,131.15,127.5,128.75,8450.0,36858.0,NIFTY,2026-08-11,24400.0,CE,2
2026-07-29 05:10:00+00:00,128.25,130.85,127.85,128.95,6955.0,29476.0,NIFTY,2026-08-11,24400.0,CE,2
2026-07-29 05:15:00+00:00,128.3,128.3,121.7,125.15,21450.0,29482.0,NIFTY,2026-08-11,24400.0,CE,2
2026-07-29 05:20:00+00:00,125.4,126.0,123.8,125.0,4615.0,29467.0,NIFTY,2026-08-11,24400.0,CE,2
2026-07-29 05:25:00+00:00,126.45,127.1,124.1,124.45,4745.0,36845.0,NIFTY,2026-08-11,24400.0,CE,2
2026-07-29 05:30:00+00:00,122.55,128.3,122.15,128.1,7475.0,29578.0,NIFTY,2026-08-11,24400.0,CE,2
2026-07-29 05:35:00+00:00,128.45,132.75,127.8,131.2,11310.0,22211.0,NIFTY,2026-08-11,24400.0,CE,2
2026-07-29 05:40:00+00:00,131.1,131.2,126.7,128.3,9685.0,22220.0,NIFTY,2026-08-11,24400.0,CE,2
2026-07-29 05:45:00+00:00,128.25,128.95,124.7,128.45,10270.0,22213.0,NIFTY,2026-08-11,24400.0,CE,2
2026-07-29 05:50:00+00:00,127.95,131.5,126.3,130.85,7280.0,36999.0,NIFTY,2026-08-11,24400.0,CE,2
2026-07-29 05:55:00+00:00,130.3,131.25,127.65,128.0,3055.0,22181.0,NIFTY,2026-08-11,24400.0,CE,2
2026-07-29 06:00:00+00:00,127.3,128.15,124.95,126.0,3965.0,22174.0,NIFTY,2026-08-11,24400.0,CE,2
2026-07-29 06:05:00+00:00,125.75,126.4,123.5,125.25,4290.0,29581.0,NIFTY,2026-08-11,24400.0,CE,2
2026-07-29 06:10:00+00:00,125.0,128.35,124.7,128.35,2665.0,14814.0,NIFTY,2026-08-11,24400.0,CE,2
2026-07-29 06:15:00+00:00,127.45,132.25,127.45,129.95,7410.0,37070.0,NIFTY,2026-08-11,24400.0,CE,2
2026-07-29 06:20:00+00:00,128.95,128.95,126.05,127.2,7215.0,29724.0,NIFTY,2026-08-11,24400.0,CE,2
2026-07-29 06:25:00+00:00,126.8,127.2,125.5,126.3,2665.0,22300.0,NIFTY,2026-08-11,24400.0,CE,2
2026-07-29 06:30:00+00:00,126.7,130.0,126.05,129.1,3055.0,22308.0,NIFTY,2026-08-11,24400.0,CE,2
2026-07-29 06:35:00+00:00,129.65,135.0,129.2,133.75,13520.0,37275.0,NIFTY,2026-08-11,24400.0,CE,2
2026-07-29 06:40:00+00:00,133.7,134.65,130.7,132.35,6500.0,29910.0,NIFTY,2026-08-11,24400.0,CE,2
2026-07-29 06:45:00+00:00,130.5,130.5,126.75,127.7,7345.0,37366.0,NIFTY,2026-08-11,24400.0,CE,2
2026-07-29 06:50:00+00:00,127.65,129.45,127.65,128.55,3575.0,22399.0,NIFTY,2026-08-11,24400.0,CE,2
2026-07-29 06:55:00+00:00,128.3,128.75,125.6,125.6,5785.0,37351.0,NIFTY,2026-08-11,24400.0,CE,2
2026-07-29 07:00:00+00:00,127.0,128.8,126.15,128.8,5200.0,37467.0,NIFTY,2026-08-11,24400.0,CE,2
2026-07-29 07:05:00+00:00,129.0,129.3,127.7,129.3,3445.0,29955.0,NIFTY,2026-08-11,24400.0,CE,2
2026-07-29 07:10:00+00:00,129.4,130.0,126.15,126.25,2730.0,14981.0,NIFTY,2026-08-11,24400.0,CE,2
2026-07-29 07:15:00+00:00,125.85,125.85,118.65,118.85,14495.0,37537.0,NIFTY,2026-08-11,24400.0,CE,2
2026-07-29 07:20:00+00:00,119.6,125.0,118.15,124.35,12935.0,30074.0,NIFTY,2026-08-11,24400.0,CE,2
2026-07-29 07:25:00+00:00,124.55,125.45,122.5,125.0,3900.0,30009.0,NIFTY,2026-08-11,24400.0,CE,2
2026-07-29 07:30:00+00:00,124.6,128.75,123.25,128.75,6825.0,37469.0,NIFTY,2026-08-11,24400.0,CE,2
2026-07-29 07:35:00+00:00,128.6,135.3,128.35,134.0,14365.0,29962.0,NIFTY,2026-08-11,24400.0,CE,2
2026-07-29 07:40:00+00:00,133.6,140.5,133.6,137.0,24765.0,37305.0,NIFTY,2026-08-11,24400.0,CE,2
2026-07-29 07:45:00+00:00,137.75,137.75,131.6,135.0,23790.0,37451.0,NIFTY,2026-08-11,24400.0,CE,2
2026-07-29 07:50:00+00:00,134.1,134.15,129.6,130.3,15535.0,30208.0,NIFTY,2026-08-11,24400.0,CE,2
2026-07-29 07:55:00+00:00,129.35,133.8,129.2,130.35,5980.0,37761.0,NIFTY,2026-08-11,24400.0,CE,2
2026-07-29 08:00:00+00:00,130.25,133.3,129.2,132.6,4940.0,30225.0,NIFTY,2026-08-11,24400.0,CE,2
2026-07-29 08:05:00+00:00,132.7,133.5,128.65,129.5,7085.0,30216.0,NIFTY,2026-08-11,24400.0,CE,2
2026-07-29 08:10:00+00:00,129.3,130.75,125.25,126.65,6630.0,30241.0,NIFTY,2026-08-11,24400.0,CE,2
2026-07-29 08:15:00+00:00,125.15,133.55,125.0,131.3,10400.0,37852.0,NIFTY,2026-08-11,24400.0,CE,2
2026-07-29 08:20:00+00:00,130.9,135.2,130.9,134.5,8970.0,38078.0,NIFTY,2026-08-11,24400.0,CE,2
2026-07-29 08:25:00+00:00,134.05,135.2,131.75,131.9,3835.0,30576.0,NIFTY,2026-08-11,24400.0,CE,2
2026-07-29 08:30:00+00:00,131.8,141.35,130.95,139.15,31005.0,38681.0,NIFTY,2026-08-11,24400.0,CE,2
2026-07-29 08:35:00+00:00,138.7,140.3,134.7,136.9,23335.0,39201.0,NIFTY,2026-08-11,24400.0,CE,2
2026-07-29 08:40:00+00:00,137.1,141.0,137.1,138.1,14235.0,23466.0,NIFTY,2026-08-11,24400.0,CE,2
2026-07-29 08:45:00+00:00,137.2,142.7,137.2,141.55,10530.0,23283.0,NIFTY,2026-08-11,24400.0,CE,2
2026-07-29 08:50:00+00:00,141.2,145.0,138.4,141.3,8970.0,38808.0,NIFTY,2026-08-11,24400.0,CE,2
2026-07-29 08:55:00+00:00,141.6,141.6,138.0,141.15,9035.0,38792.0,NIFTY,2026-08-11,24400.0,CE,2
2026-07-29 09:00:00+00:00,141.55,144.4,137.55,138.75,12155.0,38809.0,NIFTY,2026-08-11,24400.0,CE,2
2026-07-29 09:05:00+00:00,138.9,139.15,134.4,136.55,10010.0,38936.0,NIFTY,2026-08-11,24400.0,CE,2
2026-07-29 09:10:00+00:00,136.4,137.85,133.9,137.4,9555.0,38872.0,NIFTY,2026-08-11,24400.0,CE,2
2026-07-29 09:15:00+00:00,137.0,138.8,135.9,138.5,6045.0,23307.0,NIFTY,2026-08-11,24400.0,CE,2
2026-07-29 09:20:00+00:00,136.55,138.75,135.65,137.65,3705.0,31057.0,NIFTY,2026-08-11,24400.0,CE,2
2026-07-29 09:25:00+00:00,137.9,140.0,135.75,136.4,7540.0,31096.0,NIFTY,2026-08-11,24400.0,CE,2
2026-07-29 09:30:00+00:00,136.45,140.25,131.45,131.45,16770.0,31216.0,NIFTY,2026-08-11,24400.0,CE,2
2026-07-29 09:35:00+00:00,133.35,134.75,132.0,133.4,18135.0,38949.0,NIFTY,2026-08-11,24400.0,CE,2
2026-07-29 09:40:00+00:00,133.15,135.0,130.6,130.6,20670.0,39033.0,NIFTY,2026-08-11,24400.0,CE,2
2026-07-29 09:45:00+00:00,130.25,131.6,125.4,127.85,22230.0,39192.0,NIFTY,2026-08-11,24400.0,CE,2
2026-07-29 09:50:00+00:00,128.0,130.0,126.05,126.7,31005.0,39204.0,NIFTY,2026-08-11,24400.0,CE,2
2026-07-29 09:55:00+00:00,127.85,129.6,125.5,128.7,38610.0,39265.0,NIFTY,2026-08-11,24400.0,CE,2
2026-07-30 03:45:00+00:00,120.8,129.6,104.0,128.1,88400.0,62481.0,NIFTY,2026-08-11,24400.0,CE,2
2026-07-30 03:50:00+00:00,128.3,133.6,122.25,132.3,56290.0,79258.0,NIFTY,2026-08-11,24400.0,CE,2
2026-07-30 03:55:00+00:00,131.65,134.55,129.95,131.35,38675.0,80559.0,NIFTY,2026-08-11,24400.0,CE,2
2026-07-30 04:00:00+00:00,130.2,136.0,127.15,129.35,54210.0,40779.0,NIFTY,2026-08-11,24400.0,CE,2
2026-07-30 04:05:00+00:00,129.7,131.1,121.2,121.25,31070.0,41472.0,NIFTY,2026-08-11,24400.0,CE,2
2026-07-30 04:10:00+00:00,120.9,122.55,115.6,120.75,22620.0,41864.0,NIFTY,2026-08-11,24400.0,CE,2
2026-07-30 04:15:00+00:00,120.55,130.5,118.2,125.5,16510.0,42206.0,NIFTY,2026-08-11,24400.0,CE,2
2026-07-30 04:20:00+00:00,127.0,130.45,121.4,121.9,15925.0,42355.0,NIFTY,2026-08-11,24400.0,CE,2
2026-07-30 04:25:00+00:00,122.0,128.55,121.0,127.3,17225.0,34061.0,NIFTY,2026-08-11,24400.0,CE,2
2026-07-30 04:30:00+00:00,126.05,128.75,124.75,127.3,18915.0,42491.0,NIFTY,2026-08-11,24400.0,CE,2
2026-07-30 04:35:00+00:00,127.55,127.9,121.85,122.85,6240.0,42317.0,NIFTY,2026-08-11,24400.0,CE,2
2026-07-30 04:40:00+00:00,122.65,123.0,114.75,115.3,17615.0,42336.0,NIFTY,2026-08-11,24400.0,CE,2
2026-07-30 04:45:00+00:00,115.5,121.5,114.1,116.55,12675.0,42261.0,NIFTY,2026-08-11,24400.0,CE,2
2026-07-30 04:50:00+00:00,116.3,116.45,112.65,115.7,15925.0,33989.0,NIFTY,2026-08-11,24400.0,CE,2
2026-07-30 04:55:00+00:00,116.6,116.6,110.05,110.05,34255.0,42480.0,NIFTY,2026-08-11,24400.0,CE,2
2026-07-30 05:00:00+00:00,109.5,111.7,107.55,111.4,69355.0,42086.0,NIFTY,2026-08-11,24400.0,CE,2
2026-07-30 05:05:00+00:00,111.9,115.25,109.85,112.6,34710.0,42495.0,NIFTY,2026-08-11,24400.0,CE,2
2026-07-30 05:10:00+00:00,111.85,119.25,111.65,118.4,12545.0,42748.0,NIFTY,2026-08-11,24400.0,CE,2
2026-07-30 05:15:00+00:00,118.6,119.85,117.05,119.0,11960.0,42868.0,NIFTY,2026-08-11,24400.0,CE,2
2026-07-30 05:20:00+00:00,119.85,123.85,119.1,119.2,29380.0,43249.0,NIFTY,2026-08-11,24400.0,CE,2
2026-07-30 05:25:00+00:00,119.45,120.0,115.65,116.0,6110.0,43444.0,NIFTY,2026-08-11,24400.0,CE,2
2026-07-30 05:30:00+00:00,115.0,120.0,114.3,120.0,84565.0,44697.0,NIFTY,2026-08-11,24400.0,CE,2
2026-07-30 05:35:00+00:00,120.15,120.55,116.0,118.0,47320.0,45882.0,NIFTY,2026-08-11,24400.0,CE,2
2026-07-30 05:40:00+00:00,118.25,124.55,117.8,122.1,19890.0,46342.0,NIFTY,2026-08-11,24400.0,CE,2
2026-07-30 05:45:00+00:00,122.15,127.8,121.35,125.6,36270.0,46229.0,NIFTY,2026-08-11,24400.0,CE,2
2026-07-30 05:50:00+00:00,126.25,127.0,119.75,121.7,19695.0,37036.0,NIFTY,2026-08-11,24400.0,CE,2
2026-07-30 05:55:00+00:00,121.35,129.55,120.9,126.95,17940.0,46164.0,NIFTY,2026-08-11,24400.0,CE,2
2026-07-30 06:00:00+00:00,126.9,128.05,125.0,127.25,8125.0,36940.0,NIFTY,2026-08-11,24400.0,CE,2
2026-07-30 06:05:00+00:00,128.3,128.35,125.25,125.6,20280.0,46465.0,NIFTY,2026-08-11,24400.0,CE,2
2026-07-30 06:10:00+00:00,124.45,125.6,122.0,122.15,10920.0,46419.0,NIFTY,2026-08-11,24400.0,CE,2
2026-07-30 06:15:00+00:00,122.2,122.2,117.45,119.0,15015.0,46469.0,NIFTY,2026-08-11,24400.0,CE,2
2026-07-30 06:20:00+00:00,119.5,120.1,117.5,117.85,7670.0,37231.0,NIFTY,2026-08-11,24400.0,CE,2
2026-07-30 06:25:00+00:00,118.75,122.0,118.4,121.7,5070.0,46585.0,NIFTY,2026-08-11,24400.0,CE,2
2026-07-30 06:30:00+00:00,121.75,121.75,117.85,119.75,5200.0,27962.0,NIFTY,2026-08-11,24400.0,CE,2
2026-07-30 06:35:00+00:00,120.75,122.2,119.1,119.1,9880.0,37320.0,NIFTY,2026-08-11,24400.0,CE,2
2026-07-30 06:40:00+00:00,119.5,121.4,116.95,118.95,8125.0,55974.0,NIFTY,2026-08-11,24400.0,CE,2
2026-07-30 06:45:00+00:00,118.65,121.4,118.05,120.9,5265.0,46642.0,NIFTY,2026-08-11,24400.0,CE,2
2026-07-30 06:50:00+00:00,120.65,123.5,120.2,121.0,6500.0,28064.0,NIFTY,2026-08-11,24400.0,CE,2
2026-07-30 06:55:00+00:00,120.7,123.5,119.4,123.5,13715.0,56228.0,NIFTY,2026-08-11,24400.0,CE,2
2026-07-30 07:00:00+00:00,123.55,165.75,122.05,151.1,248170.0,47784.0,NIFTY,2026-08-11,24400.0,CE,2
2026-07-30 07:05:00+00:00,151.65,160.8,143.95,149.7,153270.0,48720.0,NIFTY,2026-08-11,24400.0,CE,2
2026-07-30 07:10:00+00:00,149.85,154.1,145.7,151.15,45435.0,48892.0,NIFTY,2026-08-11,24400.0,CE,2
2026-07-30 07:15:00+00:00,151.1,151.2,142.65,143.8,29445.0,39292.0,NIFTY,2026-08-11,24400.0,CE,2
2026-07-30 07:20:00+00:00,143.65,145.15,138.95,144.8,24440.0,49299.0,NIFTY,2026-08-11,24400.0,CE,2
2026-07-30 07:25:00+00:00,144.2,145.0,141.0,143.5,18265.0,49427.0,NIFTY,2026-08-11,24400.0,CE,2
2026-07-30 07:30:00+00:00,142.6,142.6,134.6,137.1,19955.0,49594.0,NIFTY,2026-08-11,24400.0,CE,2
2026-07-30 07:35:00+00:00,135.75,137.95,134.0,135.2,17680.0,49684.0,NIFTY,2026-08-11,24400.0,CE,2
2026-07-30 07:40:00+00:00,136.05,137.0,118.0,125.0,89765.0,49892.0,NIFTY,2026-08-11,24400.0,CE,2
2026-07-30 07:45:00+00:00,124.0,126.75,123.3,126.35,26455.0,49719.0,NIFTY,2026-08-11,24400.0,CE,2
2026-07-30 07:50:00+00:00,126.2,136.2,125.8,134.25,25480.0,49681.0,NIFTY,2026-08-11,24400.0,CE,2
2026-07-30 07:55:00+00:00,133.9,134.95,128.4,129.2,26780.0,39841.0,NIFTY,2026-08-11,24400.0,CE,2
2026-07-30 08:00:00+00:00,129.25,133.1,126.75,132.25,9750.0,50082.0,NIFTY,2026-08-11,24400.0,CE,2
2026-07-30 08:05:00+00:00,131.6,141.8,130.5,140.3,23075.0,40035.0,NIFTY,2026-08-11,24400.0,CE,2
2026-07-30 08:10:00+00:00,140.0,145.8,140.0,140.0,35815.0,49832.0,NIFTY,2026-08-11,24400.0,CE,2
2026-07-30 08:15:00+00:00,139.4,139.95,133.95,134.15,24505.0,50019.0,NIFTY,2026-08-11,24400.0,CE,2
2026-07-30 08:20:00+00:00,133.3,140.0,132.1,138.4,15860.0,50189.0,NIFTY,2026-08-11,24400.0,CE,2
2026-07-30 08:25:00+00:00,137.75,142.25,135.0,136.75,15405.0,50170.0,NIFTY,2026-08-11,24400.0,CE,2
2026-07-30 08:30:00+00:00,136.0,137.6,134.25,134.7,9035.0,50122.0,NIFTY,2026-08-11,24400.0,CE,2
2026-07-30 08:35:00+00:00,134.0,134.0,128.3,129.95,21905.0,50311.0,NIFTY,2026-08-11,24400.0,CE,2
2026-07-30 08:40:00+00:00,128.8,131.15,125.0,126.4,20410.0,50354.0,NIFTY,2026-08-11,24400.0,CE,2
2026-07-30 08:45:00+00:00,125.45,126.25,123.0,124.8,19565.0,50028.0,NIFTY,2026-08-11,24400.0,CE,2
2026-07-30 08:50:00+00:00,123.95,124.05,115.0,117.85,59995.0,49620.0,NIFTY,2026-08-11,24400.0,CE,2
2026-07-30 08:55:00+00:00,117.75,119.05,115.45,117.8,25285.0,49327.0,NIFTY,2026-08-11,24400.0,CE,2
2026-07-30 09:00:00+00:00,117.2,124.6,115.15,121.5,24245.0,49221.0,NIFTY,2026-08-11,24400.0,CE,2
2026-07-30 09:05:00+00:00,120.1,128.7,119.0,128.65,27365.0,49379.0,NIFTY,2026-08-11,24400.0,CE,2
2026-07-30 09:10:00+00:00,128.6,131.0,124.0,129.3,32955.0,49340.0,NIFTY,2026-08-11,24400.0,CE,2
2026-07-30 09:15:00+00:00,128.4,136.85,125.95,135.1,32955.0,39529.0,NIFTY,2026-08-11,24400.0,CE,2
2026-07-30 09:20:00+00:00,134.25,138.6,132.4,133.5,24050.0,49124.0,NIFTY,2026-08-11,24400.0,CE,2
2026-07-30 09:25:00+00:00,133.0,137.0,131.95,135.55,19500.0,49048.0,NIFTY,2026-08-11,24400.0,CE,2
2026-07-30 09:30:00+00:00,135.75,139.95,129.5,138.15,50310.0,48807.0,NIFTY,2026-08-11,24400.0,CE,2
2026-07-30 09:35:00+00:00,138.45,147.0,138.35,141.0,98865.0,38491.0,NIFTY,2026-08-11,24400.0,CE,2
2026-07-30 09:40:00+00:00,141.2,143.95,137.85,137.85,66690.0,38911.0,NIFTY,2026-08-11,24400.0,CE,2
2026-07-30 09:45:00+00:00,138.15,138.3,134.0,137.0,45175.0,48817.0,NIFTY,2026-08-11,24400.0,CE,2
2026-07-30 09:50:00+00:00,137.35,144.0,137.2,143.7,83590.0,48863.0,NIFTY,2026-08-11,24400.0,CE,2
2026-07-30 09:55:00+00:00,143.25,144.4,142.2,143.2,93730.0,48948.0,NIFTY,2026-08-11,24400.0,CE,2
2026-07-30 10:00:00+00:00,143.2,143.2,143.2,143.2,195.0,,NIFTY,2026-08-11,24400.0,CE,2
2026-07-31 03:45:00+00:00,160.8,172.2,157.9,161.6,423345.0,38637.0,NIFTY,2026-08-11,24400.0,CE,2
2026-07-31 03:50:00+00:00,160.4,167.0,157.9,160.45,190190.0,49314.0,NIFTY,2026-08-11,24400.0,CE,2
2026-07-31 03:55:00+00:00,161.15,161.95,156.2,157.45,144560.0,51108.0,NIFTY,2026-08-11,24400.0,CE,2
2026-07-31 04:00:00+00:00,157.05,157.05,145.0,147.75,113230.0,52269.0,NIFTY,2026-08-11,24400.0,CE,2
2026-07-31 04:05:00+00:00,147.85,148.05,142.0,145.3,165945.0,53836.0,NIFTY,2026-08-11,24400.0,CE,2
2026-07-31 04:10:00+00:00,145.55,158.5,145.0,157.0,90545.0,54817.0,NIFTY,2026-08-11,24400.0,CE,2
2026-07-31 04:15:00+00:00,156.85,160.2,149.7,159.15,86645.0,55066.0,NIFTY,2026-08-11,24400.0,CE,2
2026-07-31 04:20:00+00:00,158.6,158.95,151.6,156.7,48815.0,55474.0,NIFTY,2026-08-11,24400.0,CE,2
2026-07-31 04:25:00+00:00,155.45,160.7,155.25,158.55,63635.0,55811.0,NIFTY,2026-08-11,24400.0,CE,2
2026-07-31 04:30:00+00:00,158.6,160.2,154.5,157.05,56355.0,56950.0,NIFTY,2026-08-11,24400.0,CE,2
2026-07-31 04:35:00+00:00,155.45,156.2,149.55,154.4,41860.0,57148.0,NIFTY,2026-08-11,24400.0,CE,2
2026-07-31 04:40:00+00:00,154.05,158.65,153.35,154.0,43810.0,57459.0,NIFTY,2026-08-11,24400.0,CE,2
2026-07-31 04:45:00+00:00,154.4,154.8,149.0,154.8,28080.0,46163.0,NIFTY,2026-08-11,24400.0,CE,2
2026-07-31 04:50:00+00:00,154.7,158.3,153.65,156.85,45890.0,57983.0,NIFTY,2026-08-11,24400.0,CE,2
2026-07-31 04:55:00+00:00,157.0,157.7,154.4,156.25,28990.0,58323.0,NIFTY,2026-08-11,24400.0,CE,2
2026-07-31 05:00:00+00:00,156.75,157.0,151.0,152.2,37830.0,46777.0,NIFTY,2026-08-11,24400.0,CE,2
2026-07-31 05:05:00+00:00,152.15,158.95,149.2,158.0,46020.0,46881.0,NIFTY,2026-08-11,24400.0,CE,2
2026-07-31 05:10:00+00:00,157.65,159.65,153.5,156.9,34515.0,58778.0,NIFTY,2026-08-11,24400.0,CE,2
2026-07-31 05:15:00+00:00,157.05,159.0,155.6,157.15,31980.0,59018.0,NIFTY,2026-08-11,24400.0,CE,2
2026-07-31 05:20:00+00:00,157.3,157.3,154.0,155.85,14885.0,47274.0,NIFTY,2026-08-11,24400.0,CE,2
2026-07-31 05:25:00+00:00,156.15,159.55,154.1,156.85,47580.0,59279.0,NIFTY,2026-08-11,24400.0,CE,2
2026-07-31 05:30:00+00:00,158.25,158.75,153.95,156.9,30420.0,59506.0,NIFTY,2026-08-11,24400.0,CE,2
2026-07-31 05:35:00+00:00,157.45,157.7,150.6,151.9,23400.0,59544.0,NIFTY,2026-08-11,24400.0,CE,2
2026-07-31 05:40:00+00:00,151.8,157.5,150.6,157.5,33020.0,59603.0,NIFTY,2026-08-11,24400.0,CE,2
2026-07-31 05:45:00+00:00,157.6,160.8,155.3,158.5,68640.0,59890.0,NIFTY,2026-08-11,24400.0,CE,2
2026-07-31 05:50:00+00:00,158.15,161.9,157.8,159.85,79040.0,60164.0,NIFTY,2026-08-11,24400.0,CE,2
2026-07-31 05:55:00+00:00,159.55,161.7,157.0,158.05,64285.0,60687.0,NIFTY,2026-08-11,24400.0,CE,2
2026-07-31 06:00:00+00:00,158.6,160.35,155.05,156.5,32890.0,61086.0,NIFTY,2026-08-11,24400.0,CE,2
2026-07-31 06:05:00+00:00,156.85,159.85,156.05,156.05,28600.0,61552.0,NIFTY,2026-08-11,24400.0,CE,2
2026-07-31 06:10:00+00:00,156.4,160.5,156.0,160.2,31135.0,62064.0,NIFTY,2026-08-11,24400.0,CE,2
2026-07-31 06:15:00+00:00,160.05,160.9,157.1,159.7,22620.0,62194.0,NIFTY,2026-08-11,24400.0,CE,2
2026-07-31 06:20:00+00:00,159.85,161.5,157.3,159.15,25870.0,62489.0,NIFTY,2026-08-11,24400.0,CE,2
2026-07-31 06:25:00+00:00,159.85,163.35,159.55,160.75,58890.0,62883.0,NIFTY,2026-08-11,24400.0,CE,2
2026-07-31 06:30:00+00:00,160.9,161.75,158.2,159.0,25805.0,63311.0,NIFTY,2026-08-11,24400.0,CE,2
2026-07-31 06:35:00+00:00,158.5,163.1,158.4,161.75,31330.0,63404.0,NIFTY,2026-08-11,24400.0,CE,2
2026-07-31 06:40:00+00:00,162.8,167.0,160.15,166.7,57525.0,63317.0,NIFTY,2026-08-11,24400.0,CE,2
2026-07-31 06:45:00+00:00,166.35,168.7,163.4,163.4,228280.0,61824.0,NIFTY,2026-08-11,24400.0,CE,2
2026-07-31 06:50:00+00:00,163.6,165.85,162.5,165.85,50310.0,48876.0,NIFTY,2026-08-11,24400.0,CE,2
2026-07-31 06:55:00+00:00,165.9,173.0,165.75,167.55,109525.0,61270.0,NIFTY,2026-08-11,24400.0,CE,2
2026-07-31 07:00:00+00:00,167.75,171.55,163.6,170.15,64025.0,61419.0,NIFTY,2026-08-11,24400.0,CE,2
2026-07-31 07:05:00+00:00,170.9,173.35,168.8,172.8,88010.0,49523.0,NIFTY,2026-08-11,24400.0,CE,2
2026-07-31 07:10:00+00:00,173.95,179.8,172.75,177.8,132730.0,61761.0,NIFTY,2026-08-11,24400.0,CE,2
2026-07-31 07:15:00+00:00,178.4,187.2,175.75,185.3,170365.0,61733.0,NIFTY,2026-08-11,24400.0,CE,2
2026-07-31 07:20:00+00:00,185.0,185.0,177.1,180.35,128050.0,62712.0,NIFTY,2026-08-11,24400.0,CE,2
2026-07-31 07:25:00+00:00,181.0,190.25,180.8,183.15,171730.0,63777.0,NIFTY,2026-08-11,24400.0,CE,2
2026-07-31 07:30:00+00:00,182.65,185.7,179.4,184.2,146705.0,66344.0,NIFTY,2026-08-11,24400.0,CE,2
2026-07-31 07:35:00+00:00,185.05,191.05,184.35,188.35,115180.0,67981.0,NIFTY,2026-08-11,24400.0,CE,2
2026-07-31 07:40:00+00:00,188.8,189.4,186.0,187.0,177125.0,55471.0,NIFTY,2026-08-11,24400.0,CE,2
2026-07-31 07:45:00+00:00,187.1,191.0,185.15,189.2,106340.0,70757.0,NIFTY,2026-08-11,24400.0,CE,2
2026-07-31 07:50:00+00:00,189.8,191.7,186.0,190.05,60515.0,71244.0,NIFTY,2026-08-11,24400.0,CE,2
2026-07-31 07:55:00+00:00,190.4,193.3,186.4,188.3,89635.0,71527.0,NIFTY,2026-08-11,24400.0,CE,2
2026-07-31 08:00:00+00:00,188.2,188.55,179.55,180.45,81575.0,72157.0,NIFTY,2026-08-11,24400.0,CE,2
2026-07-31 08:05:00+00:00,180.6,185.0,179.0,179.6,54405.0,72701.0,NIFTY,2026-08-11,24400.0,CE,2
2026-07-31 08:10:00+00:00,180.05,180.05,174.3,176.4,63635.0,72944.0,NIFTY,2026-08-11,24400.0,CE,2
2026-07-31 08:15:00+00:00,176.35,181.95,174.0,181.1,52195.0,73152.0,NIFTY,2026-08-11,24400.0,CE,2
2026-07-31 08:20:00+00:00,180.85,183.8,179.0,183.05,60775.0,73344.0,NIFTY,2026-08-11,24400.0,CE,2
2026-07-31 08:25:00+00:00,182.8,186.9,182.8,186.9,46540.0,73416.0,NIFTY,2026-08-11,24400.0,CE,2
2026-07-31 08:30:00+00:00,185.9,189.25,179.95,180.6,105300.0,73983.0,NIFTY,2026-08-11,24400.0,CE,2
2026-07-31 08:35:00+00:00,180.45,181.7,176.8,176.9,72150.0,74963.0,NIFTY,2026-08-11,24400.0,CE,2
2026-07-31 08:40:00+00:00,177.2,185.1,176.6,184.4,51090.0,75148.0,NIFTY,2026-08-11,24400.0,CE,2
2026-07-31 08:45:00+00:00,183.7,186.0,178.75,180.8,45435.0,75030.0,NIFTY,2026-08-11,24400.0,CE,2
2026-07-31 08:50:00+00:00,180.9,182.15,177.0,182.15,27690.0,75115.0,NIFTY,2026-08-11,24400.0,CE,2
2026-07-31 08:55:00+00:00,180.9,185.8,179.75,181.0,46345.0,75292.0,NIFTY,2026-08-11,24400.0,CE,2
2026-07-31 09:00:00+00:00,180.75,182.2,168.45,169.2,88660.0,75719.0,NIFTY,2026-08-11,24400.0,CE,2
2026-07-31 09:05:00+00:00,169.3,174.0,167.35,171.65,93600.0,76147.0,NIFTY,2026-08-11,24400.0,CE,2
2026-07-31 09:10:00+00:00,171.4,171.6,161.75,165.2,138125.0,77014.0,NIFTY,2026-08-11,24400.0,CE,2
2026-07-31 09:15:00+00:00,165.45,172.0,164.4,170.3,95095.0,78429.0,NIFTY,2026-08-11,24400.0,CE,2
2026-07-31 09:20:00+00:00,170.75,171.5,166.0,169.0,59605.0,79179.0,NIFTY,2026-08-11,24400.0,CE,2
2026-07-31 09:25:00+00:00,169.05,169.05,160.6,164.4,83135.0,80057.0,NIFTY,2026-08-11,24400.0,CE,2
2026-07-31 09:30:00+00:00,166.0,172.75,161.9,171.3,139165.0,80538.0,NIFTY,2026-08-11,24400.0,CE,2
2026-07-31 09:35:00+00:00,171.25,171.8,166.85,170.9,128310.0,80297.0,NIFTY,2026-08-11,24400.0,CE,2
2026-07-31 09:40:00+00:00,171.0,171.7,168.0,169.0,97565.0,79731.0,NIFTY,2026-08-11,24400.0,CE,2
2026-07-31 09:45:00+00:00,168.95,170.5,164.6,166.25,98735.0,79617.0,NIFTY,2026-08-11,24400.0,CE,2
2026-07-31 09:50:00+00:00,166.0,169.25,165.15,168.45,109200.0,78787.0,NIFTY,2026-08-11,24400.0,CE,2
2026-07-31 09:55:00+00:00,168.8,169.7,160.05,162.2,211835.0,78752.0,NIFTY,2026-08-11,24400.0,CE,2
2026-07-31 10:00:00+00:00,162.2,162.2,162.2,162.2,195.0,,NIFTY,2026-08-11,24400.0,CE,2
2026-08-03 03:45:00+00:00,250.7,267.9,236.8,254.85,512915.0,74442.0,NIFTY,2026-08-11,24400.0,CE,2
2026-08-03 03:50:00+00:00,253.1,258.95,245.1,251.05,127790.0,72931.0,NIFTY,2026-08-11,24400.0,CE,2
2026-08-03 03:55:00+00:00,250.6,257.8,249.6,256.5,107770.0,72382.0,NIFTY,2026-08-11,24400.0,CE,2
2026-08-03 04:00:00+00:00,256.45,260.65,253.6,258.4,64480.0,71762.0,NIFTY,2026-08-11,24400.0,CE,2
2026-08-03 04:05:00+00:00,258.8,260.0,253.55,258.8,38285.0,71425.0,NIFTY,2026-08-11,24400.0,CE,2
2026-08-03 04:10:00+00:00,258.6,260.9,255.9,260.05,53430.0,71044.0,NIFTY,2026-08-11,24400.0,CE,2
2026-08-03 04:15:00+00:00,260.35,260.4,255.05,256.1,28015.0,70640.0,NIFTY,2026-08-11,24400.0,CE,2
2026-08-03 04:20:00+00:00,255.4,261.65,255.0,260.45,25935.0,70578.0,NIFTY,2026-08-11,24400.0,CE,2
2026-08-03 04:25:00+00:00,261.1,268.1,260.6,264.7,56680.0,70409.0,NIFTY,2026-08-11,24400.0,CE,2
2026-08-03 04:30:00+00:00,265.6,269.05,262.0,266.0,46735.0,70223.0,NIFTY,2026-08-11,24400.0,CE,2
2026-08-03 04:35:00+00:00,266.5,268.5,261.35,264.9,25545.0,70062.0,NIFTY,2026-08-11,24400.0,CE,2
2026-08-03 04:40:00+00:00,265.8,271.0,263.7,270.35,29250.0,55938.0,NIFTY,2026-08-11,24400.0,CE,2
2026-08-03 04:45:00+00:00,270.7,278.0,270.3,275.8,46150.0,69467.0,NIFTY,2026-08-11,24400.0,CE,2
2026-08-03 04:50:00+00:00,276.65,276.65,270.6,273.0,22165.0,55445.0,NIFTY,2026-08-11,24400.0,CE,2
2026-08-03 04:55:00+00:00,273.6,278.95,272.45,277.5,51220.0,69138.0,NIFTY,2026-08-11,24400.0,CE,2
2026-08-03 05:00:00+00:00,277.6,278.35,270.65,271.85,19370.0,68954.0,NIFTY,2026-08-11,24400.0,CE,2
2026-08-03 05:05:00+00:00,271.5,278.0,267.5,278.0,23075.0,69064.0,NIFTY,2026-08-11,24400.0,CE,2
2026-08-03 05:10:00+00:00,277.7,278.9,276.15,278.5,22425.0,68892.0,NIFTY,2026-08-11,24400.0,CE,2
2026-08-03 05:15:00+00:00,278.75,279.0,276.35,279.0,29185.0,68776.0,NIFTY,2026-08-11,24400.0,CE,2
2026-08-03 05:20:00+00:00,279.35,281.0,278.35,279.45,21905.0,68287.0,NIFTY,2026-08-11,24400.0,CE,2
2026-08-03 05:25:00+00:00,279.95,287.5,279.3,279.3,48750.0,67969.0,NIFTY,2026-08-11,24400.0,CE,2
2026-08-03 05:30:00+00:00,280.5,288.5,280.5,287.5,30225.0,67817.0,NIFTY,2026-08-11,24400.0,CE,2
2026-08-03 05:35:00+00:00,286.6,291.0,283.55,285.0,42900.0,67687.0,NIFTY,2026-08-11,24400.0,CE,2
2026-08-03 05:40:00+00:00,285.55,286.65,279.8,281.9,28730.0,54054.0,NIFTY,2026-08-11,24400.0,CE,2
2026-08-03 05:45:00+00:00,282.05,288.0,281.95,283.8,12870.0,67478.0,NIFTY,2026-08-11,24400.0,CE,2
2026-08-03 05:50:00+00:00,283.6,286.45,282.6,286.1,10270.0,67630.0,NIFTY,2026-08-11,24400.0,CE,2
2026-08-03 05:55:00+00:00,285.9,285.9,282.35,282.35,8645.0,67749.0,NIFTY,2026-08-11,24400.0,CE,2
2026-08-03 06:00:00+00:00,283.1,283.1,277.2,280.45,29315.0,67555.0,NIFTY,2026-08-11,24400.0,CE,2
2026-08-03 06:05:00+00:00,279.7,284.7,278.95,284.7,8255.0,40426.0,NIFTY,2026-08-11,24400.0,CE,2
2026-08-03 06:10:00+00:00,284.1,287.85,283.95,284.05,14495.0,80689.0,NIFTY,2026-08-11,24400.0,CE,2
2026-08-03 06:15:00+00:00,284.25,288.0,282.15,288.0,46735.0,67122.0,NIFTY,2026-08-11,24400.0,CE,2
2026-08-03 06:20:00+00:00,287.45,291.0,285.25,288.1,44005.0,67190.0,NIFTY,2026-08-11,24400.0,CE,2
2026-08-03 06:25:00+00:00,287.95,287.95,283.0,283.9,14495.0,67328.0,NIFTY,2026-08-11,24400.0,CE,2
2026-08-03 06:30:00+00:00,284.0,285.5,282.1,283.45,10660.0,67351.0,NIFTY,2026-08-11,24400.0,CE,2
2026-08-03 06:35:00+00:00,284.0,288.0,284.0,288.0,13130.0,67522.0,NIFTY,2026-08-11,24400.0,CE,2
2026-08-03 06:40:00+00:00,287.4,289.9,285.85,289.9,15405.0,54134.0,NIFTY,2026-08-11,24400.0,CE,2
2026-08-03 06:45:00+00:00,288.8,294.6,288.8,293.05,51805.0,81108.0,NIFTY,2026-08-11,24400.0,CE,2
2026-08-03 06:50:00+00:00,293.0,293.05,287.4,293.05,9100.0,53487.0,NIFTY,2026-08-11,24400.0,CE,2
2026-08-03 06:55:00+00:00,293.55,294.7,290.0,290.0,9230.0,53506.0,NIFTY,2026-08-11,24400.0,CE,2
2026-08-03 07:00:00+00:00,289.75,290.95,279.7,281.15,25675.0,80018.0,NIFTY,2026-08-11,24400.0,CE,2
2026-08-03 07:05:00+00:00,281.8,281.8,276.7,276.8,14105.0,53244.0,NIFTY,2026-08-11,24400.0,CE,2
2026-08-03 07:10:00+00:00,276.5,281.15,276.45,280.65,19045.0,66348.0,NIFTY,2026-08-11,24400.0,CE,2
2026-08-03 07:15:00+00:00,280.8,283.9,262.3,269.9,176995.0,66306.0,NIFTY,2026-08-11,24400.0,CE,2
2026-08-03 07:20:00+00:00,272.2,278.95,268.75,276.65,87425.0,66026.0,NIFTY,2026-08-11,24400.0,CE,2
2026-08-03 07:25:00+00:00,276.95,278.25,267.0,269.15,13520.0,52563.0,NIFTY,2026-08-11,24400.0,CE,2
2026-08-03 07:30:00+00:00,267.8,268.65,265.0,266.05,14040.0,65720.0,NIFTY,2026-08-11,24400.0,CE,2
2026-08-03 07:35:00+00:00,265.5,269.65,263.9,269.15,19630.0,65716.0,NIFTY,2026-08-11,24400.0,CE,2
2026-08-03 07:40:00+00:00,268.45,270.1,263.5,263.5,12155.0,65787.0,NIFTY,2026-08-11,24400.0,CE,2
2026-08-03 07:45:00+00:00,263.65,273.8,263.4,272.5,27950.0,65790.0,NIFTY,2026-08-11,24400.0,CE,2
2026-08-03 07:50:00+00:00,272.9,273.0,265.2,272.65,14430.0,66024.0,NIFTY,2026-08-11,24400.0,CE,2
2026-08-03 07:55:00+00:00,271.3,276.95,270.75,274.6,13910.0,66071.0,NIFTY,2026-08-11,24400.0,CE,2
2026-08-03 08:00:00+00:00,274.2,279.0,272.5,278.7,15470.0,52879.0,NIFTY,2026-08-11,24400.0,CE,2
2026-08-03 08:05:00+00:00,278.15,283.4,276.6,277.65,27625.0,66048.0,NIFTY,2026-08-11,24400.0,CE,2
2026-08-03 08:10:00+00:00,276.7,281.0,271.05,280.3,26455.0,66246.0,NIFTY,2026-08-11,24400.0,CE,2
2026-08-03 08:15:00+00:00,278.4,280.3,273.45,273.45,12415.0,53266.0,NIFTY,2026-08-11,24400.0,CE,2
2026-08-03 08:20:00+00:00,273.0,273.5,269.8,270.25,11505.0,40067.0,NIFTY,2026-08-11,24400.0,CE,2
2026-08-03 08:25:00+00:00,270.1,275.25,270.1,274.1,10790.0,40090.0,NIFTY,2026-08-11,24400.0,CE,2
2026-08-03 08:30:00+00:00,273.7,274.0,270.0,271.5,5200.0,80307.0,NIFTY,2026-08-11,24400.0,CE,2
2026-08-03 08:35:00+00:00,274.0,276.5,272.3,274.25,6435.0,40171.0,NIFTY,2026-08-11,24400.0,CE,2
2026-08-03 08:40:00+00:00,273.0,276.65,272.35,275.05,12415.0,67014.0,NIFTY,2026-08-11,24400.0,CE,2
2026-08-03 08:45:00+00:00,274.7,274.7,267.25,268.8,14365.0,53733.0,NIFTY,2026-08-11,24400.0,CE,2
2026-08-03 08:50:00+00:00,270.0,272.8,269.05,272.8,6045.0,53775.0,NIFTY,2026-08-11,24400.0,CE,2
2026-08-03 08:55:00+00:00,272.35,273.3,269.15,271.05,40170.0,67184.0,NIFTY,2026-08-11,24400.0,CE,2
2026-08-03 09:00:00+00:00,271.55,273.5,269.6,272.0,17160.0,67445.0,NIFTY,2026-08-11,24400.0,CE,2
2026-08-03 09:05:00+00:00,272.4,279.7,272.4,279.7,16185.0,54044.0,NIFTY,2026-08-11,24400.0,CE,2
2026-08-03 09:10:00+00:00,279.55,281.0,275.55,278.2,68120.0,66521.0,NIFTY,2026-08-11,24400.0,CE,2
2026-08-03 09:15:00+00:00,278.05,279.65,274.85,276.5,9945.0,52928.0,NIFTY,2026-08-11,24400.0,CE,2
2026-08-03 09:20:00+00:00,276.75,278.0,270.6,272.65,8385.0,66095.0,NIFTY,2026-08-11,24400.0,CE,2
2026-08-03 09:25:00+00:00,271.5,274.2,271.5,272.6,2210.0,52895.0,NIFTY,2026-08-11,24400.0,CE,2
2026-08-03 09:30:00+00:00,271.5,273.0,266.05,266.05,15925.0,66167.0,NIFTY,2026-08-11,24400.0,CE,2
2026-08-03 09:35:00+00:00,266.0,266.0,256.45,261.1,64090.0,66260.0,NIFTY,2026-08-11,24400.0,CE,2
2026-08-03 09:40:00+00:00,260.7,267.0,259.15,264.6,31330.0,66478.0,NIFTY,2026-08-11,24400.0,CE,2
2026-08-03 09:45:00+00:00,265.35,267.0,262.45,263.25,55965.0,66318.0,NIFTY,2026-08-11,24400.0,CE,2
2026-08-03 09:50:00+00:00,263.65,265.6,261.0,261.0,71565.0,65244.0,NIFTY,2026-08-11,24400.0,CE,2
2026-08-03 09:55:00+00:00,261.1,271.25,257.0,270.0,100490.0,63542.0,NIFTY,2026-08-11,24400.0,CE,2
2026-08-03 10:00:00+00:00,268.75,279.25,268.6,277.0,21905.0,62628.0,NIFTY,2026-08-11,24400.0,CE,2
2026-08-03 10:05:00+00:00,276.55,276.75,270.0,270.0,38610.0,62229.0,NIFTY,2026-08-11,24400.0,CE,2
2026-08-04 03:45:00+00:00,274.45,292.55,268.35,277.05,212940.0,62403.0,NIFTY,2026-08-11,24400.0,CE,2
2026-08-04 03:50:00+00:00,277.55,293.4,276.0,287.05,105495.0,62878.0,NIFTY,2026-08-11,24400.0,CE,2
2026-08-04 03:55:00+00:00,286.25,286.3,272.1,273.0,68185.0,62641.0,NIFTY,2026-08-11,24400.0,CE,2
2026-08-04 04:00:00+00:00,273.15,277.8,264.75,267.1,46475.0,62979.0,NIFTY,2026-08-11,24400.0,CE,2
2026-08-04 04:05:00+00:00,265.75,275.95,265.75,275.6,29250.0,50828.0,NIFTY,2026-08-11,24400.0,CE,2
2026-08-04 04:10:00+00:00,275.4,288.15,274.65,282.95,57330.0,63672.0,NIFTY,2026-08-11,24400.0,CE,2
2026-08-04 04:15:00+00:00,282.0,293.0,282.0,291.1,149370.0,63373.0,NIFTY,2026-08-11,24400.0,CE,2
2026-08-04 04:20:00+00:00,291.7,295.0,286.55,290.7,55900.0,63003.0,NIFTY,2026-08-11,24400.0,CE,2
2026-08-04 04:25:00+00:00,290.75,298.45,287.0,291.75,78845.0,62921.0,NIFTY,2026-08-11,24400.0,CE,2
2026-08-04 04:30:00+00:00,291.7,293.4,289.55,291.1,30615.0,50427.0,NIFTY,2026-08-11,24400.0,CE,2
2026-08-04 04:35:00+00:00,290.9,292.8,280.45,281.25,32175.0,63098.0,NIFTY,2026-08-11,24400.0,CE,2
2026-08-04 04:40:00+00:00,281.0,287.8,278.3,285.4,30745.0,63193.0,NIFTY,2026-08-11,24400.0,CE,2
2026-08-04 04:45:00+00:00,283.7,288.0,282.0,286.3,57655.0,51110.0,NIFTY,2026-08-11,24400.0,CE,2
2026-08-04 04:50:00+00:00,286.8,286.8,274.95,276.25,30095.0,65622.0,NIFTY,2026-08-11,24400.0,CE,2
2026-08-04 04:55:00+00:00,276.0,278.85,271.15,274.0,47385.0,65610.0,NIFTY,2026-08-11,24400.0,CE,2
2026-08-04 05:00:00+00:00,275.4,275.4,267.3,268.0,56875.0,65703.0,NIFTY,2026-08-11,24400.0,CE,2
2026-08-04 05:05:00+00:00,267.25,268.85,264.1,266.8,55965.0,66109.0,NIFTY,2026-08-11,24400.0,CE,2
2026-08-04 05:10:00+00:00,265.95,269.0,264.0,265.0,31980.0,66586.0,NIFTY,2026-08-11,24400.0,CE,2
2026-08-04 05:15:00+00:00,263.5,266.7,262.0,266.0,60320.0,66977.0,NIFTY,2026-08-11,24400.0,CE,2
2026-08-04 05:20:00+00:00,266.15,269.7,264.55,265.25,31135.0,66311.0,NIFTY,2026-08-11,24400.0,CE,2
2026-08-04 05:25:00+00:00,264.7,264.9,250.4,259.15,100945.0,67945.0,NIFTY,2026-08-11,24400.0,CE,2
2026-08-04 05:30:00+00:00,259.7,268.0,258.7,267.5,36530.0,54608.0,NIFTY,2026-08-11,24400.0,CE,2
2026-08-04 05:35:00+00:00,267.4,268.6,264.25,267.0,14170.0,54470.0,NIFTY,2026-08-11,24400.0,CE,2
2026-08-04 05:40:00+00:00,267.05,268.6,265.5,268.2,11700.0,68101.0,NIFTY,2026-08-11,24400.0,CE,2
2026-08-04 05:45:00+00:00,267.6,271.85,266.25,268.15,23530.0,54532.0,NIFTY,2026-08-11,24400.0,CE,2
2026-08-04 05:50:00+00:00,268.5,269.2,264.0,264.0,12740.0,68206.0,NIFTY,2026-08-11,24400.0,CE,2
2026-08-04 05:55:00+00:00,262.6,265.15,258.15,260.65,16185.0,68359.0,NIFTY,2026-08-11,24400.0,CE,2
2026-08-04 06:00:00+00:00,260.0,260.1,255.2,256.2,26520.0,68519.0,NIFTY,2026-08-11,24400.0,CE,2
2026-08-04 06:05:00+00:00,255.85,256.85,250.5,255.2,56355.0,68987.0,NIFTY,2026-08-11,24400.0,CE,2
2026-08-04 06:10:00+00:00,255.05,255.05,247.15,248.3,154050.0,69296.0,NIFTY,2026-08-11,24400.0,CE,2
2026-08-04 06:15:00+00:00,248.85,248.85,229.4,231.6,147485.0,55756.0,NIFTY,2026-08-11,24400.0,CE,2
2026-08-04 06:20:00+00:00,232.55,238.4,231.65,234.0,132340.0,70192.0,NIFTY,2026-08-11,24400.0,CE,2
2026-08-04 06:25:00+00:00,233.9,234.7,223.95,224.55,123630.0,71013.0,NIFTY,2026-08-11,24400.0,CE,2
2026-08-04 06:30:00+00:00,223.4,225.9,211.4,222.45,248950.0,71301.0,NIFTY,2026-08-11,24400.0,CE,2
2026-08-04 06:35:00+00:00,222.7,222.7,213.4,214.0,81510.0,71060.0,NIFTY,2026-08-11,24400.0,CE,2
2026-08-04 06:40:00+00:00,214.2,220.0,210.6,219.9,118365.0,57052.0,NIFTY,2026-08-11,24400.0,CE,2
2026-08-04 06:45:00+00:00,220.0,225.0,215.25,224.0,71435.0,71550.0,NIFTY,2026-08-11,24400.0,CE,2
2026-08-04 06:50:00+00:00,224.25,224.75,219.3,223.0,49400.0,72593.0,NIFTY,2026-08-11,24400.0,CE,2
2026-08-04 06:55:00+00:00,222.7,223.5,217.8,221.5,45045.0,72905.0,NIFTY,2026-08-11,24400.0,CE,2
2026-08-04 07:00:00+00:00,221.7,223.0,216.0,216.75,30225.0,58490.0,NIFTY,2026-08-11,24400.0,CE,2
2026-08-04 07:05:00+00:00,217.1,218.0,208.0,217.2,144365.0,73109.0,NIFTY,2026-08-11,24400.0,CE,2
2026-08-04 07:10:00+00:00,217.65,218.7,206.2,209.7,88920.0,73875.0,NIFTY,2026-08-11,24400.0,CE,2
2026-08-04 07:15:00+00:00,210.0,217.75,209.9,214.4,92105.0,74458.0,NIFTY,2026-08-11,24400.0,CE,2
2026-08-04 07:20:00+00:00,215.0,217.55,212.0,213.1,58500.0,75156.0,NIFTY,2026-08-11,24400.0,CE,2
2026-08-04 07:25:00+00:00,213.05,213.05,207.6,208.0,58240.0,75867.0,NIFTY,2026-08-11,24400.0,CE,2
2026-08-04 07:30:00+00:00,207.2,212.5,206.5,209.95,59345.0,75887.0,NIFTY,2026-08-11,24400.0,CE,2
2026-08-04 07:35:00+00:00,210.15,211.55,204.0,205.0,88270.0,75940.0,NIFTY,2026-08-11,24400.0,CE,2
2026-08-04 07:40:00+00:00,205.55,209.95,198.7,201.5,147940.0,76226.0,NIFTY,2026-08-11,24400.0,CE,2
2026-08-04 07:45:00+00:00,201.9,203.9,196.9,202.85,162305.0,76952.0,NIFTY,2026-08-11,24400.0,CE,2
2026-08-04 07:50:00+00:00,203.0,207.0,200.0,206.7,129610.0,77715.0,NIFTY,2026-08-11,24400.0,CE,2
2026-08-04 07:55:00+00:00,205.8,207.2,196.6,200.35,93080.0,77288.0,NIFTY,2026-08-11,24400.0,CE,2
2026-08-04 08:00:00+00:00,200.55,202.8,194.35,197.2,144690.0,77489.0,NIFTY,2026-08-11,24400.0,CE,2
2026-08-04 08:05:00+00:00,197.15,203.9,195.0,202.95,128635.0,78839.0,NIFTY,2026-08-11,24400.0,CE,2
2026-08-04 08:10:00+00:00,203.0,203.3,192.4,193.05,131365.0,79038.0,NIFTY,2026-08-11,24400.0,CE,2
2026-08-04 08:15:00+00:00,193.0,201.15,193.0,199.0,119470.0,80281.0,NIFTY,2026-08-11,24400.0,CE,2
2026-08-04 08:20:00+00:00,199.55,200.2,187.2,192.85,141570.0,80873.0,NIFTY,2026-08-11,24400.0,CE,2
2026-08-04 08:25:00+00:00,192.75,195.2,184.0,194.2,336830.0,83569.0,NIFTY,2026-08-11,24400.0,CE,2
2026-08-04 08:30:00+00:00,194.0,195.85,187.25,192.95,289445.0,87566.0,NIFTY,2026-08-11,24400.0,CE,2
2026-08-04 08:35:00+00:00,193.1,198.95,192.7,195.65,216060.0,89475.0,NIFTY,2026-08-11,24400.0,CE,2
2026-08-04 08:40:00+00:00,195.55,200.8,195.0,200.15,142415.0,89550.0,NIFTY,2026-08-11,24400.0,CE,2
2026-08-04 08:45:00+00:00,199.8,205.0,198.05,204.55,247260.0,89809.0,NIFTY,2026-08-11,24400.0,CE,2
2026-08-04 08:50:00+00:00,204.95,208.7,196.85,200.0,297180.0,88778.0,NIFTY,2026-08-11,24400.0,CE,2
2026-08-04 08:55:00+00:00,199.0,205.7,198.0,201.15,186485.0,89612.0,NIFTY,2026-08-11,24400.0,CE,2
2026-08-04 09:00:00+00:00,201.3,206.85,198.95,202.2,268060.0,92656.0,NIFTY,2026-08-11,24400.0,CE,2
2026-08-04 09:05:00+00:00,202.8,205.15,198.0,203.45,212160.0,95984.0,NIFTY,2026-08-11,24400.0,CE,2
2026-08-04 09:10:00+00:00,203.0,204.0,199.55,203.5,90155.0,96352.0,NIFTY,2026-08-11,24400.0,CE,2
2026-08-04 09:15:00+00:00,203.1,205.5,201.6,204.4,114660.0,95629.0,NIFTY,2026-08-11,24400.0,CE,2
2026-08-04 09:20:00+00:00,203.9,206.0,202.45,205.9,118495.0,94570.0,NIFTY,2026-08-11,24400.0,CE,2
2026-08-04 09:25:00+00:00,206.0,207.5,198.1,203.85,175760.0,93260.0,NIFTY,2026-08-11,24400.0,CE,2
2026-08-04 09:30:00+00:00,203.9,206.25,198.2,199.5,232180.0,93761.0,NIFTY,2026-08-11,24400.0,CE,2
2026-08-04 09:35:00+00:00,199.0,204.95,197.0,203.5,191750.0,95319.0,NIFTY,2026-08-11,24400.0,CE,2
2026-08-04 09:40:00+00:00,204.0,213.0,203.75,212.35,335530.0,92939.0,NIFTY,2026-08-11,24400.0,CE,2
2026-08-04 09:45:00+00:00,212.05,215.45,207.0,209.7,262535.0,90664.0,NIFTY,2026-08-11,24400.0,CE,2
2026-08-04 09:50:00+00:00,209.35,211.8,207.85,210.2,176605.0,90322.0,NIFTY,2026-08-11,24400.0,CE,2
2026-08-04 09:55:00+00:00,211.4,214.55,209.0,213.5,254020.0,89152.0,NIFTY,2026-08-11,24400.0,CE,2
2026-08-04 10:00:00+00:00,213.9,216.0,199.4,203.15,417235.0,88758.0,NIFTY,2026-08-11,24400.0,CE,2
2026-08-04 10:05:00+00:00,203.2,206.9,200.0,201.3,348985.0,88343.0,NIFTY,2026-08-11,24400.0,CE,2
2026-08-04 10:10:00+00:00,201.3,201.3,201.3,201.3,845.0,,NIFTY,2026-08-11,24400.0,CE,2
2026-08-05 03:45:00+00:00,295.95,326.65,286.65,320.6,1091610.0,67259.0,NIFTY,2026-08-11,24400.0,CE,2
2026-08-05 03:50:00+00:00,319.65,324.95,308.0,311.0,261950.0,83877.0,NIFTY,2026-08-11,24400.0,CE,2
2026-08-05 03:55:00+00:00,310.0,312.9,299.6,307.75,232310.0,85709.0,NIFTY,2026-08-11,24400.0,CE,2
2026-08-05 04:00:00+00:00,307.9,309.35,297.0,303.3,179855.0,85067.0,NIFTY,2026-08-11,24400.0,CE,2
2026-08-05 04:05:00+00:00,303.25,309.8,299.0,309.2,123045.0,85189.0,NIFTY,2026-08-11,24400.0,CE,2
2026-08-05 04:10:00+00:00,308.3,317.7,306.0,311.35,218075.0,84993.0,NIFTY,2026-08-11,24400.0,CE,2
2026-08-05 04:15:00+00:00,311.75,316.0,307.0,314.35,94120.0,84998.0,NIFTY,2026-08-11,24400.0,CE,2
2026-08-05 04:20:00+00:00,314.0,314.6,289.0,289.0,176475.0,84969.0,NIFTY,2026-08-11,24400.0,CE,2
2026-08-05 04:25:00+00:00,290.6,296.35,285.95,294.75,173680.0,85716.0,NIFTY,2026-08-11,24400.0,CE,2
2026-08-05 04:30:00+00:00,295.05,314.0,295.05,304.15,235820.0,85872.0,NIFTY,2026-08-11,24400.0,CE,2
2026-08-05 04:35:00+00:00,303.9,306.65,285.45,297.85,226460.0,85912.0,NIFTY,2026-08-11,24400.0,CE,2
2026-08-05 04:40:00+00:00,297.6,312.95,297.6,310.05,157885.0,85828.0,NIFTY,2026-08-11,24400.0,CE,2
2026-08-05 04:45:00+00:00,311.4,311.4,294.4,304.25,132275.0,85647.0,NIFTY,2026-08-11,24400.0,CE,2
2026-08-05 04:50:00+00:00,303.45,309.0,297.05,304.9,121940.0,85745.0,NIFTY,2026-08-11,24400.0,CE,2
2026-08-05 04:55:00+00:00,304.45,304.9,283.0,283.0,192140.0,69102.0,NIFTY,2026-08-11,24400.0,CE,2
2026-08-05 05:00:00+00:00,281.05,284.0,267.6,281.25,328120.0,87917.0,NIFTY,2026-08-11,24400.0,CE,2
2026-08-05 05:05:00+00:00,281.75,288.8,278.0,283.8,129220.0,88258.0,NIFTY,2026-08-11,24400.0,CE,2
2026-08-05 05:10:00+00:00,283.5,299.65,281.05,293.0,232115.0,88054.0,NIFTY,2026-08-11,24400.0,CE,2
2026-08-05 05:15:00+00:00,293.8,303.45,293.1,303.45,164450.0,87376.0,NIFTY,2026-08-11,24400.0,CE,2
2026-08-05 05:20:00+00:00,303.85,308.0,300.1,306.55,137670.0,86960.0,NIFTY,2026-08-11,24400.0,CE,2
2026-08-05 05:25:00+00:00,306.0,327.5,306.0,325.1,393770.0,84707.0,NIFTY,2026-08-11,24400.0,CE,2
2026-08-05 05:30:00+00:00,325.65,338.2,324.0,330.05,284505.0,82142.0,NIFTY,2026-08-11,24400.0,CE,2
2026-08-05 05:35:00+00:00,331.5,337.6,310.8,310.8,189280.0,81732.0,NIFTY,2026-08-11,24400.0,CE,2
2026-08-05 05:40:00+00:00,310.2,320.0,304.5,311.9,183300.0,82153.0,NIFTY,2026-08-11,24400.0,CE,2
2026-08-05 05:45:00+00:00,312.05,316.8,305.4,307.15,49920.0,82124.0,NIFTY,2026-08-11,24400.0,CE,2
2026-08-05 05:50:00+00:00,306.75,312.95,300.75,305.2,80080.0,82107.0,NIFTY,2026-08-11,24400.0,CE,2
2026-08-05 05:55:00+00:00,305.4,306.3,294.75,296.75,102635.0,82125.0,NIFTY,2026-08-11,24400.0,CE,2
2026-08-05 06:00:00+00:00,295.5,298.5,279.8,281.0,197405.0,82696.0,NIFTY,2026-08-11,24400.0,CE,2
2026-08-05 06:05:00+00:00,280.85,290.85,280.7,290.65,145860.0,83391.0,NIFTY,2026-08-11,24400.0,CE,2
2026-08-05 06:10:00+00:00,289.7,292.0,281.0,284.65,122720.0,82758.0,NIFTY,2026-08-11,24400.0,CE,2
2026-08-05 06:15:00+00:00,285.8,286.55,278.75,279.6,83785.0,82850.0,NIFTY,2026-08-11,24400.0,CE,2
2026-08-05 06:20:00+00:00,279.25,279.5,267.15,272.25,179920.0,83779.0,NIFTY,2026-08-11,24400.0,CE,2
2026-08-05 06:25:00+00:00,272.4,272.75,266.0,271.5,143325.0,85131.0,NIFTY,2026-08-11,24400.0,CE,2
2026-08-05 06:30:00+00:00,271.4,277.4,270.0,274.0,114335.0,85948.0,NIFTY,2026-08-11,24400.0,CE,2
2026-08-05 06:35:00+00:00,274.55,276.1,270.85,274.2,72345.0,86487.0,NIFTY,2026-08-11,24400.0,CE,2
2026-08-05 06:40:00+00:00,273.35,277.45,266.1,273.7,106535.0,86954.0,NIFTY,2026-08-11,24400.0,CE,2
2026-08-05 06:45:00+00:00,273.8,276.4,268.2,268.2,60385.0,87173.0,NIFTY,2026-08-11,24400.0,CE,2
2026-08-05 06:50:00+00:00,268.95,275.5,267.1,272.0,85800.0,87279.0,NIFTY,2026-08-11,24400.0,CE,2
2026-08-05 06:55:00+00:00,271.8,274.25,268.45,269.85,67080.0,88075.0,NIFTY,2026-08-11,24400.0,CE,2
2026-08-05 07:00:00+00:00,269.75,270.85,250.55,252.6,325000.0,88782.0,NIFTY,2026-08-11,24400.0,CE,2
2026-08-05 07:05:00+00:00,252.55,253.35,246.0,252.85,292240.0,91427.0,NIFTY,2026-08-11,24400.0,CE,2
2026-08-05 07:10:00+00:00,253.45,255.85,241.65,247.85,288990.0,93940.0,NIFTY,2026-08-11,24400.0,CE,2
2026-08-05 07:15:00+00:00,247.95,249.95,240.0,242.95,171535.0,95715.0,NIFTY,2026-08-11,24400.0,CE,2
2026-08-05 07:20:00+00:00,243.0,247.0,239.3,244.05,210665.0,77836.0,NIFTY,2026-08-11,24400.0,CE,2
2026-08-05 07:25:00+00:00,244.5,247.6,238.4,240.0,126295.0,97964.0,NIFTY,2026-08-11,24400.0,CE,2
2026-08-05 07:30:00+00:00,240.15,248.6,236.7,246.4,271050.0,98376.0,NIFTY,2026-08-11,24400.0,CE,2
2026-08-05 07:35:00+00:00,246.65,252.95,237.0,252.95,336895.0,99381.0,NIFTY,2026-08-11,24400.0,CE,2
2026-08-05 07:40:00+00:00,252.0,255.75,245.55,252.95,233090.0,98739.0,NIFTY,2026-08-11,24400.0,CE,2
2026-08-05 07:45:00+00:00,252.9,258.85,249.15,257.5,240825.0,99544.0,NIFTY,2026-08-11,24400.0,CE,2
2026-08-05 07:50:00+00:00,256.95,259.35,246.5,247.85,209885.0,98008.0,NIFTY,2026-08-11,24400.0,CE,2
2026-08-05 07:55:00+00:00,247.5,252.0,243.4,249.4,160875.0,96857.0,NIFTY,2026-08-11,24400.0,CE,2
2026-08-05 08:00:00+00:00,249.5,251.9,242.0,243.85,127270.0,98032.0,NIFTY,2026-08-11,24400.0,CE,2
2026-08-05 08:05:00+00:00,244.4,248.25,240.65,244.65,92365.0,99173.0,NIFTY,2026-08-11,24400.0,CE,2
2026-08-05 08:10:00+00:00,244.75,245.5,231.2,233.4,239070.0,100008.0,NIFTY,2026-08-11,24400.0,CE,2
2026-08-05 08:15:00+00:00,233.6,249.0,233.05,248.8,281515.0,102088.0,NIFTY,2026-08-11,24400.0,CE,2
2026-08-05 08:20:00+00:00,248.3,250.5,241.0,242.35,180570.0,101968.0,NIFTY,2026-08-11,24400.0,CE,2
2026-08-05 08:25:00+00:00,243.05,244.2,240.0,243.0,93860.0,103493.0,NIFTY,2026-08-11,24400.0,CE,2
2026-08-05 08:30:00+00:00,242.8,252.0,242.0,249.05,246350.0,103793.0,NIFTY,2026-08-11,24400.0,CE,2
2026-08-05 08:35:00+00:00,250.6,254.65,247.8,248.45,196495.0,102804.0,NIFTY,2026-08-11,24400.0,CE,2
2026-08-05 08:40:00+00:00,248.35,253.6,237.9,238.85,320775.0,102095.0,NIFTY,2026-08-11,24400.0,CE,2
2026-08-05 08:45:00+00:00,239.6,243.75,231.15,239.35,331370.0,103158.0,NIFTY,2026-08-11,24400.0,CE,2
2026-08-05 08:50:00+00:00,238.2,245.4,237.05,238.2,167570.0,103297.0,NIFTY,2026-08-11,24400.0,CE,2
2026-08-05 08:55:00+00:00,237.85,242.45,237.0,241.05,100490.0,103632.0,NIFTY,2026-08-11,24400.0,CE,2
2026-08-05 09:00:00+00:00,241.1,244.2,237.4,240.25,116805.0,103858.0,NIFTY,2026-08-11,24400.0,CE,2
2026-08-05 09:05:00+00:00,239.75,250.75,239.4,246.0,201240.0,103535.0,NIFTY,2026-08-11,24400.0,CE,2
2026-08-05 09:10:00+00:00,245.5,246.9,238.9,242.35,165360.0,102903.0,NIFTY,2026-08-11,24400.0,CE,2
2026-08-05 09:15:00+00:00,243.0,251.9,240.6,250.25,190645.0,103639.0,NIFTY,2026-08-11,24400.0,CE,2
2026-08-05 09:20:00+00:00,250.0,255.3,246.1,247.8,226070.0,102893.0,NIFTY,2026-08-11,24400.0,CE,2
2026-08-05 09:25:00+00:00,247.15,260.4,246.2,251.65,328445.0,101089.0,NIFTY,2026-08-11,24400.0,CE,2
2026-08-05 09:30:00+00:00,253.75,260.95,248.1,258.7,387400.0,98761.0,NIFTY,2026-08-11,24400.0,CE,2
2026-08-05 09:35:00+00:00,258.5,266.9,251.0,261.95,470405.0,97178.0,NIFTY,2026-08-11,24400.0,CE,2
2026-08-05 09:40:00+00:00,263.0,281.0,257.15,277.85,502580.0,93123.0,NIFTY,2026-08-11,24400.0,CE,2
2026-08-05 09:45:00+00:00,277.45,291.65,227.45,269.8,504660.0,85722.0,NIFTY,2026-08-11,24400.0,CE,2
2026-08-05 09:50:00+00:00,270.0,274.6,266.2,268.75,142285.0,84607.0,NIFTY,2026-08-11,24400.0,CE,2
2026-08-05 09:55:00+00:00,269.0,274.5,254.55,266.65,159510.0,83989.0,NIFTY,2026-08-11,24400.0,CE,2
2026-08-05 10:00:00+00:00,267.3,268.75,260.05,260.05,129155.0,83510.0,NIFTY,2026-08-11,24400.0,CE,2
2026-08-05 10:05:00+00:00,260.35,261.1,251.0,252.5,176085.0,83290.0,NIFTY,2026-08-11,24400.0,CE,2
2026-08-05 10:10:00+00:00,252.5,252.5,252.5,252.5,65.0,,NIFTY,2026-08-11,24400.0,CE,2
2026-08-06 03:45:00+00:00,276.2,312.3,276.2,300.0,650845.0,65318.0,NIFTY,2026-08-11,24400.0,CE,2
2026-08-06 03:50:00+00:00,300.65,314.0,298.9,308.65,252590.0,81360.0,NIFTY,2026-08-11,24400.0,CE,2
2026-08-06 03:55:00+00:00,307.85,317.9,302.15,313.85,186550.0,81041.0,NIFTY,2026-08-11,24400.0,CE,2
2026-08-06 04:00:00+00:00,313.65,320.95,303.55,307.45,179530.0,80982.0,NIFTY,2026-08-11,24400.0,CE,2
2026-08-06 04:05:00+00:00,307.1,319.0,306.0,315.2,102635.0,80637.0,NIFTY,2026-08-11,24400.0,CE,2
2026-08-06 04:10:00+00:00,316.1,322.1,312.45,320.85,109590.0,80041.0,NIFTY,2026-08-11,24400.0,CE,2
2026-08-06 04:15:00+00:00,321.9,337.3,321.25,333.85,206310.0,79246.0,NIFTY,2026-08-11,24400.0,CE,2
2026-08-06 04:20:00+00:00,333.4,339.6,332.1,336.0,74295.0,78462.0,NIFTY,2026-08-11,24400.0,CE,2
2026-08-06 04:25:00+00:00,335.2,336.15,313.0,313.1,127075.0,78267.0,NIFTY,2026-08-11,24400.0,CE,2
2026-08-06 04:30:00+00:00,313.0,313.0,293.6,301.0,193960.0,78726.0,NIFTY,2026-08-11,24400.0,CE,2
2026-08-06 04:35:00+00:00,300.35,306.9,294.3,305.95,121745.0,79153.0,NIFTY,2026-08-11,24400.0,CE,2
2026-08-06 04:40:00+00:00,305.3,317.9,303.5,310.5,140595.0,79019.0,NIFTY,2026-08-11,24400.0,CE,2
2026-08-06 04:45:00+00:00,310.75,313.6,304.15,307.4,66430.0,78503.0,NIFTY,2026-08-11,24400.0,CE,2
2026-08-06 04:50:00+00:00,307.0,320.0,306.35,318.4,59215.0,78299.0,NIFTY,2026-08-11,24400.0,CE,2
2026-08-06 04:55:00+00:00,319.95,319.95,311.5,319.4,73710.0,78137.0,NIFTY,2026-08-11,24400.0,CE,2
2026-08-06 05:00:00+00:00,318.0,323.4,315.15,315.15,72995.0,78004.0,NIFTY,2026-08-11,24400.0,CE,2
2026-08-06 05:05:00+00:00,314.55,321.85,313.05,318.0,49075.0,77736.0,NIFTY,2026-08-11,24400.0,CE,2
2026-08-06 05:10:00+00:00,319.9,319.9,313.15,318.1,32760.0,77731.0,NIFTY,2026-08-11,24400.0,CE,2
2026-08-06 05:15:00+00:00,316.55,317.25,308.0,310.9,59670.0,77802.0,NIFTY,2026-08-11,24400.0,CE,2
2026-08-06 05:20:00+00:00,310.85,312.1,298.0,311.25,107380.0,77587.0,NIFTY,2026-08-11,24400.0,CE,2
2026-08-06 05:25:00+00:00,311.8,320.55,309.0,313.45,112125.0,76805.0,NIFTY,2026-08-11,24400.0,CE,2
2026-08-06 05:30:00+00:00,313.95,316.9,306.1,312.1,41145.0,76148.0,NIFTY,2026-08-11,24400.0,CE,2
2026-08-06 05:35:00+00:00,313.85,319.65,311.45,319.0,46865.0,75925.0,NIFTY,2026-08-11,24400.0,CE,2
2026-08-06 05:40:00+00:00,319.05,332.0,318.9,332.0,133120.0,75446.0,NIFTY,2026-08-11,24400.0,CE,2
2026-08-06 05:45:00+00:00,332.95,340.5,326.5,339.4,105820.0,75414.0,NIFTY,2026-08-11,24400.0,CE,2
2026-08-06 05:50:00+00:00,338.4,343.2,336.65,341.7,112125.0,74616.0,NIFTY,2026-08-11,24400.0,CE,2
2026-08-06 05:55:00+00:00,341.85,345.0,337.15,343.65,52780.0,74252.0,NIFTY,2026-08-11,24400.0,CE,2
2026-08-06 06:00:00+00:00,344.85,346.8,332.2,333.55,77220.0,74285.0,NIFTY,2026-08-11,24400.0,CE,2
2026-08-06 06:05:00+00:00,332.7,336.0,327.55,328.9,84565.0,74276.0,NIFTY,2026-08-11,24400.0,CE,2
2026-08-06 06:10:00+00:00,328.8,331.05,305.0,310.6,177970.0,89088.0,NIFTY,2026-08-11,24400.0,CE,2
2026-08-06 06:15:00+00:00,310.2,313.8,304.0,313.4,90480.0,74608.0,NIFTY,2026-08-11,24400.0,CE,2
2026-08-06 06:20:00+00:00,312.9,325.8,312.9,321.65,117130.0,74123.0,NIFTY,2026-08-11,24400.0,CE,2
2026-08-06 06:25:00+00:00,321.75,340.75,321.75,337.0,109005.0,73792.0,NIFTY,2026-08-11,24400.0,CE,2
2026-08-06 06:30:00+00:00,336.5,338.25,329.5,331.0,49270.0,73802.0,NIFTY,2026-08-11,24400.0,CE,2
2026-08-06 06:35:00+00:00,331.65,333.0,322.0,324.25,58305.0,74069.0,NIFTY,2026-08-11,24400.0,CE,2
2026-08-06 06:40:00+00:00,323.65,324.9,317.0,319.2,53820.0,74208.0,NIFTY,2026-08-11,24400.0,CE,2
2026-08-06 06:45:00+00:00,320.1,330.55,319.15,319.7,85085.0,74122.0,NIFTY,2026-08-11,24400.0,CE,2
2026-08-06 06:50:00+00:00,319.35,319.35,309.6,316.0,86515.0,73960.0,NIFTY,2026-08-11,24400.0,CE,2
2026-08-06 06:55:00+00:00,315.85,319.7,313.25,317.3,43160.0,73861.0,NIFTY,2026-08-11,24400.0,CE,2
2026-08-06 07:00:00+00:00,319.7,325.8,316.65,323.9,58500.0,73662.0,NIFTY,2026-08-11,24400.0,CE,2
2026-08-06 07:05:00+00:00,324.2,327.85,319.0,321.45,27495.0,58692.0,NIFTY,2026-08-11,24400.0,CE,2
2026-08-06 07:10:00+00:00,321.55,325.0,316.75,322.7,22165.0,73440.0,NIFTY,2026-08-11,24400.0,CE,2
2026-08-06 07:15:00+00:00,322.9,324.0,314.0,315.0,27885.0,73512.0,NIFTY,2026-08-11,24400.0,CE,2
2026-08-06 07:20:00+00:00,314.85,319.35,313.1,314.65,26780.0,73457.0,NIFTY,2026-08-11,24400.0,CE,2
2026-08-06 07:25:00+00:00,314.0,316.35,307.0,311.85,55445.0,73522.0,NIFTY,2026-08-11,24400.0,CE,2
2026-08-06 07:30:00+00:00,311.15,321.0,311.0,317.9,53560.0,73721.0,NIFTY,2026-08-11,24400.0,CE,2
2026-08-06 07:35:00+00:00,316.0,319.8,303.0,304.75,94835.0,74213.0,NIFTY,2026-08-11,24400.0,CE,2
2026-08-06 07:40:00+00:00,304.95,319.1,300.0,301.5,83980.0,74834.0,NIFTY,2026-08-11,24400.0,CE,2
2026-08-06 07:45:00+00:00,300.6,317.85,292.8,315.0,178230.0,75654.0,NIFTY,2026-08-11,24400.0,CE,2
2026-08-06 07:50:00+00:00,316.2,319.0,292.3,294.1,129545.0,75609.0,NIFTY,2026-08-11,24400.0,CE,2
2026-08-06 07:55:00+00:00,294.45,304.0,293.0,298.6,73970.0,76091.0,NIFTY,2026-08-11,24400.0,CE,2
2026-08-06 08:00:00+00:00,301.0,307.35,298.55,307.0,73125.0,75918.0,NIFTY,2026-08-11,24400.0,CE,2
2026-08-06 08:05:00+00:00,307.5,319.95,306.0,308.05,119015.0,75468.0,NIFTY,2026-08-11,24400.0,CE,2
2026-08-06 08:10:00+00:00,309.0,310.0,298.2,304.0,52585.0,75465.0,NIFTY,2026-08-11,24400.0,CE,2
2026-08-06 08:15:00+00:00,304.3,305.1,294.6,297.65,61100.0,76244.0,NIFTY,2026-08-11,24400.0,CE,2
2026-08-06 08:20:00+00:00,297.0,312.0,293.7,304.0,160745.0,76115.0,NIFTY,2026-08-11,24400.0,CE,2
2026-08-06 08:25:00+00:00,303.7,319.9,302.45,317.85,89570.0,74985.0,NIFTY,2026-08-11,24400.0,CE,2
2026-08-06 08:30:00+00:00,316.4,325.0,311.9,321.2,101205.0,73834.0,NIFTY,2026-08-11,24400.0,CE,2
2026-08-06 08:35:00+00:00,320.0,326.7,319.8,323.0,74295.0,73171.0,NIFTY,2026-08-11,24400.0,CE,2
2026-08-06 08:40:00+00:00,321.45,326.65,319.2,320.5,40430.0,58405.0,NIFTY,2026-08-11,24400.0,CE,2
2026-08-06 08:45:00+00:00,320.95,329.0,319.7,325.75,41795.0,72730.0,NIFTY,2026-08-11,24400.0,CE,2
2026-08-06 08:50:00+00:00,326.0,328.85,321.25,328.5,29575.0,72741.0,NIFTY,2026-08-11,24400.0,CE,2
2026-08-06 08:55:00+00:00,328.35,334.0,322.4,325.05,67600.0,72548.0,NIFTY,2026-08-11,24400.0,CE,2
2026-08-06 09:00:00+00:00,324.5,327.0,314.45,319.75,66040.0,72380.0,NIFTY,2026-08-11,24400.0,CE,2
2026-08-06 09:05:00+00:00,319.9,322.0,310.9,313.15,38220.0,72736.0,NIFTY,2026-08-11,24400.0,CE,2
2026-08-06 09:10:00+00:00,313.9,320.0,307.05,310.5,45565.0,73264.0,NIFTY,2026-08-11,24400.0,CE,2
2026-08-06 09:15:00+00:00,310.05,318.5,308.0,316.0,63765.0,73506.0,NIFTY,2026-08-11,24400.0,CE,2
2026-08-06 09:20:00+00:00,316.5,317.95,309.0,311.55,46345.0,73290.0,NIFTY,2026-08-11,24400.0,CE,2
2026-08-06 09:25:00+00:00,313.5,320.0,308.45,316.05,61555.0,73488.0,NIFTY,2026-08-11,24400.0,CE,2
2026-08-06 09:30:00+00:00,316.4,326.6,307.05,312.7,79040.0,72508.0,NIFTY,2026-08-11,24400.0,CE,2
2026-08-06 09:35:00+00:00,313.55,319.75,309.0,314.7,54340.0,72324.0,NIFTY,2026-08-11,24400.0,CE,2
2026-08-06 09:40:00+00:00,314.5,323.95,314.0,322.0,71305.0,71763.0,NIFTY,2026-08-11,24400.0,CE,2
2026-08-06 09:45:00+00:00,321.45,328.6,320.2,325.0,82875.0,70691.0,NIFTY,2026-08-11,24400.0,CE,2
2026-08-06 09:50:00+00:00,324.0,328.35,316.3,325.05,57395.0,69959.0,NIFTY,2026-08-11,24400.0,CE,2
2026-08-06 09:55:00+00:00,323.0,325.0,315.95,319.3,48425.0,69724.0,NIFTY,2026-08-11,24400.0,CE,2
2026-08-06 10:00:00+00:00,320.4,321.0,313.5,320.0,74750.0,69497.0,NIFTY,2026-08-11,24400.0,CE,2
2026-08-06 10:05:00+00:00,320.2,322.0,313.55,322.0,132860.0,70313.0,NIFTY,2026-08-11,24400.0,CE,2
2026-08-07 03:45:00+00:00,246.45,274.0,234.2,266.7,771875.0,74376.0,NIFTY,2026-08-11,24400.0,CE,2
2026-08-07 03:50:00+00:00,267.2,282.6,260.55,277.55,500110.0,76785.0,NIFTY,2026-08-11,24400.0,CE,2
2026-08-07 03:55:00+00:00,277.0,282.8,271.0,274.0,221455.0,75770.0,NIFTY,2026-08-11,24400.0,CE,2
2026-08-07 04:00:00+00:00,272.75,280.0,266.0,272.8,253955.0,77017.0,NIFTY,2026-08-11,24400.0,CE,2
2026-08-07 04:05:00+00:00,273.2,280.0,270.6,277.05,151320.0,77708.0,NIFTY,2026-08-11,24400.0,CE,2
2026-08-07 04:10:00+00:00,276.95,287.0,270.2,284.8,230815.0,77766.0,NIFTY,2026-08-11,24400.0,CE,2
2026-08-07 04:15:00+00:00,284.7,285.5,271.0,280.6,230880.0,78421.0,NIFTY,2026-08-11,24400.0,CE,2
2026-08-07 04:20:00+00:00,280.0,291.0,279.55,289.0,232115.0,78288.0,NIFTY,2026-08-11,24400.0,CE,2
2026-08-07 04:25:00+00:00,289.1,291.85,286.0,288.0,154505.0,77476.0,NIFTY,2026-08-11,24400.0,CE,2
2026-08-07 04:30:00+00:00,288.05,289.35,277.2,282.85,165295.0,77714.0,NIFTY,2026-08-11,24400.0,CE,2
2026-08-07 04:35:00+00:00,282.75,285.8,278.2,280.0,109005.0,78397.0,NIFTY,2026-08-11,24400.0,CE,2
2026-08-07 04:40:00+00:00,279.3,281.0,266.1,271.65,247780.0,79091.0,NIFTY,2026-08-11,24400.0,CE,2
2026-08-07 04:45:00+00:00,272.6,272.6,249.35,255.35,409500.0,81405.0,NIFTY,2026-08-11,24400.0,CE,2
2026-08-07 04:50:00+00:00,254.9,258.9,247.55,252.35,316355.0,85498.0,NIFTY,2026-08-11,24400.0,CE,2
2026-08-07 04:55:00+00:00,250.95,254.1,245.4,247.95,220675.0,86903.0,NIFTY,2026-08-11,24400.0,CE,2
2026-08-07 05:00:00+00:00,246.7,250.25,241.7,249.7,249600.0,89046.0,NIFTY,2026-08-11,24400.0,CE,2
2026-08-07 05:05:00+00:00,250.05,252.95,246.0,250.1,213850.0,90546.0,NIFTY,2026-08-11,24400.0,CE,2
2026-08-07 05:10:00+00:00,250.15,251.0,245.0,249.85,104780.0,91670.0,NIFTY,2026-08-11,24400.0,CE,2
2026-08-07 05:15:00+00:00,249.15,257.8,247.75,250.3,278980.0,90886.0,NIFTY,2026-08-11,24400.0,CE,2
2026-08-07 05:20:00+00:00,250.5,255.95,248.0,253.3,146315.0,89785.0,NIFTY,2026-08-11,24400.0,CE,2
2026-08-07 05:25:00+00:00,253.6,255.5,248.5,249.1,133380.0,89258.0,NIFTY,2026-08-11,24400.0,CE,2
2026-08-07 05:30:00+00:00,248.65,250.3,237.0,238.7,283790.0,89532.0,NIFTY,2026-08-11,24400.0,CE,2
2026-08-07 05:35:00+00:00,238.55,247.35,238.25,244.6,219505.0,92283.0,NIFTY,2026-08-11,24400.0,CE,2
2026-08-07 05:40:00+00:00,244.9,246.55,243.05,244.3,63050.0,92951.0,NIFTY,2026-08-11,24400.0,CE,2
2026-08-07 05:45:00+00:00,244.2,244.4,239.1,242.05,101075.0,93761.0,NIFTY,2026-08-11,24400.0,CE,2
2026-08-07 05:50:00+00:00,241.8,250.85,241.3,250.25,182715.0,93958.0,NIFTY,2026-08-11,24400.0,CE,2
2026-08-07 05:55:00+00:00,250.15,260.95,250.0,255.65,357955.0,91549.0,NIFTY,2026-08-11,24400.0,CE,2
2026-08-07 06:00:00+00:00,255.9,256.5,248.95,253.85,152360.0,88580.0,NIFTY,2026-08-11,24400.0,CE,2
2026-08-07 06:05:00+00:00,253.0,258.65,251.15,256.2,134030.0,89333.0,NIFTY,2026-08-11,24400.0,CE,2
2026-08-07 06:10:00+00:00,256.0,256.65,252.5,254.85,87490.0,89100.0,NIFTY,2026-08-11,24400.0,CE,2
2026-08-07 06:15:00+00:00,254.0,255.0,242.8,243.0,195195.0,88614.0,NIFTY,2026-08-11,24400.0,CE,2
2026-08-07 06:20:00+00:00,242.75,244.0,233.65,239.0,322075.0,91217.0,NIFTY,2026-08-11,24400.0,CE,2
2026-08-07 06:25:00+00:00,239.4,243.6,237.7,243.1,132600.0,93331.0,NIFTY,2026-08-11,24400.0,CE,2
2026-08-07 06:30:00+00:00,243.0,243.5,234.95,236.2,116935.0,93641.0,NIFTY,2026-08-11,24400.0,CE,2
2026-08-07 06:35:00+00:00,236.85,237.2,229.0,233.9,232895.0,95862.0,NIFTY,2026-08-11,24400.0,CE,2
2026-08-07 06:40:00+00:00,233.5,234.0,226.0,226.3,194090.0,98865.0,NIFTY,2026-08-11,24400.0,CE,2
2026-08-07 06:45:00+00:00,226.1,228.7,222.95,226.6,342030.0,82341.0,NIFTY,2026-08-11,24400.0,CE,2
2026-08-07 06:50:00+00:00,225.8,232.2,224.15,227.55,284245.0,104209.0,NIFTY,2026-08-11,24400.0,CE,2
2026-08-07 06:55:00+00:00,227.3,237.95,226.15,234.25,344500.0,102720.0,NIFTY,2026-08-11,24400.0,CE,2
2026-08-07 07:00:00+00:00,234.0,239.7,230.3,239.3,166595.0,101479.0,NIFTY,2026-08-11,24400.0,CE,2
2026-08-07 07:05:00+00:00,239.0,240.5,236.0,239.75,154960.0,100901.0,NIFTY,2026-08-11,24400.0,CE,2
2026-08-07 07:10:00+00:00,240.0,240.6,233.6,239.7,164320.0,99811.0,NIFTY,2026-08-11,24400.0,CE,2
2026-08-07 07:15:00+00:00,239.6,245.3,235.8,244.85,242580.0,97703.0,NIFTY,2026-08-11,24400.0,CE,2
2026-08-07 07:20:00+00:00,244.45,244.45,233.0,237.1,173355.0,95878.0,NIFTY,2026-08-11,24400.0,CE,2
2026-08-07 07:25:00+00:00,237.4,237.9,232.05,232.45,81965.0,96291.0,NIFTY,2026-08-11,24400.0,CE,2
2026-08-07 07:30:00+00:00,232.4,233.65,228.5,233.55,144820.0,97141.0,NIFTY,2026-08-11,24400.0,CE,2
2026-08-07 07:35:00+00:00,233.0,238.95,232.4,232.45,239200.0,98437.0,NIFTY,2026-08-11,24400.0,CE,2
2026-08-07 07:40:00+00:00,232.3,236.7,226.4,226.8,270595.0,99848.0,NIFTY,2026-08-11,24400.0,CE,2
2026-08-07 07:45:00+00:00,227.35,233.9,225.0,225.0,204425.0,99895.0,NIFTY,2026-08-11,24400.0,CE,2
2026-08-07 07:50:00+00:00,224.5,239.85,224.45,239.5,195520.0,100072.0,NIFTY,2026-08-11,24400.0,CE,2
2026-08-07 07:55:00+00:00,239.25,243.2,237.6,238.15,287430.0,98064.0,NIFTY,2026-08-11,24400.0,CE,2
2026-08-07 08:00:00+00:00,238.35,239.6,221.55,225.5,356590.0,98988.0,NIFTY,2026-08-11,24400.0,CE,2
2026-08-07 08:05:00+00:00,225.65,232.35,224.0,227.1,169845.0,101048.0,NIFTY,2026-08-11,24400.0,CE,2
2026-08-07 08:10:00+00:00,226.95,229.0,224.0,228.3,105365.0,102432.0,NIFTY,2026-08-11,24400.0,CE,2
2026-08-07 08:15:00+00:00,228.4,243.9,227.0,243.9,646815.0,98604.0,NIFTY,2026-08-11,24400.0,CE,2
2026-08-07 08:20:00+00:00,244.0,252.85,239.8,240.9,693810.0,93078.0,NIFTY,2026-08-11,24400.0,CE,2
2026-08-07 08:25:00+00:00,241.55,243.0,222.65,230.5,430885.0,90315.0,NIFTY,2026-08-11,24400.0,CE,2
2026-08-07 08:30:00+00:00,230.95,241.65,224.55,226.0,308880.0,89329.0,NIFTY,2026-08-11,24400.0,CE,2
2026-08-07 08:35:00+00:00,227.0,228.75,210.5,217.7,453895.0,93526.0,NIFTY,2026-08-11,24400.0,CE,2
2026-08-07 08:40:00+00:00,217.4,219.0,209.45,212.55,341315.0,97139.0,NIFTY,2026-08-11,24400.0,CE,2
2026-08-07 08:45:00+00:00,212.45,219.15,207.45,214.7,371930.0,99270.0,NIFTY,2026-08-11,24400.0,CE,2
2026-08-07 08:50:00+00:00,214.3,218.9,213.2,218.9,208000.0,98302.0,NIFTY,2026-08-11,24400.0,CE,2
2026-08-07 08:55:00+00:00,219.0,221.45,216.4,218.0,194285.0,97024.0,NIFTY,2026-08-11,24400.0,CE,2
2026-08-07 09:00:00+00:00,217.55,225.95,215.25,219.55,372840.0,96408.0,NIFTY,2026-08-11,24400.0,CE,2
2026-08-07 09:05:00+00:00,219.7,224.0,219.0,219.9,188955.0,95417.0,NIFTY,2026-08-11,24400.0,CE,2
2026-08-07 09:10:00+00:00,219.5,223.7,216.45,221.6,137410.0,94950.0,NIFTY,2026-08-11,24400.0,CE,2
2026-08-07 09:15:00+00:00,221.7,234.0,221.7,231.5,348595.0,92418.0,NIFTY,2026-08-11,24400.0,CE,2
2026-08-07 09:20:00+00:00,231.65,231.9,221.15,221.15,280540.0,90035.0,NIFTY,2026-08-11,24400.0,CE,2
2026-08-07 09:25:00+00:00,223.2,227.95,221.6,223.4,191230.0,90335.0,NIFTY,2026-08-11,24400.0,CE,2
2026-08-07 09:30:00+00:00,223.5,235.65,221.25,234.95,348270.0,88458.0,NIFTY,2026-08-11,24400.0,CE,2
2026-08-07 09:35:00+00:00,234.35,240.5,232.1,239.1,319995.0,84184.0,NIFTY,2026-08-11,24400.0,CE,2
2026-08-07 09:40:00+00:00,241.05,247.65,237.5,245.5,420550.0,79846.0,NIFTY,2026-08-11,24400.0,CE,2
2026-08-07 09:45:00+00:00,245.0,253.0,234.15,240.0,378625.0,74171.0,NIFTY,2026-08-11,24400.0,CE,2
2026-08-07 09:50:00+00:00,239.9,242.65,235.15,240.35,161915.0,72287.0,NIFTY,2026-08-11,24400.0,CE,2
2026-08-07 09:55:00+00:00,240.4,240.55,232.15,239.0,166725.0,70728.0,NIFTY,2026-08-11,24400.0,CE,2
2026-08-07 10:00:00+00:00,239.35,240.0,233.75,238.0,148850.0,68919.0,NIFTY,2026-08-11,24400.0,CE,2
2026-08-07 10:05:00+00:00,238.5,247.45,238.1,238.2,245440.0,68196.0,NIFTY,2026-08-11,24400.0,CE,2
2026-08-07 10:10:00+00:00,240.0,240.0,240.0,240.0,780.0,,NIFTY,2026-08-11,24400.0,CE,2
2026-08-10 03:45:00+00:00,237.05,240.9,210.5,237.0,911105.0,59970.0,NIFTY,2026-08-11,24400.0,CE,2
2026-08-10 03:50:00+00:00,237.9,248.9,232.25,232.9,640705.0,78537.0,NIFTY,2026-08-11,24400.0,CE,2
2026-08-10 03:55:00+00:00,233.15,233.7,213.4,214.4,683540.0,85911.0,NIFTY,2026-08-11,24400.0,CE,2
2026-08-10 04:00:00+00:00,213.95,215.3,197.05,197.2,853125.0,96701.0,NIFTY,2026-08-11,24400.0,CE,2
2026-08-10 04:05:00+00:00,196.95,200.75,186.2,194.3,1121380.0,109175.0,NIFTY,2026-08-11,24400.0,CE,2
2026-08-10 04:10:00+00:00,194.05,194.25,182.75,188.05,760045.0,122262.0,NIFTY,2026-08-11,24400.0,CE,2
2026-08-10 04:15:00+00:00,187.9,197.65,185.85,191.7,707330.0,130960.0,NIFTY,2026-08-11,24400.0,CE,2
2026-08-10 04:20:00+00:00,191.3,199.95,188.1,192.0,812110.0,126899.0,NIFTY,2026-08-11,24400.0,CE,2
2026-08-10 04:25:00+00:00,191.9,196.85,188.45,196.5,426270.0,126757.0,NIFTY,2026-08-11,24400.0,CE,2
2026-08-10 04:30:00+00:00,196.45,202.65,192.65,194.2,798265.0,123657.0,NIFTY,2026-08-11,24400.0,CE,2
2026-08-10 04:35:00+00:00,195.15,198.45,187.8,190.4,486070.0,120909.0,NIFTY,2026-08-11,24400.0,CE,2
2026-08-10 04:40:00+00:00,190.65,201.0,187.3,197.75,497380.0,122289.0,NIFTY,2026-08-11,24400.0,CE,2
2026-08-10 04:45:00+00:00,199.45,216.0,199.0,216.0,1333540.0,112213.0,NIFTY,2026-08-11,24400.0,CE,2
2026-08-10 04:50:00+00:00,216.25,232.15,213.9,230.3,1260285.0,98987.0,NIFTY,2026-08-11,24400.0,CE,2
2026-08-10 04:55:00+00:00,231.05,234.35,220.55,232.8,567385.0,93685.0,NIFTY,2026-08-11,24400.0,CE,2
2026-08-10 05:00:00+00:00,233.75,237.9,224.0,225.35,602485.0,91350.0,NIFTY,2026-08-11,24400.0,CE,2
2026-08-10 05:05:00+00:00,225.15,235.05,224.9,232.6,269490.0,90589.0,NIFTY,2026-08-11,24400.0,CE,2
2026-08-10 05:10:00+00:00,233.2,244.15,232.35,242.3,485030.0,90268.0,NIFTY,2026-08-11,24400.0,CE,2
2026-08-10 05:15:00+00:00,241.7,252.0,238.15,239.9,648960.0,85431.0,NIFTY,2026-08-11,24400.0,CE,2
2026-08-10 05:20:00+00:00,239.35,242.55,232.05,232.85,263965.0,84934.0,NIFTY,2026-08-11,24400.0,CE,2
2026-08-10 05:25:00+00:00,233.6,236.4,231.5,235.3,159900.0,86574.0,NIFTY,2026-08-11,24400.0,CE,2
2026-08-10 05:30:00+00:00,235.35,246.3,234.7,245.0,355550.0,88693.0,NIFTY,2026-08-11,24400.0,CE,2
2026-08-10 05:35:00+00:00,244.75,247.2,236.2,239.6,221195.0,88671.0,NIFTY,2026-08-11,24400.0,CE,2
2026-08-10 05:40:00+00:00,239.0,248.0,235.5,248.0,224445.0,88865.0,NIFTY,2026-08-11,24400.0,CE,2
2026-08-10 05:45:00+00:00,247.85,249.9,241.0,247.6,266890.0,88760.0,NIFTY,2026-08-11,24400.0,CE,2
2026-08-10 05:50:00+00:00,248.0,252.9,244.1,247.8,268710.0,86576.0,NIFTY,2026-08-11,24400.0,CE,2
2026-08-10 05:55:00+00:00,248.1,252.0,244.45,247.6,186485.0,86526.0,NIFTY,2026-08-11,24400.0,CE,2
2026-08-10 06:00:00+00:00,248.1,248.1,232.1,234.75,347685.0,85586.0,NIFTY,2026-08-11,24400.0,CE,2
2026-08-10 06:05:00+00:00,233.75,247.0,233.05,243.55,359125.0,86524.0,NIFTY,2026-08-11,24400.0,CE,2
2026-08-10 06:10:00+00:00,243.7,245.0,230.7,230.7,172835.0,68758.0,NIFTY,2026-08-11,24400.0,CE,2
2026-08-10 06:15:00+00:00,232.0,243.85,225.9,238.7,454220.0,86292.0,NIFTY,2026-08-11,24400.0,CE,2
2026-08-10 06:20:00+00:00,238.65,241.0,232.5,232.5,144040.0,87636.0,NIFTY,2026-08-11,24400.0,CE,2
2026-08-10 06:25:00+00:00,232.9,241.2,230.05,234.0,221650.0,88224.0,NIFTY,2026-08-11,24400.0,CE,2
2026-08-10 06:30:00+00:00,233.6,238.0,231.65,236.95,120900.0,89126.0,NIFTY,2026-08-11,24400.0,CE,2
2026-08-10 06:35:00+00:00,236.8,238.0,232.6,237.5,83590.0,71476.0,NIFTY,2026-08-11,24400.0,CE,2
2026-08-10 06:40:00+00:00,237.3,248.0,234.05,244.35,281125.0,87816.0,NIFTY,2026-08-11,24400.0,CE,2
2026-08-10 06:45:00+00:00,244.4,257.2,243.0,247.45,535600.0,81007.0,NIFTY,2026-08-11,24400.0,CE,2
2026-08-10 06:50:00+00:00,248.8,252.5,242.0,242.7,243165.0,78528.0,NIFTY,2026-08-11,24400.0,CE,2
2026-08-10 06:55:00+00:00,243.0,253.8,242.95,251.0,172640.0,78359.0,NIFTY,2026-08-11,24400.0,CE,2
2026-08-10 07:00:00+00:00,250.0,254.95,246.5,249.05,216385.0,76856.0,NIFTY,2026-08-11,24400.0,CE,2
2026-08-10 07:05:00+00:00,248.85,253.5,244.1,250.65,199550.0,76207.0,NIFTY,2026-08-11,24400.0,CE,2
2026-08-10 07:10:00+00:00,251.4,252.7,240.1,240.1,154180.0,60583.0,NIFTY,2026-08-11,24400.0,CE,2
2026-08-10 07:15:00+00:00,241.3,244.5,237.0,239.6,223080.0,76417.0,NIFTY,2026-08-11,24400.0,CE,2
2026-08-10 07:20:00+00:00,240.2,241.55,233.0,235.9,162760.0,61559.0,NIFTY,2026-08-11,24400.0,CE,2
2026-08-10 07:25:00+00:00,236.3,236.4,230.4,234.4,192140.0,77907.0,NIFTY,2026-08-11,24400.0,CE,2
2026-08-10 07:30:00+00:00,234.3,236.5,228.0,235.0,248300.0,78484.0,NIFTY,2026-08-11,24400.0,CE,2
2026-08-10 07:35:00+00:00,235.3,239.0,224.1,224.7,314600.0,80314.0,NIFTY,2026-08-11,24400.0,CE,2
2026-08-10 07:40:00+00:00,225.4,229.7,222.5,225.8,223210.0,80122.0,NIFTY,2026-08-11,24400.0,CE,2
2026-08-10 07:45:00+00:00,225.4,234.0,224.0,228.35,317005.0,81904.0,NIFTY,2026-08-11,24400.0,CE,2
2026-08-10 07:50:00+00:00,228.0,231.35,224.55,229.6,184600.0,84352.0,NIFTY,2026-08-11,24400.0,CE,2
2026-08-10 07:55:00+00:00,230.45,236.95,229.8,232.65,349180.0,82288.0,NIFTY,2026-08-11,24400.0,CE,2
2026-08-10 08:00:00+00:00,232.35,242.85,230.65,242.25,281710.0,80401.0,NIFTY,2026-08-11,24400.0,CE,2
2026-08-10 08:05:00+00:00,242.8,244.45,238.5,238.7,290355.0,78840.0,NIFTY,2026-08-11,24400.0,CE,2
2026-08-10 08:10:00+00:00,238.9,245.45,238.0,244.55,215735.0,78290.0,NIFTY,2026-08-11,24400.0,CE,2
2026-08-10 08:15:00+00:00,245.5,247.6,237.4,243.75,242710.0,76553.0,NIFTY,2026-08-11,24400.0,CE,2
2026-08-10 08:20:00+00:00,244.0,244.55,241.2,242.5,110630.0,76006.0,NIFTY,2026-08-11,24400.0,CE,2
2026-08-10 08:25:00+00:00,242.6,242.9,232.55,233.0,239980.0,74445.0,NIFTY,2026-08-11,24400.0,CE,2
2026-08-10 08:30:00+00:00,233.75,238.25,228.0,233.4,216580.0,73780.0,NIFTY,2026-08-11,24400.0,CE,2
2026-08-10 08:35:00+00:00,234.0,243.6,234.0,237.15,286585.0,74898.0,NIFTY,2026-08-11,24400.0,CE,2
2026-08-10 08:40:00+00:00,236.75,239.5,227.0,228.35,195065.0,75431.0,NIFTY,2026-08-11,24400.0,CE,2
2026-08-10 08:45:00+00:00,228.3,231.1,224.6,227.2,200070.0,75359.0,NIFTY,2026-08-11,24400.0,CE,2
2026-08-10 08:50:00+00:00,227.0,230.45,222.55,223.95,182585.0,76036.0,NIFTY,2026-08-11,24400.0,CE,2
2026-08-10 08:55:00+00:00,222.7,227.95,221.5,224.85,190775.0,76273.0,NIFTY,2026-08-11,24400.0,CE,2
2026-08-10 09:00:00+00:00,224.9,227.9,217.95,219.85,278330.0,75676.0,NIFTY,2026-08-11,24400.0,CE,2
2026-08-10 09:05:00+00:00,219.9,219.9,210.95,214.8,434655.0,77070.0,NIFTY,2026-08-11,24400.0,CE,2
2026-08-10 09:10:00+00:00,214.1,217.8,210.65,214.5,330200.0,79699.0,NIFTY,2026-08-11,24400.0,CE,2
2026-08-10 09:15:00+00:00,214.6,215.85,209.85,211.2,411580.0,79501.0,NIFTY,2026-08-11,24400.0,CE,2
2026-08-10 09:20:00+00:00,210.95,217.9,206.9,214.9,537225.0,81486.0,NIFTY,2026-08-11,24400.0,CE,2
2026-08-10 09:25:00+00:00,214.6,222.85,213.6,222.2,459680.0,78703.0,NIFTY,2026-08-11,24400.0,CE,2
2026-08-10 09:30:00+00:00,221.85,226.1,210.0,224.1,695630.0,75894.0,NIFTY,2026-08-11,24400.0,CE,2
2026-08-10 09:35:00+00:00,223.85,228.55,220.2,221.4,327795.0,72289.0,NIFTY,2026-08-11,24400.0,CE,2
2026-08-10 09:40:00+00:00,221.8,225.95,216.45,225.2,410345.0,70106.0,NIFTY,2026-08-11,24400.0,CE,2
2026-08-10 09:45:00+00:00,225.35,229.55,216.05,221.65,466765.0,61954.0,NIFTY,2026-08-11,24400.0,CE,2
2026-08-10 09:50:00+00:00,221.15,226.35,220.45,221.95,244140.0,57140.0,NIFTY,2026-08-11,24400.0,CE,2
2026-08-10 09:55:00+00:00,222.45,224.95,217.35,223.1,225095.0,52908.0,NIFTY,2026-08-11,24400.0,CE,2
2026-08-10 10:00:00+00:00,222.9,223.0,217.5,217.6,142350.0,50033.0,NIFTY,2026-08-11,24400.0,CE,2
2026-08-10 10:05:00+00:00,218.0,218.4,211.35,212.65,238095.0,46684.0,NIFTY,2026-08-11,24400.0,CE,2
2026-08-10 10:10:00+00:00,212.65,212.65,212.65,212.65,260.0,,NIFTY,2026-08-11,24400.0,CE,2
2026-08-11 03:45:00+00:00,177.05,177.05,137.0,138.35,2793505.0,69410.0,NIFTY,2026-08-11,24400.0,CE,2
2026-08-11 03:50:00+00:00,135.45,140.9,129.05,134.2,2711475.0,128013.0,NIFTY,2026-08-11,24400.0,CE,2
2026-08-11 03:55:00+00:00,133.65,140.1,126.35,128.0,2411955.0,162427.0,NIFTY,2026-08-11,24400.0,CE,2
2026-08-11 04:00:00+00:00,127.5,131.5,125.15,127.75,2395185.0,200214.0,NIFTY,2026-08-11,24400.0,CE,2
2026-08-11 04:05:00+00:00,127.4,133.0,118.6,121.5,3181490.0,221892.0,NIFTY,2026-08-11,24400.0,CE,2
2026-08-11 04:10:00+00:00,121.0,123.0,109.4,119.25,3846440.0,252559.0,NIFTY,2026-08-11,24400.0,CE,2
2026-08-11 04:15:00+00:00,118.95,123.15,107.8,113.0,3901105.0,283786.0,NIFTY,2026-08-11,24400.0,CE,2
2026-08-11 04:20:00+00:00,112.4,115.4,106.85,108.0,2451670.0,321053.0,NIFTY,2026-08-11,24400.0,CE,2
2026-08-11 04:25:00+00:00,108.15,121.0,105.95,120.7,4091685.0,347872.0,NIFTY,2026-08-11,24400.0,CE,2
2026-08-11 04:30:00+00:00,120.5,122.95,113.6,118.35,4080700.0,354666.0,NIFTY,2026-08-11,24400.0,CE,2
2026-08-11 04:35:00+00:00,118.0,121.5,110.3,115.05,3244215.0,358177.0,NIFTY,2026-08-11,24400.0,CE,2
2026-08-11 04:40:00+00:00,115.2,118.4,111.0,111.75,2334085.0,378363.0,NIFTY,2026-08-11,24400.0,CE,2
2026-08-11 04:45:00+00:00,110.8,116.6,105.95,106.55,3380715.0,394226.0,NIFTY,2026-08-11,24400.0,CE,2
2026-08-11 04:50:00+00:00,106.95,111.0,104.1,108.75,3187470.0,419998.0,NIFTY,2026-08-11,24400.0,CE,2
2026-08-11 04:55:00+00:00,108.3,117.0,107.05,113.2,2652195.0,437456.0,NIFTY,2026-08-11,24400.0,CE,2
2026-08-11 05:00:00+00:00,113.0,117.6,110.8,114.55,1961830.0,437712.0,NIFTY,2026-08-11,24400.0,CE,2
2026-08-11 05:05:00+00:00,114.5,115.9,108.25,112.6,2233985.0,436109.0,NIFTY,2026-08-11,24400.0,CE,2
2026-08-11 05:10:00+00:00,112.25,113.25,106.6,107.25,1994720.0,446321.0,NIFTY,2026-08-11,24400.0,CE,2
2026-08-11 05:15:00+00:00,107.45,107.45,100.25,103.85,3553290.0,452730.0,NIFTY,2026-08-11,24400.0,CE,2
2026-08-11 05:20:00+00:00,104.1,109.0,103.65,106.8,2854605.0,467373.0,NIFTY,2026-08-11,24400.0,CE,2
2026-08-11 05:25:00+00:00,107.5,109.3,102.85,103.25,1526135.0,472405.0,NIFTY,2026-08-11,24400.0,CE,2
2026-08-11 05:30:00+00:00,103.4,103.4,89.45,91.4,6562985.0,473077.0,NIFTY,2026-08-11,24400.0,CE,2
2026-08-11 05:35:00+00:00,91.35,94.35,85.8,85.8,4095715.0,515183.0,NIFTY,2026-08-11,24400.0,CE,2
2026-08-11 05:40:00+00:00,85.6,90.05,83.8,89.45,5134155.0,542549.0,NIFTY,2026-08-11,24400.0,CE,2
2026-08-11 05:45:00+00:00,89.3,91.7,85.65,89.25,3679715.0,563070.0,NIFTY,2026-08-11,24400.0,CE,2
2026-08-11 05:50:00+00:00,89.0,89.35,85.05,86.05,2866175.0,592846.0,NIFTY,2026-08-11,24400.0,CE,2
2026-08-11 05:55:00+00:00,86.2,86.2,80.65,81.85,5335850.0,622111.0,NIFTY,2026-08-11,24400.0,CE,2
2026-08-11 06:00:00+00:00,82.2,82.85,77.85,81.9,5190510.0,653994.0,NIFTY,2026-08-11,24400.0,CE,2
2026-08-11 06:05:00+00:00,82.05,84.95,79.5,84.1,3867695.0,674727.0,NIFTY,2026-08-11,24400.0,CE,2
2026-08-11 06:10:00+00:00,84.25,87.75,83.3,84.6,3816670.0,661250.0,NIFTY,2026-08-11,24400.0,CE,2
2026-08-11 06:15:00+00:00,84.8,89.2,84.5,87.3,3428295.0,656513.0,NIFTY,2026-08-11,24400.0,CE,2
2026-08-11 06:20:00+00:00,87.65,88.85,80.65,81.15,3605485.0,643379.0,NIFTY,2026-08-11,24400.0,CE,2
2026-08-11 06:25:00+00:00,81.2,81.25,76.65,80.55,5415020.0,664244.0,NIFTY,2026-08-11,24400.0,CE,2
2026-08-11 06:30:00+00:00,80.6,81.35,70.55,72.7,7291180.0,687826.0,NIFTY,2026-08-11,24400.0,CE,2
2026-08-11 06:35:00+00:00,72.4,76.15,71.3,75.45,4929860.0,730774.0,NIFTY,2026-08-11,24400.0,CE,2
2026-08-11 06:40:00+00:00,75.35,83.75,75.35,77.45,7662655.0,710902.0,NIFTY,2026-08-11,24400.0,CE,2
2026-08-11 06:45:00+00:00,77.4,79.75,72.55,75.15,5247710.0,710264.0,NIFTY,2026-08-11,24400.0,CE,2
2026-08-11 06:50:00+00:00,74.9,76.55,70.9,72.2,3212495.0,744474.0,NIFTY,2026-08-11,24400.0,CE,2
2026-08-11 06:55:00+00:00,72.0,76.0,71.75,75.0,2997150.0,751996.0,NIFTY,2026-08-11,24400.0,CE,2
2026-08-11 07:00:00+00:00,75.3,79.45,74.6,79.25,3178435.0,751768.0,NIFTY,2026-08-11,24400.0,CE,2
2026-08-11 07:05:00+00:00,79.3,79.6,74.75,74.75,3354325.0,601574.0,NIFTY,2026-08-11,24400.0,CE,2
2026-08-11 07:10:00+00:00,74.85,82.0,74.15,80.85,5615155.0,751222.0,NIFTY,2026-08-11,24400.0,CE,2
2026-08-11 07:15:00+00:00,80.8,88.7,79.65,87.6,8349640.0,748124.0,NIFTY,2026-08-11,24400.0,CE,2
2026-08-11 07:20:00+00:00,87.4,88.45,76.95,77.6,5911230.0,714101.0,NIFTY,2026-08-11,24400.0,CE,2
2026-08-11 07:25:00+00:00,77.7,79.7,72.55,76.15,4654065.0,723732.0,NIFTY,2026-08-11,24400.0,CE,2
2026-08-11 07:30:00+00:00,76.45,87.55,74.7,86.75,7904390.0,722957.0,NIFTY,2026-08-11,24400.0,CE,2
2026-08-11 07:35:00+00:00,86.8,91.0,85.35,88.65,7628335.0,697954.0,NIFTY,2026-08-11,24400.0,CE,2
2026-08-11 07:40:00+00:00,88.8,90.5,79.65,82.15,5570435.0,673246.0,NIFTY,2026-08-11,24400.0,CE,2
2026-08-11 07:45:00+00:00,82.5,82.5,75.45,81.05,5660655.0,677814.0,NIFTY,2026-08-11,24400.0,CE,2
2026-08-11 07:50:00+00:00,81.0,85.0,77.1,84.45,3513185.0,694619.0,NIFTY,2026-08-11,24400.0,CE,2
2026-08-11 07:55:00+00:00,84.35,94.0,80.7,85.35,11619725.0,667325.0,NIFTY,2026-08-11,24400.0,CE,2
2026-08-11 08:00:00+00:00,85.55,92.7,83.05,89.3,6362200.0,632991.0,NIFTY,2026-08-11,24400.0,CE,2
2026-08-11 08:05:00+00:00,89.05,90.9,80.55,81.85,5161195.0,623416.0,NIFTY,2026-08-11,24400.0,CE,2
2026-08-11 08:10:00+00:00,81.95,86.8,81.55,84.7,4375150.0,636320.0,NIFTY,2026-08-11,24400.0,CE,2
2026-08-11 08:15:00+00:00,84.6,87.3,80.9,82.2,3360825.0,635596.0,NIFTY,2026-08-11,24400.0,CE,2
2026-08-11 08:20:00+00:00,82.3,84.6,77.7,79.1,4327115.0,636474.0,NIFTY,2026-08-11,24400.0,CE,2
2026-08-11 08:25:00+00:00,78.1,82.2,74.8,81.0,5799235.0,653853.0,NIFTY,2026-08-11,24400.0,CE,2
2026-08-11 08:30:00+00:00,81.35,82.15,76.5,77.9,4765215.0,690824.0,NIFTY,2026-08-11,24400.0,CE,2
2026-08-11 08:35:00+00:00,77.7,80.65,69.8,78.0,12250030.0,705981.0,NIFTY,2026-08-11,24400.0,CE,2
2026-08-11 08:40:00+00:00,78.55,84.15,76.5,82.0,5702645.0,665296.0,NIFTY,2026-08-11,24400.0,CE,2
2026-08-11 08:45:00+00:00,82.2,87.1,76.55,76.8,6811935.0,635293.0,NIFTY,2026-08-11,24400.0,CE,2
2026-08-11 08:50:00+00:00,78.25,80.6,73.3,75.1,5002075.0,632464.0,NIFTY,2026-08-11,24400.0,CE,2
2026-08-11 08:55:00+00:00,75.65,79.65,72.6,74.5,4503525.0,640385.0,NIFTY,2026-08-11,24400.0,CE,2
2026-08-11 09:00:00+00:00,75.3,76.3,68.5,70.9,6346080.0,648869.0,NIFTY,2026-08-11,24400.0,CE,2
2026-08-11 09:05:00+00:00,71.4,71.85,64.85,68.35,8229910.0,672943.0,NIFTY,2026-08-11,24400.0,CE,2
2026-08-11 09:10:00+00:00,68.95,71.55,67.45,70.55,4192435.0,672482.0,NIFTY,2026-08-11,24400.0,CE,2
2026-08-11 09:15:00+00:00,72.0,80.25,71.55,79.1,7867015.0,630725.0,NIFTY,2026-08-11,24400.0,CE,2
2026-08-11 09:20:00+00:00,79.65,85.0,77.05,83.45,6784895.0,591492.0,NIFTY,2026-08-11,24400.0,CE,2
2026-08-11 09:25:00+00:00,83.5,92.85,81.85,90.0,8980920.0,542402.0,NIFTY,2026-08-11,24400.0,CE,2
2026-08-11 09:30:00+00:00,89.45,103.0,87.35,95.65,12654395.0,474751.0,NIFTY,2026-08-11,24400.0,CE,2
2026-08-11 09:35:00+00:00,96.65,96.8,75.35,78.05,9721140.0,448071.0,NIFTY,2026-08-11,24400.0,CE,2
2026-08-11 09:40:00+00:00,79.0,91.95,75.55,83.25,7283185.0,435285.0,NIFTY,2026-08-11,24400.0,CE,2
2026-08-11 09:45:00+00:00,83.1,89.15,54.05,60.55,12909650.0,419077.0,NIFTY,2026-08-11,24400.0,CE,2
2026-08-11 09:50:00+00:00,63.65,87.15,43.1,69.6,19592885.0,394576.0,NIFTY,2026-08-11,24400.0,CE,2
2026-08-11 09:55:00+00:00,69.75,72.3,59.35,71.6,7718295.0,360784.0,NIFTY,2026-08-11,24400.0,CE,2
2026-08-11 10:00:00+00:00,71.55,71.85,71.5,71.55,3310190.0,337662.0,NIFTY,2026-08-11,24400.0,CE,2
2026-08-11 10:05:00+00:00,71.6,71.7,71.55,71.55,1105130.0,319944.0,NIFTY,2026-08-11,24400.0,CE,2
2026-08-11 10:10:00+00:00,71.55,71.55,71.55,71.55,455.0,,NIFTY,2026-08-11,24400.0,CE,2
