timestamp,open,high,low,close,volume,oi,underlying,expiry,strike,option_type,itm_rank
2026-08-18 03:45:00+00:00,337.6,337.6,337.6,337.6,65.0,,NIFTY,2026-09-15,24250.0,PE,2
2026-08-18 03:55:00+00:00,213.55,213.55,209.7,209.7,130.0,0.0,NIFTY,2026-09-15,24250.0,PE,2
2026-08-18 04:00:00+00:00,236.65,236.65,236.65,236.65,650.0,1.0,NIFTY,2026-09-15,24250.0,PE,2
2026-08-18 04:10:00+00:00,216.0,216.0,216.0,216.0,65.0,7.0,NIFTY,2026-09-15,24250.0,PE,2
2026-08-18 04:20:00+00:00,222.15,222.15,222.15,222.15,195.0,,NIFTY,2026-09-15,24250.0,PE,2
2026-08-18 04:25:00+00:00,224.6,224.6,224.6,224.6,65.0,8.0,NIFTY,2026-09-15,24250.0,PE,2
2026-08-18 04:35:00+00:00,226.1,229.45,226.1,229.45,130.0,18.0,NIFTY,2026-09-15,24250.0,PE,2
2026-08-18 04:45:00+00:00,232.85,239.9,231.55,231.55,585.0,10.0,NIFTY,2026-09-15,24250.0,PE,2
2026-08-18 05:10:00+00:00,232.0,232.0,232.0,232.0,130.0,13.0,NIFTY,2026-09-15,24250.0,PE,2
2026-08-18 05:15:00+00:00,231.65,231.65,231.65,231.65,650.0,,NIFTY,2026-09-15,24250.0,PE,2
2026-08-18 05:25:00+00:00,239.15,239.15,239.15,239.15,65.0,12.0,NIFTY,2026-09-15,24250.0,PE,2
2026-08-18 05:30:00+00:00,237.15,237.15,237.15,237.15,520.0,13.0,NIFTY,2026-09-15,24250.0,PE,2
2026-08-18 06:00:00+00:00,241.1,241.1,241.1,241.1,65.0,18.0,NIFTY,2026-09-15,24250.0,PE,2
2026-08-18 08:10:00+00:00,237.55,237.55,237.55,237.55,65.0,17.0,NIFTY,2026-09-15,24250.0,PE,2
2026-08-18 08:55:00+00:00,236.85,236.85,234.05,234.05,130.0,37.0,NIFTY,2026-09-15,24250.0,PE,2
2026-08-18 09:00:00+00:00,228.3,228.3,228.3,228.3,65.0,19.0,NIFTY,2026-09-15,24250.0,PE,2
2026-08-18 09:40:00+00:00,228.3,228.3,228.3,228.3,65.0,20.0,NIFTY,2026-09-15,24250.0,PE,2
2026-08-19 04:15:00+00:00,268.95,268.95,268.95,268.95,65.0,,NIFTY,2026-09-15,24250.0,PE,2
2026-08-19 04:40:00+00:00,266.7,266.7,266.7,266.7,65.0,20.0,NIFTY,2026-09-15,24250.0,PE,2
2026-08-19 05:10:00+00:00,282.1,282.1,282.1,282.1,65.0,19.0,NIFTY,2026-09-15,24250.0,PE,2
2026-08-19 05:20:00+00:00,277.35,277.35,277.35,277.35,130.0,20.0,NIFTY,2026-09-15,24250.0,PE,2
2026-08-19 06:45:00+00:00,281.4,281.4,281.4,281.4,130.0,,NIFTY,2026-09-15,24250.0,PE,2
2026-08-19 07:00:00+00:00,281.5,281.7,281.5,281.7,130.0,21.0,NIFTY,2026-09-15,24250.0,PE,2
2026-08-19 07:20:00+00:00,280.45,280.45,280.45,280.45,65.0,,NIFTY,2026-09-15,24250.0,PE,2
2026-08-19 07:50:00+00:00,287.45,287.45,287.45,287.45,65.0,22.0,NIFTY,2026-09-15,24250.0,PE,2
2026-08-19 08:05:00+00:00,281.45,283.55,281.45,283.55,390.0,46.0,NIFTY,2026-09-15,24250.0,PE,2
2026-08-19 08:10:00+00:00,281.4,281.4,281.4,281.4,65.0,26.0,NIFTY,2026-09-15,24250.0,PE,2
2026-08-19 08:15:00+00:00,283.55,283.55,283.55,283.55,65.0,27.0,NIFTY,2026-09-15,24250.0,PE,2
2026-08-19 08:25:00+00:00,283.05,283.05,283.05,283.05,195.0,26.0,NIFTY,2026-09-15,24250.0,PE,2
2026-08-19 09:00:00+00:00,283.55,283.55,283.55,283.55,65.0,28.0,NIFTY,2026-09-15,24250.0,PE,2
2026-08-19 09:05:00+00:00,270.75,270.75,199.5,231.05,1105.0,66.0,NIFTY,2026-09-15,24250.0,PE,2
2026-08-19 09:10:00+00:00,275.55,278.9,275.55,278.9,130.0,35.0,NIFTY,2026-09-15,24250.0,PE,2
2026-08-19 09:25:00+00:00,276.5,276.5,276.5,276.5,65.0,35.0,NIFTY,2026-09-15,24250.0,PE,2
2026-08-19 09:45:00+00:00,274.75,274.75,274.75,274.75,325.0,,NIFTY,2026-09-15,24250.0,PE,2
2026-08-19 09:50:00+00:00,277.0,277.0,277.0,277.0,520.0,39.0,NIFTY,2026-09-15,24250.0,PE,2
2026-08-19 10:05:00+00:00,272.7,272.7,272.7,272.7,260.0,44.0,NIFTY,2026-09-15,24250.0,PE,2
2026-08-20 03:45:00+00:00,201.95,202.15,201.0,202.15,975.0,33.0,NIFTY,2026-09-15,24250.0,PE,2
2026-08-20 03:50:00+00:00,206.0,206.0,206.0,206.0,65.0,33.0,NIFTY,2026-09-15,24250.0,PE,2
2026-08-20 04:00:00+00:00,203.5,203.5,202.85,202.85,195.0,,NIFTY,2026-09-15,24250.0,PE,2
2026-08-20 04:05:00+00:00,200.95,200.95,200.95,200.95,130.0,,NIFTY,2026-09-15,24250.0,PE,2
2026-08-20 04:10:00+00:00,198.9,198.9,197.45,197.45,260.0,68.0,NIFTY,2026-09-15,24250.0,PE,2
2026-08-20 04:15:00+00:00,194.35,194.35,194.35,194.35,325.0,,NIFTY,2026-09-15,24250.0,PE,2
2026-08-20 04:20:00+00:00,198.1,198.1,198.1,198.1,325.0,34.0,NIFTY,2026-09-15,24250.0,PE,2
2026-08-20 04:25:00+00:00,194.35,196.3,194.35,196.3,325.0,36.0,NIFTY,2026-09-15,24250.0,PE,2
2026-08-20 04:30:00+00:00,195.05,195.05,195.05,195.05,65.0,35.0,NIFTY,2026-09-15,24250.0,PE,2
2026-08-20 04:35:00+00:00,195.0,195.5,195.0,195.5,520.0,37.0,NIFTY,2026-09-15,24250.0,PE,2
2026-08-20 04:50:00+00:00,191.45,191.45,191.45,191.45,260.0,40.0,NIFTY,2026-09-15,24250.0,PE,2
2026-08-20 04:55:00+00:00,189.55,189.55,189.55,189.55,65.0,42.0,NIFTY,2026-09-15,24250.0,PE,2
2026-08-20 05:05:00+00:00,197.95,197.95,197.95,197.95,65.0,,NIFTY,2026-09-15,24250.0,PE,2
2026-08-20 05:15:00+00:00,196.25,196.25,196.25,196.25,65.0,43.0,NIFTY,2026-09-15,24250.0,PE,2
2026-08-20 05:30:00+00:00,194.05,194.05,194.05,194.05,65.0,44.0,NIFTY,2026-09-15,24250.0,PE,2
2026-08-20 05:40:00+00:00,195.2,195.2,195.2,195.2,65.0,,NIFTY,2026-09-15,24250.0,PE,2
2026-08-20 05:45:00+00:00,195.2,195.2,195.2,195.2,65.0,44.0,NIFTY,2026-09-15,24250.0,PE,2
2026-08-20 05:50:00+00:00,198.0,198.0,198.0,198.0,195.0,45.0,NIFTY,2026-09-15,24250.0,PE,2
2026-08-20 06:00:00+00:00,186.35,186.35,186.35,186.35,65.0,43.0,NIFTY,2026-09-15,24250.0,PE,2
2026-08-20 06:05:00+00:00,186.2,191.0,186.2,191.0,325.0,,NIFTY,2026-09-15,24250.0,PE,2
2026-08-20 06:10:00+00:00,191.0,191.0,188.7,188.7,260.0,94.0,NIFTY,2026-09-15,24250.0,PE,2
2026-08-20 06:15:00+00:00,188.0,188.0,184.1,184.1,390.0,100.0,NIFTY,2026-09-15,24250.0,PE,2
2026-08-20 06:30:00+00:00,184.0,184.0,184.0,184.0,260.0,50.0,NIFTY,2026-09-15,24250.0,PE,2
2026-08-20 06:45:00+00:00,184.0,184.0,184.0,184.0,1040.0,50.0,NIFTY,2026-09-15,24250.0,PE,2
2026-08-20 06:50:00+00:00,185.85,185.85,185.85,185.85,325.0,60.0,NIFTY,2026-09-15,24250.0,PE,2
2026-08-20 07:05:00+00:00,185.85,185.85,183.8,183.8,130.0,57.0,NIFTY,2026-09-15,24250.0,PE,2
2026-08-20 07:15:00+00:00,170.75,170.75,168.9,168.9,455.0,58.0,NIFTY,2026-09-15,24250.0,PE,2
2026-08-20 07:20:00+00:00,169.85,174.15,165.0,174.15,4680.0,228.0,NIFTY,2026-09-15,24250.0,PE,2
2026-08-20 07:25:00+00:00,172.95,172.95,171.0,171.0,650.0,150.0,NIFTY,2026-09-15,24250.0,PE,2
2026-08-20 07:30:00+00:00,175.85,175.85,174.3,174.3,455.0,151.0,NIFTY,2026-09-15,24250.0,PE,2
2026-08-20 07:50:00+00:00,177.1,177.1,177.1,177.1,65.0,78.0,NIFTY,2026-09-15,24250.0,PE,2
2026-08-20 07:55:00+00:00,170.0,170.0,170.0,170.0,2080.0,78.0,NIFTY,2026-09-15,24250.0,PE,2
2026-08-20 08:20:00+00:00,176.55,176.55,176.55,176.55,325.0,57.0,NIFTY,2026-09-15,24250.0,PE,2
2026-08-20 08:25:00+00:00,176.75,177.0,176.75,177.0,130.0,61.0,NIFTY,2026-09-15,24250.0,PE,2
2026-08-20 08:30:00+00:00,176.25,176.25,176.25,176.25,65.0,60.0,NIFTY,2026-09-15,24250.0,PE,2
2026-08-20 08:35:00+00:00,176.25,176.25,176.25,176.25,0.0,,NIFTY,2026-09-15,24250.0,PE,2
2026-08-20 08:45:00+00:00,181.95,181.95,175.65,178.7,845.0,176.0,NIFTY,2026-09-15,24250.0,PE,2
2026-08-20 08:50:00+00:00,177.2,178.0,177.2,178.0,195.0,122.0,NIFTY,2026-09-15,24250.0,PE,2
2026-08-20 08:55:00+00:00,177.0,177.0,177.0,177.0,65.0,62.0,NIFTY,2026-09-15,24250.0,PE,2
2026-08-20 09:10:00+00:00,176.0,178.0,176.0,178.0,195.0,63.0,NIFTY,2026-09-15,24250.0,PE,2
2026-08-20 09:35:00+00:00,186.3,186.3,186.3,186.3,1950.0,64.0,NIFTY,2026-09-15,24250.0,PE,2
2026-08-20 09:40:00+00:00,183.35,183.35,177.45,179.85,455.0,160.0,NIFTY,2026-09-15,24250.0,PE,2
2026-08-20 09:45:00+00:00,181.95,182.75,181.95,182.75,195.0,78.0,NIFTY,2026-09-15,24250.0,PE,2
2026-08-20 09:50:00+00:00,185.5,185.5,184.7,184.7,260.0,,NIFTY,2026-09-15,24250.0,PE,2
2026-08-20 10:00:00+00:00,186.0,186.0,186.0,186.0,1365.0,65.0,NIFTY,2026-09-15,24250.0,PE,2
2026-08-20 10:05:00+00:00,187.5,187.5,187.5,187.5,260.0,,NIFTY,2026-09-15,24250.0,PE,2
2026-08-21 03:45:00+00:00,193.8,193.8,180.8,187.15,1625.0,287.0,NIFTY,2026-09-15,24250.0,PE,2
2026-08-21 03:50:00+00:00,191.05,191.05,188.25,188.25,130.0,,NIFTY,2026-09-15,24250.0,PE,2
2026-08-21 03:55:00+00:00,195.65,195.65,189.45,189.45,130.0,147.0,NIFTY,2026-09-15,24250.0,PE,2
2026-08-21 04:00:00+00:00,196.95,196.95,196.95,196.95,65.0,73.0,NIFTY,2026-09-15,24250.0,PE,2
2026-08-21 04:05:00+00:00,202.9,202.9,202.9,202.9,65.0,74.0,NIFTY,2026-09-15,24250.0,PE,2
2026-08-21 04:10:00+00:00,198.35,198.35,188.15,188.25,520.0,226.0,NIFTY,2026-09-15,24250.0,PE,2
2026-08-21 04:15:00+00:00,190.0,191.35,188.0,191.35,260.0,156.0,NIFTY,2026-09-15,24250.0,PE,2
2026-08-21 04:20:00+00:00,190.25,190.25,189.7,189.7,195.0,79.0,NIFTY,2026-09-15,24250.0,PE,2
2026-08-21 04:25:00+00:00,191.0,191.0,190.0,190.0,325.0,157.0,NIFTY,2026-09-15,24250.0,PE,2
2026-08-21 04:30:00+00:00,187.7,188.9,187.7,188.9,325.0,159.0,NIFTY,2026-09-15,24250.0,PE,2
2026-08-21 04:35:00+00:00,190.0,191.0,187.05,187.05,520.0,317.0,NIFTY,2026-09-15,24250.0,PE,2
2026-08-21 04:40:00+00:00,187.85,187.85,187.85,187.85,195.0,78.0,NIFTY,2026-09-15,24250.0,PE,2
2026-08-21 04:45:00+00:00,190.7,190.75,190.7,190.75,325.0,152.0,NIFTY,2026-09-15,24250.0,PE,2
2026-08-21 04:50:00+00:00,191.0,191.0,189.0,189.0,260.0,147.0,NIFTY,2026-09-15,24250.0,PE,2
2026-08-21 04:55:00+00:00,182.8,182.8,182.6,182.6,130.0,75.0,NIFTY,2026-09-15,24250.0,PE,2
2026-08-21 05:00:00+00:00,182.25,182.25,182.25,182.25,325.0,,NIFTY,2026-09-15,24250.0,PE,2
2026-08-21 05:05:00+00:00,185.0,185.0,185.0,185.0,130.0,71.0,NIFTY,2026-09-15,24250.0,PE,2
2026-08-21 05:10:00+00:00,183.95,183.95,181.2,181.2,390.0,141.0,NIFTY,2026-09-15,24250.0,PE,2
2026-08-21 05:15:00+00:00,182.25,182.25,181.0,181.0,130.0,71.0,NIFTY,2026-09-15,24250.0,PE,2
2026-08-21 05:25:00+00:00,182.15,182.15,181.0,181.0,195.0,144.0,NIFTY,2026-09-15,24250.0,PE,2
2026-08-21 05:30:00+00:00,177.0,177.0,177.0,177.0,325.0,73.0,NIFTY,2026-09-15,24250.0,PE,2
2026-08-21 05:35:00+00:00,178.2,179.6,178.2,179.6,195.0,70.0,NIFTY,2026-09-15,24250.0,PE,2
2026-08-21 05:40:00+00:00,180.3,180.3,180.3,180.3,65.0,70.0,NIFTY,2026-09-15,24250.0,PE,2
2026-08-21 05:55:00+00:00,180.0,180.0,180.0,180.0,65.0,71.0,NIFTY,2026-09-15,24250.0,PE,2
2026-08-21 06:00:00+00:00,175.4,175.4,175.4,175.4,65.0,72.0,NIFTY,2026-09-15,24250.0,PE,2
2026-08-21 06:25:00+00:00,184.95,184.95,184.95,184.95,65.0,,NIFTY,2026-09-15,24250.0,PE,2
2026-08-21 06:30:00+00:00,179.35,179.35,179.35,179.35,65.0,72.0,NIFTY,2026-09-15,24250.0,PE,2
2026-08-21 06:35:00+00:00,180.75,180.75,180.75,180.75,130.0,72.0,NIFTY,2026-09-15,24250.0,PE,2
2026-08-21 06:40:00+00:00,182.65,182.9,182.65,182.9,130.0,,NIFTY,2026-09-15,24250.0,PE,2
2026-08-21 06:45:00+00:00,186.55,186.55,184.0,184.0,520.0,147.0,NIFTY,2026-09-15,24250.0,PE,2
2026-08-21 07:05:00+00:00,184.15,184.15,184.15,184.15,65.0,,NIFTY,2026-09-15,24250.0,PE,2
2026-08-21 07:30:00+00:00,184.2,184.2,184.15,184.15,130.0,76.0,NIFTY,2026-09-15,24250.0,PE,2
2026-08-21 07:40:00+00:00,177.95,178.0,177.95,178.0,195.0,78.0,NIFTY,2026-09-15,24250.0,PE,2
2026-08-21 08:00:00+00:00,183.75,183.75,183.75,183.75,65.0,76.0,NIFTY,2026-09-15,24250.0,PE,2
2026-08-21 08:05:00+00:00,188.15,188.15,186.1,186.1,130.0,77.0,NIFTY,2026-09-15,24250.0,PE,2
2026-08-21 08:10:00+00:00,182.8,182.8,182.8,182.8,65.0,78.0,NIFTY,2026-09-15,24250.0,PE,2
2026-08-21 08:35:00+00:00,185.95,185.95,185.95,185.95,65.0,77.0,NIFTY,2026-09-15,24250.0,PE,2
2026-08-21 09:05:00+00:00,181.0,181.0,181.0,181.0,325.0,74.0,NIFTY,2026-09-15,24250.0,PE,2
2026-08-21 09:10:00+00:00,180.5,180.5,180.5,180.5,195.0,146.0,NIFTY,2026-09-15,24250.0,PE,2
2026-08-21 09:15:00+00:00,178.0,178.0,178.0,178.0,1170.0,72.0,NIFTY,2026-09-15,24250.0,PE,2
2026-08-21 09:20:00+00:00,178.55,180.35,178.5,180.35,195.0,121.0,NIFTY,2026-09-15,24250.0,PE,2
2026-08-21 09:30:00+00:00,179.55,179.55,179.55,179.55,65.0,61.0,NIFTY,2026-09-15,24250.0,PE,2
2026-08-21 09:35:00+00:00,181.25,181.25,176.6,176.6,130.0,125.0,NIFTY,2026-09-15,24250.0,PE,2
2026-08-21 09:40:00+00:00,179.3,180.0,178.1,179.95,455.0,62.0,NIFTY,2026-09-15,24250.0,PE,2
2026-08-21 09:45:00+00:00,177.4,177.4,177.4,177.4,130.0,61.0,NIFTY,2026-09-15,24250.0,PE,2
2026-08-21 10:00:00+00:00,177.45,178.3,177.45,178.3,130.0,60.0,NIFTY,2026-09-15,24250.0,PE,2
2026-08-21 10:05:00+00:00,182.1,182.2,180.85,180.85,455.0,122.0,NIFTY,2026-09-15,24250.0,PE,2
2026-08-24 03:50:00+00:00,156.45,156.45,147.8,147.8,195.0,384.0,NIFTY,2026-09-15,24250.0,PE,2
2026-08-24 03:55:00+00:00,152.45,153.45,147.0,153.45,650.0,380.0,NIFTY,2026-09-15,24250.0,PE,2
2026-08-24 04:00:00+00:00,157.15,160.4,157.15,160.4,325.0,129.0,NIFTY,2026-09-15,24250.0,PE,2
2026-08-24 04:05:00+00:00,159.05,159.05,152.45,156.25,195.0,133.0,NIFTY,2026-09-15,24250.0,PE,2
2026-08-24 04:10:00+00:00,152.55,158.0,152.55,158.0,195.0,133.0,NIFTY,2026-09-15,24250.0,PE,2
2026-08-24 04:15:00+00:00,157.0,158.6,157.0,158.6,195.0,66.0,NIFTY,2026-09-15,24250.0,PE,2
2026-08-24 04:20:00+00:00,155.95,155.95,155.95,155.95,65.0,67.0,NIFTY,2026-09-15,24250.0,PE,2
2026-08-24 04:25:00+00:00,155.95,160.35,155.95,160.35,455.0,206.0,NIFTY,2026-09-15,24250.0,PE,2
2026-08-24 04:30:00+00:00,158.0,160.2,158.0,160.2,130.0,,NIFTY,2026-09-15,24250.0,PE,2
2026-08-24 04:35:00+00:00,158.9,158.9,154.7,154.7,260.0,141.0,NIFTY,2026-09-15,24250.0,PE,2
2026-08-24 04:40:00+00:00,159.85,159.85,157.35,157.35,195.0,72.0,NIFTY,2026-09-15,24250.0,PE,2
2026-08-24 04:55:00+00:00,157.35,157.35,153.45,154.7,260.0,144.0,NIFTY,2026-09-15,24250.0,PE,2
2026-08-24 05:00:00+00:00,154.7,154.7,154.7,154.7,65.0,71.0,NIFTY,2026-09-15,24250.0,PE,2
2026-08-24 05:05:00+00:00,154.0,154.0,154.0,154.0,65.0,,NIFTY,2026-09-15,24250.0,PE,2
2026-08-24 05:10:00+00:00,157.85,158.35,157.85,158.35,195.0,72.0,NIFTY,2026-09-15,24250.0,PE,2
2026-08-24 05:25:00+00:00,165.0,165.0,165.0,165.0,130.0,,NIFTY,2026-09-15,24250.0,PE,2
2026-08-24 05:30:00+00:00,167.05,175.5,167.05,175.5,260.0,141.0,NIFTY,2026-09-15,24250.0,PE,2
2026-08-24 05:35:00+00:00,184.45,194.65,184.45,185.7,325.0,211.0,NIFTY,2026-09-15,24250.0,PE,2
2026-08-24 05:40:00+00:00,191.45,195.1,186.2,195.1,650.0,204.0,NIFTY,2026-09-15,24250.0,PE,2
2026-08-24 05:45:00+00:00,188.4,192.0,188.4,192.0,260.0,128.0,NIFTY,2026-09-15,24250.0,PE,2
2026-08-24 05:50:00+00:00,192.0,199.7,192.0,197.7,520.0,61.0,NIFTY,2026-09-15,24250.0,PE,2
2026-08-24 05:55:00+00:00,200.5,200.5,199.95,199.95,260.0,60.0,NIFTY,2026-09-15,24250.0,PE,2
2026-08-24 06:00:00+00:00,199.0,214.55,199.0,210.8,1560.0,189.0,NIFTY,2026-09-15,24250.0,PE,2
2026-08-24 06:05:00+00:00,210.8,214.3,210.8,214.3,390.0,63.0,NIFTY,2026-09-15,24250.0,PE,2
2026-08-24 06:10:00+00:00,205.35,211.65,205.35,211.65,260.0,131.0,NIFTY,2026-09-15,24250.0,PE,2
2026-08-24 06:15:00+00:00,202.75,209.1,202.75,209.1,130.0,66.0,NIFTY,2026-09-15,24250.0,PE,2
2026-08-24 06:20:00+00:00,203.9,208.55,203.9,208.55,845.0,146.0,NIFTY,2026-09-15,24250.0,PE,2
2026-08-24 06:35:00+00:00,206.0,206.65,205.25,205.35,1690.0,169.0,NIFTY,2026-09-15,24250.0,PE,2
2026-08-24 06:40:00+00:00,205.15,207.55,204.1,206.95,1430.0,369.0,NIFTY,2026-09-15,24250.0,PE,2
2026-08-24 06:45:00+00:00,207.6,210.15,207.55,209.65,1690.0,529.0,NIFTY,2026-09-15,24250.0,PE,2
2026-08-24 06:50:00+00:00,210.0,210.5,208.35,209.6,1235.0,607.0,NIFTY,2026-09-15,24250.0,PE,2
2026-08-24 07:10:00+00:00,214.85,214.85,214.85,214.85,715.0,127.0,NIFTY,2026-09-15,24250.0,PE,2
2026-08-24 07:15:00+00:00,212.45,212.45,212.45,212.45,130.0,120.0,NIFTY,2026-09-15,24250.0,PE,2
2026-08-24 07:30:00+00:00,220.0,220.0,216.35,216.35,195.0,243.0,NIFTY,2026-09-15,24250.0,PE,2
2026-08-24 07:35:00+00:00,224.95,225.0,223.7,223.7,195.0,120.0,NIFTY,2026-09-15,24250.0,PE,2
2026-08-24 07:45:00+00:00,224.05,224.05,224.05,224.05,455.0,119.0,NIFTY,2026-09-15,24250.0,PE,2
2026-08-24 07:55:00+00:00,212.45,218.9,212.45,218.9,1040.0,120.0,NIFTY,2026-09-15,24250.0,PE,2
2026-08-24 08:10:00+00:00,215.0,215.0,215.0,215.0,65.0,,NIFTY,2026-09-15,24250.0,PE,2
2026-08-24 08:15:00+00:00,216.0,216.0,216.0,216.0,65.0,,NIFTY,2026-09-15,24250.0,PE,2
2026-08-24 08:20:00+00:00,219.5,219.5,219.5,219.5,65.0,,NIFTY,2026-09-15,24250.0,PE,2
2026-08-24 08:25:00+00:00,216.4,216.4,216.4,216.4,65.0,120.0,NIFTY,2026-09-15,24250.0,PE,2
2026-08-24 08:30:00+00:00,217.0,217.0,217.0,217.0,65.0,,NIFTY,2026-09-15,24250.0,PE,2
2026-08-24 08:40:00+00:00,217.8,217.8,217.8,217.8,65.0,120.0,NIFTY,2026-09-15,24250.0,PE,2
2026-08-24 08:45:00+00:00,224.15,224.15,218.5,218.55,195.0,241.0,NIFTY,2026-09-15,24250.0,PE,2
2026-08-24 09:00:00+00:00,204.55,204.55,204.55,204.55,65.0,,NIFTY,2026-09-15,24250.0,PE,2
2026-08-24 09:05:00+00:00,204.55,204.55,204.55,204.55,65.0,,NIFTY,2026-09-15,24250.0,PE,2
2026-08-24 09:10:00+00:00,206.35,206.35,206.35,206.35,65.0,121.0,NIFTY,2026-09-15,24250.0,PE,2
2026-08-24 09:15:00+00:00,207.65,208.35,207.65,207.95,390.0,243.0,NIFTY,2026-09-15,24250.0,PE,2
2026-08-24 09:30:00+00:00,205.45,205.8,204.95,205.8,520.0,233.0,NIFTY,2026-09-15,24250.0,PE,2
2026-08-24 09:35:00+00:00,207.8,209.1,207.65,208.75,585.0,,NIFTY,2026-09-15,24250.0,PE,2
2026-08-24 09:40:00+00:00,205.15,206.0,204.65,205.95,780.0,111.0,NIFTY,2026-09-15,24250.0,PE,2
2026-08-24 09:45:00+00:00,206.55,206.55,205.6,205.6,130.0,110.0,NIFTY,2026-09-15,24250.0,PE,2
2026-08-24 09:50:00+00:00,203.6,203.6,203.6,203.6,,,NIFTY,2026-09-15,24250.0,PE,2
2026-08-24 09:55:00+00:00,203.6,203.65,203.1,203.15,1170.0,334.0,NIFTY,2026-09-15,24250.0,PE,2
2026-08-24 10:00:00+00:00,200.0,203.0,200.0,203.0,195.0,111.0,NIFTY,2026-09-15,24250.0,PE,2
2026-08-24 10:05:00+00:00,205.65,210.45,204.4,210.45,1235.0,108.0,NIFTY,2026-09-15,24250.0,PE,2
2026-08-25 03:45:00+00:00,205.0,205.0,205.0,205.0,130.0,,NIFTY,2026-09-15,24250.0,PE,2
2026-08-25 03:50:00+00:00,204.25,204.25,204.25,204.25,65.0,,NIFTY,2026-09-15,24250.0,PE,2
2026-08-25 03:55:00+00:00,199.15,200.55,193.95,200.55,975.0,109.0,NIFTY,2026-09-15,24250.0,PE,2
2026-08-25 04:05:00+00:00,199.0,199.0,199.0,199.0,65.0,115.0,NIFTY,2026-09-15,24250.0,PE,2
2026-08-25 04:10:00+00:00,203.2,204.1,203.2,204.1,715.0,228.0,NIFTY,2026-09-15,24250.0,PE,2
2026-08-25 04:15:00+00:00,203.8,203.8,203.8,203.8,65.0,113.0,NIFTY,2026-09-15,24250.0,PE,2
2026-08-25 04:20:00+00:00,201.25,205.0,201.25,205.0,195.0,113.0,NIFTY,2026-09-15,24250.0,PE,2
2026-08-25 04:25:00+00:00,211.0,211.75,207.8,211.75,910.0,454.0,NIFTY,2026-09-15,24250.0,PE,2
2026-08-25 04:30:00+00:00,215.55,215.55,212.25,212.25,260.0,349.0,NIFTY,2026-09-15,24250.0,PE,2
2026-08-25 04:35:00+00:00,214.0,214.0,214.0,214.0,65.0,,NIFTY,2026-09-15,24250.0,PE,2
2026-08-25 04:40:00+00:00,209.5,213.85,209.5,213.85,715.0,465.0,NIFTY,2026-09-15,24250.0,PE,2
2026-08-25 04:55:00+00:00,216.6,216.6,216.6,216.6,780.0,444.0,NIFTY,2026-09-15,24250.0,PE,2
2026-08-25 05:00:00+00:00,216.6,216.6,216.6,216.6,65.0,434.0,NIFTY,2026-09-15,24250.0,PE,2
2026-08-25 05:15:00+00:00,212.35,212.35,209.1,211.8,585.0,436.0,NIFTY,2026-09-15,24250.0,PE,2
2026-08-25 05:20:00+00:00,206.8,206.8,206.8,206.8,65.0,107.0,NIFTY,2026-09-15,24250.0,PE,2
2026-08-25 05:25:00+00:00,209.15,209.15,208.05,208.05,715.0,111.0,NIFTY,2026-09-15,24250.0,PE,2
2026-08-25 05:30:00+00:00,210.05,214.05,210.05,214.05,390.0,215.0,NIFTY,2026-09-15,24250.0,PE,2
2026-08-25 05:35:00+00:00,212.7,212.7,212.7,212.7,65.0,110.0,NIFTY,2026-09-15,24250.0,PE,2
2026-08-25 05:50:00+00:00,202.05,202.05,202.0,202.0,130.0,111.0,NIFTY,2026-09-15,24250.0,PE,2
2026-08-25 06:05:00+00:00,201.65,201.65,201.65,201.65,65.0,,NIFTY,2026-09-15,24250.0,PE,2
2026-08-25 06:20:00+00:00,192.2,192.2,192.2,192.2,65.0,,NIFTY,2026-09-15,24250.0,PE,2
2026-08-25 06:25:00+00:00,190.65,190.65,178.7,178.7,1495.0,328.0,NIFTY,2026-09-15,24250.0,PE,2
2026-08-25 06:30:00+00:00,186.05,186.05,184.35,184.35,195.0,107.0,NIFTY,2026-09-15,24250.0,PE,2
2026-08-25 06:35:00+00:00,185.35,185.35,185.25,185.25,130.0,106.0,NIFTY,2026-09-15,24250.0,PE,2
2026-08-25 06:40:00+00:00,187.05,187.05,187.05,187.05,65.0,,NIFTY,2026-09-15,24250.0,PE,2
2026-08-25 07:05:00+00:00,189.55,189.55,189.55,189.55,65.0,211.0,NIFTY,2026-09-15,24250.0,PE,2
2026-08-25 07:10:00+00:00,190.4,193.15,190.4,193.15,195.0,425.0,NIFTY,2026-09-15,24250.0,PE,2
2026-08-25 07:35:00+00:00,204.55,204.55,204.25,204.25,195.0,105.0,NIFTY,2026-09-15,24250.0,PE,2
2026-08-25 07:40:00+00:00,209.05,209.05,209.05,209.05,65.0,106.0,NIFTY,2026-09-15,24250.0,PE,2
2026-08-25 07:50:00+00:00,210.8,210.8,210.8,210.8,130.0,,NIFTY,2026-09-15,24250.0,PE,2
2026-08-25 08:00:00+00:00,207.0,207.0,207.0,207.0,65.0,107.0,NIFTY,2026-09-15,24250.0,PE,2
2026-08-25 08:15:00+00:00,205.0,205.0,205.0,205.0,325.0,107.0,NIFTY,2026-09-15,24250.0,PE,2
2026-08-25 08:20:00+00:00,192.95,192.95,189.7,190.5,4485.0,242.0,NIFTY,2026-09-15,24250.0,PE,2
2026-08-25 08:25:00+00:00,184.9,196.65,184.8,196.65,3705.0,254.0,NIFTY,2026-09-15,24250.0,PE,2
2026-08-25 08:30:00+00:00,200.45,200.45,196.8,197.8,195.0,124.0,NIFTY,2026-09-15,24250.0,PE,2
2026-08-25 08:50:00+00:00,186.75,186.75,184.45,185.0,195.0,124.0,NIFTY,2026-09-15,24250.0,PE,2
2026-08-25 09:00:00+00:00,176.0,176.0,159.6,163.85,650.0,252.0,NIFTY,2026-09-15,24250.0,PE,2
2026-08-25 09:05:00+00:00,159.85,161.05,159.85,161.05,195.0,126.0,NIFTY,2026-09-15,24250.0,PE,2
2026-08-25 09:10:00+00:00,161.0,161.0,155.0,155.0,1885.0,255.0,NIFTY,2026-09-15,24250.0,PE,2
2026-08-25 09:15:00+00:00,153.25,154.5,150.15,150.15,1560.0,265.0,NIFTY,2026-09-15,24250.0,PE,2
2026-08-25 09:20:00+00:00,147.25,147.4,140.0,140.0,2340.0,541.0,NIFTY,2026-09-15,24250.0,PE,2
2026-08-25 09:25:00+00:00,142.55,144.75,141.25,141.75,1820.0,590.0,NIFTY,2026-09-15,24250.0,PE,2
2026-08-25 09:30:00+00:00,141.55,151.15,140.5,142.4,3315.0,657.0,NIFTY,2026-09-15,24250.0,PE,2
2026-08-25 09:35:00+00:00,143.0,143.15,142.95,143.0,650.0,172.0,NIFTY,2026-09-15,24250.0,PE,2
2026-08-25 09:40:00+00:00,138.5,141.4,138.5,139.55,975.0,170.0,NIFTY,2026-09-15,24250.0,PE,2
2026-08-25 09:45:00+00:00,139.8,141.3,134.65,136.15,4225.0,881.0,NIFTY,2026-09-15,24250.0,PE,2
2026-08-25 09:50:00+00:00,135.2,135.2,132.0,135.1,1040.0,534.0,NIFTY,2026-09-15,24250.0,PE,2
2026-08-25 09:55:00+00:00,134.05,134.05,131.8,131.8,1690.0,178.0,NIFTY,2026-09-15,24250.0,PE,2
2026-08-25 10:00:00+00:00,125.8,127.0,122.6,122.6,2340.0,390.0,NIFTY,2026-09-15,24250.0,PE,2
2026-08-25 10:05:00+00:00,122.45,125.45,119.05,119.05,2405.0,809.0,NIFTY,2026-09-15,24250.0,PE,2
2026-08-26 03:45:00+00:00,104.85,116.8,104.85,114.9,2405.0,656.0,NIFTY,2026-09-15,24250.0,PE,2
2026-08-26 03:50:00+00:00,113.5,113.5,102.9,102.9,3250.0,431.0,NIFTY,2026-09-15,24250.0,PE,2
2026-08-26 03:55:00+00:00,101.6,104.7,101.0,104.7,1755.0,612.0,NIFTY,2026-09-15,24250.0,PE,2
2026-08-26 04:00:00+00:00,105.45,105.45,104.2,104.2,845.0,205.0,NIFTY,2026-09-15,24250.0,PE,2
2026-08-26 04:05:00+00:00,105.0,105.0,101.4,101.85,1105.0,618.0,NIFTY,2026-09-15,24250.0,PE,2
2026-08-26 04:10:00+00:00,101.0,101.0,96.5,97.25,2145.0,420.0,NIFTY,2026-09-15,24250.0,PE,2
2026-08-26 04:15:00+00:00,95.95,96.85,94.35,96.8,1950.0,629.0,NIFTY,2026-09-15,24250.0,PE,2
2026-08-26 04:20:00+00:00,97.0,98.65,96.35,98.65,1040.0,611.0,NIFTY,2026-09-15,24250.0,PE,2
2026-08-26 04:25:00+00:00,97.7,97.7,97.7,97.7,65.0,202.0,NIFTY,2026-09-15,24250.0,PE,2
2026-08-26 04:35:00+00:00,104.5,109.0,104.5,109.0,390.0,,NIFTY,2026-09-15,24250.0,PE,2
2026-08-26 04:40:00+00:00,110.5,110.5,108.0,108.0,780.0,603.0,NIFTY,2026-09-15,24250.0,PE,2
2026-08-26 04:45:00+00:00,108.15,117.5,108.15,117.5,1885.0,618.0,NIFTY,2026-09-15,24250.0,PE,2
2026-08-26 04:50:00+00:00,120.0,124.7,120.0,124.7,1235.0,208.0,NIFTY,2026-09-15,24250.0,PE,2
2026-08-26 04:55:00+00:00,125.45,128.15,125.0,125.0,1300.0,819.0,NIFTY,2026-09-15,24250.0,PE,2
2026-08-26 05:00:00+00:00,121.1,121.1,117.75,117.75,260.0,,NIFTY,2026-09-15,24250.0,PE,2
2026-08-26 05:05:00+00:00,117.0,117.0,116.95,117.0,845.0,202.0,NIFTY,2026-09-15,24250.0,PE,2
2026-08-26 05:10:00+00:00,114.0,117.0,114.0,117.0,585.0,199.0,NIFTY,2026-09-15,24250.0,PE,2
2026-08-26 05:15:00+00:00,119.25,119.25,119.25,119.25,65.0,,NIFTY,2026-09-15,24250.0,PE,2
2026-08-26 05:20:00+00:00,120.0,120.8,120.0,120.8,260.0,200.0,NIFTY,2026-09-15,24250.0,PE,2
2026-08-26 05:25:00+00:00,118.05,118.05,118.05,118.05,325.0,201.0,NIFTY,2026-09-15,24250.0,PE,2
2026-08-26 05:30:00+00:00,118.2,118.2,116.3,116.3,715.0,198.0,NIFTY,2026-09-15,24250.0,PE,2
2026-08-26 05:35:00+00:00,118.35,118.35,118.35,118.35,65.0,203.0,NIFTY,2026-09-15,24250.0,PE,2
2026-08-26 05:40:00+00:00,116.0,116.0,114.5,114.5,715.0,410.0,NIFTY,2026-09-15,24250.0,PE,2
2026-08-26 05:45:00+00:00,115.85,120.0,115.85,120.0,260.0,208.0,NIFTY,2026-09-15,24250.0,PE,2
2026-08-26 05:50:00+00:00,124.35,124.35,124.35,124.35,65.0,207.0,NIFTY,2026-09-15,24250.0,PE,2
2026-08-26 05:55:00+00:00,121.35,121.35,121.35,121.35,1040.0,,NIFTY,2026-09-15,24250.0,PE,2
2026-08-26 06:00:00+00:00,129.0,130.0,129.0,130.0,195.0,210.0,NIFTY,2026-09-15,24250.0,PE,2
2026-08-26 06:05:00+00:00,121.0,121.0,121.0,121.0,65.0,211.0,NIFTY,2026-09-15,24250.0,PE,2
2026-08-26 06:20:00+00:00,124.0,132.1,124.0,132.05,455.0,,NIFTY,2026-09-15,24250.0,PE,2
2026-08-26 06:25:00+00:00,129.85,129.85,127.0,129.35,1235.0,634.0,NIFTY,2026-09-15,24250.0,PE,2
2026-08-26 06:30:00+00:00,132.05,139.8,132.05,136.7,520.0,211.0,NIFTY,2026-09-15,24250.0,PE,2
2026-08-26 06:35:00+00:00,133.0,133.65,133.0,133.65,130.0,,NIFTY,2026-09-15,24250.0,PE,2
2026-08-26 06:40:00+00:00,138.35,142.55,135.65,135.65,1170.0,826.0,NIFTY,2026-09-15,24250.0,PE,2
2026-08-26 06:45:00+00:00,135.85,135.85,131.95,131.95,260.0,205.0,NIFTY,2026-09-15,24250.0,PE,2
2026-08-26 06:50:00+00:00,135.0,135.0,135.0,135.0,130.0,,NIFTY,2026-09-15,24250.0,PE,2
2026-08-26 07:00:00+00:00,139.1,139.55,134.75,134.75,1625.0,410.0,NIFTY,2026-09-15,24250.0,PE,2
2026-08-26 07:05:00+00:00,134.85,134.85,134.85,134.85,65.0,202.0,NIFTY,2026-09-15,24250.0,PE,2
2026-08-26 07:15:00+00:00,134.1,137.3,134.1,137.3,130.0,,NIFTY,2026-09-15,24250.0,PE,2
2026-08-26 07:20:00+00:00,139.4,140.4,138.2,138.2,455.0,,NIFTY,2026-09-15,24250.0,PE,2
2026-08-26 07:25:00+00:00,135.65,137.95,135.65,137.95,195.0,201.0,NIFTY,2026-09-15,24250.0,PE,2
2026-08-26 07:30:00+00:00,138.95,140.75,138.4,138.4,1105.0,598.0,NIFTY,2026-09-15,24250.0,PE,2
2026-08-26 07:35:00+00:00,137.55,138.85,135.65,138.85,325.0,388.0,NIFTY,2026-09-15,24250.0,PE,2
2026-08-26 07:40:00+00:00,139.6,140.8,139.1,139.45,1170.0,375.0,NIFTY,2026-09-15,24250.0,PE,2
2026-08-26 07:45:00+00:00,143.1,147.9,140.75,140.75,1885.0,739.0,NIFTY,2026-09-15,24250.0,PE,2
2026-08-26 07:50:00+00:00,143.1,143.1,143.1,143.1,65.0,183.0,NIFTY,2026-09-15,24250.0,PE,2
2026-08-26 07:55:00+00:00,144.6,146.8,142.7,142.7,1430.0,740.0,NIFTY,2026-09-15,24250.0,PE,2
2026-08-26 08:00:00+00:00,144.5,144.5,141.6,141.6,520.0,754.0,NIFTY,2026-09-15,24250.0,PE,2
2026-08-26 08:05:00+00:00,141.85,143.75,141.85,143.75,195.0,190.0,NIFTY,2026-09-15,24250.0,PE,2
2026-08-26 08:10:00+00:00,139.0,144.05,139.0,143.6,910.0,382.0,NIFTY,2026-09-15,24250.0,PE,2
2026-08-26 08:15:00+00:00,145.85,147.25,144.3,145.85,585.0,386.0,NIFTY,2026-09-15,24250.0,PE,2
2026-08-26 08:20:00+00:00,145.05,146.25,143.15,144.55,1300.0,566.0,NIFTY,2026-09-15,24250.0,PE,2
2026-08-26 08:25:00+00:00,143.9,145.85,143.9,143.95,1300.0,929.0,NIFTY,2026-09-15,24250.0,PE,2
2026-08-26 08:30:00+00:00,145.5,145.5,141.9,143.15,780.0,553.0,NIFTY,2026-09-15,24250.0,PE,2
2026-08-26 08:35:00+00:00,142.15,142.55,138.9,138.9,1495.0,546.0,NIFTY,2026-09-15,24250.0,PE,2
2026-08-26 08:40:00+00:00,139.9,139.9,134.2,134.2,1430.0,543.0,NIFTY,2026-09-15,24250.0,PE,2
2026-08-26 08:45:00+00:00,134.2,134.2,131.55,132.3,1560.0,545.0,NIFTY,2026-09-15,24250.0,PE,2
2026-08-26 08:50:00+00:00,132.7,135.9,132.7,135.9,325.0,180.0,NIFTY,2026-09-15,24250.0,PE,2
2026-08-26 08:55:00+00:00,135.0,137.15,134.9,134.9,520.0,540.0,NIFTY,2026-09-15,24250.0,PE,2
2026-08-26 09:00:00+00:00,130.2,132.55,129.0,132.55,585.0,363.0,NIFTY,2026-09-15,24250.0,PE,2
2026-08-26 09:05:00+00:00,130.9,130.9,130.25,130.55,975.0,357.0,NIFTY,2026-09-15,24250.0,PE,2
2026-08-26 09:10:00+00:00,132.0,132.05,130.75,130.75,585.0,,NIFTY,2026-09-15,24250.0,PE,2
2026-08-26 09:15:00+00:00,127.0,127.0,124.2,125.4,1495.0,513.0,NIFTY,2026-09-15,24250.0,PE,2
2026-08-26 09:20:00+00:00,125.0,125.0,122.0,122.35,585.0,165.0,NIFTY,2026-09-15,24250.0,PE,2
2026-08-26 09:25:00+00:00,123.2,123.2,123.2,123.2,65.0,161.0,NIFTY,2026-09-15,24250.0,PE,2
2026-08-26 09:30:00+00:00,129.15,129.9,126.15,126.15,520.0,162.0,NIFTY,2026-09-15,24250.0,PE,2
2026-08-26 09:35:00+00:00,124.9,126.35,124.65,125.95,1365.0,495.0,NIFTY,2026-09-15,24250.0,PE,2
2026-08-26 09:45:00+00:00,125.8,125.8,123.4,123.4,585.0,341.0,NIFTY,2026-09-15,24250.0,PE,2
2026-08-26 09:50:00+00:00,123.95,132.15,123.7,130.7,3445.0,906.0,NIFTY,2026-09-15,24250.0,PE,2
2026-08-26 09:55:00+00:00,130.4,135.25,130.4,133.5,1950.0,564.0,NIFTY,2026-09-15,24250.0,PE,2
2026-08-26 10:00:00+00:00,135.15,145.95,135.15,143.0,2210.0,755.0,NIFTY,2026-09-15,24250.0,PE,2
2026-08-26 10:05:00+00:00,141.55,142.05,138.95,140.95,1105.0,372.0,NIFTY,2026-09-15,24250.0,PE,2
2026-08-27 03:45:00+00:00,145.0,155.5,136.1,149.3,6565.0,787.0,NIFTY,2026-09-15,24250.0,PE,2
2026-08-27 03:50:00+00:00,151.3,155.15,145.05,154.6,4355.0,833.0,NIFTY,2026-09-15,24250.0,PE,2
2026-08-27 03:55:00+00:00,153.75,164.85,152.0,163.55,5200.0,1027.0,NIFTY,2026-09-15,24250.0,PE,2
2026-08-27 04:00:00+00:00,162.1,169.8,161.85,163.0,4290.0,604.0,NIFTY,2026-09-15,24250.0,PE,2
2026-08-27 04:05:00+00:00,159.4,168.35,159.4,168.35,8320.0,835.0,NIFTY,2026-09-15,24250.0,PE,2
2026-08-27 04:10:00+00:00,168.95,169.3,162.45,162.45,2080.0,1355.0,NIFTY,2026-09-15,24250.0,PE,2
2026-08-27 04:15:00+00:00,162.15,162.15,157.5,159.55,780.0,1045.0,NIFTY,2026-09-15,24250.0,PE,2
2026-08-27 04:20:00+00:00,160.0,164.8,160.0,164.8,455.0,516.0,NIFTY,2026-09-15,24250.0,PE,2
2026-08-27 04:25:00+00:00,166.0,169.45,165.7,169.45,2210.0,1008.0,NIFTY,2026-09-15,24250.0,PE,2
2026-08-27 04:30:00+00:00,171.4,176.45,171.4,174.8,8970.0,358.0,NIFTY,2026-09-15,24250.0,PE,2
2026-08-27 04:35:00+00:00,176.15,178.5,174.0,176.15,1625.0,583.0,NIFTY,2026-09-15,24250.0,PE,2
2026-08-27 04:45:00+00:00,179.95,180.0,175.2,175.85,780.0,577.0,NIFTY,2026-09-15,24250.0,PE,2
2026-08-27 04:50:00+00:00,175.5,179.95,174.35,179.95,715.0,189.0,NIFTY,2026-09-15,24250.0,PE,2
2026-08-27 04:55:00+00:00,180.0,181.0,176.3,177.55,1690.0,540.0,NIFTY,2026-09-15,24250.0,PE,2
2026-08-27 05:00:00+00:00,176.85,176.85,174.35,174.35,130.0,347.0,NIFTY,2026-09-15,24250.0,PE,2
2026-08-27 05:05:00+00:00,176.6,176.6,176.6,176.6,195.0,,NIFTY,2026-09-15,24250.0,PE,2
2026-08-27 05:10:00+00:00,180.5,184.75,180.45,184.75,1950.0,675.0,NIFTY,2026-09-15,24250.0,PE,2
2026-08-27 05:15:00+00:00,183.4,183.8,183.4,183.8,130.0,163.0,NIFTY,2026-09-15,24250.0,PE,2
2026-08-27 05:20:00+00:00,188.4,192.35,188.4,191.05,1430.0,325.0,NIFTY,2026-09-15,24250.0,PE,2
2026-08-27 05:25:00+00:00,189.3,193.0,189.3,192.55,780.0,478.0,NIFTY,2026-09-15,24250.0,PE,2
2026-08-27 05:30:00+00:00,190.65,194.55,185.45,185.45,1625.0,645.0,NIFTY,2026-09-15,24250.0,PE,2
2026-08-27 05:35:00+00:00,185.8,185.8,182.85,182.85,715.0,332.0,NIFTY,2026-09-15,24250.0,PE,2
2026-08-27 05:40:00+00:00,184.1,186.3,184.1,186.3,390.0,165.0,NIFTY,2026-09-15,24250.0,PE,2
2026-08-27 05:45:00+00:00,191.25,196.5,190.55,196.5,520.0,651.0,NIFTY,2026-09-15,24250.0,PE,2
2026-08-27 05:50:00+00:00,200.0,206.0,197.8,205.9,1300.0,322.0,NIFTY,2026-09-15,24250.0,PE,2
2026-08-27 05:55:00+00:00,206.8,208.65,202.9,208.65,1495.0,319.0,NIFTY,2026-09-15,24250.0,PE,2
2026-08-27 06:00:00+00:00,198.55,200.65,196.55,196.8,1235.0,315.0,NIFTY,2026-09-15,24250.0,PE,2
2026-08-27 06:05:00+00:00,194.85,194.85,192.6,194.85,390.0,468.0,NIFTY,2026-09-15,24250.0,PE,2
2026-08-27 06:10:00+00:00,193.35,196.95,193.2,196.95,455.0,310.0,NIFTY,2026-09-15,24250.0,PE,2
2026-08-27 06:15:00+00:00,196.5,196.5,195.0,195.3,780.0,156.0,NIFTY,2026-09-15,24250.0,PE,2
2026-08-27 06:20:00+00:00,199.0,199.0,192.8,192.8,455.0,466.0,NIFTY,2026-09-15,24250.0,PE,2
2026-08-27 06:25:00+00:00,194.0,194.0,192.0,192.0,390.0,313.0,NIFTY,2026-09-15,24250.0,PE,2
2026-08-27 06:30:00+00:00,195.0,195.0,195.0,195.0,130.0,,NIFTY,2026-09-15,24250.0,PE,2
2026-08-27 06:35:00+00:00,194.3,197.2,194.3,194.9,1170.0,475.0,NIFTY,2026-09-15,24250.0,PE,2
2026-08-27 06:45:00+00:00,186.6,186.6,186.15,186.15,325.0,326.0,NIFTY,2026-09-15,24250.0,PE,2
2026-08-27 06:50:00+00:00,195.35,195.35,195.35,195.35,65.0,161.0,NIFTY,2026-09-15,24250.0,PE,2
2026-08-27 06:55:00+00:00,187.0,187.0,187.0,187.0,130.0,,NIFTY,2026-09-15,24250.0,PE,2
2026-08-27 07:00:00+00:00,190.0,190.0,190.0,190.0,130.0,,NIFTY,2026-09-15,24250.0,PE,2
2026-08-27 07:05:00+00:00,185.05,185.05,179.9,179.9,390.0,159.0,NIFTY,2026-09-15,24250.0,PE,2
2026-08-27 07:10:00+00:00,173.75,175.6,173.15,175.6,390.0,159.0,NIFTY,2026-09-15,24250.0,PE,2
2026-08-27 07:15:00+00:00,174.3,174.3,173.95,173.95,130.0,158.0,NIFTY,2026-09-15,24250.0,PE,2
2026-08-27 07:20:00+00:00,173.0,173.0,165.0,165.9,910.0,475.0,NIFTY,2026-09-15,24250.0,PE,2
2026-08-27 07:25:00+00:00,165.0,165.0,165.0,165.0,65.0,156.0,NIFTY,2026-09-15,24250.0,PE,2
2026-08-27 07:35:00+00:00,170.05,170.05,170.05,170.05,65.0,155.0,NIFTY,2026-09-15,24250.0,PE,2
2026-08-27 07:40:00+00:00,168.6,168.6,162.1,162.1,455.0,154.0,NIFTY,2026-09-15,24250.0,PE,2
2026-08-27 07:45:00+00:00,165.9,167.0,165.9,167.0,390.0,310.0,NIFTY,2026-09-15,24250.0,PE,2
2026-08-27 07:50:00+00:00,167.9,167.9,163.0,163.0,780.0,156.0,NIFTY,2026-09-15,24250.0,PE,2
2026-08-27 07:55:00+00:00,166.15,166.15,166.15,166.15,260.0,157.0,NIFTY,2026-09-15,24250.0,PE,2
2026-08-27 08:00:00+00:00,169.0,171.35,169.0,171.35,715.0,312.0,NIFTY,2026-09-15,24250.0,PE,2
2026-08-27 08:10:00+00:00,169.4,169.4,169.4,169.4,195.0,155.0,NIFTY,2026-09-15,24250.0,PE,2
2026-08-27 08:15:00+00:00,178.05,185.9,178.05,184.6,390.0,,NIFTY,2026-09-15,24250.0,PE,2
2026-08-27 08:20:00+00:00,186.0,186.0,185.85,185.85,130.0,,NIFTY,2026-09-15,24250.0,PE,2
2026-08-27 08:25:00+00:00,189.6,194.4,189.6,192.2,1300.0,157.0,NIFTY,2026-09-15,24250.0,PE,2
2026-08-27 08:30:00+00:00,193.6,195.25,193.5,195.25,390.0,310.0,NIFTY,2026-09-15,24250.0,PE,2
2026-08-27 08:35:00+00:00,190.4,196.0,190.4,196.0,260.0,313.0,NIFTY,2026-09-15,24250.0,PE,2
2026-08-27 08:40:00+00:00,193.2,193.2,188.75,189.25,1170.0,473.0,NIFTY,2026-09-15,24250.0,PE,2
2026-08-27 08:45:00+00:00,190.65,191.45,187.5,187.5,1235.0,479.0,NIFTY,2026-09-15,24250.0,PE,2
2026-08-27 08:50:00+00:00,184.9,184.9,184.9,184.9,130.0,161.0,NIFTY,2026-09-15,24250.0,PE,2
2026-08-27 08:55:00+00:00,180.4,180.4,178.9,178.9,390.0,,NIFTY,2026-09-15,24250.0,PE,2
2026-08-27 09:00:00+00:00,174.55,183.65,174.55,174.85,585.0,318.0,NIFTY,2026-09-15,24250.0,PE,2
2026-08-27 09:05:00+00:00,178.9,178.9,178.9,178.9,130.0,157.0,NIFTY,2026-09-15,24250.0,PE,2
2026-08-27 09:10:00+00:00,177.7,177.7,177.7,177.7,130.0,158.0,NIFTY,2026-09-15,24250.0,PE,2
2026-08-27 09:20:00+00:00,185.0,185.0,180.5,180.5,130.0,157.0,NIFTY,2026-09-15,24250.0,PE,2
2026-08-27 09:25:00+00:00,177.45,177.45,177.45,177.45,260.0,157.0,NIFTY,2026-09-15,24250.0,PE,2
2026-08-27 09:40:00+00:00,191.35,191.35,188.6,188.6,130.0,159.0,NIFTY,2026-09-15,24250.0,PE,2
2026-08-27 09:45:00+00:00,186.0,186.0,184.6,184.6,130.0,159.0,NIFTY,2026-09-15,24250.0,PE,2
2026-08-27 09:50:00+00:00,193.8,206.55,192.6,203.1,3250.0,660.0,NIFTY,2026-09-15,24250.0,PE,2
2026-08-27 09:55:00+00:00,204.3,212.2,203.1,207.95,1690.0,325.0,NIFTY,2026-09-15,24250.0,PE,2
2026-08-27 10:00:00+00:00,206.65,209.4,205.35,209.4,2340.0,648.0,NIFTY,2026-09-15,24250.0,PE,2
2026-08-27 10:05:00+00:00,209.1,213.6,208.6,211.85,4225.0,484.0,NIFTY,2026-09-15,24250.0,PE,2
2026-08-28 03:45:00+00:00,213.7,213.7,199.3,206.75,3965.0,325.0,NIFTY,2026-09-15,24250.0,PE,2
2026-08-28 03:50:00+00:00,202.5,202.5,199.85,199.85,390.0,245.0,NIFTY,2026-09-15,24250.0,PE,2
2026-08-28 03:55:00+00:00,187.5,190.75,181.0,190.75,1755.0,369.0,NIFTY,2026-09-15,24250.0,PE,2
2026-08-28 04:00:00+00:00,190.2,190.2,180.0,180.0,1560.0,533.0,NIFTY,2026-09-15,24250.0,PE,2
2026-08-28 04:05:00+00:00,186.65,190.8,186.65,190.8,780.0,394.0,NIFTY,2026-09-15,24250.0,PE,2
2026-08-28 04:10:00+00:00,186.9,186.9,176.85,178.1,715.0,257.0,NIFTY,2026-09-15,24250.0,PE,2
2026-08-28 04:15:00+00:00,178.7,182.35,178.7,182.25,260.0,374.0,NIFTY,2026-09-15,24250.0,PE,2
2026-08-28 04:20:00+00:00,182.85,185.85,182.1,185.85,260.0,366.0,NIFTY,2026-09-15,24250.0,PE,2
2026-08-28 04:25:00+00:00,179.2,179.5,176.65,176.65,260.0,120.0,NIFTY,2026-09-15,24250.0,PE,2
2026-08-28 04:35:00+00:00,171.85,171.85,171.85,171.85,130.0,,NIFTY,2026-09-15,24250.0,PE,2
2026-08-28 04:40:00+00:00,176.05,176.05,169.25,169.3,585.0,241.0,NIFTY,2026-09-15,24250.0,PE,2
2026-08-28 04:45:00+00:00,165.0,166.55,158.3,163.75,3120.0,622.0,NIFTY,2026-09-15,24250.0,PE,2
2026-08-28 04:50:00+00:00,168.2,168.2,167.35,167.35,130.0,273.0,NIFTY,2026-09-15,24250.0,PE,2
2026-08-28 04:55:00+00:00,166.95,166.95,164.4,164.4,195.0,135.0,NIFTY,2026-09-15,24250.0,PE,2
2026-08-28 05:00:00+00:00,164.25,168.15,164.25,167.4,910.0,540.0,NIFTY,2026-09-15,24250.0,PE,2
2026-08-28 05:05:00+00:00,167.9,167.9,167.9,167.9,65.0,,NIFTY,2026-09-15,24250.0,PE,2
2026-08-28 05:15:00+00:00,167.75,167.75,167.75,167.75,130.0,133.0,NIFTY,2026-09-15,24250.0,PE,2
2026-08-28 05:20:00+00:00,166.0,166.0,166.0,166.0,325.0,269.0,NIFTY,2026-09-15,24250.0,PE,2
2026-08-28 05:25:00+00:00,170.65,170.85,170.65,170.85,780.0,137.0,NIFTY,2026-09-15,24250.0,PE,2
2026-08-28 05:30:00+00:00,168.45,168.45,168.45,168.45,65.0,139.0,NIFTY,2026-09-15,24250.0,PE,2
2026-08-28 05:35:00+00:00,169.0,169.0,169.0,169.0,65.0,139.0,NIFTY,2026-09-15,24250.0,PE,2
2026-08-28 05:45:00+00:00,169.3,169.3,169.3,169.3,65.0,,NIFTY,2026-09-15,24250.0,PE,2
2026-08-28 05:50:00+00:00,176.0,180.05,176.0,179.5,1170.0,139.0,NIFTY,2026-09-15,24250.0,PE,2
2026-08-28 05:55:00+00:00,182.0,193.7,180.9,193.7,455.0,555.0,NIFTY,2026-09-15,24250.0,PE,2
2026-08-28 06:00:00+00:00,195.0,204.4,192.0,199.9,1300.0,416.0,NIFTY,2026-09-15,24250.0,PE,2
2026-08-28 06:05:00+00:00,203.3,209.75,202.15,202.15,715.0,139.0,NIFTY,2026-09-15,24250.0,PE,2
2026-08-28 06:10:00+00:00,203.15,206.05,202.3,206.05,390.0,276.0,NIFTY,2026-09-15,24250.0,PE,2
2026-08-28 06:15:00+00:00,205.6,208.25,204.55,207.0,1105.0,433.0,NIFTY,2026-09-15,24250.0,PE,2
2026-08-28 06:20:00+00:00,202.55,202.55,202.55,202.55,65.0,144.0,NIFTY,2026-09-15,24250.0,PE,2
2026-08-28 06:25:00+00:00,209.5,225.6,209.5,221.0,2730.0,590.0,NIFTY,2026-09-15,24250.0,PE,2
2026-08-28 06:30:00+00:00,220.65,220.65,219.6,219.6,130.0,156.0,NIFTY,2026-09-15,24250.0,PE,2
2026-08-28 06:35:00+00:00,216.35,216.35,211.25,216.35,1495.0,460.0,NIFTY,2026-09-15,24250.0,PE,2
2026-08-28 06:40:00+00:00,223.9,224.15,216.8,217.5,780.0,449.0,NIFTY,2026-09-15,24250.0,PE,2
2026-08-28 06:45:00+00:00,217.5,221.0,217.5,221.0,455.0,152.0,NIFTY,2026-09-15,24250.0,PE,2
2026-08-28 06:50:00+00:00,215.5,220.2,215.35,220.2,455.0,311.0,NIFTY,2026-09-15,24250.0,PE,2
2026-08-28 06:55:00+00:00,220.0,220.0,217.0,217.0,520.0,312.0,NIFTY,2026-09-15,24250.0,PE,2
2026-08-28 07:00:00+00:00,212.1,212.1,212.1,212.1,650.0,154.0,NIFTY,2026-09-15,24250.0,PE,2
2026-08-28 07:05:00+00:00,216.05,216.05,215.4,215.4,260.0,150.0,NIFTY,2026-09-15,24250.0,PE,2
2026-08-28 07:10:00+00:00,212.85,212.85,212.85,212.85,260.0,152.0,NIFTY,2026-09-15,24250.0,PE,2
2026-08-28 07:15:00+00:00,213.7,213.7,212.25,213.5,1040.0,451.0,NIFTY,2026-09-15,24250.0,PE,2
2026-08-28 07:20:00+00:00,213.0,213.0,212.25,212.25,195.0,294.0,NIFTY,2026-09-15,24250.0,PE,2
2026-08-28 07:25:00+00:00,215.8,220.9,215.55,220.9,1560.0,299.0,NIFTY,2026-09-15,24250.0,PE,2
2026-08-28 07:30:00+00:00,218.75,218.75,218.7,218.7,780.0,318.0,NIFTY,2026-09-15,24250.0,PE,2
2026-08-28 07:35:00+00:00,215.9,215.9,213.5,213.5,1040.0,160.0,NIFTY,2026-09-15,24250.0,PE,2
2026-08-28 07:40:00+00:00,215.05,215.05,215.05,215.05,65.0,152.0,NIFTY,2026-09-15,24250.0,PE,2
2026-08-28 07:45:00+00:00,212.0,212.0,212.0,212.0,65.0,152.0,NIFTY,2026-09-15,24250.0,PE,2
2026-08-28 07:50:00+00:00,209.85,209.85,209.85,209.85,65.0,,NIFTY,2026-09-15,24250.0,PE,2
2026-08-28 07:55:00+00:00,205.95,205.95,205.95,205.95,65.0,,NIFTY,2026-09-15,24250.0,PE,2
2026-08-28 08:00:00+00:00,210.3,210.3,210.3,210.3,65.0,152.0,NIFTY,2026-09-15,24250.0,PE,2
2026-08-28 08:05:00+00:00,206.95,206.95,203.0,203.45,845.0,154.0,NIFTY,2026-09-15,24250.0,PE,2
2026-08-28 08:10:00+00:00,200.1,201.3,199.05,201.3,1105.0,317.0,NIFTY,2026-09-15,24250.0,PE,2
2026-08-28 08:20:00+00:00,211.55,211.55,211.55,211.55,65.0,161.0,NIFTY,2026-09-15,24250.0,PE,2
2026-08-28 08:25:00+00:00,210.25,210.25,201.75,201.75,325.0,321.0,NIFTY,2026-09-15,24250.0,PE,2
2026-08-28 08:50:00+00:00,206.55,206.55,206.55,206.55,65.0,157.0,NIFTY,2026-09-15,24250.0,PE,2
2026-08-28 08:55:00+00:00,205.85,205.85,200.85,200.85,585.0,471.0,NIFTY,2026-09-15,24250.0,PE,2
2026-08-28 09:00:00+00:00,197.75,202.3,197.2,197.2,1755.0,606.0,NIFTY,2026-09-15,24250.0,PE,2
2026-08-28 09:05:00+00:00,200.9,200.9,199.0,199.0,130.0,306.0,NIFTY,2026-09-15,24250.0,PE,2
2026-08-28 09:10:00+00:00,204.2,204.2,201.3,202.45,455.0,308.0,NIFTY,2026-09-15,24250.0,PE,2
2026-08-28 09:15:00+00:00,202.5,202.55,201.8,202.55,260.0,312.0,NIFTY,2026-09-15,24250.0,PE,2
2026-08-28 09:20:00+00:00,195.0,195.0,185.4,187.8,2145.0,472.0,NIFTY,2026-09-15,24250.0,PE,2
2026-08-28 09:25:00+00:00,188.0,189.4,187.0,188.3,1430.0,663.0,NIFTY,2026-09-15,24250.0,PE,2
2026-08-28 09:30:00+00:00,194.35,204.65,193.55,200.0,2340.0,718.0,NIFTY,2026-09-15,24250.0,PE,2
2026-08-28 09:35:00+00:00,202.75,202.75,192.0,192.0,520.0,372.0,NIFTY,2026-09-15,24250.0,PE,2
2026-08-28 09:40:00+00:00,177.75,178.5,172.0,177.2,585.0,558.0,NIFTY,2026-09-15,24250.0,PE,2
2026-08-28 09:45:00+00:00,174.35,177.75,174.35,177.75,1040.0,187.0,NIFTY,2026-09-15,24250.0,PE,2
2026-08-28 09:50:00+00:00,171.1,171.1,163.55,168.95,3575.0,953.0,NIFTY,2026-09-15,24250.0,PE,2
2026-08-28 09:55:00+00:00,166.9,169.45,163.05,163.05,1820.0,597.0,NIFTY,2026-09-15,24250.0,PE,2
2026-08-28 10:00:00+00:00,165.05,167.45,163.8,167.45,2730.0,832.0,NIFTY,2026-09-15,24250.0,PE,2
2026-08-28 10:05:00+00:00,166.7,170.0,165.45,170.0,975.0,427.0,NIFTY,2026-09-15,24250.0,PE,2
2026-08-31 03:45:00+00:00,244.25,251.9,242.95,246.4,7800.0,843.0,NIFTY,2026-09-15,24250.0,PE,2
2026-08-31 03:50:00+00:00,242.75,246.75,236.9,246.75,1560.0,808.0,NIFTY,2026-09-15,24250.0,PE,2
2026-08-31 03:55:00+00:00,246.55,257.7,246.05,257.3,2080.0,617.0,NIFTY,2026-09-15,24250.0,PE,2
2026-08-31 04:00:00+00:00,254.4,256.85,247.85,247.85,910.0,209.0,NIFTY,2026-09-15,24250.0,PE,2
2026-08-31 04:05:00+00:00,249.65,249.65,249.1,249.1,195.0,,NIFTY,2026-09-15,24250.0,PE,2
2026-08-31 04:10:00+00:00,251.75,258.2,251.75,258.1,1040.0,850.0,NIFTY,2026-09-15,24250.0,PE,2
2026-08-31 04:15:00+00:00,258.0,258.45,252.0,258.45,1040.0,425.0,NIFTY,2026-09-15,24250.0,PE,2
2026-08-31 04:20:00+00:00,256.45,256.95,255.8,255.8,195.0,427.0,NIFTY,2026-09-15,24250.0,PE,2
2026-08-31 04:25:00+00:00,260.9,260.9,259.7,259.7,195.0,213.0,NIFTY,2026-09-15,24250.0,PE,2
2026-08-31 04:30:00+00:00,257.85,262.0,257.85,262.0,260.0,424.0,NIFTY,2026-09-15,24250.0,PE,2
2026-08-31 04:35:00+00:00,251.3,251.3,248.2,249.85,390.0,211.0,NIFTY,2026-09-15,24250.0,PE,2
2026-08-31 04:40:00+00:00,255.95,265.65,254.45,261.45,910.0,638.0,NIFTY,2026-09-15,24250.0,PE,2
2026-08-31 04:45:00+00:00,262.05,264.2,260.4,264.2,650.0,641.0,NIFTY,2026-09-15,24250.0,PE,2
2026-08-31 04:50:00+00:00,264.35,265.3,264.35,265.3,845.0,439.0,NIFTY,2026-09-15,24250.0,PE,2
2026-08-31 04:55:00+00:00,262.8,262.8,253.85,256.0,455.0,660.0,NIFTY,2026-09-15,24250.0,PE,2
2026-08-31 05:00:00+00:00,255.9,260.4,255.9,260.4,390.0,219.0,NIFTY,2026-09-15,24250.0,PE,2
2026-08-31 05:05:00+00:00,260.4,264.0,260.4,264.0,130.0,220.0,NIFTY,2026-09-15,24250.0,PE,2
2026-08-31 05:10:00+00:00,259.5,259.5,258.25,258.5,520.0,218.0,NIFTY,2026-09-15,24250.0,PE,2
2026-08-31 05:15:00+00:00,259.3,259.3,259.3,259.3,195.0,217.0,NIFTY,2026-09-15,24250.0,PE,2
2026-08-31 05:25:00+00:00,254.65,254.65,254.65,254.65,650.0,217.0,NIFTY,2026-09-15,24250.0,PE,2
2026-08-31 05:30:00+00:00,259.75,259.75,259.75,259.75,325.0,217.0,NIFTY,2026-09-15,24250.0,PE,2
2026-08-31 05:35:00+00:00,255.0,257.75,255.0,257.75,390.0,215.0,NIFTY,2026-09-15,24250.0,PE,2
2026-08-31 06:00:00+00:00,255.55,256.5,250.6,256.5,260.0,648.0,NIFTY,2026-09-15,24250.0,PE,2
2026-08-31 06:05:00+00:00,249.2,250.9,247.35,250.35,1560.0,217.0,NIFTY,2026-09-15,24250.0,PE,2
2026-08-31 06:10:00+00:00,249.55,249.55,243.55,246.0,715.0,921.0,NIFTY,2026-09-15,24250.0,PE,2
2026-08-31 06:15:00+00:00,245.75,248.5,240.65,240.65,2080.0,954.0,NIFTY,2026-09-15,24250.0,PE,2
2026-08-31 06:20:00+00:00,242.5,242.5,213.0,218.3,1560.0,975.0,NIFTY,2026-09-15,24250.0,PE,2
2026-08-31 06:25:00+00:00,221.65,222.8,208.75,220.0,7735.0,1015.0,NIFTY,2026-09-15,24250.0,PE,2
2026-08-31 06:30:00+00:00,219.3,222.0,211.2,211.2,1495.0,1101.0,NIFTY,2026-09-15,24250.0,PE,2
2026-08-31 06:35:00+00:00,217.05,219.25,217.05,219.25,1040.0,550.0,NIFTY,2026-09-15,24250.0,PE,2
2026-08-31 06:40:00+00:00,219.65,222.95,216.85,222.95,975.0,1125.0,NIFTY,2026-09-15,24250.0,PE,2
2026-08-31 06:45:00+00:00,223.0,223.0,216.95,216.95,780.0,562.0,NIFTY,2026-09-15,24250.0,PE,2
2026-08-31 06:50:00+00:00,214.4,215.6,211.4,214.9,1040.0,1144.0,NIFTY,2026-09-15,24250.0,PE,2
2026-08-31 07:00:00+00:00,216.3,217.5,215.75,217.5,325.0,578.0,NIFTY,2026-09-15,24250.0,PE,2
2026-08-31 07:05:00+00:00,214.0,215.3,212.6,212.6,195.0,289.0,NIFTY,2026-09-15,24250.0,PE,2
2026-08-31 07:10:00+00:00,211.6,215.0,211.6,215.0,1820.0,564.0,NIFTY,2026-09-15,24250.0,PE,2
2026-08-31 07:15:00+00:00,216.0,216.0,216.0,216.0,260.0,282.0,NIFTY,2026-09-15,24250.0,PE,2
2026-08-31 07:20:00+00:00,213.95,213.95,213.0,213.0,130.0,284.0,NIFTY,2026-09-15,24250.0,PE,2
2026-08-31 07:25:00+00:00,211.0,215.0,211.0,215.0,2015.0,549.0,NIFTY,2026-09-15,24250.0,PE,2
2026-08-31 07:30:00+00:00,213.65,213.65,210.0,210.0,585.0,567.0,NIFTY,2026-09-15,24250.0,PE,2
2026-08-31 07:35:00+00:00,212.1,215.0,211.65,215.0,455.0,841.0,NIFTY,2026-09-15,24250.0,PE,2
2026-08-31 07:40:00+00:00,214.9,214.9,211.3,211.3,455.0,559.0,NIFTY,2026-09-15,24250.0,PE,2
2026-08-31 07:45:00+00:00,212.3,213.9,212.3,213.9,130.0,554.0,NIFTY,2026-09-15,24250.0,PE,2
2026-08-31 07:50:00+00:00,216.45,216.85,215.6,216.85,260.0,276.0,NIFTY,2026-09-15,24250.0,PE,2
2026-08-31 07:55:00+00:00,213.6,213.6,213.25,213.45,520.0,549.0,NIFTY,2026-09-15,24250.0,PE,2
2026-08-31 08:00:00+00:00,216.75,216.75,212.75,212.75,650.0,1092.0,NIFTY,2026-09-15,24250.0,PE,2
2026-08-31 08:05:00+00:00,212.0,216.2,212.0,215.55,455.0,805.0,NIFTY,2026-09-15,24250.0,PE,2
2026-08-31 08:10:00+00:00,214.35,214.35,214.2,214.2,130.0,267.0,NIFTY,2026-09-15,24250.0,PE,2
2026-08-31 08:15:00+00:00,213.45,213.45,213.45,213.45,65.0,268.0,NIFTY,2026-09-15,24250.0,PE,2
2026-08-31 08:20:00+00:00,213.45,215.35,213.45,214.9,390.0,539.0,NIFTY,2026-09-15,24250.0,PE,2
2026-08-31 08:25:00+00:00,216.05,224.0,216.05,222.95,390.0,817.0,NIFTY,2026-09-15,24250.0,PE,2
2026-08-31 08:30:00+00:00,224.0,230.9,222.0,230.75,1755.0,542.0,NIFTY,2026-09-15,24250.0,PE,2
2026-08-31 08:35:00+00:00,231.6,233.25,225.6,225.6,715.0,547.0,NIFTY,2026-09-15,24250.0,PE,2
2026-08-31 08:40:00+00:00,230.05,230.75,230.05,230.7,260.0,812.0,NIFTY,2026-09-15,24250.0,PE,2
2026-08-31 08:45:00+00:00,229.4,232.5,226.6,228.0,455.0,539.0,NIFTY,2026-09-15,24250.0,PE,2
2026-08-31 08:50:00+00:00,229.15,229.95,229.15,229.95,130.0,,NIFTY,2026-09-15,24250.0,PE,2
2026-08-31 08:55:00+00:00,233.2,233.2,233.2,233.2,195.0,,NIFTY,2026-09-15,24250.0,PE,2
2026-08-31 09:00:00+00:00,232.25,233.25,228.45,228.45,195.0,267.0,NIFTY,2026-09-15,24250.0,PE,2
2026-08-31 09:05:00+00:00,225.0,225.0,225.0,225.0,65.0,267.0,NIFTY,2026-09-15,24250.0,PE,2
2026-08-31 09:10:00+00:00,220.75,220.75,216.15,216.15,975.0,801.0,NIFTY,2026-09-15,24250.0,PE,2
2026-08-31 09:15:00+00:00,214.5,214.5,180.75,203.0,8840.0,1152.0,NIFTY,2026-09-15,24250.0,PE,2
2026-08-31 09:20:00+00:00,200.2,200.6,192.35,192.35,8450.0,1430.0,NIFTY,2026-09-15,24250.0,PE,2
2026-08-31 09:25:00+00:00,205.0,206.2,202.95,204.7,2275.0,748.0,NIFTY,2026-09-15,24250.0,PE,2
2026-08-31 09:30:00+00:00,207.75,214.05,203.95,209.3,4030.0,378.0,NIFTY,2026-09-15,24250.0,PE,2
2026-08-31 09:35:00+00:00,213.7,216.0,204.1,204.1,1625.0,752.0,NIFTY,2026-09-15,24250.0,PE,2
2026-08-31 09:40:00+00:00,204.8,211.85,204.8,210.2,845.0,758.0,NIFTY,2026-09-15,24250.0,PE,2
2026-08-31 09:45:00+00:00,217.25,217.25,211.3,212.35,7865.0,1069.0,NIFTY,2026-09-15,24250.0,PE,2
2026-08-31 09:50:00+00:00,210.65,214.5,188.5,210.05,3900.0,1921.0,NIFTY,2026-09-15,24250.0,PE,2
2026-08-31 09:55:00+00:00,209.55,209.9,204.5,206.85,1365.0,951.0,NIFTY,2026-09-15,24250.0,PE,2
2026-08-31 10:00:00+00:00,203.9,209.4,202.3,209.4,2275.0,925.0,NIFTY,2026-09-15,24250.0,PE,2
2026-08-31 10:05:00+00:00,210.7,212.55,209.7,212.55,585.0,915.0,NIFTY,2026-09-15,24250.0,PE,2
2026-09-01 03:45:00+00:00,246.7,250.3,244.15,246.6,3965.0,919.0,NIFTY,2026-09-15,24250.0,PE,2
2026-09-01 03:50:00+00:00,248.8,251.95,244.25,251.95,1430.0,625.0,NIFTY,2026-09-15,24250.0,PE,2
2026-09-01 03:55:00+00:00,251.3,251.45,233.25,233.25,1690.0,941.0,NIFTY,2026-09-15,24250.0,PE,2
2026-09-01 04:00:00+00:00,234.7,234.7,228.8,228.8,325.0,313.0,NIFTY,2026-09-15,24250.0,PE,2
2026-09-01 04:05:00+00:00,232.65,241.3,232.65,240.7,1040.0,635.0,NIFTY,2026-09-15,24250.0,PE,2
2026-09-01 04:10:00+00:00,242.0,242.0,242.0,242.0,65.0,319.0,NIFTY,2026-09-15,24250.0,PE,2
2026-09-01 04:15:00+00:00,252.25,258.65,252.25,256.0,780.0,634.0,NIFTY,2026-09-15,24250.0,PE,2
2026-09-01 04:20:00+00:00,257.0,261.7,254.2,261.2,2990.0,1241.0,NIFTY,2026-09-15,24250.0,PE,2
2026-09-01 04:25:00+00:00,259.0,264.45,258.2,263.85,2210.0,1547.0,NIFTY,2026-09-15,24250.0,PE,2
2026-09-01 04:30:00+00:00,265.0,265.0,254.5,254.5,780.0,630.0,NIFTY,2026-09-15,24250.0,PE,2
2026-09-01 04:35:00+00:00,256.05,261.35,256.05,259.0,1430.0,956.0,NIFTY,2026-09-15,24250.0,PE,2
2026-09-01 04:40:00+00:00,259.7,261.4,259.45,261.4,520.0,975.0,NIFTY,2026-09-15,24250.0,PE,2
2026-09-01 04:45:00+00:00,251.0,251.0,245.9,248.5,780.0,981.0,NIFTY,2026-09-15,24250.0,PE,2
2026-09-01 04:50:00+00:00,246.15,246.15,242.65,243.65,910.0,989.0,NIFTY,2026-09-15,24250.0,PE,2
2026-09-01 04:55:00+00:00,248.5,248.5,245.0,245.0,1105.0,667.0,NIFTY,2026-09-15,24250.0,PE,2
2026-09-01 05:00:00+00:00,239.7,241.1,239.2,240.35,325.0,670.0,NIFTY,2026-09-15,24250.0,PE,2
2026-09-01 05:05:00+00:00,240.35,240.35,240.35,240.35,650.0,336.0,NIFTY,2026-09-15,24250.0,PE,2
2026-09-01 05:10:00+00:00,242.7,242.7,242.7,242.7,65.0,336.0,NIFTY,2026-09-15,24250.0,PE,2
2026-09-01 05:15:00+00:00,238.25,238.25,238.25,238.25,65.0,,NIFTY,2026-09-15,24250.0,PE,2
2026-09-01 05:20:00+00:00,230.75,230.75,229.55,230.15,455.0,675.0,NIFTY,2026-09-15,24250.0,PE,2
2026-09-01 05:25:00+00:00,228.75,228.85,227.15,227.8,455.0,339.0,NIFTY,2026-09-15,24250.0,PE,2
2026-09-01 05:30:00+00:00,228.3,231.5,227.45,231.5,780.0,680.0,NIFTY,2026-09-15,24250.0,PE,2
2026-09-01 05:35:00+00:00,231.55,231.55,216.4,216.4,455.0,1365.0,NIFTY,2026-09-15,24250.0,PE,2
2026-09-01 05:40:00+00:00,220.7,220.7,204.55,206.25,3640.0,1389.0,NIFTY,2026-09-15,24250.0,PE,2
2026-09-01 05:45:00+00:00,205.9,205.9,196.6,197.95,8255.0,1924.0,NIFTY,2026-09-15,24250.0,PE,2
2026-09-01 05:50:00+00:00,196.0,199.3,194.2,195.15,4225.0,1719.0,NIFTY,2026-09-15,24250.0,PE,2
2026-09-01 05:55:00+00:00,196.35,196.4,188.35,188.35,5005.0,2223.0,NIFTY,2026-09-15,24250.0,PE,2
2026-09-01 06:00:00+00:00,184.4,188.15,181.1,186.0,8125.0,2374.0,NIFTY,2026-09-15,24250.0,PE,2
2026-09-01 06:05:00+00:00,188.45,193.95,188.45,192.4,1950.0,1970.0,NIFTY,2026-09-15,24250.0,PE,2
2026-09-01 06:10:00+00:00,196.45,196.45,191.35,191.35,1300.0,1460.0,NIFTY,2026-09-15,24250.0,PE,2
2026-09-01 06:15:00+00:00,191.8,194.9,191.55,194.9,585.0,976.0,NIFTY,2026-09-15,24250.0,PE,2
2026-09-01 06:20:00+00:00,193.35,195.4,193.35,195.4,2860.0,1992.0,NIFTY,2026-09-15,24250.0,PE,2
2026-09-01 06:25:00+00:00,193.85,193.85,191.8,192.9,325.0,507.0,NIFTY,2026-09-15,24250.0,PE,2
2026-09-01 06:30:00+00:00,195.75,195.75,195.75,195.75,130.0,,NIFTY,2026-09-15,24250.0,PE,2
2026-09-01 06:35:00+00:00,191.55,192.0,191.55,192.0,260.0,1016.0,NIFTY,2026-09-15,24250.0,PE,2
2026-09-01 06:40:00+00:00,190.05,195.2,188.2,195.2,585.0,1533.0,NIFTY,2026-09-15,24250.0,PE,2
2026-09-01 06:45:00+00:00,195.0,198.35,195.0,197.05,650.0,1026.0,NIFTY,2026-09-15,24250.0,PE,2
2026-09-01 06:50:00+00:00,198.0,202.9,197.95,201.85,3640.0,512.0,NIFTY,2026-09-15,24250.0,PE,2
2026-09-01 06:55:00+00:00,201.9,204.15,197.55,198.55,1690.0,2072.0,NIFTY,2026-09-15,24250.0,PE,2
2026-09-01 07:00:00+00:00,199.65,200.35,195.8,200.35,325.0,1039.0,NIFTY,2026-09-15,24250.0,PE,2
2026-09-01 07:15:00+00:00,199.0,199.0,199.0,199.0,65.0,520.0,NIFTY,2026-09-15,24250.0,PE,2
2026-09-01 07:20:00+00:00,201.25,203.5,201.25,202.8,390.0,2080.0,NIFTY,2026-09-15,24250.0,PE,2
2026-09-01 07:25:00+00:00,205.5,210.05,204.7,205.4,2860.0,2094.0,NIFTY,2026-09-15,24250.0,PE,2
2026-09-01 07:30:00+00:00,210.8,216.0,210.8,215.3,1690.0,528.0,NIFTY,2026-09-15,24250.0,PE,2
2026-09-01 07:35:00+00:00,217.75,224.35,217.1,223.3,2405.0,2121.0,NIFTY,2026-09-15,24250.0,PE,2
2026-09-01 07:40:00+00:00,224.85,239.35,224.85,239.35,2145.0,1589.0,NIFTY,2026-09-15,24250.0,PE,2
2026-09-01 07:45:00+00:00,241.95,247.55,239.15,239.15,4160.0,2166.0,NIFTY,2026-09-15,24250.0,PE,2
2026-09-01 07:50:00+00:00,240.0,240.0,232.75,237.55,1365.0,1093.0,NIFTY,2026-09-15,24250.0,PE,2
2026-09-01 07:55:00+00:00,238.35,246.85,238.35,242.6,1625.0,1650.0,NIFTY,2026-09-15,24250.0,PE,2
2026-09-01 08:00:00+00:00,240.35,240.9,237.2,238.9,780.0,2221.0,NIFTY,2026-09-15,24250.0,PE,2
2026-09-01 08:05:00+00:00,239.55,257.35,236.1,257.35,3965.0,2257.0,NIFTY,2026-09-15,24250.0,PE,2
2026-09-01 08:10:00+00:00,259.8,265.0,258.35,260.05,4030.0,1723.0,NIFTY,2026-09-15,24250.0,PE,2
2026-09-01 08:15:00+00:00,262.4,268.55,262.2,268.0,1625.0,1729.0,NIFTY,2026-09-15,24250.0,PE,2
2026-09-01 08:20:00+00:00,280.0,298.3,279.9,294.95,6435.0,1732.0,NIFTY,2026-09-15,24250.0,PE,2
2026-09-01 08:25:00+00:00,294.1,294.7,279.4,281.0,2275.0,2338.0,NIFTY,2026-09-15,24250.0,PE,2
2026-09-01 08:30:00+00:00,291.45,308.25,291.45,307.4,2795.0,2348.0,NIFTY,2026-09-15,24250.0,PE,2
2026-09-01 08:35:00+00:00,307.85,326.0,300.9,324.95,1755.0,2345.0,NIFTY,2026-09-15,24250.0,PE,2
2026-09-01 08:40:00+00:00,323.55,323.55,309.0,318.6,4550.0,2933.0,NIFTY,2026-09-15,24250.0,PE,2
2026-09-01 08:45:00+00:00,317.4,320.4,317.25,320.0,585.0,1186.0,NIFTY,2026-09-15,24250.0,PE,2
2026-09-01 08:50:00+00:00,317.05,325.6,317.05,323.9,455.0,1188.0,NIFTY,2026-09-15,24250.0,PE,2
2026-09-01 08:55:00+00:00,320.5,320.55,320.5,320.55,195.0,1187.0,NIFTY,2026-09-15,24250.0,PE,2
2026-09-01 09:00:00+00:00,299.85,306.0,299.85,300.95,390.0,594.0,NIFTY,2026-09-15,24250.0,PE,2
2026-09-01 09:05:00+00:00,304.0,309.9,304.0,308.7,455.0,1189.0,NIFTY,2026-09-15,24250.0,PE,2
2026-09-01 09:10:00+00:00,310.75,310.75,308.55,308.55,130.0,1187.0,NIFTY,2026-09-15,24250.0,PE,2
2026-09-01 09:15:00+00:00,299.25,310.9,299.25,310.9,260.0,1186.0,NIFTY,2026-09-15,24250.0,PE,2
2026-09-01 09:20:00+00:00,303.75,303.75,303.75,303.75,65.0,593.0,NIFTY,2026-09-15,24250.0,PE,2
2026-09-01 09:25:00+00:00,300.15,304.65,300.15,304.35,650.0,594.0,NIFTY,2026-09-15,24250.0,PE,2
2026-09-01 09:30:00+00:00,305.0,315.9,305.0,315.9,260.0,598.0,NIFTY,2026-09-15,24250.0,PE,2
2026-09-01 09:35:00+00:00,305.0,309.35,305.0,309.35,130.0,1197.0,NIFTY,2026-09-15,24250.0,PE,2
2026-09-01 09:40:00+00:00,310.8,310.8,307.0,307.8,260.0,1197.0,NIFTY,2026-09-15,24250.0,PE,2
2026-09-01 09:45:00+00:00,311.5,311.5,309.1,309.1,130.0,601.0,NIFTY,2026-09-15,24250.0,PE,2
2026-09-01 09:50:00+00:00,308.85,310.7,307.05,307.05,455.0,601.0,NIFTY,2026-09-15,24250.0,PE,2
2026-09-01 09:55:00+00:00,308.7,308.7,289.4,289.4,260.0,1210.0,NIFTY,2026-09-15,24250.0,PE,2
2026-09-01 10:00:00+00:00,294.25,313.0,291.95,303.0,2340.0,1215.0,NIFTY,2026-09-15,24250.0,PE,2
2026-09-01 10:05:00+00:00,318.15,318.15,311.9,311.9,1885.0,616.0,NIFTY,2026-09-15,24250.0,PE,2
2026-09-02 03:45:00+00:00,400.0,417.35,400.0,406.65,4615.0,3157.0,NIFTY,2026-09-15,24250.0,PE,2
2026-09-02 03:50:00+00:00,407.05,424.0,407.05,424.0,975.0,1262.0,NIFTY,2026-09-15,24250.0,PE,2
2026-09-02 03:55:00+00:00,411.5,411.5,404.75,404.75,390.0,1260.0,NIFTY,2026-09-15,24250.0,PE,2
2026-09-02 04:00:00+00:00,411.75,411.75,395.2,395.2,455.0,1877.0,NIFTY,2026-09-15,24250.0,PE,2
2026-09-02 04:05:00+00:00,399.0,399.0,395.75,395.75,650.0,,NIFTY,2026-09-15,24250.0,PE,2
2026-09-02 04:10:00+00:00,406.0,406.0,395.2,400.5,1170.0,1883.0,NIFTY,2026-09-15,24250.0,PE,2
2026-09-02 04:15:00+00:00,405.2,411.35,405.1,411.35,390.0,629.0,NIFTY,2026-09-15,24250.0,PE,2
2026-09-02 04:20:00+00:00,404.0,404.0,404.0,404.0,195.0,628.0,NIFTY,2026-09-15,24250.0,PE,2
2026-09-02 04:25:00+00:00,409.7,409.7,390.0,390.0,585.0,1894.0,NIFTY,2026-09-15,24250.0,PE,2
2026-09-02 04:30:00+00:00,393.65,393.65,393.65,393.65,65.0,634.0,NIFTY,2026-09-15,24250.0,PE,2
2026-09-02 04:35:00+00:00,393.1,395.7,393.1,395.7,130.0,1270.0,NIFTY,2026-09-15,24250.0,PE,2
2026-09-02 04:40:00+00:00,395.0,395.0,394.75,394.75,6500.0,636.0,NIFTY,2026-09-15,24250.0,PE,2
2026-09-02 04:45:00+00:00,394.75,394.75,394.75,394.75,195.0,650.0,NIFTY,2026-09-15,24250.0,PE,2
2026-09-02 04:50:00+00:00,378.65,379.55,369.0,372.6,975.0,3234.0,NIFTY,2026-09-15,24250.0,PE,2
2026-09-02 04:55:00+00:00,373.25,374.75,370.95,374.75,910.0,1284.0,NIFTY,2026-09-15,24250.0,PE,2
2026-09-02 05:00:00+00:00,365.1,370.0,365.1,370.0,260.0,638.0,NIFTY,2026-09-15,24250.0,PE,2
2026-09-02 05:10:00+00:00,377.5,383.5,377.5,383.5,650.0,1272.0,NIFTY,2026-09-15,24250.0,PE,2
2026-09-02 05:15:00+00:00,382.05,382.05,377.7,377.7,1560.0,,NIFTY,2026-09-15,24250.0,PE,2
2026-09-02 05:20:00+00:00,382.5,393.85,382.5,393.85,585.0,1279.0,NIFTY,2026-09-15,24250.0,PE,2
2026-09-02 05:25:00+00:00,383.15,383.15,383.15,383.15,130.0,640.0,NIFTY,2026-09-15,24250.0,PE,2
2026-09-02 05:30:00+00:00,401.0,401.0,401.0,401.0,65.0,,NIFTY,2026-09-15,24250.0,PE,2
2026-09-02 05:35:00+00:00,402.35,403.4,402.35,403.4,130.0,,NIFTY,2026-09-15,24250.0,PE,2
2026-09-02 05:45:00+00:00,401.55,401.55,401.55,401.55,65.0,639.0,NIFTY,2026-09-15,24250.0,PE,2
2026-09-02 06:00:00+00:00,410.0,410.05,410.0,410.05,7800.0,,NIFTY,2026-09-15,24250.0,PE,2
2026-09-02 06:05:00+00:00,409.0,412.5,406.8,407.25,910.0,1909.0,NIFTY,2026-09-15,24250.0,PE,2
2026-09-02 06:10:00+00:00,412.05,412.05,412.05,412.05,195.0,637.0,NIFTY,2026-09-15,24250.0,PE,2
2026-09-02 06:15:00+00:00,411.05,411.05,410.65,410.65,130.0,,NIFTY,2026-09-15,24250.0,PE,2
2026-09-02 06:20:00+00:00,404.5,406.0,404.5,406.0,325.0,,NIFTY,2026-09-15,24250.0,PE,2
2026-09-02 06:30:00+00:00,419.65,419.65,419.65,419.65,130.0,,NIFTY,2026-09-15,24250.0,PE,2
2026-09-02 06:35:00+00:00,417.25,417.25,414.0,414.7,260.0,638.0,NIFTY,2026-09-15,24250.0,PE,2
2026-09-02 06:40:00+00:00,411.55,411.55,396.6,398.35,845.0,637.0,NIFTY,2026-09-15,24250.0,PE,2
2026-09-02 06:45:00+00:00,393.8,395.4,393.8,395.4,195.0,,NIFTY,2026-09-15,24250.0,PE,2
2026-09-02 06:50:00+00:00,400.8,400.8,400.8,400.8,65.0,,NIFTY,2026-09-15,24250.0,PE,2
2026-09-02 06:55:00+00:00,389.9,390.0,389.8,390.0,5200.0,,NIFTY,2026-09-15,24250.0,PE,2
2026-09-02 07:00:00+00:00,385.5,385.5,382.5,383.0,8645.0,1323.0,NIFTY,2026-09-15,24250.0,PE,2
2026-09-02 07:05:00+00:00,381.8,381.8,377.0,378.7,455.0,,NIFTY,2026-09-15,24250.0,PE,2
2026-09-02 07:10:00+00:00,377.8,377.8,364.6,367.75,1820.0,1366.0,NIFTY,2026-09-15,24250.0,PE,2
2026-09-02 07:15:00+00:00,376.25,376.25,376.25,376.25,65.0,685.0,NIFTY,2026-09-15,24250.0,PE,2
2026-09-02 07:20:00+00:00,368.2,368.2,368.2,368.2,65.0,,NIFTY,2026-09-15,24250.0,PE,2
2026-09-02 07:25:00+00:00,376.3,376.3,369.45,369.45,130.0,685.0,NIFTY,2026-09-15,24250.0,PE,2
2026-09-02 07:30:00+00:00,367.3,367.3,360.35,364.9,325.0,684.0,NIFTY,2026-09-15,24250.0,PE,2
2026-09-02 07:35:00+00:00,369.1,373.4,368.3,373.4,325.0,,NIFTY,2026-09-15,24250.0,PE,2
2026-09-02 07:40:00+00:00,376.05,376.05,358.0,358.0,390.0,2049.0,NIFTY,2026-09-15,24250.0,PE,2
2026-09-02 07:45:00+00:00,361.25,364.85,361.25,364.85,975.0,685.0,NIFTY,2026-09-15,24250.0,PE,2
2026-09-02 07:50:00+00:00,361.0,361.0,361.0,361.0,650.0,690.0,NIFTY,2026-09-15,24250.0,PE,2
2026-09-02 07:55:00+00:00,360.85,363.0,359.3,363.0,910.0,1371.0,NIFTY,2026-09-15,24250.0,PE,2
2026-09-02 08:00:00+00:00,368.1,371.05,366.25,368.1,325.0,1364.0,NIFTY,2026-09-15,24250.0,PE,2
2026-09-02 08:05:00+00:00,359.6,360.85,359.2,359.2,390.0,,NIFTY,2026-09-15,24250.0,PE,2
2026-09-02 08:10:00+00:00,370.5,370.5,370.5,370.5,195.0,684.0,NIFTY,2026-09-15,24250.0,PE,2
2026-09-02 08:30:00+00:00,353.4,358.65,353.4,358.65,1105.0,1366.0,NIFTY,2026-09-15,24250.0,PE,2
2026-09-02 08:35:00+00:00,364.95,364.95,346.95,346.95,650.0,2075.0,NIFTY,2026-09-15,24250.0,PE,2
2026-09-02 08:45:00+00:00,361.0,361.0,361.0,361.0,65.0,691.0,NIFTY,2026-09-15,24250.0,PE,2
2026-09-02 08:50:00+00:00,361.6,364.3,361.6,364.3,195.0,,NIFTY,2026-09-15,24250.0,PE,2
2026-09-02 08:55:00+00:00,352.75,352.75,352.75,352.75,195.0,,NIFTY,2026-09-15,24250.0,PE,2
2026-09-02 09:00:00+00:00,354.45,354.5,339.05,339.05,1170.0,2085.0,NIFTY,2026-09-15,24250.0,PE,2
2026-09-02 09:05:00+00:00,336.3,348.45,336.3,348.45,195.0,1396.0,NIFTY,2026-09-15,24250.0,PE,2
2026-09-02 09:10:00+00:00,350.7,350.7,350.7,350.7,260.0,,NIFTY,2026-09-15,24250.0,PE,2
2026-09-02 09:15:00+00:00,362.85,362.85,349.4,349.4,1300.0,2783.0,NIFTY,2026-09-15,24250.0,PE,2
2026-09-02 09:25:00+00:00,361.35,371.45,361.35,371.45,195.0,1384.0,NIFTY,2026-09-15,24250.0,PE,2
2026-09-02 09:30:00+00:00,376.0,378.75,376.0,378.75,195.0,1380.0,NIFTY,2026-09-15,24250.0,PE,2
2026-09-02 09:35:00+00:00,382.5,382.7,379.3,379.3,650.0,687.0,NIFTY,2026-09-15,24250.0,PE,2
2026-09-02 09:40:00+00:00,374.4,374.4,372.65,372.65,130.0,685.0,NIFTY,2026-09-15,24250.0,PE,2
2026-09-02 09:50:00+00:00,362.6,363.2,361.05,363.2,910.0,1375.0,NIFTY,2026-09-15,24250.0,PE,2
2026-09-02 09:55:00+00:00,368.55,372.6,365.45,368.75,975.0,2767.0,NIFTY,2026-09-15,24250.0,PE,2
2026-09-02 10:00:00+00:00,369.05,370.2,369.05,369.25,780.0,689.0,NIFTY,2026-09-15,24250.0,PE,2
2026-09-02 10:05:00+00:00,370.3,370.3,366.9,366.9,1365.0,1373.0,NIFTY,2026-09-15,24250.0,PE,2
2026-09-03 03:45:00+00:00,298.25,298.25,268.85,285.55,5915.0,3425.0,NIFTY,2026-09-15,24250.0,PE,2
2026-09-03 03:50:00+00:00,282.45,296.1,276.6,295.75,1820.0,2717.0,NIFTY,2026-09-15,24250.0,PE,2
2026-09-03 03:55:00+00:00,294.0,294.0,281.55,282.3,2665.0,2722.0,NIFTY,2026-09-15,24250.0,PE,2
2026-09-03 04:00:00+00:00,279.2,279.45,274.35,276.3,1560.0,1372.0,NIFTY,2026-09-15,24250.0,PE,2
2026-09-03 04:05:00+00:00,272.8,273.0,267.8,267.8,1365.0,2739.0,NIFTY,2026-09-15,24250.0,PE,2
2026-09-03 04:10:00+00:00,260.55,260.55,250.2,250.2,5850.0,3461.0,NIFTY,2026-09-15,24250.0,PE,2
2026-09-03 04:15:00+00:00,251.0,252.8,249.8,250.1,4225.0,2812.0,NIFTY,2026-09-15,24250.0,PE,2
2026-09-03 04:20:00+00:00,250.0,254.0,249.25,254.0,13195.0,2709.0,NIFTY,2026-09-15,24250.0,PE,2
2026-09-03 04:25:00+00:00,255.9,257.95,251.6,257.95,1755.0,3872.0,NIFTY,2026-09-15,24250.0,PE,2
2026-09-03 04:30:00+00:00,257.95,257.95,257.95,257.95,65.0,638.0,NIFTY,2026-09-15,24250.0,PE,2
2026-09-03 04:35:00+00:00,259.8,262.9,259.15,259.95,585.0,1278.0,NIFTY,2026-09-15,24250.0,PE,2
2026-09-03 04:40:00+00:00,261.1,261.6,260.9,260.9,325.0,1281.0,NIFTY,2026-09-15,24250.0,PE,2
2026-09-03 04:45:00+00:00,265.2,265.35,261.4,262.55,2535.0,1916.0,NIFTY,2026-09-15,24250.0,PE,2
2026-09-03 04:50:00+00:00,262.1,266.45,260.0,265.15,2470.0,1883.0,NIFTY,2026-09-15,24250.0,PE,2
2026-09-03 04:55:00+00:00,264.15,274.9,264.15,274.9,2015.0,2484.0,NIFTY,2026-09-15,24250.0,PE,2
2026-09-03 05:00:00+00:00,272.7,279.0,272.7,274.65,715.0,2460.0,NIFTY,2026-09-15,24250.0,PE,2
2026-09-03 05:05:00+00:00,280.0,291.85,280.0,288.65,1365.0,2441.0,NIFTY,2026-09-15,24250.0,PE,2
2026-09-03 05:10:00+00:00,290.0,305.5,290.0,295.7,2600.0,2408.0,NIFTY,2026-09-15,24250.0,PE,2
2026-09-03 05:15:00+00:00,295.0,298.35,290.05,295.5,2145.0,1805.0,NIFTY,2026-09-15,24250.0,PE,2
2026-09-03 05:20:00+00:00,294.4,306.95,294.4,306.95,520.0,1213.0,NIFTY,2026-09-15,24250.0,PE,2
2026-09-03 05:25:00+00:00,309.65,309.65,300.6,301.7,455.0,2429.0,NIFTY,2026-09-15,24250.0,PE,2
2026-09-03 05:30:00+00:00,300.35,310.0,300.35,310.0,1495.0,1826.0,NIFTY,2026-09-15,24250.0,PE,2
2026-09-03 05:35:00+00:00,312.0,321.75,312.0,321.75,4095.0,2490.0,NIFTY,2026-09-15,24250.0,PE,2
2026-09-03 05:40:00+00:00,325.9,336.45,324.7,335.5,2860.0,1248.0,NIFTY,2026-09-15,24250.0,PE,2
2026-09-03 05:45:00+00:00,333.7,338.0,318.1,318.1,1560.0,2567.0,NIFTY,2026-09-15,24250.0,PE,2
2026-09-03 05:50:00+00:00,312.85,316.45,306.7,310.85,1950.0,2581.0,NIFTY,2026-09-15,24250.0,PE,2
2026-09-03 05:55:00+00:00,308.0,308.0,305.15,305.95,650.0,650.0,NIFTY,2026-09-15,24250.0,PE,2
2026-09-03 06:00:00+00:00,297.55,300.5,293.65,300.5,1430.0,1299.0,NIFTY,2026-09-15,24250.0,PE,2
2026-09-03 06:05:00+00:00,295.4,297.55,291.0,297.55,1040.0,1292.0,NIFTY,2026-09-15,24250.0,PE,2
2026-09-03 06:10:00+00:00,302.5,302.5,299.5,299.5,1105.0,643.0,NIFTY,2026-09-15,24250.0,PE,2
2026-09-03 06:15:00+00:00,292.9,306.55,292.9,306.05,390.0,1270.0,NIFTY,2026-09-15,24250.0,PE,2
2026-09-03 06:25:00+00:00,310.35,310.35,307.65,308.3,650.0,635.0,NIFTY,2026-09-15,24250.0,PE,2
2026-09-03 06:30:00+00:00,317.9,325.95,314.4,324.25,2340.0,1281.0,NIFTY,2026-09-15,24250.0,PE,2
2026-09-03 06:35:00+00:00,320.45,328.65,320.45,327.85,780.0,1933.0,NIFTY,2026-09-15,24250.0,PE,2
2026-09-03 06:40:00+00:00,325.8,327.95,323.65,327.55,650.0,,NIFTY,2026-09-15,24250.0,PE,2
2026-09-03 06:45:00+00:00,326.95,335.95,326.95,335.95,1690.0,1941.0,NIFTY,2026-09-15,24250.0,PE,2
2026-09-03 06:50:00+00:00,336.25,349.3,336.25,349.3,260.0,653.0,NIFTY,2026-09-15,24250.0,PE,2
2026-09-03 06:55:00+00:00,346.45,346.45,338.9,339.05,520.0,654.0,NIFTY,2026-09-15,24250.0,PE,2
2026-09-03 07:00:00+00:00,346.4,346.4,336.05,339.0,2275.0,2636.0,NIFTY,2026-09-15,24250.0,PE,2
2026-09-03 07:05:00+00:00,338.85,339.9,334.45,336.1,1495.0,1337.0,NIFTY,2026-09-15,24250.0,PE,2
2026-09-03 07:10:00+00:00,339.9,339.9,339.2,339.2,390.0,1340.0,NIFTY,2026-09-15,24250.0,PE,2
2026-09-03 07:15:00+00:00,334.05,334.05,334.05,334.05,65.0,668.0,NIFTY,2026-09-15,24250.0,PE,2
2026-09-03 07:20:00+00:00,325.6,325.6,325.6,325.6,65.0,667.0,NIFTY,2026-09-15,24250.0,PE,2
2026-09-03 07:25:00+00:00,327.85,327.85,327.85,327.85,65.0,,NIFTY,2026-09-15,24250.0,PE,2
2026-09-03 07:30:00+00:00,333.5,336.85,333.5,336.85,325.0,1332.0,NIFTY,2026-09-15,24250.0,PE,2
2026-09-03 07:35:00+00:00,332.85,333.15,332.45,332.55,325.0,666.0,NIFTY,2026-09-15,24250.0,PE,2
2026-09-03 07:40:00+00:00,330.0,330.0,330.0,330.0,130.0,,NIFTY,2026-09-15,24250.0,PE,2
2026-09-03 07:45:00+00:00,325.95,325.95,325.95,325.95,715.0,,NIFTY,2026-09-15,24250.0,PE,2
2026-09-03 07:50:00+00:00,330.4,339.35,330.4,338.6,910.0,1332.0,NIFTY,2026-09-15,24250.0,PE,2
2026-09-03 07:55:00+00:00,341.05,350.55,337.25,338.85,520.0,665.0,NIFTY,2026-09-15,24250.0,PE,2
2026-09-03 08:00:00+00:00,334.85,334.85,316.3,318.6,780.0,1329.0,NIFTY,2026-09-15,24250.0,PE,2
2026-09-03 08:05:00+00:00,318.6,328.0,318.6,328.0,1755.0,1320.0,NIFTY,2026-09-15,24250.0,PE,2
2026-09-03 08:10:00+00:00,335.45,335.45,331.9,331.9,260.0,656.0,NIFTY,2026-09-15,24250.0,PE,2
2026-09-03 08:15:00+00:00,342.0,344.35,336.65,336.65,390.0,1312.0,NIFTY,2026-09-15,24250.0,PE,2
2026-09-03 08:20:00+00:00,341.75,341.75,336.7,336.7,130.0,655.0,NIFTY,2026-09-15,24250.0,PE,2
2026-09-03 08:25:00+00:00,331.15,331.5,330.4,330.4,195.0,,NIFTY,2026-09-15,24250.0,PE,2
2026-09-03 08:30:00+00:00,331.85,331.85,325.0,327.55,195.0,655.0,NIFTY,2026-09-15,24250.0,PE,2
2026-09-03 08:40:00+00:00,329.8,329.8,329.8,329.8,65.0,654.0,NIFTY,2026-09-15,24250.0,PE,2
2026-09-03 08:45:00+00:00,330.4,330.4,330.4,330.4,130.0,,NIFTY,2026-09-15,24250.0,PE,2
2026-09-03 08:55:00+00:00,324.15,324.15,323.75,323.75,130.0,655.0,NIFTY,2026-09-15,24250.0,PE,2
2026-09-03 09:00:00+00:00,325.9,325.9,325.9,325.9,195.0,654.0,NIFTY,2026-09-15,24250.0,PE,2
2026-09-03 09:05:00+00:00,327.2,327.2,327.2,327.2,65.0,,NIFTY,2026-09-15,24250.0,PE,2
2026-09-03 09:15:00+00:00,328.9,328.9,328.9,328.9,65.0,,NIFTY,2026-09-15,24250.0,PE,2
2026-09-03 09:20:00+00:00,328.9,332.45,328.9,331.95,390.0,,NIFTY,2026-09-15,24250.0,PE,2
2026-09-03 09:25:00+00:00,336.5,345.0,335.8,345.0,260.0,653.0,NIFTY,2026-09-15,24250.0,PE,2
2026-09-03 09:30:00+00:00,346.1,346.1,338.3,338.45,780.0,1305.0,NIFTY,2026-09-15,24250.0,PE,2
2026-09-03 09:35:00+00:00,347.2,350.0,342.95,342.95,2990.0,1952.0,NIFTY,2026-09-15,24250.0,PE,2
2026-09-03 09:40:00+00:00,341.9,343.45,333.85,333.85,2665.0,3129.0,NIFTY,2026-09-15,24250.0,PE,2
2026-09-03 09:45:00+00:00,335.65,335.65,331.85,333.9,260.0,1236.0,NIFTY,2026-09-15,24250.0,PE,2
2026-09-03 09:50:00+00:00,334.85,345.4,334.85,345.4,325.0,1848.0,NIFTY,2026-09-15,24250.0,PE,2
2026-09-03 09:55:00+00:00,346.7,363.65,346.7,363.65,585.0,1842.0,NIFTY,2026-09-15,24250.0,PE,2
2026-09-03 10:00:00+00:00,358.55,371.8,356.8,371.8,650.0,614.0,NIFTY,2026-09-15,24250.0,PE,2
2026-09-03 10:05:00+00:00,372.0,376.65,369.95,376.65,715.0,1837.0,NIFTY,2026-09-15,24250.0,PE,2
2026-09-04 03:45:00+00:00,325.15,340.7,317.45,317.45,2210.0,1220.0,NIFTY,2026-09-15,24250.0,PE,2
2026-09-04 03:50:00+00:00,319.2,325.4,315.65,318.5,845.0,2420.0,NIFTY,2026-09-15,24250.0,PE,2
2026-09-04 03:55:00+00:00,317.0,328.0,317.0,328.0,390.0,1205.0,NIFTY,2026-09-15,24250.0,PE,2
2026-09-04 04:00:00+00:00,335.2,335.2,323.5,323.5,585.0,1201.0,NIFTY,2026-09-15,24250.0,PE,2
2026-09-04 04:05:00+00:00,329.0,333.0,327.6,327.6,2795.0,1798.0,NIFTY,2026-09-15,24250.0,PE,2
2026-09-04 04:10:00+00:00,327.1,330.05,323.5,330.05,520.0,1186.0,NIFTY,2026-09-15,24250.0,PE,2
2026-09-04 04:15:00+00:00,323.0,323.0,312.95,316.95,1105.0,592.0,NIFTY,2026-09-15,24250.0,PE,2
2026-09-04 04:20:00+00:00,315.45,315.45,298.05,298.05,1885.0,2358.0,NIFTY,2026-09-15,24250.0,PE,2
2026-09-04 04:25:00+00:00,296.2,299.9,294.1,295.0,1625.0,1753.0,NIFTY,2026-09-15,24250.0,PE,2
2026-09-04 04:30:00+00:00,298.05,298.05,290.0,290.55,1040.0,1742.0,NIFTY,2026-09-15,24250.0,PE,2
2026-09-04 04:35:00+00:00,299.4,302.15,297.1,302.15,845.0,1732.0,NIFTY,2026-09-15,24250.0,PE,2
2026-09-04 04:40:00+00:00,301.75,312.0,301.75,306.05,1690.0,1158.0,NIFTY,2026-09-15,24250.0,PE,2
2026-09-04 04:45:00+00:00,310.55,311.0,296.1,297.45,1040.0,1164.0,NIFTY,2026-09-15,24250.0,PE,2
2026-09-04 04:50:00+00:00,295.0,295.0,292.5,292.5,260.0,582.0,NIFTY,2026-09-15,24250.0,PE,2
2026-09-04 04:55:00+00:00,288.0,289.8,285.0,285.0,390.0,1164.0,NIFTY,2026-09-15,24250.0,PE,2
2026-09-04 05:00:00+00:00,280.35,288.4,280.35,288.0,1300.0,2328.0,NIFTY,2026-09-15,24250.0,PE,2
2026-09-04 05:05:00+00:00,290.0,290.0,286.45,288.15,585.0,1750.0,NIFTY,2026-09-15,24250.0,PE,2
2026-09-04 05:10:00+00:00,285.0,291.9,285.0,290.2,1040.0,1170.0,NIFTY,2026-09-15,24250.0,PE,2
2026-09-04 05:15:00+00:00,290.2,290.2,286.75,287.25,715.0,589.0,NIFTY,2026-09-15,24250.0,PE,2
2026-09-04 05:20:00+00:00,288.9,289.2,285.4,286.85,1755.0,1786.0,NIFTY,2026-09-15,24250.0,PE,2
2026-09-04 05:25:00+00:00,283.8,286.0,283.8,284.5,585.0,1196.0,NIFTY,2026-09-15,24250.0,PE,2
2026-09-04 05:30:00+00:00,283.2,287.55,282.95,287.55,390.0,,NIFTY,2026-09-15,24250.0,PE,2
2026-09-04 05:35:00+00:00,289.85,291.1,286.0,286.0,975.0,1200.0,NIFTY,2026-09-15,24250.0,PE,2
2026-09-04 05:40:00+00:00,284.75,291.0,283.5,291.0,455.0,1799.0,NIFTY,2026-09-15,24250.0,PE,2
2026-09-04 05:45:00+00:00,285.1,285.1,283.5,283.5,195.0,599.0,NIFTY,2026-09-15,24250.0,PE,2
2026-09-04 05:50:00+00:00,281.0,284.75,281.0,284.75,520.0,1198.0,NIFTY,2026-09-15,24250.0,PE,2
2026-09-04 05:55:00+00:00,282.55,282.55,278.85,280.5,1300.0,600.0,NIFTY,2026-09-15,24250.0,PE,2
2026-09-04 06:00:00+00:00,275.4,275.4,272.3,272.4,1820.0,1794.0,NIFTY,2026-09-15,24250.0,PE,2
2026-09-04 06:05:00+00:00,273.0,274.45,266.25,266.25,2470.0,1810.0,NIFTY,2026-09-15,24250.0,PE,2
2026-09-04 06:10:00+00:00,267.45,272.9,267.45,272.9,910.0,1187.0,NIFTY,2026-09-15,24250.0,PE,2
2026-09-04 06:15:00+00:00,275.0,276.5,275.0,275.75,780.0,1788.0,NIFTY,2026-09-15,24250.0,PE,2
2026-09-04 06:20:00+00:00,272.0,272.0,272.0,272.0,65.0,596.0,NIFTY,2026-09-15,24250.0,PE,2
2026-09-04 06:25:00+00:00,273.25,274.75,271.85,274.75,325.0,598.0,NIFTY,2026-09-15,24250.0,PE,2
2026-09-04 06:30:00+00:00,279.0,284.85,279.0,284.85,260.0,1192.0,NIFTY,2026-09-15,24250.0,PE,2
2026-09-04 06:35:00+00:00,291.7,291.7,289.05,289.05,195.0,596.0,NIFTY,2026-09-15,24250.0,PE,2
2026-09-04 06:40:00+00:00,293.45,296.45,292.9,295.95,1820.0,1790.0,NIFTY,2026-09-15,24250.0,PE,2
2026-09-04 06:45:00+00:00,295.7,301.4,295.6,297.45,3055.0,1190.0,NIFTY,2026-09-15,24250.0,PE,2
2026-09-04 06:50:00+00:00,299.8,310.0,299.8,310.0,3055.0,1733.0,NIFTY,2026-09-15,24250.0,PE,2
2026-09-04 06:55:00+00:00,309.7,309.7,299.8,300.5,780.0,1689.0,NIFTY,2026-09-15,24250.0,PE,2
2026-09-04 07:00:00+00:00,305.0,306.7,302.85,306.7,2275.0,1680.0,NIFTY,2026-09-15,24250.0,PE,2
2026-09-04 07:05:00+00:00,304.75,310.2,304.75,309.05,845.0,1727.0,NIFTY,2026-09-15,24250.0,PE,2
2026-09-04 07:10:00+00:00,300.95,307.4,300.95,307.4,2145.0,1134.0,NIFTY,2026-09-15,24250.0,PE,2
2026-09-04 07:15:00+00:00,306.85,312.4,306.85,308.0,455.0,1119.0,NIFTY,2026-09-15,24250.0,PE,2
2026-09-04 07:20:00+00:00,301.25,301.25,300.4,300.4,260.0,560.0,NIFTY,2026-09-15,24250.0,PE,2
2026-09-04 07:25:00+00:00,312.8,315.0,306.5,306.5,325.0,562.0,NIFTY,2026-09-15,24250.0,PE,2
2026-09-04 07:35:00+00:00,304.4,304.4,300.0,300.0,325.0,562.0,NIFTY,2026-09-15,24250.0,PE,2
2026-09-04 07:40:00+00:00,293.0,296.05,293.0,295.45,455.0,1689.0,NIFTY,2026-09-15,24250.0,PE,2
2026-09-04 07:45:00+00:00,293.5,293.8,284.75,288.9,1430.0,2275.0,NIFTY,2026-09-15,24250.0,PE,2
2026-09-04 07:50:00+00:00,288.45,293.8,288.45,288.9,1300.0,3422.0,NIFTY,2026-09-15,24250.0,PE,2
2026-09-04 07:55:00+00:00,296.15,302.0,296.15,302.0,195.0,569.0,NIFTY,2026-09-15,24250.0,PE,2
2026-09-04 08:00:00+00:00,302.0,306.75,302.0,306.75,455.0,2278.0,NIFTY,2026-09-15,24250.0,PE,2
2026-09-04 08:05:00+00:00,302.0,302.0,298.6,298.6,455.0,1138.0,NIFTY,2026-09-15,24250.0,PE,2
2026-09-04 08:10:00+00:00,300.4,303.55,298.5,303.55,390.0,567.0,NIFTY,2026-09-15,24250.0,PE,2
2026-09-04 08:15:00+00:00,301.2,301.2,301.2,301.2,65.0,,NIFTY,2026-09-15,24250.0,PE,2
2026-09-04 08:25:00+00:00,305.0,305.0,305.0,305.0,65.0,,NIFTY,2026-09-15,24250.0,PE,2
2026-09-04 08:35:00+00:00,299.5,300.5,299.35,299.35,195.0,568.0,NIFTY,2026-09-15,24250.0,PE,2
2026-09-04 08:40:00+00:00,296.5,297.0,295.9,296.1,325.0,,NIFTY,2026-09-15,24250.0,PE,2
2026-09-04 08:45:00+00:00,298.05,298.05,298.05,298.05,65.0,568.0,NIFTY,2026-09-15,24250.0,PE,2
2026-09-04 08:55:00+00:00,290.3,290.3,285.0,285.0,975.0,1139.0,NIFTY,2026-09-15,24250.0,PE,2
2026-09-04 09:00:00+00:00,282.6,287.0,280.45,286.5,975.0,1132.0,NIFTY,2026-09-15,24250.0,PE,2
2026-09-04 09:05:00+00:00,288.4,302.15,288.4,302.15,845.0,1128.0,NIFTY,2026-09-15,24250.0,PE,2
2026-09-04 09:10:00+00:00,302.75,305.0,302.75,305.0,585.0,564.0,NIFTY,2026-09-15,24250.0,PE,2
2026-09-04 09:15:00+00:00,304.0,304.0,304.0,304.0,325.0,562.0,NIFTY,2026-09-15,24250.0,PE,2
2026-09-04 09:20:00+00:00,304.0,305.0,302.55,302.55,910.0,2246.0,NIFTY,2026-09-15,24250.0,PE,2
2026-09-04 09:25:00+00:00,301.5,302.5,301.5,301.5,325.0,1674.0,NIFTY,2026-09-15,24250.0,PE,2
2026-09-04 09:30:00+00:00,301.55,302.8,301.55,302.3,260.0,1119.0,NIFTY,2026-09-15,24250.0,PE,2
2026-09-04 09:35:00+00:00,305.5,305.5,301.3,301.3,520.0,559.0,NIFTY,2026-09-15,24250.0,PE,2
2026-09-04 09:40:00+00:00,302.8,304.6,297.4,301.6,3055.0,1696.0,NIFTY,2026-09-15,24250.0,PE,2
2026-09-04 09:45:00+00:00,303.15,303.15,298.75,299.25,910.0,566.0,NIFTY,2026-09-15,24250.0,PE,2
2026-09-04 09:50:00+00:00,303.25,318.5,303.25,311.5,3380.0,2827.0,NIFTY,2026-09-15,24250.0,PE,2
2026-09-04 09:55:00+00:00,309.45,309.7,301.7,309.7,1365.0,2233.0,NIFTY,2026-09-15,24250.0,PE,2
2026-09-04 10:00:00+00:00,311.9,312.05,310.4,310.45,390.0,555.0,NIFTY,2026-09-15,24250.0,PE,2
2026-09-04 10:05:00+00:00,308.75,311.05,307.6,308.0,1690.0,2211.0,NIFTY,2026-09-15,24250.0,PE,2
2026-09-07 03:45:00+00:00,350.0,403.6,350.0,386.8,9685.0,2174.0,NIFTY,2026-09-15,24250.0,PE,2
2026-09-07 03:50:00+00:00,392.4,395.0,385.4,395.0,4225.0,2096.0,NIFTY,2026-09-15,24250.0,PE,2
2026-09-07 03:55:00+00:00,395.25,404.0,395.25,401.0,1365.0,1527.0,NIFTY,2026-09-15,24250.0,PE,2
2026-09-07 04:00:00+00:00,404.65,404.65,392.3,392.3,650.0,1005.0,NIFTY,2026-09-15,24250.0,PE,2
2026-09-07 04:05:00+00:00,393.0,393.3,386.45,388.0,1430.0,1498.0,NIFTY,2026-09-15,24250.0,PE,2
2026-09-07 04:10:00+00:00,389.5,389.75,382.9,389.75,910.0,980.0,NIFTY,2026-09-15,24250.0,PE,2
2026-09-07 04:15:00+00:00,388.75,397.3,388.75,397.3,130.0,490.0,NIFTY,2026-09-15,24250.0,PE,2
2026-09-07 04:20:00+00:00,393.85,407.0,393.85,407.0,2340.0,973.0,NIFTY,2026-09-15,24250.0,PE,2
2026-09-07 04:25:00+00:00,408.0,408.0,397.65,404.35,520.0,976.0,NIFTY,2026-09-15,24250.0,PE,2
2026-09-07 04:30:00+00:00,403.0,403.0,397.2,397.2,325.0,1466.0,NIFTY,2026-09-15,24250.0,PE,2
2026-09-07 04:35:00+00:00,401.5,401.5,401.5,401.5,65.0,487.0,NIFTY,2026-09-15,24250.0,PE,2
2026-09-07 04:40:00+00:00,407.95,407.95,407.95,407.95,260.0,486.0,NIFTY,2026-09-15,24250.0,PE,2
2026-09-07 04:45:00+00:00,410.0,420.65,410.0,420.65,1170.0,971.0,NIFTY,2026-09-15,24250.0,PE,2
2026-09-07 04:50:00+00:00,414.85,414.85,414.85,414.85,65.0,482.0,NIFTY,2026-09-15,24250.0,PE,2
2026-09-07 04:55:00+00:00,413.3,413.3,410.35,412.0,650.0,965.0,NIFTY,2026-09-15,24250.0,PE,2
2026-09-07 05:00:00+00:00,409.4,409.4,409.4,409.4,650.0,,NIFTY,2026-09-15,24250.0,PE,2
2026-09-07 05:05:00+00:00,410.75,412.35,410.75,412.35,650.0,965.0,NIFTY,2026-09-15,24250.0,PE,2
2026-09-07 05:10:00+00:00,411.4,411.4,411.4,411.4,65.0,478.0,NIFTY,2026-09-15,24250.0,PE,2
2026-09-07 05:15:00+00:00,411.5,417.35,411.5,415.5,1690.0,958.0,NIFTY,2026-09-15,24250.0,PE,2
2026-09-07 05:20:00+00:00,417.4,423.15,414.2,423.15,1820.0,1430.0,NIFTY,2026-09-15,24250.0,PE,2
2026-09-07 05:25:00+00:00,415.95,415.95,415.95,415.95,65.0,474.0,NIFTY,2026-09-15,24250.0,PE,2
2026-09-07 05:30:00+00:00,421.15,432.15,421.15,432.15,585.0,477.0,NIFTY,2026-09-15,24250.0,PE,2
2026-09-07 05:35:00+00:00,433.65,435.1,431.4,431.4,260.0,475.0,NIFTY,2026-09-15,24250.0,PE,2
2026-09-07 05:40:00+00:00,434.85,441.6,433.9,441.6,715.0,1433.0,NIFTY,2026-09-15,24250.0,PE,2
2026-09-07 05:45:00+00:00,437.3,441.6,435.0,435.0,195.0,960.0,NIFTY,2026-09-15,24250.0,PE,2
2026-09-07 05:50:00+00:00,429.5,429.5,429.5,429.5,195.0,479.0,NIFTY,2026-09-15,24250.0,PE,2
2026-09-07 05:55:00+00:00,433.7,436.6,433.7,436.6,130.0,479.0,NIFTY,2026-09-15,24250.0,PE,2
2026-09-07 06:00:00+00:00,434.0,434.0,434.0,434.0,65.0,,NIFTY,2026-09-15,24250.0,PE,2
2026-09-07 06:05:00+00:00,437.5,437.5,437.5,437.5,65.0,479.0,NIFTY,2026-09-15,24250.0,PE,2
2026-09-07 06:15:00+00:00,426.0,426.0,426.0,426.0,65.0,,NIFTY,2026-09-15,24250.0,PE,2
2026-09-07 06:25:00+00:00,424.25,424.25,424.25,424.25,650.0,,NIFTY,2026-09-15,24250.0,PE,2
2026-09-07 06:30:00+00:00,425.8,425.8,425.8,425.8,65.0,478.0,NIFTY,2026-09-15,24250.0,PE,2
2026-09-07 06:35:00+00:00,418.75,419.4,418.75,419.4,195.0,,NIFTY,2026-09-15,24250.0,PE,2
2026-09-07 06:40:00+00:00,419.0,419.0,415.5,415.5,130.0,956.0,NIFTY,2026-09-15,24250.0,PE,2
2026-09-07 06:45:00+00:00,420.0,423.1,420.0,423.1,195.0,,NIFTY,2026-09-15,24250.0,PE,2
2026-09-07 06:50:00+00:00,438.0,438.0,438.0,438.0,650.0,479.0,NIFTY,2026-09-15,24250.0,PE,2
2026-09-07 07:10:00+00:00,430.05,430.05,430.05,430.05,65.0,484.0,NIFTY,2026-09-15,24250.0,PE,2
2026-09-07 07:20:00+00:00,451.35,455.0,448.5,452.65,1105.0,956.0,NIFTY,2026-09-15,24250.0,PE,2
2026-09-07 07:25:00+00:00,447.15,447.15,443.1,443.35,2730.0,950.0,NIFTY,2026-09-15,24250.0,PE,2
2026-09-07 07:30:00+00:00,443.0,443.1,443.0,443.1,130.0,941.0,NIFTY,2026-09-15,24250.0,PE,2
2026-09-07 07:35:00+00:00,432.75,432.75,432.75,432.75,65.0,,NIFTY,2026-09-15,24250.0,PE,2
2026-09-07 07:50:00+00:00,432.75,432.75,432.75,432.75,65.0,471.0,NIFTY,2026-09-15,24250.0,PE,2
2026-09-07 07:55:00+00:00,428.55,428.55,428.55,428.55,65.0,,NIFTY,2026-09-15,24250.0,PE,2
2026-09-07 08:00:00+00:00,436.85,436.85,431.05,431.05,130.0,470.0,NIFTY,2026-09-15,24250.0,PE,2
2026-09-07 08:05:00+00:00,427.8,431.4,425.0,426.05,4160.0,1430.0,NIFTY,2026-09-15,24250.0,PE,2
2026-09-07 08:10:00+00:00,426.5,428.35,424.15,424.15,260.0,479.0,NIFTY,2026-09-15,24250.0,PE,2
2026-09-07 08:15:00+00:00,423.15,423.15,423.15,423.15,130.0,479.0,NIFTY,2026-09-15,24250.0,PE,2
2026-09-07 08:20:00+00:00,421.55,421.55,406.0,406.0,1300.0,961.0,NIFTY,2026-09-15,24250.0,PE,2
2026-09-07 08:25:00+00:00,410.0,410.0,410.0,410.0,260.0,482.0,NIFTY,2026-09-15,24250.0,PE,2
2026-09-07 08:30:00+00:00,410.4,412.0,406.5,406.5,325.0,483.0,NIFTY,2026-09-15,24250.0,PE,2
2026-09-07 08:35:00+00:00,415.0,415.9,411.6,415.9,325.0,484.0,NIFTY,2026-09-15,24250.0,PE,2
2026-09-07 08:40:00+00:00,411.3,416.4,411.15,411.35,1560.0,1463.0,NIFTY,2026-09-15,24250.0,PE,2
2026-09-07 08:45:00+00:00,412.35,421.15,412.35,419.85,455.0,1481.0,NIFTY,2026-09-15,24250.0,PE,2
2026-09-07 08:55:00+00:00,406.55,406.55,406.55,406.55,65.0,,NIFTY,2026-09-15,24250.0,PE,2
2026-09-07 09:00:00+00:00,411.0,411.0,411.0,411.0,65.0,494.0,NIFTY,2026-09-15,24250.0,PE,2
2026-09-07 09:15:00+00:00,433.65,433.65,433.65,433.65,65.0,,NIFTY,2026-09-15,24250.0,PE,2
2026-09-07 09:20:00+00:00,429.7,433.65,429.7,433.65,130.0,,NIFTY,2026-09-15,24250.0,PE,2
2026-09-07 09:25:00+00:00,434.0,434.0,432.95,433.0,520.0,497.0,NIFTY,2026-09-15,24250.0,PE,2
2026-09-07 09:30:00+00:00,427.55,427.55,427.55,427.55,65.0,495.0,NIFTY,2026-09-15,24250.0,PE,2
2026-09-07 09:35:00+00:00,434.65,434.65,430.3,430.3,260.0,496.0,NIFTY,2026-09-15,24250.0,PE,2
2026-09-07 09:40:00+00:00,430.45,430.45,429.85,429.85,195.0,497.0,NIFTY,2026-09-15,24250.0,PE,2
2026-09-07 09:45:00+00:00,436.4,441.8,436.4,441.8,195.0,,NIFTY,2026-09-15,24250.0,PE,2
2026-09-07 09:50:00+00:00,444.55,444.55,442.0,444.1,715.0,1992.0,NIFTY,2026-09-15,24250.0,PE,2
2026-09-07 09:55:00+00:00,445.35,454.85,445.35,454.85,130.0,,NIFTY,2026-09-15,24250.0,PE,2
2026-09-07 10:00:00+00:00,441.9,456.6,441.9,455.0,780.0,1497.0,NIFTY,2026-09-15,24250.0,PE,2
2026-09-07 10:05:00+00:00,456.75,456.75,454.15,456.0,455.0,499.0,NIFTY,2026-09-15,24250.0,PE,2
2026-09-08 03:55:00+00:00,537.4,537.4,529.1,529.1,1040.0,,NIFTY,2026-09-15,24250.0,PE,2
2026-09-08 04:00:00+00:00,529.2,530.3,526.3,530.3,1755.0,496.0,NIFTY,2026-09-15,24250.0,PE,2
2026-09-08 04:05:00+00:00,533.1,533.1,519.7,521.0,3250.0,978.0,NIFTY,2026-09-15,24250.0,PE,2
2026-09-08 04:10:00+00:00,523.0,529.0,523.0,529.0,390.0,488.0,NIFTY,2026-09-15,24250.0,PE,2
2026-09-08 04:15:00+00:00,530.0,530.0,528.8,528.8,195.0,486.0,NIFTY,2026-09-15,24250.0,PE,2
2026-09-08 04:20:00+00:00,515.2,515.2,515.2,515.2,260.0,,NIFTY,2026-09-15,24250.0,PE,2
2026-09-08 04:25:00+00:00,528.75,539.95,528.55,539.95,455.0,,NIFTY,2026-09-15,24250.0,PE,2
2026-09-08 04:30:00+00:00,531.7,531.7,531.7,531.7,65.0,486.0,NIFTY,2026-09-15,24250.0,PE,2
2026-09-08 04:35:00+00:00,543.65,543.65,528.05,528.05,325.0,,NIFTY,2026-09-15,24250.0,PE,2
2026-09-08 04:40:00+00:00,528.75,528.9,515.0,515.0,585.0,975.0,NIFTY,2026-09-15,24250.0,PE,2
2026-09-08 04:50:00+00:00,515.4,518.25,515.4,518.25,520.0,486.0,NIFTY,2026-09-15,24250.0,PE,2
2026-09-08 04:55:00+00:00,520.0,525.0,517.75,520.95,390.0,1445.0,NIFTY,2026-09-15,24250.0,PE,2
2026-09-08 05:00:00+00:00,520.0,520.0,520.0,520.0,195.0,,NIFTY,2026-09-15,24250.0,PE,2
2026-09-08 05:05:00+00:00,536.75,536.75,535.15,535.15,390.0,,NIFTY,2026-09-15,24250.0,PE,2
2026-09-08 05:15:00+00:00,525.0,525.25,523.8,525.25,455.0,953.0,NIFTY,2026-09-15,24250.0,PE,2
2026-09-08 05:20:00+00:00,515.6,526.9,515.6,526.85,455.0,1416.0,NIFTY,2026-09-15,24250.0,PE,2
2026-09-08 05:25:00+00:00,529.45,534.4,529.45,534.4,1495.0,1851.0,NIFTY,2026-09-15,24250.0,PE,2
2026-09-08 05:30:00+00:00,534.65,539.8,534.65,537.95,1300.0,1363.0,NIFTY,2026-09-15,24250.0,PE,2
2026-09-08 05:35:00+00:00,538.75,538.75,526.2,528.3,910.0,904.0,NIFTY,2026-09-15,24250.0,PE,2
2026-09-08 05:40:00+00:00,528.5,531.1,528.5,528.95,715.0,1349.0,NIFTY,2026-09-15,24250.0,PE,2
2026-09-08 05:45:00+00:00,529.15,529.15,521.9,521.9,325.0,,NIFTY,2026-09-15,24250.0,PE,2
2026-09-08 05:50:00+00:00,528.6,532.25,528.6,529.7,520.0,893.0,NIFTY,2026-09-15,24250.0,PE,2
2026-09-08 06:00:00+00:00,528.45,536.25,528.45,536.25,715.0,881.0,NIFTY,2026-09-15,24250.0,PE,2
2026-09-08 06:05:00+00:00,533.35,533.55,531.05,531.05,195.0,439.0,NIFTY,2026-09-15,24250.0,PE,2
2026-09-08 06:10:00+00:00,530.0,530.0,530.0,530.0,325.0,,NIFTY,2026-09-15,24250.0,PE,2
2026-09-08 06:15:00+00:00,532.4,540.1,532.4,540.1,715.0,1313.0,NIFTY,2026-09-15,24250.0,PE,2
2026-09-08 06:20:00+00:00,542.6,546.4,542.6,546.4,390.0,,NIFTY,2026-09-15,24250.0,PE,2
2026-09-08 06:30:00+00:00,551.0,556.1,551.0,556.1,130.0,431.0,NIFTY,2026-09-15,24250.0,PE,2
2026-09-08 06:40:00+00:00,550.55,550.55,550.55,550.55,1170.0,,NIFTY,2026-09-15,24250.0,PE,2
2026-09-08 06:45:00+00:00,555.0,555.0,555.0,555.0,65.0,437.0,NIFTY,2026-09-15,24250.0,PE,2
2026-09-08 07:10:00+00:00,537.0,548.35,537.0,548.35,260.0,436.0,NIFTY,2026-09-15,24250.0,PE,2
2026-09-08 07:20:00+00:00,549.7,549.7,549.7,549.7,65.0,,NIFTY,2026-09-15,24250.0,PE,2
2026-09-08 07:30:00+00:00,546.85,552.75,546.85,552.75,455.0,,NIFTY,2026-09-15,24250.0,PE,2
2026-09-08 07:40:00+00:00,545.0,545.25,545.0,545.25,195.0,436.0,NIFTY,2026-09-15,24250.0,PE,2
2026-09-08 07:50:00+00:00,550.0,550.0,550.0,550.0,65.0,434.0,NIFTY,2026-09-15,24250.0,PE,2
2026-09-08 08:00:00+00:00,560.0,560.0,560.0,560.0,195.0,435.0,NIFTY,2026-09-15,24250.0,PE,2
2026-09-08 08:05:00+00:00,561.0,561.0,552.15,555.0,3120.0,884.0,NIFTY,2026-09-15,24250.0,PE,2
2026-09-08 08:15:00+00:00,560.6,560.6,560.6,560.6,195.0,445.0,NIFTY,2026-09-15,24250.0,PE,2
2026-09-08 08:20:00+00:00,570.0,570.6,566.4,566.4,1950.0,433.0,NIFTY,2026-09-15,24250.0,PE,2
2026-09-08 08:25:00+00:00,565.7,566.65,565.7,566.65,325.0,438.0,NIFTY,2026-09-15,24250.0,PE,2
2026-09-08 08:30:00+00:00,563.0,563.0,561.0,561.0,780.0,885.0,NIFTY,2026-09-15,24250.0,PE,2
2026-09-08 08:35:00+00:00,553.15,558.4,553.15,558.4,130.0,449.0,NIFTY,2026-09-15,24250.0,PE,2
2026-09-08 08:45:00+00:00,554.5,554.5,554.5,554.5,65.0,,NIFTY,2026-09-15,24250.0,PE,2
2026-09-08 08:50:00+00:00,551.7,551.7,551.7,551.7,65.0,449.0,NIFTY,2026-09-15,24250.0,PE,2
2026-09-08 09:00:00+00:00,552.75,554.3,552.75,552.75,1170.0,,NIFTY,2026-09-15,24250.0,PE,2
2026-09-08 09:15:00+00:00,553.25,556.15,553.25,556.15,325.0,919.0,NIFTY,2026-09-15,24250.0,PE,2
2026-09-08 09:20:00+00:00,564.1,564.1,564.1,564.1,65.0,,NIFTY,2026-09-15,24250.0,PE,2
2026-09-08 09:25:00+00:00,560.0,560.0,559.0,559.25,520.0,,NIFTY,2026-09-15,24250.0,PE,2
2026-09-08 09:30:00+00:00,563.1,563.1,558.0,558.5,650.0,459.0,NIFTY,2026-09-15,24250.0,PE,2
2026-09-08 09:35:00+00:00,559.45,560.95,557.05,557.05,1755.0,,NIFTY,2026-09-15,24250.0,PE,2
2026-09-08 09:40:00+00:00,548.95,565.9,547.9,560.4,3445.0,1420.0,NIFTY,2026-09-15,24250.0,PE,2
2026-09-08 09:45:00+00:00,566.1,570.1,553.9,565.4,3055.0,488.0,NIFTY,2026-09-15,24250.0,PE,2
2026-09-08 09:50:00+00:00,566.0,571.95,566.0,571.95,325.0,981.0,NIFTY,2026-09-15,24250.0,PE,2
2026-09-08 09:55:00+00:00,557.95,557.95,557.95,557.95,65.0,,NIFTY,2026-09-15,24250.0,PE,2
2026-09-08 10:00:00+00:00,561.75,561.75,554.2,554.75,4290.0,1990.0,NIFTY,2026-09-15,24250.0,PE,2
2026-09-08 10:05:00+00:00,554.1,561.0,554.1,557.3,4420.0,2099.0,NIFTY,2026-09-15,24250.0,PE,2
2026-09-09 03:45:00+00:00,666.35,710.85,666.35,698.7,4290.0,546.0,NIFTY,2026-09-15,24250.0,PE,2
2026-09-09 03:50:00+00:00,705.45,705.95,695.3,698.8,585.0,547.0,NIFTY,2026-09-15,24250.0,PE,2
2026-09-09 03:55:00+00:00,682.3,696.15,681.6,694.4,780.0,2189.0,NIFTY,2026-09-15,24250.0,PE,2
2026-09-09 04:00:00+00:00,687.95,691.05,685.85,689.35,650.0,,NIFTY,2026-09-15,24250.0,PE,2
2026-09-09 04:05:00+00:00,690.7,690.7,676.55,676.55,455.0,1641.0,NIFTY,2026-09-15,24250.0,PE,2
2026-09-09 04:10:00+00:00,675.2,679.05,674.85,676.45,650.0,546.0,NIFTY,2026-09-15,24250.0,PE,2
2026-09-09 04:15:00+00:00,684.65,684.65,683.5,683.65,390.0,546.0,NIFTY,2026-09-15,24250.0,PE,2
2026-09-09 04:20:00+00:00,705.9,708.15,694.95,703.9,1040.0,1630.0,NIFTY,2026-09-15,24250.0,PE,2
2026-09-09 04:25:00+00:00,707.15,708.6,701.5,705.55,390.0,,NIFTY,2026-09-15,24250.0,PE,2
2026-09-09 04:30:00+00:00,721.35,723.05,718.4,718.9,1430.0,1099.0,NIFTY,2026-09-15,24250.0,PE,2
2026-09-09 04:35:00+00:00,718.55,723.7,716.7,722.75,975.0,1103.0,NIFTY,2026-09-15,24250.0,PE,2
2026-09-09 04:40:00+00:00,720.75,720.75,709.85,709.85,650.0,1103.0,NIFTY,2026-09-15,24250.0,PE,2
2026-09-09 04:45:00+00:00,712.65,712.65,695.0,695.0,130.0,551.0,NIFTY,2026-09-15,24250.0,PE,2
2026-09-09 04:50:00+00:00,683.9,683.9,657.65,657.75,845.0,1099.0,NIFTY,2026-09-15,24250.0,PE,2
2026-09-09 04:55:00+00:00,656.9,665.3,656.9,665.3,260.0,,NIFTY,2026-09-15,24250.0,PE,2
2026-09-09 05:00:00+00:00,655.0,669.1,655.0,669.1,195.0,1099.0,NIFTY,2026-09-15,24250.0,PE,2
2026-09-09 05:05:00+00:00,691.85,691.85,691.85,691.85,130.0,548.0,NIFTY,2026-09-15,24250.0,PE,2
2026-09-09 05:15:00+00:00,681.0,681.0,681.0,681.0,195.0,547.0,NIFTY,2026-09-15,24250.0,PE,2
2026-09-09 05:20:00+00:00,681.3,683.0,681.3,683.0,1105.0,,NIFTY,2026-09-15,24250.0,PE,2
2026-09-09 05:30:00+00:00,660.3,667.0,660.3,667.0,195.0,558.0,NIFTY,2026-09-15,24250.0,PE,2
2026-09-09 05:50:00+00:00,667.0,680.0,667.0,680.0,130.0,,NIFTY,2026-09-15,24250.0,PE,2
2026-09-09 06:20:00+00:00,682.55,682.55,682.55,682.55,130.0,,NIFTY,2026-09-15,24250.0,PE,2
2026-09-09 06:25:00+00:00,697.05,708.8,697.05,708.8,455.0,559.0,NIFTY,2026-09-15,24250.0,PE,2
2026-09-09 06:30:00+00:00,719.05,719.05,719.05,719.05,65.0,558.0,NIFTY,2026-09-15,24250.0,PE,2
2026-09-09 06:40:00+00:00,711.85,711.85,711.85,711.85,65.0,559.0,NIFTY,2026-09-15,24250.0,PE,2
2026-09-09 06:50:00+00:00,713.85,719.95,713.85,719.95,260.0,558.0,NIFTY,2026-09-15,24250.0,PE,2
2026-09-09 06:55:00+00:00,703.65,703.65,700.0,700.0,195.0,1119.0,NIFTY,2026-09-15,24250.0,PE,2
2026-09-09 07:00:00+00:00,689.5,689.5,650.0,658.35,260.0,1676.0,NIFTY,2026-09-15,24250.0,PE,2
2026-09-09 07:05:00+00:00,640.0,640.0,640.0,640.0,65.0,558.0,NIFTY,2026-09-15,24250.0,PE,2
2026-09-09 07:10:00+00:00,648.35,648.35,648.35,648.35,65.0,,NIFTY,2026-09-15,24250.0,PE,2
2026-09-09 07:15:00+00:00,640.0,640.0,632.35,632.35,260.0,556.0,NIFTY,2026-09-15,24250.0,PE,2
2026-09-09 07:20:00+00:00,648.6,652.0,648.6,652.0,195.0,557.0,NIFTY,2026-09-15,24250.0,PE,2
2026-09-09 07:25:00+00:00,658.05,658.05,658.05,658.05,325.0,556.0,NIFTY,2026-09-15,24250.0,PE,2
2026-09-09 07:30:00+00:00,645.35,653.1,645.35,650.95,1235.0,555.0,NIFTY,2026-09-15,24250.0,PE,2
2026-09-09 07:35:00+00:00,648.5,649.75,648.5,649.75,130.0,564.0,NIFTY,2026-09-15,24250.0,PE,2
2026-09-09 07:45:00+00:00,658.0,658.0,658.0,658.0,130.0,564.0,NIFTY,2026-09-15,24250.0,PE,2
2026-09-09 07:55:00+00:00,650.0,650.0,650.0,650.0,130.0,,NIFTY,2026-09-15,24250.0,PE,2
2026-09-09 08:10:00+00:00,646.35,646.35,646.35,646.35,65.0,,NIFTY,2026-09-15,24250.0,PE,2
2026-09-09 08:15:00+00:00,655.05,655.05,655.0,655.0,195.0,,NIFTY,2026-09-15,24250.0,PE,2
2026-09-09 08:25:00+00:00,661.1,661.1,661.1,661.1,130.0,563.0,NIFTY,2026-09-15,24250.0,PE,2
2026-09-09 08:40:00+00:00,655.0,655.0,655.0,655.0,65.0,,NIFTY,2026-09-15,24250.0,PE,2
2026-09-09 09:00:00+00:00,688.2,688.2,686.65,686.65,130.0,562.0,NIFTY,2026-09-15,24250.0,PE,2
2026-09-09 09:15:00+00:00,710.0,710.0,705.55,705.55,2470.0,,NIFTY,2026-09-15,24250.0,PE,2
2026-09-09 09:20:00+00:00,703.9,703.9,702.55,702.55,130.0,,NIFTY,2026-09-15,24250.0,PE,2
2026-09-09 09:25:00+00:00,702.3,702.3,702.3,702.3,65.0,562.0,NIFTY,2026-09-15,24250.0,PE,2
2026-09-09 09:30:00+00:00,701.95,727.2,701.95,724.05,260.0,561.0,NIFTY,2026-09-15,24250.0,PE,2
2026-09-09 09:35:00+00:00,733.2,734.95,733.2,733.9,195.0,560.0,NIFTY,2026-09-15,24250.0,PE,2
2026-09-09 09:40:00+00:00,727.65,727.65,727.65,727.65,65.0,561.0,NIFTY,2026-09-15,24250.0,PE,2
2026-09-09 09:45:00+00:00,724.0,724.0,724.0,724.0,65.0,,NIFTY,2026-09-15,24250.0,PE,2
2026-09-09 09:55:00+00:00,741.6,742.0,740.25,741.8,325.0,1678.0,NIFTY,2026-09-15,24250.0,PE,2
2026-09-09 10:00:00+00:00,767.55,767.55,767.55,767.55,65.0,558.0,NIFTY,2026-09-15,24250.0,PE,2
2026-09-09 10:05:00+00:00,762.15,762.15,762.15,762.15,65.0,,NIFTY,2026-09-15,24250.0,PE,2
2026-09-10 03:45:00+00:00,752.2,773.95,742.9,742.9,780.0,1110.0,NIFTY,2026-09-15,24250.0,PE,2
2026-09-10 03:50:00+00:00,759.7,781.45,759.7,776.95,455.0,1110.0,NIFTY,2026-09-15,24250.0,PE,2
2026-09-10 03:55:00+00:00,767.6,767.6,767.6,767.6,130.0,553.0,NIFTY,2026-09-15,24250.0,PE,2
2026-09-10 04:00:00+00:00,780.55,781.0,780.55,781.0,1105.0,1102.0,NIFTY,2026-09-15,24250.0,PE,2
2026-09-10 04:05:00+00:00,780.4,786.8,777.8,786.8,325.0,1100.0,NIFTY,2026-09-15,24250.0,PE,2
2026-09-10 04:10:00+00:00,790.0,790.0,774.0,776.4,390.0,1103.0,NIFTY,2026-09-15,24250.0,PE,2
2026-09-10 04:15:00+00:00,775.0,775.0,775.0,775.0,65.0,552.0,NIFTY,2026-09-15,24250.0,PE,2
2026-09-10 04:20:00+00:00,759.6,762.8,759.6,762.8,130.0,1103.0,NIFTY,2026-09-15,24250.0,PE,2
2026-09-10 04:30:00+00:00,795.05,795.05,794.25,794.25,325.0,551.0,NIFTY,2026-09-15,24250.0,PE,2
2026-09-10 05:00:00+00:00,777.35,777.35,776.45,776.45,195.0,1096.0,NIFTY,2026-09-15,24250.0,PE,2
2026-09-10 05:20:00+00:00,778.85,778.85,778.85,778.85,65.0,547.0,NIFTY,2026-09-15,24250.0,PE,2
2026-09-10 05:30:00+00:00,788.25,788.25,776.8,776.8,1495.0,1092.0,NIFTY,2026-09-15,24250.0,PE,2
2026-09-10 05:35:00+00:00,787.65,787.65,787.65,787.65,65.0,533.0,NIFTY,2026-09-15,24250.0,PE,2
2026-09-10 05:40:00+00:00,762.95,762.95,762.95,762.95,65.0,533.0,NIFTY,2026-09-15,24250.0,PE,2
2026-09-10 05:45:00+00:00,757.7,757.7,753.7,753.7,130.0,1065.0,NIFTY,2026-09-15,24250.0,PE,2
2026-09-10 06:25:00+00:00,761.25,761.25,761.25,761.25,65.0,,NIFTY,2026-09-15,24250.0,PE,2
2026-09-10 06:30:00+00:00,755.8,755.8,755.8,755.8,65.0,533.0,NIFTY,2026-09-15,24250.0,PE,2
2026-09-10 06:35:00+00:00,761.2,761.2,761.2,761.2,65.0,531.0,NIFTY,2026-09-15,24250.0,PE,2
2026-09-10 06:40:00+00:00,747.0,747.0,738.9,738.9,130.0,531.0,NIFTY,2026-09-15,24250.0,PE,2
2026-09-10 06:45:00+00:00,747.85,747.85,747.85,747.85,65.0,,NIFTY,2026-09-15,24250.0,PE,2
2026-09-10 07:35:00+00:00,779.6,781.05,778.1,781.05,585.0,,NIFTY,2026-09-15,24250.0,PE,2
2026-09-10 07:40:00+00:00,780.3,780.3,780.3,780.3,65.0,533.0,NIFTY,2026-09-15,24250.0,PE,2
2026-09-10 08:15:00+00:00,783.1,783.1,783.1,783.1,65.0,,NIFTY,2026-09-15,24250.0,PE,2
2026-09-10 08:25:00+00:00,791.65,791.65,791.65,791.65,65.0,,NIFTY,2026-09-15,24250.0,PE,2
2026-09-10 08:35:00+00:00,799.8,799.8,799.8,799.8,65.0,,NIFTY,2026-09-15,24250.0,PE,2
2026-09-10 08:50:00+00:00,796.1,796.1,796.1,796.1,130.0,,NIFTY,2026-09-15,24250.0,PE,2
2026-09-10 09:00:00+00:00,796.0,796.0,796.0,796.0,65.0,533.0,NIFTY,2026-09-15,24250.0,PE,2
2026-09-10 09:15:00+00:00,790.3,790.3,790.3,790.3,65.0,,NIFTY,2026-09-15,24250.0,PE,2
2026-09-10 09:20:00+00:00,793.1,793.45,793.1,793.45,910.0,1059.0,NIFTY,2026-09-15,24250.0,PE,2
2026-09-10 09:25:00+00:00,793.45,793.45,793.45,793.45,65.0,,NIFTY,2026-09-15,24250.0,PE,2
2026-09-10 09:30:00+00:00,825.7,826.5,821.1,824.65,1755.0,1573.0,NIFTY,2026-09-15,24250.0,PE,2
2026-09-10 09:35:00+00:00,824.65,824.65,824.65,824.65,65.0,,NIFTY,2026-09-15,24250.0,PE,2
2026-09-10 09:45:00+00:00,825.0,825.0,825.0,825.0,65.0,530.0,NIFTY,2026-09-15,24250.0,PE,2
2026-09-10 09:55:00+00:00,805.0,805.0,805.0,805.0,65.0,529.0,NIFTY,2026-09-15,24250.0,PE,2
2026-09-10 10:00:00+00:00,798.05,799.05,798.05,799.05,130.0,529.0,NIFTY,2026-09-15,24250.0,PE,2
2026-09-10 10:05:00+00:00,795.0,795.55,795.0,795.55,910.0,1049.0,NIFTY,2026-09-15,24250.0,PE,2
2026-09-11 03:45:00+00:00,1014.9,1014.9,993.9,993.9,130.0,,NIFTY,2026-09-15,24250.0,PE,2
2026-09-11 03:50:00+00:00,991.75,991.75,991.75,991.75,130.0,523.0,NIFTY,2026-09-15,24250.0,PE,2
2026-09-11 03:55:00+00:00,985.0,996.1,985.0,992.0,520.0,1044.0,NIFTY,2026-09-15,24250.0,PE,2
2026-09-11 04:05:00+00:00,983.55,983.55,979.55,979.55,130.0,1038.0,NIFTY,2026-09-15,24250.0,PE,2
2026-09-11 04:10:00+00:00,995.0,995.0,991.9,992.0,455.0,1037.0,NIFTY,2026-09-15,24250.0,PE,2
2026-09-11 04:15:00+00:00,998.0,998.0,998.0,998.0,65.0,517.0,NIFTY,2026-09-15,24250.0,PE,2
2026-09-11 04:25:00+00:00,987.7,987.7,980.55,980.55,585.0,1032.0,NIFTY,2026-09-15,24250.0,PE,2
2026-09-11 04:30:00+00:00,985.0,987.85,980.0,980.0,195.0,1027.0,NIFTY,2026-09-15,24250.0,PE,2
2026-09-11 04:35:00+00:00,975.5,977.15,969.0,969.0,390.0,1534.0,NIFTY,2026-09-15,24250.0,PE,2
2026-09-11 04:40:00+00:00,967.15,967.15,955.0,955.0,975.0,1526.0,NIFTY,2026-09-15,24250.0,PE,2
2026-09-11 04:45:00+00:00,954.55,954.55,954.55,954.55,195.0,505.0,NIFTY,2026-09-15,24250.0,PE,2
2026-09-11 04:55:00+00:00,966.1,966.1,966.1,966.1,1755.0,507.0,NIFTY,2026-09-15,24250.0,PE,2
2026-09-11 05:00:00+00:00,960.6,960.6,960.6,960.6,325.0,507.0,NIFTY,2026-09-15,24250.0,PE,2
2026-09-11 05:20:00+00:00,955.0,955.0,954.85,954.85,455.0,503.0,NIFTY,2026-09-15,24250.0,PE,2
2026-09-11 05:30:00+00:00,945.0,950.0,945.0,950.0,130.0,501.0,NIFTY,2026-09-15,24250.0,PE,2
2026-09-11 05:45:00+00:00,895.0,895.0,874.8,890.0,195.0,1002.0,NIFTY,2026-09-15,24250.0,PE,2
2026-09-11 05:50:00+00:00,885.3,885.3,884.85,884.85,325.0,,NIFTY,2026-09-15,24250.0,PE,2
2026-09-11 05:55:00+00:00,879.0,879.0,879.0,879.0,1040.0,504.0,NIFTY,2026-09-15,24250.0,PE,2
2026-09-11 06:00:00+00:00,893.95,893.95,893.95,893.95,65.0,498.0,NIFTY,2026-09-15,24250.0,PE,2
2026-09-11 06:10:00+00:00,875.0,875.0,875.0,875.0,130.0,497.0,NIFTY,2026-09-15,24250.0,PE,2
2026-09-11 06:35:00+00:00,887.0,887.0,887.0,887.0,65.0,,NIFTY,2026-09-15,24250.0,PE,2
2026-09-11 06:45:00+00:00,903.9,903.9,903.9,903.9,130.0,,NIFTY,2026-09-15,24250.0,PE,2
2026-09-11 07:10:00+00:00,885.9,887.75,885.9,886.85,455.0,497.0,NIFTY,2026-09-15,24250.0,PE,2
2026-09-11 07:15:00+00:00,894.3,894.3,893.25,893.25,130.0,493.0,NIFTY,2026-09-15,24250.0,PE,2
2026-09-11 07:30:00+00:00,901.0,901.0,901.0,901.0,65.0,492.0,NIFTY,2026-09-15,24250.0,PE,2
2026-09-11 07:35:00+00:00,916.7,916.7,909.0,914.1,3575.0,1926.0,NIFTY,2026-09-15,24250.0,PE,2
2026-09-11 08:00:00+00:00,893.5,893.5,893.5,893.5,195.0,465.0,NIFTY,2026-09-15,24250.0,PE,2
2026-09-11 08:05:00+00:00,900.0,900.25,900.0,900.25,130.0,463.0,NIFTY,2026-09-15,24250.0,PE,2
2026-09-11 08:10:00+00:00,899.0,914.4,899.0,914.4,1105.0,924.0,NIFTY,2026-09-15,24250.0,PE,2
2026-09-11 08:20:00+00:00,894.0,894.0,866.0,874.75,1690.0,918.0,NIFTY,2026-09-15,24250.0,PE,2
2026-09-11 08:25:00+00:00,877.95,877.95,849.0,849.0,390.0,457.0,NIFTY,2026-09-15,24250.0,PE,2
2026-09-11 08:30:00+00:00,838.25,838.25,823.1,823.1,455.0,456.0,NIFTY,2026-09-15,24250.0,PE,2
2026-09-11 08:35:00+00:00,805.0,815.45,805.0,815.45,130.0,,NIFTY,2026-09-15,24250.0,PE,2
2026-09-11 08:40:00+00:00,818.55,818.55,815.0,815.0,130.0,,NIFTY,2026-09-15,24250.0,PE,2
2026-09-11 08:45:00+00:00,821.45,821.45,821.45,821.45,65.0,,NIFTY,2026-09-15,24250.0,PE,2
2026-09-11 08:55:00+00:00,810.25,810.25,805.0,805.0,260.0,456.0,NIFTY,2026-09-15,24250.0,PE,2
2026-09-11 09:00:00+00:00,800.5,804.0,800.5,804.0,130.0,455.0,NIFTY,2026-09-15,24250.0,PE,2
2026-09-11 09:05:00+00:00,794.0,794.0,794.0,794.0,130.0,455.0,NIFTY,2026-09-15,24250.0,PE,2
2026-09-11 09:10:00+00:00,799.0,799.0,799.0,799.0,130.0,,NIFTY,2026-09-15,24250.0,PE,2
2026-09-11 09:15:00+00:00,807.0,807.0,807.0,807.0,65.0,,NIFTY,2026-09-15,24250.0,PE,2
2026-09-11 09:20:00+00:00,805.0,805.0,805.0,805.0,65.0,454.0,NIFTY,2026-09-15,24250.0,PE,2
2026-09-11 09:25:00+00:00,806.0,807.95,806.0,807.95,130.0,,NIFTY,2026-09-15,24250.0,PE,2
2026-09-11 09:35:00+00:00,835.0,835.0,831.0,831.0,455.0,452.0,NIFTY,2026-09-15,24250.0,PE,2
2026-09-11 09:45:00+00:00,804.0,804.0,794.0,801.3,520.0,451.0,NIFTY,2026-09-15,24250.0,PE,2
2026-09-11 09:50:00+00:00,780.0,814.45,780.0,814.45,260.0,452.0,NIFTY,2026-09-15,24250.0,PE,2
2026-09-11 09:55:00+00:00,821.8,821.8,821.8,821.8,65.0,448.0,NIFTY,2026-09-15,24250.0,PE,2
2026-09-11 10:00:00+00:00,818.65,818.65,810.0,810.0,130.0,447.0,NIFTY,2026-09-15,24250.0,PE,2
2026-09-11 10:05:00+00:00,797.1,799.2,797.1,799.2,130.0,,NIFTY,2026-09-15,24250.0,PE,2
2026-09-15 03:45:00+00:00,762.8,763.9,744.0,753.95,910.0,1333.0,NIFTY,2026-09-15,24250.0,PE,2
2026-09-15 03:50:00+00:00,751.8,764.05,751.8,764.0,780.0,883.0,NIFTY,2026-09-15,24250.0,PE,2
2026-09-15 03:55:00+00:00,786.0,791.7,782.0,789.0,910.0,876.0,NIFTY,2026-09-15,24250.0,PE,2
2026-09-15 04:00:00+00:00,786.85,794.5,785.0,791.55,1040.0,1307.0,NIFTY,2026-09-15,24250.0,PE,2
2026-09-15 04:05:00+00:00,785.0,802.6,785.0,795.5,520.0,1295.0,NIFTY,2026-09-15,24250.0,PE,2
2026-09-15 04:10:00+00:00,791.85,795.15,791.6,795.15,455.0,856.0,NIFTY,2026-09-15,24250.0,PE,2
2026-09-15 04:15:00+00:00,816.85,821.3,816.85,821.3,195.0,850.0,NIFTY,2026-09-15,24250.0,PE,2
2026-09-15 04:20:00+00:00,825.0,833.6,825.0,833.6,195.0,423.0,NIFTY,2026-09-15,24250.0,PE,2
2026-09-15 04:25:00+00:00,850.25,874.9,850.25,861.85,3510.0,845.0,NIFTY,2026-09-15,24250.0,PE,2
2026-09-15 04:30:00+00:00,862.0,870.25,862.0,870.25,260.0,800.0,NIFTY,2026-09-15,24250.0,PE,2
2026-09-15 04:40:00+00:00,865.0,865.0,865.0,865.0,65.0,,NIFTY,2026-09-15,24250.0,PE,2
2026-09-15 04:45:00+00:00,858.6,858.6,858.6,858.6,130.0,,NIFTY,2026-09-15,24250.0,PE,2
2026-09-15 04:55:00+00:00,866.05,866.05,866.05,866.05,65.0,,NIFTY,2026-09-15,24250.0,PE,2
2026-09-15 05:00:00+00:00,883.0,883.0,883.0,883.0,65.0,,NIFTY,2026-09-15,24250.0,PE,2
2026-09-15 05:10:00+00:00,900.9,900.9,894.5,894.5,195.0,400.0,NIFTY,2026-09-15,24250.0,PE,2
2026-09-15 05:15:00+00:00,909.65,909.65,901.8,901.8,195.0,398.0,NIFTY,2026-09-15,24250.0,PE,2
2026-09-15 05:30:00+00:00,900.0,900.0,895.0,895.0,650.0,399.0,NIFTY,2026-09-15,24250.0,PE,2
2026-09-15 05:35:00+00:00,900.1,906.05,900.1,906.05,130.0,,NIFTY,2026-09-15,24250.0,PE,2
2026-09-15 05:40:00+00:00,910.0,910.0,901.55,904.0,455.0,798.0,NIFTY,2026-09-15,24250.0,PE,2
2026-09-15 05:45:00+00:00,904.0,919.4,891.0,919.4,780.0,393.0,NIFTY,2026-09-15,24250.0,PE,2
2026-09-15 05:50:00+00:00,917.6,917.6,915.0,915.95,260.0,,NIFTY,2026-09-15,24250.0,PE,2
2026-09-15 06:25:00+00:00,909.5,909.5,907.65,907.65,260.0,,NIFTY,2026-09-15,24250.0,PE,2
2026-09-15 06:30:00+00:00,910.75,910.75,896.75,897.45,520.0,788.0,NIFTY,2026-09-15,24250.0,PE,2
2026-09-15 06:40:00+00:00,901.0,901.0,901.0,901.0,195.0,393.0,NIFTY,2026-09-15,24250.0,PE,2
2026-09-15 07:15:00+00:00,935.95,935.95,933.4,934.15,390.0,,NIFTY,2026-09-15,24250.0,PE,2
2026-09-15 07:25:00+00:00,927.05,927.2,925.55,926.95,455.0,393.0,NIFTY,2026-09-15,24250.0,PE,2
2026-09-15 07:30:00+00:00,940.0,940.0,940.0,940.0,1170.0,392.0,NIFTY,2026-09-15,24250.0,PE,2
2026-09-15 07:35:00+00:00,944.8,944.8,944.8,944.8,65.0,,NIFTY,2026-09-15,24250.0,PE,2
2026-09-15 07:40:00+00:00,946.25,952.0,946.25,951.0,650.0,778.0,NIFTY,2026-09-15,24250.0,PE,2
2026-09-15 07:45:00+00:00,963.0,963.0,952.85,953.4,1170.0,387.0,NIFTY,2026-09-15,24250.0,PE,2
2026-09-15 07:50:00+00:00,961.8,969.0,960.4,963.4,1300.0,765.0,NIFTY,2026-09-15,24250.0,PE,2
2026-09-15 07:55:00+00:00,961.5,961.55,957.05,957.2,975.0,379.0,NIFTY,2026-09-15,24250.0,PE,2
2026-09-15 08:10:00+00:00,998.85,998.85,986.6,988.25,585.0,748.0,NIFTY,2026-09-15,24250.0,PE,2
2026-09-15 08:15:00+00:00,981.45,981.45,981.45,981.45,65.0,371.0,NIFTY,2026-09-15,24250.0,PE,2
2026-09-15 08:20:00+00:00,977.6,977.6,977.6,977.6,195.0,,NIFTY,2026-09-15,24250.0,PE,2
2026-09-15 08:40:00+00:00,1007.5,1009.15,1004.8,1004.8,2015.0,370.0,NIFTY,2026-09-15,24250.0,PE,2
2026-09-15 08:45:00+00:00,1022.0,1048.0,1022.0,1045.95,1235.0,737.0,NIFTY,2026-09-15,24250.0,PE,2
2026-09-15 08:50:00+00:00,1040.3,1041.25,1038.8,1041.25,390.0,731.0,NIFTY,2026-09-15,24250.0,PE,2
2026-09-15 08:55:00+00:00,1041.0,1041.0,1041.0,1041.0,130.0,728.0,NIFTY,2026-09-15,24250.0,PE,2
2026-09-15 09:00:00+00:00,1041.0,1045.0,1041.0,1043.9,455.0,724.0,NIFTY,2026-09-15,24250.0,PE,2
2026-09-15 09:05:00+00:00,1035.7,1035.7,1035.7,1035.7,130.0,,NIFTY,2026-09-15,24250.0,PE,2
2026-09-15 09:10:00+00:00,1030.05,1030.7,1030.05,1030.7,195.0,720.0,NIFTY,2026-09-15,24250.0,PE,2
2026-09-15 09:15:00+00:00,1066.85,1076.65,1066.85,1076.65,195.0,,NIFTY,2026-09-15,24250.0,PE,2
2026-09-15 09:20:00+00:00,1065.0,1065.0,1064.95,1064.95,325.0,358.0,NIFTY,2026-09-15,24250.0,PE,2
2026-09-15 09:25:00+00:00,1064.8,1069.35,1064.8,1069.35,195.0,,NIFTY,2026-09-15,24250.0,PE,2
2026-09-15 09:30:00+00:00,1067.0,1067.0,1067.0,1067.0,65.0,357.0,NIFTY,2026-09-15,24250.0,PE,2
2026-09-15 09:35:00+00:00,1073.35,1073.35,1062.0,1062.0,1300.0,351.0,NIFTY,2026-09-15,24250.0,PE,2
2026-09-15 09:40:00+00:00,1063.85,1063.85,1047.0,1051.85,325.0,352.0,NIFTY,2026-09-15,24250.0,PE,2
2026-09-15 09:45:00+00:00,1055.65,1068.45,1002.55,1003.15,4875.0,1370.0,NIFTY,2026-09-15,24250.0,PE,2
2026-09-15 09:50:00+00:00,998.75,1144.0,998.75,1137.2,1365.0,345.0,NIFTY,2026-09-15,24250.0,PE,2
2026-09-15 09:55:00+00:00,1120.6,1137.1,1120.6,1133.7,1560.0,338.0,NIFTY,2026-09-15,24250.0,PE,2
2026-09-15 10:00:00+00:00,1133.65,1133.65,1133.55,1133.6,325.0,1010.0,NIFTY,2026-09-15,24250.0,PE,2
2026-09-15 10:05:00+00:00,1133.7,1133.7,1133.65,1133.65,2535.0,1001.0,NIFTY,2026-09-15,24250.0,PE,2
