timestamp,open,high,low,close,volume,oi,underlying,expiry,strike,option_type,itm_rank
2026-08-12 04:30:00+00:00,251.2,251.2,251.2,251.2,1300.0,,NIFTY,2026-09-15,24400.0,PE,3
2026-08-12 04:40:00+00:00,256.35,256.35,256.35,256.35,130.0,13.0,NIFTY,2026-09-15,24400.0,PE,3
2026-08-12 04:45:00+00:00,258.5,258.5,257.25,257.25,130.0,14.0,NIFTY,2026-09-15,24400.0,PE,3
2026-08-12 05:10:00+00:00,255.4,255.4,255.4,255.4,65.0,15.0,NIFTY,2026-09-15,24400.0,PE,3
2026-08-12 05:20:00+00:00,256.45,256.45,256.45,256.45,65.0,16.0,NIFTY,2026-09-15,24400.0,PE,3
2026-08-12 05:25:00+00:00,278.55,278.55,278.55,278.55,65.0,15.0,NIFTY,2026-09-15,24400.0,PE,3
2026-08-12 06:35:00+00:00,286.0,286.0,286.0,286.0,65.0,16.0,NIFTY,2026-09-15,24400.0,PE,3
2026-08-12 07:00:00+00:00,291.7,291.7,280.0,280.0,130.0,16.0,NIFTY,2026-09-15,24400.0,PE,3
2026-08-12 07:55:00+00:00,280.2,280.2,280.2,280.2,65.0,17.0,NIFTY,2026-09-15,24400.0,PE,3
2026-08-12 09:10:00+00:00,256.8,256.8,256.8,256.8,65.0,18.0,NIFTY,2026-09-15,24400.0,PE,3
2026-08-12 09:15:00+00:00,260.0,260.0,260.0,260.0,130.0,17.0,NIFTY,2026-09-15,24400.0,PE,3
2026-08-12 09:30:00+00:00,242.25,242.25,242.25,242.25,65.0,,NIFTY,2026-09-15,24400.0,PE,3
2026-08-12 09:40:00+00:00,245.95,245.95,238.6,238.6,260.0,52.0,NIFTY,2026-09-15,24400.0,PE,3
2026-08-12 09:50:00+00:00,245.4,245.4,245.4,245.4,130.0,19.0,NIFTY,2026-09-15,24400.0,PE,3
2026-08-13 03:55:00+00:00,270.0,270.0,270.0,270.0,130.0,,NIFTY,2026-09-15,24400.0,PE,3
2026-08-13 04:05:00+00:00,270.0,270.0,270.0,270.0,65.0,19.0,NIFTY,2026-09-15,24400.0,PE,3
2026-08-13 04:10:00+00:00,265.0,265.0,265.0,265.0,65.0,20.0,NIFTY,2026-09-15,24400.0,PE,3
2026-08-13 05:35:00+00:00,260.0,260.0,260.0,260.0,65.0,20.0,NIFTY,2026-09-15,24400.0,PE,3
2026-08-13 06:10:00+00:00,242.75,248.0,240.45,248.0,195.0,43.0,NIFTY,2026-09-15,24400.0,PE,3
2026-08-13 06:15:00+00:00,243.05,243.05,243.05,243.05,1495.0,,NIFTY,2026-09-15,24400.0,PE,3
2026-08-13 06:20:00+00:00,244.0,244.0,244.0,244.0,195.0,31.0,NIFTY,2026-09-15,24400.0,PE,3
2026-08-13 06:40:00+00:00,225.9,225.9,225.9,225.9,65.0,,NIFTY,2026-09-15,24400.0,PE,3
2026-08-13 06:50:00+00:00,223.7,223.7,223.7,223.7,65.0,,NIFTY,2026-09-15,24400.0,PE,3
2026-08-13 07:00:00+00:00,226.85,226.85,225.5,225.5,455.0,64.0,NIFTY,2026-09-15,24400.0,PE,3
2026-08-13 07:20:00+00:00,236.95,236.95,234.4,234.4,130.0,72.0,NIFTY,2026-09-15,24400.0,PE,3
2026-08-13 07:25:00+00:00,240.0,240.0,234.75,234.75,195.0,75.0,NIFTY,2026-09-15,24400.0,PE,3
2026-08-13 07:30:00+00:00,232.75,232.75,232.75,232.75,65.0,39.0,NIFTY,2026-09-15,24400.0,PE,3
2026-08-13 07:35:00+00:00,235.25,235.25,235.25,235.25,65.0,39.0,NIFTY,2026-09-15,24400.0,PE,3
2026-08-13 07:50:00+00:00,236.2,236.2,236.2,236.2,130.0,40.0,NIFTY,2026-09-15,24400.0,PE,3
2026-08-13 07:55:00+00:00,239.0,239.0,239.0,239.0,130.0,41.0,NIFTY,2026-09-15,24400.0,PE,3
2026-08-13 08:00:00+00:00,235.35,235.35,235.35,235.35,65.0,40.0,NIFTY,2026-09-15,24400.0,PE,3
2026-08-13 08:40:00+00:00,238.25,238.25,230.05,230.05,520.0,83.0,NIFTY,2026-09-15,24400.0,PE,3
2026-08-13 09:25:00+00:00,230.7,233.4,230.7,233.4,130.0,82.0,NIFTY,2026-09-15,24400.0,PE,3
2026-08-13 09:30:00+00:00,229.0,229.0,229.0,229.0,260.0,42.0,NIFTY,2026-09-15,24400.0,PE,3
2026-08-13 09:35:00+00:00,229.7,229.7,229.7,229.7,65.0,43.0,NIFTY,2026-09-15,24400.0,PE,3
2026-08-13 09:40:00+00:00,231.75,231.75,231.75,231.75,65.0,44.0,NIFTY,2026-09-15,24400.0,PE,3
2026-08-13 09:45:00+00:00,229.0,229.0,229.0,229.0,65.0,44.0,NIFTY,2026-09-15,24400.0,PE,3
2026-08-13 09:50:00+00:00,228.0,228.0,228.0,228.0,130.0,45.0,NIFTY,2026-09-15,24400.0,PE,3
2026-08-13 09:55:00+00:00,231.75,231.75,231.75,231.75,65.0,46.0,NIFTY,2026-09-15,24400.0,PE,3
2026-08-13 10:05:00+00:00,226.7,226.7,226.7,226.7,65.0,47.0,NIFTY,2026-09-15,24400.0,PE,3
2026-08-14 03:50:00+00:00,259.0,259.0,255.0,255.0,130.0,,NIFTY,2026-09-15,24400.0,PE,3
2026-08-14 04:05:00+00:00,255.0,255.0,255.0,255.0,65.0,46.0,NIFTY,2026-09-15,24400.0,PE,3
2026-08-14 05:00:00+00:00,265.25,265.25,265.25,265.25,65.0,47.0,NIFTY,2026-09-15,24400.0,PE,3
2026-08-14 05:05:00+00:00,259.05,259.05,255.75,255.75,260.0,96.0,NIFTY,2026-09-15,24400.0,PE,3
2026-08-14 05:50:00+00:00,254.4,254.4,254.4,254.4,65.0,50.0,NIFTY,2026-09-15,24400.0,PE,3
2026-08-14 07:00:00+00:00,252.25,252.25,252.25,252.25,65.0,,NIFTY,2026-09-15,24400.0,PE,3
2026-08-14 07:05:00+00:00,251.0,251.0,251.0,251.0,65.0,50.0,NIFTY,2026-09-15,24400.0,PE,3
2026-08-14 08:05:00+00:00,245.5,245.5,245.5,245.5,65.0,,NIFTY,2026-09-15,24400.0,PE,3
2026-08-14 08:10:00+00:00,241.0,241.0,241.0,241.0,65.0,51.0,NIFTY,2026-09-15,24400.0,PE,3
2026-08-14 08:15:00+00:00,228.0,228.0,228.0,228.0,65.0,52.0,NIFTY,2026-09-15,24400.0,PE,3
2026-08-14 08:20:00+00:00,220.0,221.0,220.0,220.6,390.0,105.0,NIFTY,2026-09-15,24400.0,PE,3
2026-08-14 08:25:00+00:00,221.3,222.7,220.7,222.7,455.0,108.0,NIFTY,2026-09-15,24400.0,PE,3
2026-08-14 08:30:00+00:00,217.15,217.15,217.15,217.15,65.0,54.0,NIFTY,2026-09-15,24400.0,PE,3
2026-08-14 08:50:00+00:00,224.2,224.2,224.2,224.2,130.0,53.0,NIFTY,2026-09-15,24400.0,PE,3
2026-08-14 08:55:00+00:00,224.95,234.1,224.95,234.1,455.0,,NIFTY,2026-09-15,24400.0,PE,3
2026-08-14 09:20:00+00:00,224.2,224.2,217.15,217.15,130.0,105.0,NIFTY,2026-09-15,24400.0,PE,3
2026-08-14 09:35:00+00:00,221.95,222.0,221.95,222.0,130.0,,NIFTY,2026-09-15,24400.0,PE,3
2026-08-17 03:45:00+00:00,260.0,270.0,260.0,265.0,3965.0,179.0,NIFTY,2026-09-15,24400.0,PE,3
2026-08-17 03:50:00+00:00,265.0,265.0,265.0,265.0,65.0,,NIFTY,2026-09-15,24400.0,PE,3
2026-08-17 03:55:00+00:00,261.9,261.95,261.9,261.9,260.0,78.0,NIFTY,2026-09-15,24400.0,PE,3
2026-08-17 04:00:00+00:00,261.9,261.9,261.9,261.9,65.0,79.0,NIFTY,2026-09-15,24400.0,PE,3
2026-08-17 04:05:00+00:00,264.55,264.55,264.5,264.5,130.0,79.0,NIFTY,2026-09-15,24400.0,PE,3
2026-08-17 04:10:00+00:00,265.65,265.65,265.65,265.65,65.0,78.0,NIFTY,2026-09-15,24400.0,PE,3
2026-08-17 04:15:00+00:00,268.3,268.3,268.3,268.3,65.0,,NIFTY,2026-09-15,24400.0,PE,3
2026-08-17 04:40:00+00:00,271.45,275.0,270.45,270.45,780.0,157.0,NIFTY,2026-09-15,24400.0,PE,3
2026-08-17 04:50:00+00:00,277.95,278.3,277.95,278.3,2015.0,60.0,NIFTY,2026-09-15,24400.0,PE,3
2026-08-17 04:55:00+00:00,283.7,283.7,283.7,283.7,65.0,,NIFTY,2026-09-15,24400.0,PE,3
2026-08-17 05:00:00+00:00,276.8,276.8,276.8,276.8,65.0,,NIFTY,2026-09-15,24400.0,PE,3
2026-08-17 05:05:00+00:00,279.5,279.5,279.5,279.5,65.0,59.0,NIFTY,2026-09-15,24400.0,PE,3
2026-08-17 05:10:00+00:00,279.8,279.8,279.8,279.8,1755.0,59.0,NIFTY,2026-09-15,24400.0,PE,3
2026-08-17 05:15:00+00:00,288.0,290.55,288.0,290.55,130.0,50.0,NIFTY,2026-09-15,24400.0,PE,3
2026-08-17 05:20:00+00:00,288.5,288.5,285.7,285.7,195.0,50.0,NIFTY,2026-09-15,24400.0,PE,3
2026-08-17 05:35:00+00:00,285.2,285.2,285.2,285.2,65.0,,NIFTY,2026-09-15,24400.0,PE,3
2026-08-17 05:50:00+00:00,285.9,285.9,285.9,285.9,65.0,,NIFTY,2026-09-15,24400.0,PE,3
2026-08-17 06:40:00+00:00,277.5,277.5,277.5,277.5,65.0,,NIFTY,2026-09-15,24400.0,PE,3
2026-08-17 07:20:00+00:00,235.0,235.0,235.0,235.0,130.0,50.0,NIFTY,2026-09-15,24400.0,PE,3
2026-08-17 07:25:00+00:00,233.0,234.8,233.0,234.8,130.0,50.0,NIFTY,2026-09-15,24400.0,PE,3
2026-08-17 07:30:00+00:00,228.9,228.9,227.2,227.2,130.0,51.0,NIFTY,2026-09-15,24400.0,PE,3
2026-08-17 07:35:00+00:00,231.0,231.85,228.45,228.45,585.0,103.0,NIFTY,2026-09-15,24400.0,PE,3
2026-08-17 07:45:00+00:00,226.35,226.35,226.35,226.35,65.0,52.0,NIFTY,2026-09-15,24400.0,PE,3
2026-08-17 07:50:00+00:00,227.75,228.0,224.5,227.4,585.0,109.0,NIFTY,2026-09-15,24400.0,PE,3
2026-08-17 08:00:00+00:00,222.5,238.6,222.45,228.0,1820.0,180.0,NIFTY,2026-09-15,24400.0,PE,3
2026-08-17 08:05:00+00:00,229.15,229.15,229.15,229.15,130.0,65.0,NIFTY,2026-09-15,24400.0,PE,3
2026-08-17 08:10:00+00:00,226.8,226.8,223.4,223.4,325.0,133.0,NIFTY,2026-09-15,24400.0,PE,3
2026-08-17 08:20:00+00:00,229.6,229.6,229.55,229.55,195.0,68.0,NIFTY,2026-09-15,24400.0,PE,3
2026-08-17 08:40:00+00:00,226.55,226.55,226.55,226.55,65.0,70.0,NIFTY,2026-09-15,24400.0,PE,3
2026-08-17 08:45:00+00:00,230.0,230.0,230.0,230.0,1560.0,71.0,NIFTY,2026-09-15,24400.0,PE,3
2026-08-17 08:50:00+00:00,232.35,232.35,232.35,232.35,65.0,70.0,NIFTY,2026-09-15,24400.0,PE,3
2026-08-17 09:10:00+00:00,229.9,229.9,229.9,229.9,65.0,,NIFTY,2026-09-15,24400.0,PE,3
2026-08-17 09:30:00+00:00,226.15,226.15,226.15,226.15,65.0,,NIFTY,2026-09-15,24400.0,PE,3
2026-08-17 09:35:00+00:00,226.1,226.1,222.05,222.05,780.0,141.0,NIFTY,2026-09-15,24400.0,PE,3
2026-08-17 09:45:00+00:00,233.65,233.65,233.65,233.65,,72.0,NIFTY,2026-09-15,24400.0,PE,3
2026-08-17 09:50:00+00:00,233.65,233.65,233.65,233.65,195.0,,NIFTY,2026-09-15,24400.0,PE,3
2026-08-17 09:55:00+00:00,236.0,236.0,236.0,236.0,1300.0,71.0,NIFTY,2026-09-15,24400.0,PE,3
2026-08-17 10:05:00+00:00,240.2,243.4,240.2,243.4,195.0,116.0,NIFTY,2026-09-15,24400.0,PE,3
2026-08-18 03:45:00+00:00,272.75,272.75,272.75,272.75,65.0,,NIFTY,2026-09-15,24400.0,PE,3
2026-08-18 03:50:00+00:00,286.05,287.15,286.05,287.15,195.0,113.0,NIFTY,2026-09-15,24400.0,PE,3
2026-08-18 03:55:00+00:00,280.0,280.0,280.0,280.0,130.0,55.0,NIFTY,2026-09-15,24400.0,PE,3
2026-08-18 04:00:00+00:00,290.6,290.6,290.6,290.6,130.0,56.0,NIFTY,2026-09-15,24400.0,PE,3
2026-08-18 04:10:00+00:00,287.85,287.85,287.85,287.85,65.0,55.0,NIFTY,2026-09-15,24400.0,PE,3
2026-08-18 04:55:00+00:00,300.0,300.0,300.0,300.0,1300.0,54.0,NIFTY,2026-09-15,24400.0,PE,3
2026-08-18 05:00:00+00:00,290.75,290.75,290.75,290.75,65.0,,NIFTY,2026-09-15,24400.0,PE,3
2026-08-18 05:25:00+00:00,312.0,312.0,307.9,307.9,130.0,111.0,NIFTY,2026-09-15,24400.0,PE,3
2026-08-18 05:30:00+00:00,304.0,304.0,304.0,304.0,65.0,55.0,NIFTY,2026-09-15,24400.0,PE,3
2026-08-18 05:35:00+00:00,308.05,308.05,304.85,304.85,130.0,55.0,NIFTY,2026-09-15,24400.0,PE,3
2026-08-18 06:05:00+00:00,310.0,310.05,310.0,310.0,260.0,113.0,NIFTY,2026-09-15,24400.0,PE,3
2026-08-18 06:10:00+00:00,310.95,310.95,310.95,310.95,65.0,59.0,NIFTY,2026-09-15,24400.0,PE,3
2026-08-18 06:25:00+00:00,306.0,306.0,306.0,306.0,65.0,,NIFTY,2026-09-15,24400.0,PE,3
2026-08-18 06:30:00+00:00,301.15,301.15,301.15,301.15,65.0,59.0,NIFTY,2026-09-15,24400.0,PE,3
2026-08-18 07:35:00+00:00,313.65,314.4,307.0,307.0,260.0,61.0,NIFTY,2026-09-15,24400.0,PE,3
2026-08-18 07:45:00+00:00,301.45,301.45,301.45,301.45,130.0,,NIFTY,2026-09-15,24400.0,PE,3
2026-08-18 07:50:00+00:00,304.0,304.0,304.0,304.0,260.0,,NIFTY,2026-09-15,24400.0,PE,3
2026-08-18 08:00:00+00:00,306.0,306.0,306.0,306.0,390.0,,NIFTY,2026-09-15,24400.0,PE,3
2026-08-18 08:10:00+00:00,308.35,308.35,307.1,307.15,260.0,121.0,NIFTY,2026-09-15,24400.0,PE,3
2026-08-18 08:15:00+00:00,304.55,304.55,304.25,304.45,260.0,124.0,NIFTY,2026-09-15,24400.0,PE,3
2026-08-18 08:20:00+00:00,304.8,304.8,304.8,304.8,65.0,,NIFTY,2026-09-15,24400.0,PE,3
2026-08-18 08:45:00+00:00,308.85,308.85,308.85,308.85,65.0,,NIFTY,2026-09-15,24400.0,PE,3
2026-08-18 08:55:00+00:00,305.1,305.1,305.1,305.1,65.0,,NIFTY,2026-09-15,24400.0,PE,3
2026-08-18 09:00:00+00:00,298.85,298.85,298.85,298.85,65.0,,NIFTY,2026-09-15,24400.0,PE,3
2026-08-18 09:20:00+00:00,299.5,299.5,299.5,299.5,65.0,63.0,NIFTY,2026-09-15,24400.0,PE,3
2026-08-18 09:35:00+00:00,300.0,300.0,294.0,294.0,585.0,129.0,NIFTY,2026-09-15,24400.0,PE,3
2026-08-18 09:40:00+00:00,295.8,300.0,295.8,300.0,390.0,136.0,NIFTY,2026-09-15,24400.0,PE,3
2026-08-18 09:55:00+00:00,307.75,307.75,300.9,300.9,130.0,68.0,NIFTY,2026-09-15,24400.0,PE,3
2026-08-18 10:05:00+00:00,319.35,319.35,319.35,319.35,65.0,,NIFTY,2026-09-15,24400.0,PE,3
2026-08-19 03:45:00+00:00,336.0,351.95,312.0,347.4,845.0,204.0,NIFTY,2026-09-15,24400.0,PE,3
2026-08-19 03:50:00+00:00,342.35,348.8,338.05,346.0,520.0,271.0,NIFTY,2026-09-15,24400.0,PE,3
2026-08-19 03:55:00+00:00,349.7,349.7,349.7,349.7,65.0,,NIFTY,2026-09-15,24400.0,PE,3
2026-08-19 04:05:00+00:00,358.4,358.4,358.4,358.4,,,NIFTY,2026-09-15,24400.0,PE,3
2026-08-19 04:10:00+00:00,358.4,358.4,354.9,355.0,195.0,,NIFTY,2026-09-15,24400.0,PE,3
2026-08-19 04:20:00+00:00,340.95,348.65,340.95,348.0,260.0,66.0,NIFTY,2026-09-15,24400.0,PE,3
2026-08-19 04:30:00+00:00,349.15,349.3,344.75,344.75,390.0,130.0,NIFTY,2026-09-15,24400.0,PE,3
2026-08-19 04:35:00+00:00,344.65,344.65,344.2,344.2,130.0,,NIFTY,2026-09-15,24400.0,PE,3
2026-08-19 05:10:00+00:00,368.0,368.0,368.0,368.0,65.0,,NIFTY,2026-09-15,24400.0,PE,3
2026-08-19 06:05:00+00:00,367.2,367.2,367.2,367.2,65.0,,NIFTY,2026-09-15,24400.0,PE,3
2026-08-19 06:30:00+00:00,354.0,354.0,354.0,354.0,65.0,63.0,NIFTY,2026-09-15,24400.0,PE,3
2026-08-19 07:05:00+00:00,365.0,365.0,365.0,365.0,130.0,,NIFTY,2026-09-15,24400.0,PE,3
2026-08-19 07:45:00+00:00,363.25,363.25,363.25,363.25,65.0,65.0,NIFTY,2026-09-15,24400.0,PE,3
2026-08-19 08:35:00+00:00,352.65,352.8,352.65,352.8,130.0,,NIFTY,2026-09-15,24400.0,PE,3
2026-08-19 08:40:00+00:00,352.55,352.6,348.1,349.7,325.0,64.0,NIFTY,2026-09-15,24400.0,PE,3
2026-08-19 09:05:00+00:00,347.35,348.1,340.0,340.0,1430.0,68.0,NIFTY,2026-09-15,24400.0,PE,3
2026-08-19 09:35:00+00:00,357.0,357.0,357.0,357.0,195.0,68.0,NIFTY,2026-09-15,24400.0,PE,3
2026-08-19 09:55:00+00:00,357.05,357.05,355.0,355.0,390.0,70.0,NIFTY,2026-09-15,24400.0,PE,3
2026-08-19 10:00:00+00:00,356.05,356.05,356.05,356.05,65.0,,NIFTY,2026-09-15,24400.0,PE,3
2026-08-19 10:05:00+00:00,357.45,357.45,357.45,357.45,130.0,,NIFTY,2026-09-15,24400.0,PE,3
2026-08-20 04:05:00+00:00,265.9,270.3,265.9,270.3,325.0,,NIFTY,2026-09-15,24400.0,PE,3
2026-08-20 04:10:00+00:00,266.85,266.85,263.4,263.4,260.0,69.0,NIFTY,2026-09-15,24400.0,PE,3
2026-08-20 04:15:00+00:00,262.9,267.3,262.9,263.85,650.0,133.0,NIFTY,2026-09-15,24400.0,PE,3
2026-08-20 04:20:00+00:00,268.7,268.7,268.7,268.7,65.0,65.0,NIFTY,2026-09-15,24400.0,PE,3
2026-08-20 04:25:00+00:00,260.2,260.2,260.2,260.2,65.0,,NIFTY,2026-09-15,24400.0,PE,3
2026-08-20 04:40:00+00:00,259.35,259.35,259.35,259.35,65.0,66.0,NIFTY,2026-09-15,24400.0,PE,3
2026-08-20 04:55:00+00:00,262.2,262.2,262.2,262.2,65.0,,NIFTY,2026-09-15,24400.0,PE,3
2026-08-20 05:05:00+00:00,262.2,262.2,262.2,262.2,130.0,65.0,NIFTY,2026-09-15,24400.0,PE,3
2026-08-20 05:10:00+00:00,258.45,258.45,258.45,258.45,130.0,,NIFTY,2026-09-15,24400.0,PE,3
2026-08-20 05:15:00+00:00,258.0,260.3,258.0,258.5,455.0,,NIFTY,2026-09-15,24400.0,PE,3
2026-08-20 05:20:00+00:00,256.0,260.2,256.0,260.2,130.0,,NIFTY,2026-09-15,24400.0,PE,3
2026-08-20 05:35:00+00:00,256.1,256.1,256.1,256.1,65.0,,NIFTY,2026-09-15,24400.0,PE,3
2026-08-20 05:50:00+00:00,261.4,267.0,261.4,267.0,195.0,66.0,NIFTY,2026-09-15,24400.0,PE,3
2026-08-20 05:55:00+00:00,265.3,265.3,265.3,265.3,65.0,,NIFTY,2026-09-15,24400.0,PE,3
2026-08-20 06:30:00+00:00,253.15,253.15,253.15,253.15,65.0,,NIFTY,2026-09-15,24400.0,PE,3
2026-08-20 06:35:00+00:00,251.9,251.9,251.9,251.9,260.0,,NIFTY,2026-09-15,24400.0,PE,3
2026-08-20 06:45:00+00:00,249.1,249.1,248.45,248.5,325.0,66.0,NIFTY,2026-09-15,24400.0,PE,3
2026-08-20 07:05:00+00:00,251.5,251.5,251.5,251.5,65.0,68.0,NIFTY,2026-09-15,24400.0,PE,3
2026-08-20 07:10:00+00:00,249.7,249.7,249.7,249.7,130.0,,NIFTY,2026-09-15,24400.0,PE,3
2026-08-20 07:20:00+00:00,223.1,228.1,223.1,226.85,455.0,,NIFTY,2026-09-15,24400.0,PE,3
2026-08-20 07:25:00+00:00,232.0,232.65,229.05,229.05,390.0,68.0,NIFTY,2026-09-15,24400.0,PE,3
2026-08-20 07:30:00+00:00,231.0,231.0,230.95,230.95,650.0,143.0,NIFTY,2026-09-15,24400.0,PE,3
2026-08-20 07:35:00+00:00,235.6,235.6,234.2,234.2,130.0,75.0,NIFTY,2026-09-15,24400.0,PE,3
2026-08-20 07:45:00+00:00,241.75,241.75,239.0,239.0,195.0,75.0,NIFTY,2026-09-15,24400.0,PE,3
2026-08-20 07:50:00+00:00,234.0,234.0,234.0,234.0,65.0,,NIFTY,2026-09-15,24400.0,PE,3
2026-08-20 08:05:00+00:00,232.0,232.0,232.0,232.0,65.0,,NIFTY,2026-09-15,24400.0,PE,3
2026-08-20 08:15:00+00:00,236.55,236.55,236.55,236.55,65.0,,NIFTY,2026-09-15,24400.0,PE,3
2026-08-20 08:30:00+00:00,240.9,241.85,240.9,241.85,195.0,76.0,NIFTY,2026-09-15,24400.0,PE,3
2026-08-20 08:35:00+00:00,237.0,240.2,237.0,239.55,585.0,157.0,NIFTY,2026-09-15,24400.0,PE,3
2026-08-20 08:45:00+00:00,242.0,242.05,242.0,242.05,130.0,81.0,NIFTY,2026-09-15,24400.0,PE,3
2026-08-20 08:50:00+00:00,237.7,237.7,237.7,237.7,130.0,79.0,NIFTY,2026-09-15,24400.0,PE,3
2026-08-20 09:05:00+00:00,238.35,238.35,238.35,238.35,65.0,81.0,NIFTY,2026-09-15,24400.0,PE,3
2026-08-20 09:10:00+00:00,239.05,239.05,238.7,238.7,195.0,164.0,NIFTY,2026-09-15,24400.0,PE,3
2026-08-20 09:15:00+00:00,242.2,242.2,240.0,240.5,715.0,167.0,NIFTY,2026-09-15,24400.0,PE,3
2026-08-20 09:20:00+00:00,241.05,241.05,241.05,241.05,65.0,87.0,NIFTY,2026-09-15,24400.0,PE,3
2026-08-20 09:25:00+00:00,241.5,242.25,240.4,240.4,975.0,180.0,NIFTY,2026-09-15,24400.0,PE,3
2026-08-20 09:30:00+00:00,241.75,243.0,241.75,243.0,910.0,195.0,NIFTY,2026-09-15,24400.0,PE,3
2026-08-20 09:35:00+00:00,247.25,247.25,247.25,247.25,65.0,105.0,NIFTY,2026-09-15,24400.0,PE,3
2026-08-20 09:45:00+00:00,244.65,244.65,244.65,244.65,195.0,105.0,NIFTY,2026-09-15,24400.0,PE,3
2026-08-20 09:50:00+00:00,248.0,251.2,248.0,251.2,130.0,208.0,NIFTY,2026-09-15,24400.0,PE,3
2026-08-20 09:55:00+00:00,250.3,250.3,250.3,250.3,65.0,105.0,NIFTY,2026-09-15,24400.0,PE,3
2026-08-20 10:00:00+00:00,246.25,251.1,246.25,251.1,1235.0,215.0,NIFTY,2026-09-15,24400.0,PE,3
2026-08-20 10:05:00+00:00,252.85,252.85,249.7,249.7,520.0,109.0,NIFTY,2026-09-15,24400.0,PE,3
2026-08-21 03:45:00+00:00,237.9,247.5,233.9,247.5,1430.0,220.0,NIFTY,2026-09-15,24400.0,PE,3
2026-08-21 03:50:00+00:00,256.15,261.15,256.15,261.15,520.0,449.0,NIFTY,2026-09-15,24400.0,PE,3
2026-08-21 03:55:00+00:00,261.0,261.0,261.0,261.0,195.0,113.0,NIFTY,2026-09-15,24400.0,PE,3
2026-08-21 04:00:00+00:00,262.4,270.6,262.1,270.6,780.0,341.0,NIFTY,2026-09-15,24400.0,PE,3
2026-08-21 04:05:00+00:00,267.95,268.25,267.95,268.25,195.0,117.0,NIFTY,2026-09-15,24400.0,PE,3
2026-08-21 04:10:00+00:00,263.65,263.65,256.5,256.5,390.0,239.0,NIFTY,2026-09-15,24400.0,PE,3
2026-08-21 04:15:00+00:00,255.2,258.55,254.85,255.0,1105.0,241.0,NIFTY,2026-09-15,24400.0,PE,3
2026-08-21 04:25:00+00:00,255.6,255.6,255.6,255.6,65.0,128.0,NIFTY,2026-09-15,24400.0,PE,3
2026-08-21 04:35:00+00:00,257.0,259.9,257.0,259.9,130.0,129.0,NIFTY,2026-09-15,24400.0,PE,3
2026-08-21 04:40:00+00:00,257.0,257.0,257.0,257.0,65.0,130.0,NIFTY,2026-09-15,24400.0,PE,3
2026-08-21 04:50:00+00:00,255.05,255.05,255.0,255.0,455.0,,NIFTY,2026-09-15,24400.0,PE,3
2026-08-21 05:00:00+00:00,247.35,247.35,247.35,247.35,520.0,128.0,NIFTY,2026-09-15,24400.0,PE,3
2026-08-21 05:05:00+00:00,248.95,248.95,248.95,248.95,65.0,124.0,NIFTY,2026-09-15,24400.0,PE,3
2026-08-21 06:00:00+00:00,243.15,243.15,243.1,243.1,650.0,124.0,NIFTY,2026-09-15,24400.0,PE,3
2026-08-21 06:05:00+00:00,240.55,240.55,240.55,240.55,260.0,124.0,NIFTY,2026-09-15,24400.0,PE,3
2026-08-21 06:10:00+00:00,245.15,245.15,245.15,245.15,65.0,126.0,NIFTY,2026-09-15,24400.0,PE,3
2026-08-21 06:20:00+00:00,245.5,245.5,245.5,245.5,195.0,125.0,NIFTY,2026-09-15,24400.0,PE,3
2026-08-21 06:25:00+00:00,248.45,248.5,248.45,248.5,520.0,123.0,NIFTY,2026-09-15,24400.0,PE,3
2026-08-21 06:40:00+00:00,250.0,250.0,250.0,250.0,65.0,120.0,NIFTY,2026-09-15,24400.0,PE,3
2026-08-21 07:30:00+00:00,246.55,246.55,246.55,246.55,65.0,,NIFTY,2026-09-15,24400.0,PE,3
2026-08-21 07:50:00+00:00,248.6,250.7,248.6,250.7,130.0,120.0,NIFTY,2026-09-15,24400.0,PE,3
2026-08-21 07:55:00+00:00,250.2,250.2,247.35,249.4,715.0,369.0,NIFTY,2026-09-15,24400.0,PE,3
2026-08-21 08:05:00+00:00,252.65,253.1,250.9,250.9,845.0,377.0,NIFTY,2026-09-15,24400.0,PE,3
2026-08-21 08:15:00+00:00,248.15,248.15,248.15,248.15,390.0,126.0,NIFTY,2026-09-15,24400.0,PE,3
2026-08-21 08:25:00+00:00,248.25,248.25,248.25,248.25,65.0,128.0,NIFTY,2026-09-15,24400.0,PE,3
2026-08-21 08:30:00+00:00,251.95,251.95,251.95,251.95,130.0,,NIFTY,2026-09-15,24400.0,PE,3
2026-08-21 08:35:00+00:00,250.45,250.45,250.45,250.45,130.0,130.0,NIFTY,2026-09-15,24400.0,PE,3
2026-08-21 08:40:00+00:00,250.9,250.9,250.9,250.9,65.0,129.0,NIFTY,2026-09-15,24400.0,PE,3
2026-08-21 08:45:00+00:00,247.35,247.35,247.35,247.35,65.0,128.0,NIFTY,2026-09-15,24400.0,PE,3
2026-08-21 09:10:00+00:00,243.65,243.65,243.65,243.65,65.0,,NIFTY,2026-09-15,24400.0,PE,3
2026-08-21 09:20:00+00:00,244.6,244.6,243.05,243.05,130.0,,NIFTY,2026-09-15,24400.0,PE,3
2026-08-21 09:25:00+00:00,245.45,246.0,245.45,246.0,650.0,382.0,NIFTY,2026-09-15,24400.0,PE,3
2026-08-21 09:30:00+00:00,246.05,246.05,245.1,245.1,975.0,117.0,NIFTY,2026-09-15,24400.0,PE,3
2026-08-21 09:40:00+00:00,245.95,246.0,245.95,246.0,325.0,,NIFTY,2026-09-15,24400.0,PE,3
2026-08-21 09:50:00+00:00,245.0,246.0,244.0,244.0,1170.0,241.0,NIFTY,2026-09-15,24400.0,PE,3
2026-08-21 09:55:00+00:00,243.5,243.5,243.5,243.5,130.0,122.0,NIFTY,2026-09-15,24400.0,PE,3
2026-08-21 10:00:00+00:00,243.5,243.5,242.7,242.7,130.0,122.0,NIFTY,2026-09-15,24400.0,PE,3
2026-08-21 10:05:00+00:00,243.75,246.45,243.75,246.45,910.0,127.0,NIFTY,2026-09-15,24400.0,PE,3
2026-08-24 03:50:00+00:00,211.0,211.0,207.55,207.55,910.0,391.0,NIFTY,2026-09-15,24400.0,PE,3
2026-08-24 03:55:00+00:00,208.05,211.0,206.2,210.6,715.0,1177.0,NIFTY,2026-09-15,24400.0,PE,3
2026-08-24 04:00:00+00:00,219.95,219.95,216.6,218.15,1170.0,136.0,NIFTY,2026-09-15,24400.0,PE,3
2026-08-24 04:05:00+00:00,219.95,219.95,213.0,213.0,2210.0,425.0,NIFTY,2026-09-15,24400.0,PE,3
2026-08-24 04:10:00+00:00,217.25,217.25,217.25,217.25,,155.0,NIFTY,2026-09-15,24400.0,PE,3
2026-08-24 04:15:00+00:00,217.25,218.9,215.95,216.2,1040.0,317.0,NIFTY,2026-09-15,24400.0,PE,3
2026-08-24 04:20:00+00:00,216.15,216.15,216.15,216.15,65.0,157.0,NIFTY,2026-09-15,24400.0,PE,3
2026-08-24 04:25:00+00:00,221.55,221.55,218.35,218.35,650.0,479.0,NIFTY,2026-09-15,24400.0,PE,3
2026-08-24 04:30:00+00:00,218.5,218.5,218.5,218.5,260.0,159.0,NIFTY,2026-09-15,24400.0,PE,3
2026-08-24 04:35:00+00:00,219.95,220.0,219.95,220.0,455.0,161.0,NIFTY,2026-09-15,24400.0,PE,3
2026-08-24 04:45:00+00:00,218.45,219.3,214.95,219.3,520.0,321.0,NIFTY,2026-09-15,24400.0,PE,3
2026-08-24 04:50:00+00:00,215.05,215.05,215.0,215.0,260.0,159.0,NIFTY,2026-09-15,24400.0,PE,3
2026-08-24 04:55:00+00:00,218.55,218.55,217.05,217.05,130.0,320.0,NIFTY,2026-09-15,24400.0,PE,3
2026-08-24 05:00:00+00:00,215.45,219.1,215.45,218.7,780.0,321.0,NIFTY,2026-09-15,24400.0,PE,3
2026-08-24 05:05:00+00:00,215.05,215.05,215.0,215.0,260.0,165.0,NIFTY,2026-09-15,24400.0,PE,3
2026-08-24 05:10:00+00:00,217.05,217.05,217.05,217.05,65.0,167.0,NIFTY,2026-09-15,24400.0,PE,3
2026-08-24 05:15:00+00:00,217.05,219.0,217.05,219.0,195.0,,NIFTY,2026-09-15,24400.0,PE,3
2026-08-24 05:20:00+00:00,224.3,225.0,224.25,225.0,650.0,171.0,NIFTY,2026-09-15,24400.0,PE,3
2026-08-24 05:25:00+00:00,222.7,240.0,222.7,240.0,715.0,343.0,NIFTY,2026-09-15,24400.0,PE,3
2026-08-24 05:30:00+00:00,235.75,265.2,235.75,255.3,3185.0,676.0,NIFTY,2026-09-15,24400.0,PE,3
2026-08-24 05:35:00+00:00,257.0,258.5,252.9,258.5,845.0,462.0,NIFTY,2026-09-15,24400.0,PE,3
2026-08-24 05:40:00+00:00,259.8,266.75,258.0,266.75,1365.0,462.0,NIFTY,2026-09-15,24400.0,PE,3
2026-08-24 05:45:00+00:00,265.3,265.45,259.85,259.85,1040.0,486.0,NIFTY,2026-09-15,24400.0,PE,3
2026-08-24 05:50:00+00:00,272.0,272.0,268.4,268.4,130.0,325.0,NIFTY,2026-09-15,24400.0,PE,3
2026-08-24 05:55:00+00:00,270.0,275.9,270.0,273.55,390.0,323.0,NIFTY,2026-09-15,24400.0,PE,3
2026-08-24 06:00:00+00:00,275.0,288.35,275.0,286.25,845.0,328.0,NIFTY,2026-09-15,24400.0,PE,3
2026-08-24 06:05:00+00:00,286.2,286.3,286.2,286.3,130.0,325.0,NIFTY,2026-09-15,24400.0,PE,3
2026-08-24 06:10:00+00:00,285.0,285.0,285.0,285.0,65.0,161.0,NIFTY,2026-09-15,24400.0,PE,3
2026-08-24 06:45:00+00:00,284.15,284.15,284.15,284.15,390.0,162.0,NIFTY,2026-09-15,24400.0,PE,3
2026-08-24 06:55:00+00:00,283.6,283.6,283.6,283.6,195.0,165.0,NIFTY,2026-09-15,24400.0,PE,3
2026-08-24 07:00:00+00:00,286.05,286.05,286.05,286.05,65.0,167.0,NIFTY,2026-09-15,24400.0,PE,3
2026-08-24 07:05:00+00:00,280.05,280.05,280.0,280.0,130.0,168.0,NIFTY,2026-09-15,24400.0,PE,3
2026-08-24 07:20:00+00:00,286.0,289.0,286.0,286.85,325.0,338.0,NIFTY,2026-09-15,24400.0,PE,3
2026-08-24 07:30:00+00:00,293.05,293.05,291.0,291.0,455.0,334.0,NIFTY,2026-09-15,24400.0,PE,3
2026-08-24 07:35:00+00:00,298.9,299.0,298.9,299.0,130.0,164.0,NIFTY,2026-09-15,24400.0,PE,3
2026-08-24 07:50:00+00:00,293.35,293.35,293.35,293.35,260.0,163.0,NIFTY,2026-09-15,24400.0,PE,3
2026-08-24 07:55:00+00:00,287.5,287.5,287.5,287.5,260.0,163.0,NIFTY,2026-09-15,24400.0,PE,3
2026-08-24 08:00:00+00:00,296.7,296.7,296.7,296.7,260.0,160.0,NIFTY,2026-09-15,24400.0,PE,3
2026-08-24 08:10:00+00:00,289.45,289.45,289.45,289.45,65.0,163.0,NIFTY,2026-09-15,24400.0,PE,3
2026-08-24 08:30:00+00:00,293.25,293.25,293.25,293.25,65.0,,NIFTY,2026-09-15,24400.0,PE,3
2026-08-24 08:55:00+00:00,288.55,288.55,288.55,288.55,65.0,163.0,NIFTY,2026-09-15,24400.0,PE,3
2026-08-24 09:00:00+00:00,280.7,281.0,280.7,281.0,390.0,,NIFTY,2026-09-15,24400.0,PE,3
2026-08-24 09:20:00+00:00,280.5,280.5,280.5,280.5,65.0,166.0,NIFTY,2026-09-15,24400.0,PE,3
2026-08-24 09:35:00+00:00,281.3,283.45,279.65,279.65,650.0,334.0,NIFTY,2026-09-15,24400.0,PE,3
2026-08-24 09:40:00+00:00,278.9,278.9,278.8,278.8,715.0,,NIFTY,2026-09-15,24400.0,PE,3
2026-08-24 09:50:00+00:00,276.7,276.7,276.7,276.7,325.0,163.0,NIFTY,2026-09-15,24400.0,PE,3
2026-08-24 09:55:00+00:00,274.95,277.4,274.95,277.4,130.0,320.0,NIFTY,2026-09-15,24400.0,PE,3
2026-08-24 10:00:00+00:00,275.75,275.9,275.75,275.9,130.0,161.0,NIFTY,2026-09-15,24400.0,PE,3
2026-08-24 10:05:00+00:00,279.7,284.55,279.7,284.55,780.0,326.0,NIFTY,2026-09-15,24400.0,PE,3
2026-08-25 03:45:00+00:00,293.15,293.15,272.95,272.95,130.0,,NIFTY,2026-09-15,24400.0,PE,3
2026-08-25 03:55:00+00:00,265.0,265.95,265.0,265.7,585.0,,NIFTY,2026-09-15,24400.0,PE,3
2026-08-25 04:00:00+00:00,266.1,266.1,266.1,266.1,390.0,323.0,NIFTY,2026-09-15,24400.0,PE,3
2026-08-25 04:05:00+00:00,266.8,266.8,266.8,266.8,130.0,163.0,NIFTY,2026-09-15,24400.0,PE,3
2026-08-25 04:10:00+00:00,273.4,280.0,273.4,280.0,455.0,326.0,NIFTY,2026-09-15,24400.0,PE,3
2026-08-25 04:15:00+00:00,281.1,281.1,278.85,278.85,130.0,163.0,NIFTY,2026-09-15,24400.0,PE,3
2026-08-25 04:20:00+00:00,285.65,290.95,285.65,290.95,780.0,323.0,NIFTY,2026-09-15,24400.0,PE,3
2026-08-25 04:25:00+00:00,289.3,289.3,289.3,289.3,65.0,160.0,NIFTY,2026-09-15,24400.0,PE,3
2026-08-25 04:30:00+00:00,291.65,291.65,288.95,290.0,195.0,321.0,NIFTY,2026-09-15,24400.0,PE,3
2026-08-25 04:35:00+00:00,288.65,288.65,288.65,288.65,130.0,,NIFTY,2026-09-15,24400.0,PE,3
2026-08-25 04:55:00+00:00,298.3,298.3,298.3,298.3,325.0,644.0,NIFTY,2026-09-15,24400.0,PE,3
2026-08-25 05:05:00+00:00,298.65,298.65,298.65,298.65,130.0,,NIFTY,2026-09-15,24400.0,PE,3
2026-08-25 05:10:00+00:00,297.95,297.95,297.95,297.95,65.0,650.0,NIFTY,2026-09-15,24400.0,PE,3
2026-08-25 05:20:00+00:00,276.8,276.8,276.8,276.8,130.0,,NIFTY,2026-09-15,24400.0,PE,3
2026-08-25 05:25:00+00:00,289.25,290.1,285.75,290.1,195.0,324.0,NIFTY,2026-09-15,24400.0,PE,3
2026-08-25 05:50:00+00:00,280.0,280.0,276.0,276.0,520.0,163.0,NIFTY,2026-09-15,24400.0,PE,3
2026-08-25 06:05:00+00:00,278.9,278.9,278.9,278.9,65.0,167.0,NIFTY,2026-09-15,24400.0,PE,3
2026-08-25 06:25:00+00:00,254.75,257.0,248.65,248.95,455.0,335.0,NIFTY,2026-09-15,24400.0,PE,3
2026-08-25 07:10:00+00:00,267.25,267.25,267.25,267.25,65.0,334.0,NIFTY,2026-09-15,24400.0,PE,3
2026-08-25 07:25:00+00:00,272.0,272.0,272.0,272.0,65.0,166.0,NIFTY,2026-09-15,24400.0,PE,3
2026-08-25 07:35:00+00:00,278.05,278.05,278.05,278.05,65.0,167.0,NIFTY,2026-09-15,24400.0,PE,3
2026-08-25 07:40:00+00:00,280.0,280.75,280.0,280.75,195.0,167.0,NIFTY,2026-09-15,24400.0,PE,3
2026-08-25 07:45:00+00:00,288.25,289.2,288.0,288.0,390.0,169.0,NIFTY,2026-09-15,24400.0,PE,3
2026-08-25 07:55:00+00:00,290.1,290.1,286.3,286.3,130.0,170.0,NIFTY,2026-09-15,24400.0,PE,3
2026-08-25 08:00:00+00:00,284.05,285.1,284.05,284.5,715.0,169.0,NIFTY,2026-09-15,24400.0,PE,3
2026-08-25 08:10:00+00:00,280.9,280.9,280.9,280.9,65.0,,NIFTY,2026-09-15,24400.0,PE,3
2026-08-25 08:15:00+00:00,285.15,285.15,285.15,285.15,65.0,170.0,NIFTY,2026-09-15,24400.0,PE,3
2026-08-25 08:20:00+00:00,278.25,278.25,260.95,260.95,585.0,336.0,NIFTY,2026-09-15,24400.0,PE,3
2026-08-25 08:25:00+00:00,264.3,268.25,264.25,268.25,325.0,167.0,NIFTY,2026-09-15,24400.0,PE,3
2026-08-25 08:30:00+00:00,271.6,271.6,270.9,270.9,260.0,167.0,NIFTY,2026-09-15,24400.0,PE,3
2026-08-25 08:35:00+00:00,266.2,266.2,266.2,266.2,130.0,169.0,NIFTY,2026-09-15,24400.0,PE,3
2026-08-25 09:00:00+00:00,225.55,225.6,225.55,225.6,130.0,,NIFTY,2026-09-15,24400.0,PE,3
2026-08-25 09:05:00+00:00,228.0,228.0,223.85,225.6,975.0,,NIFTY,2026-09-15,24400.0,PE,3
2026-08-25 09:10:00+00:00,225.55,225.55,223.75,223.75,130.0,174.0,NIFTY,2026-09-15,24400.0,PE,3
2026-08-25 09:15:00+00:00,213.35,216.25,209.7,209.7,390.0,525.0,NIFTY,2026-09-15,24400.0,PE,3
2026-08-25 09:20:00+00:00,208.45,211.55,202.95,202.95,455.0,350.0,NIFTY,2026-09-15,24400.0,PE,3
2026-08-25 09:25:00+00:00,201.55,204.45,199.75,199.75,4680.0,542.0,NIFTY,2026-09-15,24400.0,PE,3
2026-08-25 09:30:00+00:00,204.2,208.35,199.5,199.5,2860.0,802.0,NIFTY,2026-09-15,24400.0,PE,3
2026-08-25 09:35:00+00:00,203.3,204.55,203.0,204.55,715.0,203.0,NIFTY,2026-09-15,24400.0,PE,3
2026-08-25 09:40:00+00:00,201.95,201.95,198.0,198.15,7150.0,964.0,NIFTY,2026-09-15,24400.0,PE,3
2026-08-25 09:45:00+00:00,198.1,199.4,193.3,193.5,14430.0,1541.0,NIFTY,2026-09-15,24400.0,PE,3
2026-08-25 09:50:00+00:00,193.5,193.5,189.7,190.35,1365.0,1594.0,NIFTY,2026-09-15,24400.0,PE,3
2026-08-25 09:55:00+00:00,190.85,193.25,187.95,187.95,4875.0,1173.0,NIFTY,2026-09-15,24400.0,PE,3
2026-08-25 10:00:00+00:00,186.7,186.7,177.1,178.05,4615.0,1561.0,NIFTY,2026-09-15,24400.0,PE,3
2026-08-25 10:05:00+00:00,177.9,179.5,176.15,176.75,1495.0,802.0,NIFTY,2026-09-15,24400.0,PE,3
2026-08-26 03:45:00+00:00,155.1,172.35,155.1,168.85,14300.0,1244.0,NIFTY,2026-09-15,24400.0,PE,3
2026-08-26 03:50:00+00:00,164.15,164.15,152.1,152.95,8255.0,2304.0,NIFTY,2026-09-15,24400.0,PE,3
2026-08-26 03:55:00+00:00,153.95,155.2,149.1,155.2,4615.0,1939.0,NIFTY,2026-09-15,24400.0,PE,3
2026-08-26 04:00:00+00:00,153.9,158.05,152.7,155.85,5850.0,1560.0,NIFTY,2026-09-15,24400.0,PE,3
2026-08-26 04:05:00+00:00,155.5,155.9,150.45,150.75,3250.0,2741.0,NIFTY,2026-09-15,24400.0,PE,3
2026-08-26 04:10:00+00:00,150.0,150.0,143.75,144.3,3380.0,2258.0,NIFTY,2026-09-15,24400.0,PE,3
2026-08-26 04:15:00+00:00,143.7,144.55,141.0,144.3,7475.0,2319.0,NIFTY,2026-09-15,24400.0,PE,3
2026-08-26 04:20:00+00:00,144.0,147.95,143.3,146.9,6435.0,2945.0,NIFTY,2026-09-15,24400.0,PE,3
2026-08-26 04:25:00+00:00,146.05,147.45,144.35,146.7,7605.0,2988.0,NIFTY,2026-09-15,24400.0,PE,3
2026-08-26 04:30:00+00:00,147.55,152.55,147.5,151.95,3445.0,1839.0,NIFTY,2026-09-15,24400.0,PE,3
2026-08-26 04:35:00+00:00,151.8,161.6,151.8,158.7,2925.0,1235.0,NIFTY,2026-09-15,24400.0,PE,3
2026-08-26 04:40:00+00:00,160.2,166.0,158.3,159.85,3055.0,3098.0,NIFTY,2026-09-15,24400.0,PE,3
2026-08-26 04:45:00+00:00,158.75,173.95,158.65,171.5,4940.0,2499.0,NIFTY,2026-09-15,24400.0,PE,3
2026-08-26 04:50:00+00:00,172.3,187.35,172.3,183.5,8385.0,3124.0,NIFTY,2026-09-15,24400.0,PE,3
2026-08-26 04:55:00+00:00,183.0,187.25,181.5,181.85,7540.0,3095.0,NIFTY,2026-09-15,24400.0,PE,3
2026-08-26 05:00:00+00:00,178.15,178.25,172.75,174.8,1560.0,1883.0,NIFTY,2026-09-15,24400.0,PE,3
2026-08-26 05:05:00+00:00,172.65,174.6,170.0,170.0,1300.0,2541.0,NIFTY,2026-09-15,24400.0,PE,3
2026-08-26 05:10:00+00:00,169.0,173.85,166.8,169.0,2405.0,1905.0,NIFTY,2026-09-15,24400.0,PE,3
2026-08-26 05:15:00+00:00,172.5,177.85,171.65,172.7,1105.0,1903.0,NIFTY,2026-09-15,24400.0,PE,3
2026-08-26 05:20:00+00:00,173.8,173.8,173.8,173.8,130.0,,NIFTY,2026-09-15,24400.0,PE,3
2026-08-26 05:25:00+00:00,174.1,174.8,170.55,173.2,585.0,633.0,NIFTY,2026-09-15,24400.0,PE,3
2026-08-26 05:30:00+00:00,178.0,178.4,177.6,177.6,260.0,1899.0,NIFTY,2026-09-15,24400.0,PE,3
2026-08-26 05:35:00+00:00,178.75,178.75,177.5,177.5,390.0,1266.0,NIFTY,2026-09-15,24400.0,PE,3
2026-08-26 05:40:00+00:00,173.3,174.15,170.0,170.4,1495.0,1261.0,NIFTY,2026-09-15,24400.0,PE,3
2026-08-26 05:45:00+00:00,166.6,181.9,166.6,180.85,585.0,637.0,NIFTY,2026-09-15,24400.0,PE,3
2026-08-26 05:50:00+00:00,177.95,186.05,177.95,185.65,780.0,,NIFTY,2026-09-15,24400.0,PE,3
2026-08-26 05:55:00+00:00,180.65,182.5,178.4,178.4,910.0,2556.0,NIFTY,2026-09-15,24400.0,PE,3
2026-08-26 06:00:00+00:00,181.2,190.0,181.2,183.95,1235.0,1928.0,NIFTY,2026-09-15,24400.0,PE,3
2026-08-26 06:05:00+00:00,180.55,180.55,176.55,176.55,910.0,1286.0,NIFTY,2026-09-15,24400.0,PE,3
2026-08-26 06:10:00+00:00,176.7,176.7,176.0,176.0,390.0,1292.0,NIFTY,2026-09-15,24400.0,PE,3
2026-08-26 06:15:00+00:00,176.75,183.25,176.75,183.25,1235.0,1296.0,NIFTY,2026-09-15,24400.0,PE,3
2026-08-26 06:20:00+00:00,181.6,192.2,181.6,191.25,11505.0,649.0,NIFTY,2026-09-15,24400.0,PE,3
2026-08-26 06:25:00+00:00,186.0,190.35,185.45,188.4,780.0,2246.0,NIFTY,2026-09-15,24400.0,PE,3
2026-08-26 06:30:00+00:00,192.2,201.0,192.1,198.75,9750.0,2315.0,NIFTY,2026-09-15,24400.0,PE,3
2026-08-26 06:35:00+00:00,197.0,200.9,193.1,200.9,3250.0,3284.0,NIFTY,2026-09-15,24400.0,PE,3
2026-08-26 06:40:00+00:00,201.95,205.6,195.75,195.75,3055.0,2477.0,NIFTY,2026-09-15,24400.0,PE,3
2026-08-26 06:45:00+00:00,195.7,198.15,190.5,190.5,1300.0,3302.0,NIFTY,2026-09-15,24400.0,PE,3
2026-08-26 06:50:00+00:00,192.35,194.4,191.85,191.85,910.0,827.0,NIFTY,2026-09-15,24400.0,PE,3
2026-08-26 06:55:00+00:00,193.1,195.05,192.15,195.05,650.0,826.0,NIFTY,2026-09-15,24400.0,PE,3
2026-08-26 07:00:00+00:00,200.75,204.05,195.85,195.85,6630.0,3316.0,NIFTY,2026-09-15,24400.0,PE,3
2026-08-26 07:05:00+00:00,195.2,196.4,193.9,196.15,4420.0,3348.0,NIFTY,2026-09-15,24400.0,PE,3
2026-08-26 07:10:00+00:00,203.1,203.8,195.15,196.55,5135.0,3339.0,NIFTY,2026-09-15,24400.0,PE,3
2026-08-26 07:15:00+00:00,195.75,200.3,195.75,200.3,10725.0,5042.0,NIFTY,2026-09-15,24400.0,PE,3
2026-08-26 07:20:00+00:00,202.0,203.05,196.55,197.2,6500.0,3456.0,NIFTY,2026-09-15,24400.0,PE,3
2026-08-26 07:25:00+00:00,198.3,198.35,194.85,195.15,7930.0,2655.0,NIFTY,2026-09-15,24400.0,PE,3
2026-08-26 07:30:00+00:00,204.35,207.25,200.25,201.3,4615.0,3555.0,NIFTY,2026-09-15,24400.0,PE,3
2026-08-26 07:35:00+00:00,197.2,203.95,196.05,203.05,1560.0,1801.0,NIFTY,2026-09-15,24400.0,PE,3
2026-08-26 07:40:00+00:00,202.15,204.5,201.0,201.0,1040.0,2720.0,NIFTY,2026-09-15,24400.0,PE,3
2026-08-26 07:45:00+00:00,206.45,212.75,205.15,206.15,2860.0,3665.0,NIFTY,2026-09-15,24400.0,PE,3
2026-08-26 07:50:00+00:00,208.45,210.15,205.45,208.65,325.0,922.0,NIFTY,2026-09-15,24400.0,PE,3
2026-08-26 07:55:00+00:00,209.55,211.7,204.95,205.2,8190.0,2824.0,NIFTY,2026-09-15,24400.0,PE,3
2026-08-26 08:00:00+00:00,206.1,206.75,204.6,204.6,3250.0,979.0,NIFTY,2026-09-15,24400.0,PE,3
2026-08-26 08:05:00+00:00,205.35,210.15,205.05,207.05,8970.0,4221.0,NIFTY,2026-09-15,24400.0,PE,3
2026-08-26 08:10:00+00:00,205.55,210.9,200.2,209.65,10140.0,4348.0,NIFTY,2026-09-15,24400.0,PE,3
2026-08-26 08:15:00+00:00,212.05,212.1,208.35,209.7,4485.0,3392.0,NIFTY,2026-09-15,24400.0,PE,3
2026-08-26 08:20:00+00:00,207.45,209.5,205.5,205.5,3705.0,4607.0,NIFTY,2026-09-15,24400.0,PE,3
2026-08-26 08:25:00+00:00,208.8,210.55,208.05,208.05,1365.0,1149.0,NIFTY,2026-09-15,24400.0,PE,3
2026-08-26 08:30:00+00:00,209.1,209.1,205.6,207.8,585.0,2308.0,NIFTY,2026-09-15,24400.0,PE,3
2026-08-26 08:35:00+00:00,205.05,205.05,201.15,201.15,390.0,3468.0,NIFTY,2026-09-15,24400.0,PE,3
2026-08-26 08:40:00+00:00,201.2,201.2,194.2,195.8,4745.0,2325.0,NIFTY,2026-09-15,24400.0,PE,3
2026-08-26 08:45:00+00:00,195.95,195.95,190.15,194.0,2730.0,4711.0,NIFTY,2026-09-15,24400.0,PE,3
2026-08-26 08:50:00+00:00,191.4,196.75,191.4,196.75,1755.0,4719.0,NIFTY,2026-09-15,24400.0,PE,3
2026-08-26 08:55:00+00:00,196.8,198.4,195.9,196.2,845.0,2365.0,NIFTY,2026-09-15,24400.0,PE,3
2026-08-26 09:00:00+00:00,189.05,191.55,187.25,190.5,5655.0,4752.0,NIFTY,2026-09-15,24400.0,PE,3
2026-08-26 09:05:00+00:00,191.85,191.85,188.95,189.75,1625.0,4790.0,NIFTY,2026-09-15,24400.0,PE,3
2026-08-26 09:10:00+00:00,190.2,190.8,188.05,188.95,715.0,3613.0,NIFTY,2026-09-15,24400.0,PE,3
2026-08-26 09:15:00+00:00,185.65,185.95,182.05,182.05,845.0,3612.0,NIFTY,2026-09-15,24400.0,PE,3
2026-08-26 09:20:00+00:00,180.5,183.45,179.0,179.0,3055.0,5987.0,NIFTY,2026-09-15,24400.0,PE,3
2026-08-26 09:25:00+00:00,179.3,184.15,179.3,184.15,260.0,3571.0,NIFTY,2026-09-15,24400.0,PE,3
2026-08-26 09:30:00+00:00,186.05,189.45,181.35,181.35,1495.0,3567.0,NIFTY,2026-09-15,24400.0,PE,3
2026-08-26 09:35:00+00:00,182.85,184.6,182.7,183.2,1625.0,4743.0,NIFTY,2026-09-15,24400.0,PE,3
2026-08-26 09:40:00+00:00,182.35,183.2,181.0,183.2,2340.0,2360.0,NIFTY,2026-09-15,24400.0,PE,3
2026-08-26 09:45:00+00:00,184.85,185.85,180.6,180.6,1820.0,4710.0,NIFTY,2026-09-15,24400.0,PE,3
2026-08-26 09:50:00+00:00,185.1,195.5,183.65,189.3,5785.0,5887.0,NIFTY,2026-09-15,24400.0,PE,3
2026-08-26 09:55:00+00:00,189.0,196.7,187.65,195.1,4160.0,3480.0,NIFTY,2026-09-15,24400.0,PE,3
2026-08-26 10:00:00+00:00,196.0,212.95,195.35,207.1,7995.0,7056.0,NIFTY,2026-09-15,24400.0,PE,3
2026-08-26 10:05:00+00:00,204.45,206.75,204.45,206.05,5200.0,5964.0,NIFTY,2026-09-15,24400.0,PE,3
2026-08-27 03:45:00+00:00,205.0,225.8,199.75,213.45,7280.0,4775.0,NIFTY,2026-09-15,24400.0,PE,3
2026-08-27 03:50:00+00:00,219.95,223.7,218.35,221.35,910.0,2405.0,NIFTY,2026-09-15,24400.0,PE,3
2026-08-27 03:55:00+00:00,222.75,236.75,221.1,235.05,5070.0,4818.0,NIFTY,2026-09-15,24400.0,PE,3
2026-08-27 04:00:00+00:00,232.0,241.7,230.95,230.95,4030.0,3610.0,NIFTY,2026-09-15,24400.0,PE,3
2026-08-27 04:05:00+00:00,228.95,243.0,228.95,240.6,6110.0,3680.0,NIFTY,2026-09-15,24400.0,PE,3
2026-08-27 04:10:00+00:00,241.3,242.1,238.0,238.0,260.0,1240.0,NIFTY,2026-09-15,24400.0,PE,3
2026-08-27 04:15:00+00:00,233.35,233.35,228.5,230.2,1625.0,2483.0,NIFTY,2026-09-15,24400.0,PE,3
2026-08-27 04:20:00+00:00,232.05,239.4,232.05,235.9,2405.0,4971.0,NIFTY,2026-09-15,24400.0,PE,3
2026-08-27 04:25:00+00:00,240.0,242.5,238.0,242.05,7995.0,3730.0,NIFTY,2026-09-15,24400.0,PE,3
2026-08-27 04:30:00+00:00,244.2,252.25,244.2,248.55,4680.0,3640.0,NIFTY,2026-09-15,24400.0,PE,3
2026-08-27 04:35:00+00:00,253.0,253.0,249.3,249.3,1040.0,3673.0,NIFTY,2026-09-15,24400.0,PE,3
2026-08-27 04:40:00+00:00,246.9,254.45,246.9,254.45,910.0,6124.0,NIFTY,2026-09-15,24400.0,PE,3
2026-08-27 04:45:00+00:00,254.05,254.05,251.1,252.4,260.0,2456.0,NIFTY,2026-09-15,24400.0,PE,3
2026-08-27 04:50:00+00:00,252.4,254.95,252.4,254.4,455.0,1229.0,NIFTY,2026-09-15,24400.0,PE,3
2026-08-27 04:55:00+00:00,255.75,256.85,252.1,255.0,5460.0,3717.0,NIFTY,2026-09-15,24400.0,PE,3
2026-08-27 05:00:00+00:00,252.9,252.9,251.6,251.6,130.0,1203.0,NIFTY,2026-09-15,24400.0,PE,3
2026-08-27 05:05:00+00:00,254.1,254.15,253.15,253.15,975.0,1204.0,NIFTY,2026-09-15,24400.0,PE,3
2026-08-27 05:10:00+00:00,253.45,262.85,253.45,262.5,845.0,3644.0,NIFTY,2026-09-15,24400.0,PE,3
2026-08-27 05:15:00+00:00,259.5,263.7,258.8,263.3,1105.0,2438.0,NIFTY,2026-09-15,24400.0,PE,3
2026-08-27 05:20:00+00:00,266.45,270.65,266.45,269.0,520.0,2444.0,NIFTY,2026-09-15,24400.0,PE,3
2026-08-27 05:25:00+00:00,271.0,273.35,271.0,271.95,715.0,2442.0,NIFTY,2026-09-15,24400.0,PE,3
2026-08-27 05:30:00+00:00,269.3,273.4,264.05,264.05,1755.0,3666.0,NIFTY,2026-09-15,24400.0,PE,3
2026-08-27 05:35:00+00:00,263.45,263.45,260.55,260.55,130.0,1224.0,NIFTY,2026-09-15,24400.0,PE,3
2026-08-27 05:40:00+00:00,267.2,267.2,267.2,267.2,65.0,1225.0,NIFTY,2026-09-15,24400.0,PE,3
2026-08-27 05:45:00+00:00,269.05,277.7,269.05,275.4,845.0,2452.0,NIFTY,2026-09-15,24400.0,PE,3
2026-08-27 05:50:00+00:00,280.45,289.65,280.45,286.9,1105.0,2456.0,NIFTY,2026-09-15,24400.0,PE,3
2026-08-27 05:55:00+00:00,290.05,290.05,285.6,287.3,585.0,2465.0,NIFTY,2026-09-15,24400.0,PE,3
2026-08-27 06:00:00+00:00,283.75,283.75,273.7,273.7,455.0,4930.0,NIFTY,2026-09-15,24400.0,PE,3
2026-08-27 06:05:00+00:00,274.25,274.65,271.95,273.85,1170.0,4902.0,NIFTY,2026-09-15,24400.0,PE,3
2026-08-27 06:10:00+00:00,272.4,277.25,272.4,277.25,1040.0,1223.0,NIFTY,2026-09-15,24400.0,PE,3
2026-08-27 06:15:00+00:00,277.0,277.0,277.0,277.0,65.0,1230.0,NIFTY,2026-09-15,24400.0,PE,3
2026-08-27 06:20:00+00:00,277.35,279.5,277.35,279.5,130.0,1229.0,NIFTY,2026-09-15,24400.0,PE,3
2026-08-27 06:25:00+00:00,273.75,273.75,273.75,273.75,65.0,1230.0,NIFTY,2026-09-15,24400.0,PE,3
2026-08-27 06:40:00+00:00,274.05,278.4,274.05,277.5,845.0,,NIFTY,2026-09-15,24400.0,PE,3
2026-08-27 06:45:00+00:00,266.3,266.3,264.0,264.0,195.0,,NIFTY,2026-09-15,24400.0,PE,3
2026-08-27 06:50:00+00:00,273.85,274.8,272.85,272.85,195.0,2462.0,NIFTY,2026-09-15,24400.0,PE,3
2026-08-27 06:55:00+00:00,264.0,264.0,264.0,264.0,325.0,1232.0,NIFTY,2026-09-15,24400.0,PE,3
2026-08-27 07:00:00+00:00,266.95,266.95,265.55,266.4,260.0,1235.0,NIFTY,2026-09-15,24400.0,PE,3
2026-08-27 07:05:00+00:00,262.0,262.0,244.95,245.15,390.0,1235.0,NIFTY,2026-09-15,24400.0,PE,3
2026-08-27 07:10:00+00:00,245.95,249.7,245.1,249.35,585.0,3715.0,NIFTY,2026-09-15,24400.0,PE,3
2026-08-27 07:15:00+00:00,246.95,249.95,244.5,244.5,1170.0,1241.0,NIFTY,2026-09-15,24400.0,PE,3
2026-08-27 07:20:00+00:00,242.65,245.0,237.45,237.45,910.0,3707.0,NIFTY,2026-09-15,24400.0,PE,3
2026-08-27 07:25:00+00:00,236.15,238.75,236.15,238.75,520.0,2482.0,NIFTY,2026-09-15,24400.0,PE,3
2026-08-27 07:30:00+00:00,241.45,241.5,241.45,241.5,520.0,1242.0,NIFTY,2026-09-15,24400.0,PE,3
2026-08-27 07:35:00+00:00,242.0,245.1,241.15,241.15,325.0,2473.0,NIFTY,2026-09-15,24400.0,PE,3
2026-08-27 07:40:00+00:00,235.0,236.75,233.65,235.05,975.0,1240.0,NIFTY,2026-09-15,24400.0,PE,3
2026-08-27 07:45:00+00:00,234.2,238.35,231.0,235.45,520.0,2482.0,NIFTY,2026-09-15,24400.0,PE,3
2026-08-27 07:50:00+00:00,235.65,235.65,235.65,235.65,65.0,,NIFTY,2026-09-15,24400.0,PE,3
2026-08-27 07:55:00+00:00,236.25,241.45,236.25,241.45,975.0,2484.0,NIFTY,2026-09-15,24400.0,PE,3
2026-08-27 08:00:00+00:00,242.8,242.8,242.8,242.8,65.0,1240.0,NIFTY,2026-09-15,24400.0,PE,3
2026-08-27 08:05:00+00:00,241.45,242.4,237.45,238.9,2405.0,4963.0,NIFTY,2026-09-15,24400.0,PE,3
2026-08-27 08:10:00+00:00,246.1,246.1,245.0,245.0,195.0,1231.0,NIFTY,2026-09-15,24400.0,PE,3
2026-08-27 08:15:00+00:00,250.7,264.95,250.7,257.25,1885.0,3689.0,NIFTY,2026-09-15,24400.0,PE,3
2026-08-27 08:20:00+00:00,262.25,266.75,262.25,266.75,2470.0,2468.0,NIFTY,2026-09-15,24400.0,PE,3
2026-08-27 08:25:00+00:00,269.25,275.5,269.25,275.5,2275.0,2488.0,NIFTY,2026-09-15,24400.0,PE,3
2026-08-27 08:30:00+00:00,271.7,274.85,270.7,274.0,3705.0,5053.0,NIFTY,2026-09-15,24400.0,PE,3
2026-08-27 08:35:00+00:00,269.95,278.0,269.95,276.0,1105.0,3838.0,NIFTY,2026-09-15,24400.0,PE,3
2026-08-27 08:40:00+00:00,274.3,274.55,268.1,270.5,650.0,3853.0,NIFTY,2026-09-15,24400.0,PE,3
2026-08-27 08:45:00+00:00,269.7,271.35,264.65,266.05,390.0,1288.0,NIFTY,2026-09-15,24400.0,PE,3
2026-08-27 08:50:00+00:00,262.8,262.8,260.0,260.0,260.0,2574.0,NIFTY,2026-09-15,24400.0,PE,3
2026-08-27 08:55:00+00:00,258.0,258.0,249.35,249.35,1755.0,2579.0,NIFTY,2026-09-15,24400.0,PE,3
2026-08-27 09:00:00+00:00,248.5,261.25,248.1,258.5,2470.0,2612.0,NIFTY,2026-09-15,24400.0,PE,3
2026-08-27 09:05:00+00:00,252.5,254.45,250.7,250.7,715.0,2624.0,NIFTY,2026-09-15,24400.0,PE,3
2026-08-27 09:10:00+00:00,257.45,257.5,257.45,257.5,650.0,1316.0,NIFTY,2026-09-15,24400.0,PE,3
2026-08-27 09:15:00+00:00,256.8,258.45,252.8,255.45,1690.0,3949.0,NIFTY,2026-09-15,24400.0,PE,3
2026-08-27 09:20:00+00:00,261.75,262.4,255.2,255.2,1755.0,3966.0,NIFTY,2026-09-15,24400.0,PE,3
2026-08-27 09:25:00+00:00,254.45,257.25,253.3,253.95,1170.0,2663.0,NIFTY,2026-09-15,24400.0,PE,3
2026-08-27 09:30:00+00:00,251.3,253.2,249.3,253.2,1430.0,2668.0,NIFTY,2026-09-15,24400.0,PE,3
2026-08-27 09:35:00+00:00,260.0,262.65,260.0,262.65,195.0,2672.0,NIFTY,2026-09-15,24400.0,PE,3
2026-08-27 09:40:00+00:00,265.0,271.0,265.0,271.0,715.0,1329.0,NIFTY,2026-09-15,24400.0,PE,3
2026-08-27 09:45:00+00:00,266.8,267.65,261.25,261.25,455.0,3983.0,NIFTY,2026-09-15,24400.0,PE,3
2026-08-27 09:50:00+00:00,273.25,286.8,270.8,286.8,5005.0,5327.0,NIFTY,2026-09-15,24400.0,PE,3
2026-08-27 09:55:00+00:00,280.85,294.05,280.85,291.1,455.0,1334.0,NIFTY,2026-09-15,24400.0,PE,3
2026-08-27 10:00:00+00:00,290.15,292.0,286.45,292.0,975.0,5334.0,NIFTY,2026-09-15,24400.0,PE,3
2026-08-27 10:05:00+00:00,287.95,295.2,287.95,294.9,1300.0,4008.0,NIFTY,2026-09-15,24400.0,PE,3
2026-08-28 03:45:00+00:00,282.95,287.15,276.65,276.65,1300.0,2655.0,NIFTY,2026-09-15,24400.0,PE,3
2026-08-28 03:50:00+00:00,289.3,289.3,276.85,276.85,1755.0,5279.0,NIFTY,2026-09-15,24400.0,PE,3
2026-08-28 03:55:00+00:00,266.6,266.6,251.35,261.0,16705.0,6355.0,NIFTY,2026-09-15,24400.0,PE,3
2026-08-28 04:00:00+00:00,262.3,267.8,252.35,260.15,7020.0,6108.0,NIFTY,2026-09-15,24400.0,PE,3
2026-08-28 04:05:00+00:00,260.2,270.45,260.0,262.45,2405.0,4744.0,NIFTY,2026-09-15,24400.0,PE,3
2026-08-28 04:10:00+00:00,262.2,262.2,248.7,250.65,7085.0,5853.0,NIFTY,2026-09-15,24400.0,PE,3
2026-08-28 04:15:00+00:00,252.7,258.9,250.2,258.9,12415.0,5640.0,NIFTY,2026-09-15,24400.0,PE,3
2026-08-28 04:20:00+00:00,256.45,261.55,248.0,248.0,11765.0,5543.0,NIFTY,2026-09-15,24400.0,PE,3
2026-08-28 04:25:00+00:00,248.9,251.3,248.9,249.4,2405.0,3308.0,NIFTY,2026-09-15,24400.0,PE,3
2026-08-28 04:30:00+00:00,254.0,255.3,254.0,255.3,1885.0,2205.0,NIFTY,2026-09-15,24400.0,PE,3
2026-08-28 04:35:00+00:00,257.4,257.4,243.1,248.7,9945.0,3290.0,NIFTY,2026-09-15,24400.0,PE,3
2026-08-28 04:40:00+00:00,248.7,248.7,237.5,238.8,5330.0,3283.0,NIFTY,2026-09-15,24400.0,PE,3
2026-08-28 04:45:00+00:00,233.95,236.8,226.2,236.8,7410.0,5399.0,NIFTY,2026-09-15,24400.0,PE,3
2026-08-28 04:50:00+00:00,239.1,239.15,236.05,236.05,4745.0,3181.0,NIFTY,2026-09-15,24400.0,PE,3
2026-08-28 04:55:00+00:00,239.25,239.25,237.05,239.1,520.0,2074.0,NIFTY,2026-09-15,24400.0,PE,3
2026-08-28 05:00:00+00:00,238.5,241.1,237.85,239.95,1235.0,2065.0,NIFTY,2026-09-15,24400.0,PE,3
2026-08-28 05:05:00+00:00,237.1,238.65,235.25,236.85,5265.0,3086.0,NIFTY,2026-09-15,24400.0,PE,3
2026-08-28 05:10:00+00:00,234.75,240.85,234.5,240.85,1885.0,4074.0,NIFTY,2026-09-15,24400.0,PE,3
2026-08-28 05:15:00+00:00,242.0,242.0,235.65,235.65,780.0,2032.0,NIFTY,2026-09-15,24400.0,PE,3
2026-08-28 05:20:00+00:00,233.25,239.15,232.5,238.85,1170.0,1017.0,NIFTY,2026-09-15,24400.0,PE,3
2026-08-28 05:25:00+00:00,244.0,245.0,239.9,240.45,845.0,2028.0,NIFTY,2026-09-15,24400.0,PE,3
2026-08-28 05:30:00+00:00,242.75,242.75,237.2,237.2,650.0,3036.0,NIFTY,2026-09-15,24400.0,PE,3
2026-08-28 05:35:00+00:00,237.2,249.0,237.2,249.0,715.0,,NIFTY,2026-09-15,24400.0,PE,3
2026-08-28 05:40:00+00:00,249.5,250.0,236.65,236.65,1625.0,4029.0,NIFTY,2026-09-15,24400.0,PE,3
2026-08-28 05:45:00+00:00,241.05,250.85,241.05,250.6,975.0,2996.0,NIFTY,2026-09-15,24400.0,PE,3
2026-08-28 05:50:00+00:00,250.55,257.7,250.55,254.7,2080.0,2976.0,NIFTY,2026-09-15,24400.0,PE,3
2026-08-28 05:55:00+00:00,257.0,270.0,257.0,266.5,975.0,3957.0,NIFTY,2026-09-15,24400.0,PE,3
2026-08-28 06:00:00+00:00,273.75,285.5,269.9,280.7,1560.0,3957.0,NIFTY,2026-09-15,24400.0,PE,3
2026-08-28 06:05:00+00:00,281.8,294.8,281.8,284.8,2015.0,3942.0,NIFTY,2026-09-15,24400.0,PE,3
2026-08-28 06:10:00+00:00,288.0,288.75,288.0,288.75,130.0,987.0,NIFTY,2026-09-15,24400.0,PE,3
2026-08-28 06:15:00+00:00,289.65,289.7,285.55,286.6,585.0,1972.0,NIFTY,2026-09-15,24400.0,PE,3
2026-08-28 06:25:00+00:00,290.0,312.3,290.0,304.75,1560.0,2964.0,NIFTY,2026-09-15,24400.0,PE,3
2026-08-28 06:30:00+00:00,304.35,307.4,298.45,298.45,390.0,2962.0,NIFTY,2026-09-15,24400.0,PE,3
2026-08-28 06:35:00+00:00,295.0,296.0,295.0,296.0,455.0,988.0,NIFTY,2026-09-15,24400.0,PE,3
2026-08-28 06:40:00+00:00,305.6,309.3,305.1,306.2,520.0,2957.0,NIFTY,2026-09-15,24400.0,PE,3
2026-08-28 06:45:00+00:00,302.55,302.55,301.4,302.2,260.0,987.0,NIFTY,2026-09-15,24400.0,PE,3
2026-08-28 06:50:00+00:00,297.7,299.25,297.7,299.25,195.0,1971.0,NIFTY,2026-09-15,24400.0,PE,3
2026-08-28 07:00:00+00:00,298.85,299.05,295.6,295.6,455.0,1970.0,NIFTY,2026-09-15,24400.0,PE,3
2026-08-28 07:05:00+00:00,298.7,301.05,298.25,300.9,1300.0,,NIFTY,2026-09-15,24400.0,PE,3
2026-08-28 07:10:00+00:00,298.5,298.5,295.9,295.9,195.0,987.0,NIFTY,2026-09-15,24400.0,PE,3
2026-08-28 07:15:00+00:00,295.4,295.4,294.45,294.45,130.0,986.0,NIFTY,2026-09-15,24400.0,PE,3
2026-08-28 07:20:00+00:00,295.95,295.95,295.2,295.2,325.0,1969.0,NIFTY,2026-09-15,24400.0,PE,3
2026-08-28 07:25:00+00:00,302.1,302.1,302.1,302.1,130.0,982.0,NIFTY,2026-09-15,24400.0,PE,3
2026-08-28 07:35:00+00:00,303.6,303.6,296.75,297.0,910.0,2941.0,NIFTY,2026-09-15,24400.0,PE,3
2026-08-28 07:40:00+00:00,293.95,293.95,293.95,293.95,65.0,976.0,NIFTY,2026-09-15,24400.0,PE,3
2026-08-28 07:50:00+00:00,294.65,294.65,287.85,287.85,650.0,977.0,NIFTY,2026-09-15,24400.0,PE,3
2026-08-28 07:55:00+00:00,292.6,299.65,289.5,299.65,195.0,1953.0,NIFTY,2026-09-15,24400.0,PE,3
2026-08-28 08:00:00+00:00,291.75,291.75,285.35,285.35,130.0,976.0,NIFTY,2026-09-15,24400.0,PE,3
2026-08-28 08:10:00+00:00,280.0,280.0,280.0,280.0,65.0,,NIFTY,2026-09-15,24400.0,PE,3
2026-08-28 08:20:00+00:00,295.9,295.9,295.9,295.9,130.0,976.0,NIFTY,2026-09-15,24400.0,PE,3
2026-08-28 08:55:00+00:00,286.0,286.0,286.0,286.0,65.0,976.0,NIFTY,2026-09-15,24400.0,PE,3
2026-08-28 09:00:00+00:00,287.6,287.6,278.55,278.55,260.0,976.0,NIFTY,2026-09-15,24400.0,PE,3
2026-08-28 09:10:00+00:00,282.8,284.3,282.8,284.3,130.0,,NIFTY,2026-09-15,24400.0,PE,3
2026-08-28 09:15:00+00:00,285.5,286.2,275.5,275.8,1755.0,3886.0,NIFTY,2026-09-15,24400.0,PE,3
2026-08-28 09:20:00+00:00,274.35,274.65,263.25,264.25,1235.0,3857.0,NIFTY,2026-09-15,24400.0,PE,3
2026-08-28 09:25:00+00:00,263.4,268.7,263.4,268.7,260.0,964.0,NIFTY,2026-09-15,24400.0,PE,3
2026-08-28 09:30:00+00:00,278.85,285.0,276.0,284.45,455.0,2899.0,NIFTY,2026-09-15,24400.0,PE,3
2026-08-28 09:35:00+00:00,284.75,284.75,280.4,280.4,195.0,1935.0,NIFTY,2026-09-15,24400.0,PE,3
2026-08-28 09:40:00+00:00,272.25,272.25,249.0,252.35,2015.0,1931.0,NIFTY,2026-09-15,24400.0,PE,3
2026-08-28 09:45:00+00:00,250.1,255.0,250.1,255.0,2340.0,1930.0,NIFTY,2026-09-15,24400.0,PE,3
2026-08-28 09:50:00+00:00,251.15,251.15,234.8,240.8,2860.0,2875.0,NIFTY,2026-09-15,24400.0,PE,3
2026-08-28 09:55:00+00:00,240.75,244.7,235.8,239.25,5330.0,4682.0,NIFTY,2026-09-15,24400.0,PE,3
2026-08-28 10:00:00+00:00,238.95,241.3,232.2,241.25,3900.0,2791.0,NIFTY,2026-09-15,24400.0,PE,3
2026-08-28 10:05:00+00:00,241.2,248.2,239.3,248.2,2210.0,2794.0,NIFTY,2026-09-15,24400.0,PE,3
2026-08-31 03:45:00+00:00,326.9,344.85,326.9,338.7,2665.0,2769.0,NIFTY,2026-09-15,24400.0,PE,3
2026-08-31 03:50:00+00:00,345.85,345.85,331.0,341.1,2730.0,2769.0,NIFTY,2026-09-15,24400.0,PE,3
2026-08-31 03:55:00+00:00,347.6,353.55,341.55,349.2,1235.0,3719.0,NIFTY,2026-09-15,24400.0,PE,3
2026-08-31 04:00:00+00:00,352.0,354.9,340.05,344.15,2470.0,3735.0,NIFTY,2026-09-15,24400.0,PE,3
2026-08-31 04:05:00+00:00,346.1,346.55,340.8,344.65,585.0,2843.0,NIFTY,2026-09-15,24400.0,PE,3
2026-08-31 04:10:00+00:00,355.6,355.6,355.6,355.6,130.0,949.0,NIFTY,2026-09-15,24400.0,PE,3
2026-08-31 04:15:00+00:00,359.3,361.55,350.3,352.75,650.0,3788.0,NIFTY,2026-09-15,24400.0,PE,3
2026-08-31 04:20:00+00:00,352.7,356.35,350.85,355.1,585.0,,NIFTY,2026-09-15,24400.0,PE,3
2026-08-31 04:25:00+00:00,359.8,360.7,356.85,356.85,325.0,946.0,NIFTY,2026-09-15,24400.0,PE,3
2026-08-31 04:30:00+00:00,355.0,355.0,350.0,350.0,455.0,947.0,NIFTY,2026-09-15,24400.0,PE,3
2026-08-31 04:35:00+00:00,349.0,350.95,345.5,345.5,2275.0,1885.0,NIFTY,2026-09-15,24400.0,PE,3
2026-08-31 04:40:00+00:00,360.0,360.0,360.0,360.0,65.0,,NIFTY,2026-09-15,24400.0,PE,3
2026-08-31 04:45:00+00:00,359.8,360.0,355.0,356.25,1040.0,1870.0,NIFTY,2026-09-15,24400.0,PE,3
2026-08-31 04:50:00+00:00,360.0,362.05,359.95,360.45,520.0,2825.0,NIFTY,2026-09-15,24400.0,PE,3
2026-08-31 04:55:00+00:00,359.0,359.0,347.25,348.2,1560.0,1870.0,NIFTY,2026-09-15,24400.0,PE,3
2026-08-31 05:00:00+00:00,355.65,356.0,355.65,356.0,130.0,1870.0,NIFTY,2026-09-15,24400.0,PE,3
2026-08-31 05:05:00+00:00,360.55,360.55,358.7,358.7,130.0,1870.0,NIFTY,2026-09-15,24400.0,PE,3
2026-08-31 05:10:00+00:00,362.0,362.0,362.0,362.0,650.0,,NIFTY,2026-09-15,24400.0,PE,3
2026-08-31 05:15:00+00:00,357.45,357.45,357.45,357.45,130.0,930.0,NIFTY,2026-09-15,24400.0,PE,3
2026-08-31 05:20:00+00:00,355.7,357.45,355.7,357.45,130.0,,NIFTY,2026-09-15,24400.0,PE,3
2026-08-31 05:30:00+00:00,350.3,350.3,350.3,350.3,65.0,929.0,NIFTY,2026-09-15,24400.0,PE,3
2026-08-31 05:35:00+00:00,358.0,362.3,354.95,362.3,325.0,1861.0,NIFTY,2026-09-15,24400.0,PE,3
2026-08-31 05:45:00+00:00,352.45,352.9,352.45,352.7,455.0,930.0,NIFTY,2026-09-15,24400.0,PE,3
2026-08-31 06:05:00+00:00,345.0,345.0,343.0,343.0,325.0,926.0,NIFTY,2026-09-15,24400.0,PE,3
2026-08-31 06:15:00+00:00,336.05,336.05,332.05,333.3,1755.0,1853.0,NIFTY,2026-09-15,24400.0,PE,3
2026-08-31 06:20:00+00:00,331.2,331.2,304.4,305.35,6370.0,3688.0,NIFTY,2026-09-15,24400.0,PE,3
2026-08-31 06:25:00+00:00,300.95,304.1,291.0,297.0,2925.0,2774.0,NIFTY,2026-09-15,24400.0,PE,3
2026-08-31 06:30:00+00:00,306.95,309.9,304.0,304.0,1300.0,1847.0,NIFTY,2026-09-15,24400.0,PE,3
2026-08-31 06:35:00+00:00,302.3,306.3,302.3,306.3,520.0,1842.0,NIFTY,2026-09-15,24400.0,PE,3
2026-08-31 06:40:00+00:00,306.3,307.05,303.1,303.1,7800.0,3608.0,NIFTY,2026-09-15,24400.0,PE,3
2026-08-31 06:45:00+00:00,310.0,310.5,297.85,297.85,6045.0,2579.0,NIFTY,2026-09-15,24400.0,PE,3
2026-08-31 06:50:00+00:00,294.95,301.3,294.95,301.3,195.0,854.0,NIFTY,2026-09-15,24400.0,PE,3
2026-08-31 06:55:00+00:00,300.0,301.2,300.0,301.2,195.0,,NIFTY,2026-09-15,24400.0,PE,3
2026-08-31 07:00:00+00:00,303.05,308.55,301.7,301.7,780.0,1715.0,NIFTY,2026-09-15,24400.0,PE,3
2026-08-31 07:05:00+00:00,302.45,302.45,302.45,302.45,65.0,860.0,NIFTY,2026-09-15,24400.0,PE,3
2026-08-31 07:10:00+00:00,295.6,298.25,295.0,298.25,585.0,1712.0,NIFTY,2026-09-15,24400.0,PE,3
2026-08-31 07:15:00+00:00,299.95,299.95,299.95,299.95,65.0,854.0,NIFTY,2026-09-15,24400.0,PE,3
2026-08-31 07:20:00+00:00,297.0,298.8,297.0,298.8,195.0,856.0,NIFTY,2026-09-15,24400.0,PE,3
2026-08-31 07:25:00+00:00,299.7,299.7,299.7,299.7,65.0,,NIFTY,2026-09-15,24400.0,PE,3
2026-08-31 07:30:00+00:00,301.7,302.55,293.0,293.0,23140.0,1716.0,NIFTY,2026-09-15,24400.0,PE,3
2026-08-31 07:35:00+00:00,294.7,300.35,294.7,300.35,130.0,1069.0,NIFTY,2026-09-15,24400.0,PE,3
2026-08-31 07:40:00+00:00,301.7,302.25,295.95,295.95,845.0,2141.0,NIFTY,2026-09-15,24400.0,PE,3
2026-08-31 07:45:00+00:00,294.7,300.85,294.7,300.85,520.0,1070.0,NIFTY,2026-09-15,24400.0,PE,3
2026-08-31 07:50:00+00:00,300.55,304.45,300.0,302.2,1820.0,2143.0,NIFTY,2026-09-15,24400.0,PE,3
2026-08-31 07:55:00+00:00,299.65,299.65,296.8,298.05,780.0,2148.0,NIFTY,2026-09-15,24400.0,PE,3
2026-08-31 08:00:00+00:00,296.5,297.9,296.5,297.3,520.0,2155.0,NIFTY,2026-09-15,24400.0,PE,3
2026-08-31 08:05:00+00:00,299.55,300.0,299.55,300.0,8255.0,1089.0,NIFTY,2026-09-15,24400.0,PE,3
2026-08-31 08:15:00+00:00,302.45,302.45,301.85,302.35,390.0,1159.0,NIFTY,2026-09-15,24400.0,PE,3
2026-08-31 08:20:00+00:00,299.9,299.9,298.75,299.1,390.0,2321.0,NIFTY,2026-09-15,24400.0,PE,3
2026-08-31 08:25:00+00:00,300.1,304.8,300.05,304.8,1495.0,1158.0,NIFTY,2026-09-15,24400.0,PE,3
2026-08-31 08:30:00+00:00,311.0,318.8,309.6,318.8,2795.0,2314.0,NIFTY,2026-09-15,24400.0,PE,3
2026-08-31 08:35:00+00:00,323.95,326.95,311.5,318.0,1885.0,3480.0,NIFTY,2026-09-15,24400.0,PE,3
2026-08-31 08:40:00+00:00,319.9,319.95,317.7,319.95,1300.0,2323.0,NIFTY,2026-09-15,24400.0,PE,3
2026-08-31 08:45:00+00:00,318.75,318.75,313.95,315.8,455.0,2324.0,NIFTY,2026-09-15,24400.0,PE,3
2026-08-31 08:50:00+00:00,319.9,322.0,319.2,319.2,780.0,,NIFTY,2026-09-15,24400.0,PE,3
2026-08-31 08:55:00+00:00,321.35,325.0,321.35,324.45,390.0,,NIFTY,2026-09-15,24400.0,PE,3
2026-08-31 09:00:00+00:00,315.95,318.8,315.8,318.8,195.0,1163.0,NIFTY,2026-09-15,24400.0,PE,3
2026-08-31 09:05:00+00:00,318.25,318.25,316.0,316.0,325.0,2329.0,NIFTY,2026-09-15,24400.0,PE,3
2026-08-31 09:10:00+00:00,307.8,307.8,307.8,307.8,65.0,1166.0,NIFTY,2026-09-15,24400.0,PE,3
2026-08-31 09:15:00+00:00,300.0,300.0,266.0,288.3,9750.0,2253.0,NIFTY,2026-09-15,24400.0,PE,3
2026-08-31 09:20:00+00:00,285.45,285.45,276.95,277.0,390.0,2169.0,NIFTY,2026-09-15,24400.0,PE,3
2026-08-31 09:25:00+00:00,280.8,285.7,280.8,285.7,195.0,1084.0,NIFTY,2026-09-15,24400.0,PE,3
2026-08-31 09:30:00+00:00,289.35,295.2,287.1,295.2,1430.0,2172.0,NIFTY,2026-09-15,24400.0,PE,3
2026-08-31 09:35:00+00:00,295.7,302.0,289.65,289.65,390.0,3261.0,NIFTY,2026-09-15,24400.0,PE,3
2026-08-31 09:40:00+00:00,289.25,297.0,289.2,297.0,8775.0,2171.0,NIFTY,2026-09-15,24400.0,PE,3
2026-08-31 09:45:00+00:00,295.35,295.35,295.35,295.35,65.0,1165.0,NIFTY,2026-09-15,24400.0,PE,3
2026-08-31 09:50:00+00:00,284.5,291.1,275.8,291.1,910.0,1166.0,NIFTY,2026-09-15,24400.0,PE,3
2026-08-31 09:55:00+00:00,293.5,297.5,293.5,293.5,520.0,2333.0,NIFTY,2026-09-15,24400.0,PE,3
2026-08-31 10:00:00+00:00,292.0,294.2,284.85,293.8,3120.0,4676.0,NIFTY,2026-09-15,24400.0,PE,3
2026-08-31 10:05:00+00:00,296.1,299.6,293.55,293.55,2470.0,4686.0,NIFTY,2026-09-15,24400.0,PE,3
2026-09-01 03:45:00+00:00,338.0,346.25,338.0,345.0,2665.0,2341.0,NIFTY,2026-09-15,24400.0,PE,3
2026-09-01 03:50:00+00:00,344.9,347.8,339.85,347.45,2795.0,3488.0,NIFTY,2026-09-15,24400.0,PE,3
2026-09-01 03:55:00+00:00,331.75,338.6,330.15,330.15,1170.0,2318.0,NIFTY,2026-09-15,24400.0,PE,3
2026-09-01 04:00:00+00:00,325.1,328.7,321.7,321.75,910.0,2317.0,NIFTY,2026-09-15,24400.0,PE,3
2026-09-01 04:05:00+00:00,328.45,337.75,328.0,333.05,1690.0,2300.0,NIFTY,2026-09-15,24400.0,PE,3
2026-09-01 04:10:00+00:00,342.0,345.0,340.0,345.0,2145.0,3443.0,NIFTY,2026-09-15,24400.0,PE,3
2026-09-01 04:15:00+00:00,350.25,360.7,350.0,360.7,1170.0,2265.0,NIFTY,2026-09-15,24400.0,PE,3
2026-09-01 04:20:00+00:00,355.0,363.0,351.05,363.0,1950.0,2265.0,NIFTY,2026-09-15,24400.0,PE,3
2026-09-01 04:25:00+00:00,360.9,365.0,359.5,365.0,1560.0,3409.0,NIFTY,2026-09-15,24400.0,PE,3
2026-09-01 04:30:00+00:00,362.45,365.0,354.8,354.8,455.0,3407.0,NIFTY,2026-09-15,24400.0,PE,3
2026-09-01 04:35:00+00:00,356.4,365.0,356.4,365.0,650.0,4524.0,NIFTY,2026-09-15,24400.0,PE,3
2026-09-01 04:45:00+00:00,351.0,351.0,351.0,351.0,130.0,,NIFTY,2026-09-15,24400.0,PE,3
2026-09-01 04:50:00+00:00,348.5,348.5,345.5,345.5,1820.0,1121.0,NIFTY,2026-09-15,24400.0,PE,3
2026-09-01 04:55:00+00:00,346.65,346.65,345.1,345.1,260.0,1112.0,NIFTY,2026-09-15,24400.0,PE,3
2026-09-01 05:00:00+00:00,341.2,341.2,341.2,341.2,65.0,1110.0,NIFTY,2026-09-15,24400.0,PE,3
2026-09-01 05:05:00+00:00,342.95,344.0,338.2,340.15,16380.0,4053.0,NIFTY,2026-09-15,24400.0,PE,3
2026-09-01 05:10:00+00:00,337.3,343.7,337.3,343.7,910.0,,NIFTY,2026-09-15,24400.0,PE,3
2026-09-01 05:15:00+00:00,340.0,340.0,336.65,336.65,195.0,975.0,NIFTY,2026-09-15,24400.0,PE,3
2026-09-01 05:20:00+00:00,335.0,335.0,325.65,326.4,7605.0,3628.0,NIFTY,2026-09-15,24400.0,PE,3
2026-09-01 05:25:00+00:00,325.0,328.25,325.0,327.7,1040.0,2730.0,NIFTY,2026-09-15,24400.0,PE,3
2026-09-01 05:30:00+00:00,323.45,327.4,322.8,327.4,520.0,,NIFTY,2026-09-15,24400.0,PE,3
2026-09-01 05:35:00+00:00,327.55,327.55,309.0,309.0,4550.0,1849.0,NIFTY,2026-09-15,24400.0,PE,3
2026-09-01 05:40:00+00:00,312.55,312.55,295.5,296.9,4420.0,4798.0,NIFTY,2026-09-15,24400.0,PE,3
2026-09-01 05:45:00+00:00,296.2,296.2,285.95,285.95,1365.0,1953.0,NIFTY,2026-09-15,24400.0,PE,3
2026-09-01 05:50:00+00:00,284.45,288.35,283.0,283.65,2210.0,4893.0,NIFTY,2026-09-15,24400.0,PE,3
2026-09-01 05:55:00+00:00,284.8,284.8,273.75,276.55,1885.0,2958.0,NIFTY,2026-09-15,24400.0,PE,3
2026-09-01 06:00:00+00:00,274.6,274.6,268.1,273.6,2275.0,2960.0,NIFTY,2026-09-15,24400.0,PE,3
2026-09-01 06:05:00+00:00,273.65,281.05,273.65,279.85,845.0,2952.0,NIFTY,2026-09-15,24400.0,PE,3
2026-09-01 06:10:00+00:00,282.6,282.6,278.75,278.75,3445.0,2966.0,NIFTY,2026-09-15,24400.0,PE,3
2026-09-01 06:15:00+00:00,277.4,277.4,276.15,277.3,780.0,1999.0,NIFTY,2026-09-15,24400.0,PE,3
2026-09-01 06:20:00+00:00,284.0,285.0,281.55,283.1,2145.0,3978.0,NIFTY,2026-09-15,24400.0,PE,3
2026-09-01 06:25:00+00:00,279.8,281.4,279.8,280.95,260.0,2010.0,NIFTY,2026-09-15,24400.0,PE,3
2026-09-01 06:30:00+00:00,276.75,281.6,276.75,281.0,1235.0,1003.0,NIFTY,2026-09-15,24400.0,PE,3
2026-09-01 06:35:00+00:00,279.5,280.05,277.55,277.55,260.0,1004.0,NIFTY,2026-09-15,24400.0,PE,3
2026-09-01 06:40:00+00:00,276.0,276.8,273.55,273.55,390.0,,NIFTY,2026-09-15,24400.0,PE,3
2026-09-01 06:45:00+00:00,284.5,288.85,284.5,286.4,455.0,2006.0,NIFTY,2026-09-15,24400.0,PE,3
2026-09-01 06:50:00+00:00,289.7,289.7,286.1,286.1,260.0,2003.0,NIFTY,2026-09-15,24400.0,PE,3
2026-09-01 06:55:00+00:00,291.95,295.0,288.3,288.3,1300.0,999.0,NIFTY,2026-09-15,24400.0,PE,3
2026-09-01 07:00:00+00:00,289.85,290.6,289.85,290.6,3770.0,1994.0,NIFTY,2026-09-15,24400.0,PE,3
2026-09-01 07:05:00+00:00,290.45,290.45,290.45,290.45,65.0,1025.0,NIFTY,2026-09-15,24400.0,PE,3
2026-09-01 07:10:00+00:00,285.2,285.2,284.75,284.75,455.0,1026.0,NIFTY,2026-09-15,24400.0,PE,3
2026-09-01 07:15:00+00:00,284.75,289.6,284.75,289.6,910.0,3079.0,NIFTY,2026-09-15,24400.0,PE,3
2026-09-01 07:20:00+00:00,290.15,290.15,290.15,290.15,65.0,1031.0,NIFTY,2026-09-15,24400.0,PE,3
2026-09-01 07:25:00+00:00,295.65,303.1,294.7,298.4,2470.0,3083.0,NIFTY,2026-09-15,24400.0,PE,3
2026-09-01 07:30:00+00:00,300.8,309.8,300.8,309.65,1885.0,4092.0,NIFTY,2026-09-15,24400.0,PE,3
2026-09-01 07:35:00+00:00,310.6,321.15,310.6,320.95,4225.0,4104.0,NIFTY,2026-09-15,24400.0,PE,3
2026-09-01 07:40:00+00:00,321.35,340.1,321.3,337.3,1560.0,4083.0,NIFTY,2026-09-15,24400.0,PE,3
2026-09-01 07:45:00+00:00,348.0,348.25,341.45,341.45,520.0,4052.0,NIFTY,2026-09-15,24400.0,PE,3
2026-09-01 07:50:00+00:00,335.0,335.0,335.0,335.0,65.0,,NIFTY,2026-09-15,24400.0,PE,3
2026-09-01 07:55:00+00:00,337.2,349.3,337.2,349.3,455.0,1013.0,NIFTY,2026-09-15,24400.0,PE,3
2026-09-01 08:00:00+00:00,340.25,340.25,337.8,337.8,325.0,,NIFTY,2026-09-15,24400.0,PE,3
2026-09-01 08:05:00+00:00,338.8,350.15,338.8,350.15,520.0,2032.0,NIFTY,2026-09-15,24400.0,PE,3
2026-09-01 08:10:00+00:00,363.0,369.75,360.8,362.45,4030.0,5108.0,NIFTY,2026-09-15,24400.0,PE,3
2026-09-01 08:15:00+00:00,367.4,374.95,367.4,373.15,2015.0,1031.0,NIFTY,2026-09-15,24400.0,PE,3
2026-09-01 08:20:00+00:00,383.1,406.65,378.85,403.1,3900.0,3104.0,NIFTY,2026-09-15,24400.0,PE,3
2026-09-01 08:25:00+00:00,402.35,407.25,389.7,392.3,1495.0,3107.0,NIFTY,2026-09-15,24400.0,PE,3
2026-09-01 08:30:00+00:00,393.1,417.8,393.1,417.8,2470.0,3109.0,NIFTY,2026-09-15,24400.0,PE,3
2026-09-01 08:35:00+00:00,424.0,436.55,413.15,436.55,2080.0,3104.0,NIFTY,2026-09-15,24400.0,PE,3
2026-09-01 08:40:00+00:00,435.05,435.05,420.1,427.55,5200.0,6065.0,NIFTY,2026-09-15,24400.0,PE,3
2026-09-01 08:45:00+00:00,426.65,433.05,423.9,430.05,2340.0,2028.0,NIFTY,2026-09-15,24400.0,PE,3
2026-09-01 08:50:00+00:00,430.05,437.0,430.05,437.0,975.0,2031.0,NIFTY,2026-09-15,24400.0,PE,3
2026-09-01 08:55:00+00:00,430.0,430.0,414.8,414.8,1170.0,2029.0,NIFTY,2026-09-15,24400.0,PE,3
2026-09-01 09:00:00+00:00,415.0,422.1,400.75,415.2,2275.0,2020.0,NIFTY,2026-09-15,24400.0,PE,3
2026-09-01 09:05:00+00:00,403.8,419.75,403.65,419.75,325.0,1006.0,NIFTY,2026-09-15,24400.0,PE,3
2026-09-01 09:10:00+00:00,414.95,423.3,414.95,423.3,195.0,2009.0,NIFTY,2026-09-15,24400.0,PE,3
2026-09-01 09:15:00+00:00,415.9,421.1,415.9,421.1,130.0,1004.0,NIFTY,2026-09-15,24400.0,PE,3
2026-09-01 09:20:00+00:00,418.05,418.05,410.3,413.0,325.0,2007.0,NIFTY,2026-09-15,24400.0,PE,3
2026-09-01 09:25:00+00:00,402.45,416.35,402.45,416.35,585.0,3013.0,NIFTY,2026-09-15,24400.0,PE,3
2026-09-01 09:30:00+00:00,419.45,419.45,419.45,419.45,65.0,1004.0,NIFTY,2026-09-15,24400.0,PE,3
2026-09-01 09:35:00+00:00,417.4,419.1,414.5,419.1,325.0,2009.0,NIFTY,2026-09-15,24400.0,PE,3
2026-09-01 09:45:00+00:00,419.6,419.6,419.6,419.6,260.0,,NIFTY,2026-09-15,24400.0,PE,3
2026-09-01 09:50:00+00:00,423.85,423.85,419.0,419.0,195.0,2013.0,NIFTY,2026-09-15,24400.0,PE,3
2026-09-01 09:55:00+00:00,419.1,419.1,410.9,410.9,260.0,,NIFTY,2026-09-15,24400.0,PE,3
2026-09-01 10:00:00+00:00,404.05,424.75,402.95,419.45,910.0,3014.0,NIFTY,2026-09-15,24400.0,PE,3
2026-09-01 10:05:00+00:00,412.1,427.5,412.1,425.3,1040.0,2011.0,NIFTY,2026-09-15,24400.0,PE,3
2026-09-02 03:45:00+00:00,450.0,541.05,450.0,521.05,5330.0,3010.0,NIFTY,2026-09-15,24400.0,PE,3
2026-09-02 03:50:00+00:00,529.8,551.55,522.45,551.55,1105.0,1014.0,NIFTY,2026-09-15,24400.0,PE,3
2026-09-02 03:55:00+00:00,523.5,529.9,520.0,529.55,910.0,4052.0,NIFTY,2026-09-15,24400.0,PE,3
2026-09-02 04:00:00+00:00,522.75,522.75,522.75,522.75,195.0,1013.0,NIFTY,2026-09-15,24400.0,PE,3
2026-09-02 04:05:00+00:00,514.1,529.3,513.05,529.3,195.0,2024.0,NIFTY,2026-09-15,24400.0,PE,3
2026-09-02 04:10:00+00:00,529.3,529.3,517.3,519.9,650.0,1011.0,NIFTY,2026-09-15,24400.0,PE,3
2026-09-02 04:15:00+00:00,527.5,535.25,526.85,526.85,1755.0,3029.0,NIFTY,2026-09-15,24400.0,PE,3
2026-09-02 04:20:00+00:00,524.55,530.0,516.65,530.0,1300.0,2023.0,NIFTY,2026-09-15,24400.0,PE,3
2026-09-02 04:25:00+00:00,530.55,530.55,508.1,508.1,1560.0,3034.0,NIFTY,2026-09-15,24400.0,PE,3
2026-09-02 04:30:00+00:00,514.65,514.65,513.0,513.0,585.0,3029.0,NIFTY,2026-09-15,24400.0,PE,3
2026-09-02 04:35:00+00:00,510.35,518.0,510.35,518.0,845.0,3030.0,NIFTY,2026-09-15,24400.0,PE,3
2026-09-02 04:40:00+00:00,517.0,517.0,517.0,517.0,65.0,,NIFTY,2026-09-15,24400.0,PE,3
2026-09-02 04:45:00+00:00,510.65,510.65,510.65,510.65,65.0,,NIFTY,2026-09-15,24400.0,PE,3
2026-09-02 04:50:00+00:00,496.0,497.55,487.0,490.1,2665.0,3034.0,NIFTY,2026-09-15,24400.0,PE,3
2026-09-02 04:55:00+00:00,494.95,494.95,487.8,490.0,715.0,2022.0,NIFTY,2026-09-15,24400.0,PE,3
2026-09-02 05:00:00+00:00,483.35,483.35,483.35,483.35,65.0,1011.0,NIFTY,2026-09-15,24400.0,PE,3
2026-09-02 05:05:00+00:00,491.0,503.0,491.0,503.0,1170.0,3030.0,NIFTY,2026-09-15,24400.0,PE,3
2026-09-02 05:10:00+00:00,496.3,505.0,496.3,505.0,260.0,1008.0,NIFTY,2026-09-15,24400.0,PE,3
2026-09-02 05:20:00+00:00,495.0,516.4,495.0,516.4,390.0,3029.0,NIFTY,2026-09-15,24400.0,PE,3
2026-09-02 05:30:00+00:00,510.0,520.0,510.0,520.0,195.0,2024.0,NIFTY,2026-09-15,24400.0,PE,3
2026-09-02 05:35:00+00:00,524.95,527.9,524.95,526.95,260.0,2027.0,NIFTY,2026-09-15,24400.0,PE,3
2026-09-02 05:50:00+00:00,520.0,520.0,520.0,520.0,65.0,1012.0,NIFTY,2026-09-15,24400.0,PE,3
2026-09-02 06:00:00+00:00,535.0,535.0,530.65,530.65,195.0,1013.0,NIFTY,2026-09-15,24400.0,PE,3
2026-09-02 06:05:00+00:00,533.5,533.5,530.65,530.65,195.0,,NIFTY,2026-09-15,24400.0,PE,3
2026-09-02 06:10:00+00:00,535.7,535.7,533.6,533.6,1170.0,1014.0,NIFTY,2026-09-15,24400.0,PE,3
2026-09-02 06:15:00+00:00,537.95,537.95,537.95,537.95,130.0,,NIFTY,2026-09-15,24400.0,PE,3
2026-09-02 06:20:00+00:00,527.05,527.05,527.05,527.05,195.0,1013.0,NIFTY,2026-09-15,24400.0,PE,3
2026-09-02 06:25:00+00:00,513.9,513.9,513.85,513.9,455.0,,NIFTY,2026-09-15,24400.0,PE,3
2026-09-02 06:30:00+00:00,537.0,537.0,536.1,536.1,130.0,2035.0,NIFTY,2026-09-15,24400.0,PE,3
2026-09-02 06:40:00+00:00,510.0,510.0,510.0,510.0,520.0,1018.0,NIFTY,2026-09-15,24400.0,PE,3
2026-09-02 06:45:00+00:00,510.0,510.0,509.75,509.75,2730.0,,NIFTY,2026-09-15,24400.0,PE,3
2026-09-02 06:50:00+00:00,525.0,525.6,525.0,525.0,3250.0,1019.0,NIFTY,2026-09-15,24400.0,PE,3
2026-09-02 07:00:00+00:00,501.0,501.8,491.55,501.8,715.0,1015.0,NIFTY,2026-09-15,24400.0,PE,3
2026-09-02 07:15:00+00:00,490.6,490.6,490.6,490.6,65.0,1012.0,NIFTY,2026-09-15,24400.0,PE,3
2026-09-02 07:20:00+00:00,491.5,491.5,491.5,491.5,65.0,,NIFTY,2026-09-15,24400.0,PE,3
2026-09-02 07:25:00+00:00,486.0,486.0,486.0,486.0,195.0,1012.0,NIFTY,2026-09-15,24400.0,PE,3
2026-09-02 07:30:00+00:00,480.0,480.0,480.0,480.0,65.0,1010.0,NIFTY,2026-09-15,24400.0,PE,3
2026-09-02 07:35:00+00:00,497.5,497.5,497.5,497.5,845.0,1010.0,NIFTY,2026-09-15,24400.0,PE,3
2026-09-02 07:40:00+00:00,484.55,484.55,477.55,477.55,195.0,1002.0,NIFTY,2026-09-15,24400.0,PE,3
2026-09-02 07:45:00+00:00,484.2,484.2,484.2,484.2,65.0,,NIFTY,2026-09-15,24400.0,PE,3
2026-09-02 07:50:00+00:00,485.05,485.05,484.7,484.7,195.0,,NIFTY,2026-09-15,24400.0,PE,3
2026-09-02 07:55:00+00:00,477.3,481.6,477.3,481.6,455.0,,NIFTY,2026-09-15,24400.0,PE,3
2026-09-02 08:00:00+00:00,488.4,488.4,483.05,483.05,2665.0,1996.0,NIFTY,2026-09-15,24400.0,PE,3
2026-09-02 08:05:00+00:00,479.9,480.1,476.25,476.25,325.0,993.0,NIFTY,2026-09-15,24400.0,PE,3
2026-09-02 08:10:00+00:00,487.05,487.05,486.65,486.65,130.0,991.0,NIFTY,2026-09-15,24400.0,PE,3
2026-09-02 08:15:00+00:00,488.9,488.9,488.35,488.35,195.0,,NIFTY,2026-09-15,24400.0,PE,3
2026-09-02 08:20:00+00:00,494.5,507.5,489.5,489.5,195.0,992.0,NIFTY,2026-09-15,24400.0,PE,3
2026-09-02 08:25:00+00:00,488.1,488.1,480.05,480.15,260.0,2982.0,NIFTY,2026-09-15,24400.0,PE,3
2026-09-02 08:30:00+00:00,477.0,477.0,469.05,476.5,1820.0,4010.0,NIFTY,2026-09-15,24400.0,PE,3
2026-09-02 08:35:00+00:00,465.5,467.65,465.5,467.65,455.0,2014.0,NIFTY,2026-09-15,24400.0,PE,3
2026-09-02 08:45:00+00:00,475.65,475.65,475.65,475.65,65.0,1005.0,NIFTY,2026-09-15,24400.0,PE,3
2026-09-02 08:50:00+00:00,478.75,478.75,478.75,478.75,65.0,,NIFTY,2026-09-15,24400.0,PE,3
2026-09-02 08:55:00+00:00,474.25,474.25,474.25,474.25,65.0,1004.0,NIFTY,2026-09-15,24400.0,PE,3
2026-09-02 09:00:00+00:00,466.55,466.55,447.0,456.7,1300.0,5008.0,NIFTY,2026-09-15,24400.0,PE,3
2026-09-02 09:05:00+00:00,463.5,463.5,463.5,463.5,130.0,997.0,NIFTY,2026-09-15,24400.0,PE,3
2026-09-02 09:15:00+00:00,481.9,481.9,467.1,467.1,585.0,1996.0,NIFTY,2026-09-15,24400.0,PE,3
2026-09-02 09:20:00+00:00,472.9,472.9,472.9,472.9,65.0,994.0,NIFTY,2026-09-15,24400.0,PE,3
2026-09-02 09:30:00+00:00,495.0,503.05,495.0,500.7,1755.0,,NIFTY,2026-09-15,24400.0,PE,3
2026-09-02 09:35:00+00:00,502.0,504.55,498.7,500.65,2015.0,2990.0,NIFTY,2026-09-15,24400.0,PE,3
2026-09-02 09:40:00+00:00,479.55,479.55,477.55,477.55,1430.0,997.0,NIFTY,2026-09-15,24400.0,PE,3
2026-09-02 09:50:00+00:00,484.7,484.7,482.65,482.65,325.0,987.0,NIFTY,2026-09-15,24400.0,PE,3
2026-09-02 09:55:00+00:00,487.55,490.0,481.0,484.0,1495.0,2992.0,NIFTY,2026-09-15,24400.0,PE,3
2026-09-02 10:00:00+00:00,484.0,487.0,484.0,487.0,195.0,1002.0,NIFTY,2026-09-15,24400.0,PE,3
2026-09-02 10:05:00+00:00,490.3,491.2,487.9,487.9,455.0,,NIFTY,2026-09-15,24400.0,PE,3
2026-09-03 03:45:00+00:00,390.95,407.4,377.3,398.5,5460.0,6063.0,NIFTY,2026-09-15,24400.0,PE,3
2026-09-03 03:50:00+00:00,391.05,406.05,390.4,406.05,10400.0,5137.0,NIFTY,2026-09-15,24400.0,PE,3
2026-09-03 03:55:00+00:00,410.0,410.0,391.0,393.6,10010.0,4535.0,NIFTY,2026-09-15,24400.0,PE,3
2026-09-03 04:00:00+00:00,389.0,389.0,381.55,381.55,4290.0,3525.0,NIFTY,2026-09-15,24400.0,PE,3
2026-09-03 04:05:00+00:00,382.1,382.85,369.75,370.65,8775.0,5988.0,NIFTY,2026-09-15,24400.0,PE,3
2026-09-03 04:10:00+00:00,366.1,373.75,356.1,358.95,45045.0,6203.0,NIFTY,2026-09-15,24400.0,PE,3
2026-09-03 04:15:00+00:00,355.7,361.05,353.55,353.55,5720.0,5391.0,NIFTY,2026-09-15,24400.0,PE,3
2026-09-03 04:20:00+00:00,359.85,361.3,354.65,361.3,1300.0,6732.0,NIFTY,2026-09-15,24400.0,PE,3
2026-09-03 04:25:00+00:00,358.85,365.65,358.85,365.65,845.0,2691.0,NIFTY,2026-09-15,24400.0,PE,3
2026-09-03 04:30:00+00:00,368.5,368.55,365.85,365.9,650.0,4033.0,NIFTY,2026-09-15,24400.0,PE,3
2026-09-03 04:40:00+00:00,366.4,371.35,366.4,371.35,1105.0,2681.0,NIFTY,2026-09-15,24400.0,PE,3
2026-09-03 04:45:00+00:00,374.95,375.0,373.2,373.2,325.0,1336.0,NIFTY,2026-09-15,24400.0,PE,3
2026-09-03 04:50:00+00:00,368.0,368.0,368.0,368.0,65.0,1335.0,NIFTY,2026-09-15,24400.0,PE,3
2026-09-03 04:55:00+00:00,376.0,385.0,376.0,385.0,520.0,1332.0,NIFTY,2026-09-15,24400.0,PE,3
2026-09-03 05:00:00+00:00,387.75,391.0,384.8,390.0,845.0,5320.0,NIFTY,2026-09-15,24400.0,PE,3
2026-09-03 05:05:00+00:00,390.8,406.6,390.8,402.0,1625.0,5287.0,NIFTY,2026-09-15,24400.0,PE,3
2026-09-03 05:10:00+00:00,402.85,421.0,402.85,415.0,1430.0,3943.0,NIFTY,2026-09-15,24400.0,PE,3
2026-09-03 05:15:00+00:00,405.0,405.0,405.0,405.0,65.0,1311.0,NIFTY,2026-09-15,24400.0,PE,3
2026-09-03 05:20:00+00:00,407.55,419.0,407.55,419.0,260.0,3939.0,NIFTY,2026-09-15,24400.0,PE,3
2026-09-03 05:25:00+00:00,425.3,427.0,423.95,423.95,1885.0,1312.0,NIFTY,2026-09-15,24400.0,PE,3
2026-09-03 05:30:00+00:00,415.0,422.65,415.0,422.65,195.0,3986.0,NIFTY,2026-09-15,24400.0,PE,3
2026-09-03 05:35:00+00:00,429.0,447.35,427.6,447.35,715.0,1326.0,NIFTY,2026-09-15,24400.0,PE,3
2026-09-03 05:40:00+00:00,442.9,449.95,440.0,449.95,455.0,2653.0,NIFTY,2026-09-15,24400.0,PE,3
2026-09-03 05:45:00+00:00,440.05,440.05,438.55,438.55,130.0,1326.0,NIFTY,2026-09-15,24400.0,PE,3
2026-09-03 05:50:00+00:00,427.7,427.7,421.45,426.15,845.0,,NIFTY,2026-09-15,24400.0,PE,3
2026-09-03 05:55:00+00:00,425.5,425.5,421.05,421.05,455.0,1329.0,NIFTY,2026-09-15,24400.0,PE,3
2026-09-03 06:00:00+00:00,412.05,414.0,412.05,414.0,130.0,2660.0,NIFTY,2026-09-15,24400.0,PE,3
2026-09-03 06:05:00+00:00,408.9,413.45,405.75,410.0,260.0,2661.0,NIFTY,2026-09-15,24400.0,PE,3
2026-09-03 06:10:00+00:00,410.0,415.0,410.0,415.0,130.0,1332.0,NIFTY,2026-09-15,24400.0,PE,3
2026-09-03 06:15:00+00:00,408.0,420.0,408.0,412.8,390.0,,NIFTY,2026-09-15,24400.0,PE,3
2026-09-03 06:20:00+00:00,420.0,420.0,418.0,420.0,325.0,2666.0,NIFTY,2026-09-15,24400.0,PE,3
2026-09-03 06:25:00+00:00,430.9,430.9,421.9,421.9,715.0,,NIFTY,2026-09-15,24400.0,PE,3
2026-09-03 06:30:00+00:00,434.85,437.05,430.85,437.05,650.0,5348.0,NIFTY,2026-09-15,24400.0,PE,3
2026-09-03 06:35:00+00:00,440.95,447.0,436.55,443.65,2015.0,6680.0,NIFTY,2026-09-15,24400.0,PE,3
2026-09-03 06:40:00+00:00,440.95,445.95,439.9,444.05,390.0,4024.0,NIFTY,2026-09-15,24400.0,PE,3
2026-09-03 06:45:00+00:00,442.4,453.35,442.4,453.35,195.0,2686.0,NIFTY,2026-09-15,24400.0,PE,3
2026-09-03 06:50:00+00:00,458.95,470.0,457.85,470.0,650.0,1341.0,NIFTY,2026-09-15,24400.0,PE,3
2026-09-03 06:55:00+00:00,466.7,466.7,460.55,460.55,780.0,2682.0,NIFTY,2026-09-15,24400.0,PE,3
2026-09-03 07:00:00+00:00,460.75,462.25,454.4,454.4,910.0,2678.0,NIFTY,2026-09-15,24400.0,PE,3
2026-09-03 07:05:00+00:00,460.65,461.6,450.0,454.55,585.0,1339.0,NIFTY,2026-09-15,24400.0,PE,3
2026-09-03 07:10:00+00:00,460.0,461.5,460.0,461.5,130.0,1342.0,NIFTY,2026-09-15,24400.0,PE,3
2026-09-03 07:15:00+00:00,456.05,458.4,454.7,458.4,260.0,2688.0,NIFTY,2026-09-15,24400.0,PE,3
2026-09-03 07:20:00+00:00,453.75,453.75,450.0,450.0,195.0,2691.0,NIFTY,2026-09-15,24400.0,PE,3
2026-09-03 07:25:00+00:00,447.25,458.4,446.3,447.1,1430.0,2711.0,NIFTY,2026-09-15,24400.0,PE,3
2026-09-03 07:40:00+00:00,441.0,448.0,441.0,448.0,195.0,2716.0,NIFTY,2026-09-15,24400.0,PE,3
2026-09-03 07:45:00+00:00,448.0,448.0,446.55,446.55,130.0,1359.0,NIFTY,2026-09-15,24400.0,PE,3
2026-09-03 07:50:00+00:00,454.5,461.85,454.5,461.85,910.0,2713.0,NIFTY,2026-09-15,24400.0,PE,3
2026-09-03 07:55:00+00:00,463.3,473.3,459.7,459.7,2795.0,1346.0,NIFTY,2026-09-15,24400.0,PE,3
2026-09-03 08:00:00+00:00,452.5,454.95,435.3,438.5,3640.0,5405.0,NIFTY,2026-09-15,24400.0,PE,3
2026-09-03 08:05:00+00:00,440.0,444.3,440.0,444.3,845.0,2697.0,NIFTY,2026-09-15,24400.0,PE,3
2026-09-03 08:10:00+00:00,461.45,461.45,459.05,459.05,325.0,1345.0,NIFTY,2026-09-15,24400.0,PE,3
2026-09-03 08:15:00+00:00,459.05,459.05,459.05,459.05,1105.0,1344.0,NIFTY,2026-09-15,24400.0,PE,3
2026-09-03 08:20:00+00:00,455.05,455.05,455.05,455.05,130.0,1340.0,NIFTY,2026-09-15,24400.0,PE,3
2026-09-03 08:25:00+00:00,452.45,452.45,446.35,446.35,455.0,,NIFTY,2026-09-15,24400.0,PE,3
2026-09-03 08:30:00+00:00,445.0,445.0,445.0,445.0,65.0,,NIFTY,2026-09-15,24400.0,PE,3
2026-09-03 08:35:00+00:00,450.0,450.0,450.0,450.0,65.0,,NIFTY,2026-09-15,24400.0,PE,3
2026-09-03 08:40:00+00:00,446.4,446.4,446.4,446.4,65.0,,NIFTY,2026-09-15,24400.0,PE,3
2026-09-03 08:45:00+00:00,450.0,450.0,448.45,448.45,390.0,1342.0,NIFTY,2026-09-15,24400.0,PE,3
2026-09-03 08:50:00+00:00,450.55,450.55,450.55,450.55,130.0,,NIFTY,2026-09-15,24400.0,PE,3
2026-09-03 08:55:00+00:00,440.05,440.05,440.0,440.0,130.0,1343.0,NIFTY,2026-09-15,24400.0,PE,3
2026-09-03 09:00:00+00:00,444.7,448.45,444.7,445.6,260.0,2687.0,NIFTY,2026-09-15,24400.0,PE,3
2026-09-03 09:25:00+00:00,457.0,468.45,457.0,464.0,1040.0,4024.0,NIFTY,2026-09-15,24400.0,PE,3
2026-09-03 09:30:00+00:00,462.2,467.2,460.3,460.3,585.0,1337.0,NIFTY,2026-09-15,24400.0,PE,3
2026-09-03 09:35:00+00:00,471.45,471.45,463.65,465.6,13975.0,5313.0,NIFTY,2026-09-15,24400.0,PE,3
2026-09-03 09:40:00+00:00,462.95,462.95,457.05,457.05,14170.0,1288.0,NIFTY,2026-09-15,24400.0,PE,3
2026-09-03 09:45:00+00:00,453.0,454.15,452.35,453.3,325.0,1277.0,NIFTY,2026-09-15,24400.0,PE,3
2026-09-03 09:50:00+00:00,454.1,471.7,454.1,467.3,780.0,5122.0,NIFTY,2026-09-15,24400.0,PE,3
2026-09-03 09:55:00+00:00,469.3,488.35,469.3,487.55,3900.0,5133.0,NIFTY,2026-09-15,24400.0,PE,3
2026-09-03 10:00:00+00:00,479.85,495.9,479.85,494.75,2665.0,2559.0,NIFTY,2026-09-15,24400.0,PE,3
2026-09-03 10:05:00+00:00,497.25,508.2,495.4,508.2,1105.0,5166.0,NIFTY,2026-09-15,24400.0,PE,3
2026-09-04 03:45:00+00:00,573.6,573.6,434.7,434.7,8840.0,3861.0,NIFTY,2026-09-15,24400.0,PE,3
2026-09-04 03:50:00+00:00,436.35,442.75,435.3,435.3,1235.0,3829.0,NIFTY,2026-09-15,24400.0,PE,3
2026-09-04 03:55:00+00:00,443.3,448.0,443.3,448.0,455.0,2553.0,NIFTY,2026-09-15,24400.0,PE,3
2026-09-04 04:00:00+00:00,449.0,454.0,439.55,439.55,780.0,5096.0,NIFTY,2026-09-15,24400.0,PE,3
2026-09-04 04:05:00+00:00,452.45,452.45,450.0,450.0,195.0,1270.0,NIFTY,2026-09-15,24400.0,PE,3
2026-09-04 04:10:00+00:00,442.75,448.55,442.75,443.0,455.0,1272.0,NIFTY,2026-09-15,24400.0,PE,3
2026-09-04 04:15:00+00:00,440.0,440.0,430.0,434.6,520.0,1272.0,NIFTY,2026-09-15,24400.0,PE,3
2026-09-04 04:20:00+00:00,432.0,432.0,415.0,415.0,2795.0,5109.0,NIFTY,2026-09-15,24400.0,PE,3
2026-09-04 04:25:00+00:00,411.0,416.6,410.0,416.6,520.0,2554.0,NIFTY,2026-09-15,24400.0,PE,3
2026-09-04 04:30:00+00:00,410.0,410.0,405.0,407.1,910.0,5101.0,NIFTY,2026-09-15,24400.0,PE,3
2026-09-04 04:35:00+00:00,410.0,415.0,410.0,415.0,325.0,2553.0,NIFTY,2026-09-15,24400.0,PE,3
2026-09-04 04:40:00+00:00,425.05,428.0,419.6,426.8,1365.0,3822.0,NIFTY,2026-09-15,24400.0,PE,3
2026-09-04 04:45:00+00:00,418.05,419.95,413.5,413.5,1170.0,2544.0,NIFTY,2026-09-15,24400.0,PE,3
2026-09-04 04:50:00+00:00,417.0,417.0,409.5,409.5,910.0,1268.0,NIFTY,2026-09-15,24400.0,PE,3
2026-09-04 04:55:00+00:00,402.05,404.95,400.0,400.0,195.0,1272.0,NIFTY,2026-09-15,24400.0,PE,3
2026-09-04 05:00:00+00:00,398.0,405.5,395.0,402.75,42445.0,4286.0,NIFTY,2026-09-15,24400.0,PE,3
2026-09-04 05:05:00+00:00,404.15,408.25,400.0,403.85,1820.0,5853.0,NIFTY,2026-09-15,24400.0,PE,3
2026-09-04 05:10:00+00:00,406.0,406.0,404.15,404.15,130.0,,NIFTY,2026-09-15,24400.0,PE,3
2026-09-04 05:15:00+00:00,404.75,404.75,401.8,402.2,715.0,2929.0,NIFTY,2026-09-15,24400.0,PE,3
2026-09-04 05:20:00+00:00,402.55,403.5,399.0,399.0,3640.0,7267.0,NIFTY,2026-09-15,24400.0,PE,3
2026-09-04 05:25:00+00:00,399.3,399.3,397.3,397.3,325.0,4350.0,NIFTY,2026-09-15,24400.0,PE,3
2026-09-04 05:30:00+00:00,397.0,405.0,395.3,403.0,1300.0,5799.0,NIFTY,2026-09-15,24400.0,PE,3
2026-09-04 05:35:00+00:00,404.0,406.0,398.2,398.2,845.0,1450.0,NIFTY,2026-09-15,24400.0,PE,3
2026-09-04 05:40:00+00:00,399.0,406.65,399.0,406.35,910.0,4353.0,NIFTY,2026-09-15,24400.0,PE,3
2026-09-04 05:45:00+00:00,407.0,409.0,400.0,400.0,715.0,2903.0,NIFTY,2026-09-15,24400.0,PE,3
2026-09-04 05:50:00+00:00,396.0,399.0,393.25,399.0,1235.0,2907.0,NIFTY,2026-09-15,24400.0,PE,3
2026-09-04 05:55:00+00:00,400.0,400.0,390.0,394.0,1560.0,2908.0,NIFTY,2026-09-15,24400.0,PE,3
2026-09-04 06:00:00+00:00,392.0,392.0,385.0,385.05,585.0,2903.0,NIFTY,2026-09-15,24400.0,PE,3
2026-09-04 06:05:00+00:00,386.0,388.0,378.75,380.0,1235.0,1452.0,NIFTY,2026-09-15,24400.0,PE,3
2026-09-04 06:10:00+00:00,378.0,389.0,378.0,389.0,1755.0,5812.0,NIFTY,2026-09-15,24400.0,PE,3
2026-09-04 06:15:00+00:00,389.55,389.55,384.75,384.75,520.0,,NIFTY,2026-09-15,24400.0,PE,3
2026-09-04 06:20:00+00:00,383.0,387.0,382.25,387.0,520.0,2906.0,NIFTY,2026-09-15,24400.0,PE,3
2026-09-04 06:25:00+00:00,384.0,389.0,384.0,389.0,390.0,,NIFTY,2026-09-15,24400.0,PE,3
2026-09-04 06:30:00+00:00,390.0,405.0,390.0,405.0,1235.0,4354.0,NIFTY,2026-09-15,24400.0,PE,3
2026-09-04 06:35:00+00:00,405.6,405.6,401.55,402.6,325.0,1449.0,NIFTY,2026-09-15,24400.0,PE,3
2026-09-04 06:40:00+00:00,405.0,411.0,405.0,411.0,1170.0,4350.0,NIFTY,2026-09-15,24400.0,PE,3
2026-09-04 06:45:00+00:00,412.0,419.0,410.55,410.55,1690.0,5786.0,NIFTY,2026-09-15,24400.0,PE,3
2026-09-04 06:50:00+00:00,420.0,428.0,416.0,428.0,3055.0,4336.0,NIFTY,2026-09-15,24400.0,PE,3
2026-09-04 06:55:00+00:00,431.0,431.0,416.0,422.6,1235.0,4311.0,NIFTY,2026-09-15,24400.0,PE,3
2026-09-04 07:00:00+00:00,422.6,423.6,422.0,423.0,1690.0,1428.0,NIFTY,2026-09-15,24400.0,PE,3
2026-09-04 07:05:00+00:00,424.5,431.85,424.5,427.6,5070.0,4293.0,NIFTY,2026-09-15,24400.0,PE,3
2026-09-04 07:10:00+00:00,425.25,426.15,424.05,426.15,2015.0,4332.0,NIFTY,2026-09-15,24400.0,PE,3
2026-09-04 07:15:00+00:00,428.4,432.0,427.05,427.05,910.0,2894.0,NIFTY,2026-09-15,24400.0,PE,3
2026-09-04 07:20:00+00:00,426.5,426.5,418.0,418.0,260.0,1445.0,NIFTY,2026-09-15,24400.0,PE,3
2026-09-04 07:25:00+00:00,426.05,438.0,426.05,431.0,650.0,1444.0,NIFTY,2026-09-15,24400.0,PE,3
2026-09-04 07:30:00+00:00,427.0,428.0,427.0,428.0,130.0,1441.0,NIFTY,2026-09-15,24400.0,PE,3
2026-09-04 07:35:00+00:00,425.0,425.0,425.0,425.0,65.0,,NIFTY,2026-09-15,24400.0,PE,3
2026-09-04 07:40:00+00:00,415.3,415.3,409.75,409.75,715.0,2878.0,NIFTY,2026-09-15,24400.0,PE,3
2026-09-04 07:45:00+00:00,403.55,403.55,400.15,402.1,1560.0,2882.0,NIFTY,2026-09-15,24400.0,PE,3
2026-09-04 07:50:00+00:00,405.6,411.25,404.5,406.8,2340.0,4291.0,NIFTY,2026-09-15,24400.0,PE,3
2026-09-04 07:55:00+00:00,407.65,412.75,407.5,412.25,1625.0,2860.0,NIFTY,2026-09-15,24400.0,PE,3
2026-09-04 08:00:00+00:00,426.35,426.35,423.3,423.3,130.0,1433.0,NIFTY,2026-09-15,24400.0,PE,3
2026-09-04 08:05:00+00:00,420.05,420.05,419.25,419.25,455.0,1434.0,NIFTY,2026-09-15,24400.0,PE,3
2026-09-04 08:15:00+00:00,418.05,418.05,411.5,411.5,195.0,1433.0,NIFTY,2026-09-15,24400.0,PE,3
2026-09-04 08:20:00+00:00,419.95,420.6,419.95,420.6,780.0,1433.0,NIFTY,2026-09-15,24400.0,PE,3
2026-09-04 08:25:00+00:00,425.0,425.0,419.7,419.7,1170.0,2871.0,NIFTY,2026-09-15,24400.0,PE,3
2026-09-04 08:30:00+00:00,418.8,421.65,418.0,419.5,975.0,2874.0,NIFTY,2026-09-15,24400.0,PE,3
2026-09-04 08:35:00+00:00,413.55,417.65,413.55,417.65,845.0,1439.0,NIFTY,2026-09-15,24400.0,PE,3
2026-09-04 08:40:00+00:00,413.25,413.25,412.85,412.85,325.0,1440.0,NIFTY,2026-09-15,24400.0,PE,3
2026-09-04 08:45:00+00:00,413.35,413.35,413.35,413.35,65.0,,NIFTY,2026-09-15,24400.0,PE,3
2026-09-04 08:50:00+00:00,413.35,413.35,410.45,410.45,715.0,,NIFTY,2026-09-15,24400.0,PE,3
2026-09-04 08:55:00+00:00,410.5,410.5,399.1,399.1,1560.0,2852.0,NIFTY,2026-09-15,24400.0,PE,3
2026-09-04 09:00:00+00:00,396.95,401.55,396.5,401.55,715.0,5701.0,NIFTY,2026-09-15,24400.0,PE,3
2026-09-04 09:05:00+00:00,403.05,421.0,403.05,421.0,4160.0,4270.0,NIFTY,2026-09-15,24400.0,PE,3
2026-09-04 09:10:00+00:00,421.45,425.0,413.0,423.8,1365.0,2862.0,NIFTY,2026-09-15,24400.0,PE,3
2026-09-04 09:15:00+00:00,424.4,427.5,419.0,419.35,3250.0,7161.0,NIFTY,2026-09-15,24400.0,PE,3
2026-09-04 09:20:00+00:00,423.35,425.65,421.0,425.65,2015.0,4312.0,NIFTY,2026-09-15,24400.0,PE,3
2026-09-04 09:25:00+00:00,422.55,422.8,418.1,418.25,1560.0,2875.0,NIFTY,2026-09-15,24400.0,PE,3
2026-09-04 09:30:00+00:00,422.45,425.4,420.5,425.4,650.0,4283.0,NIFTY,2026-09-15,24400.0,PE,3
2026-09-04 09:35:00+00:00,427.0,429.0,420.2,421.95,975.0,7146.0,NIFTY,2026-09-15,24400.0,PE,3
2026-09-04 09:40:00+00:00,423.75,423.75,416.05,418.0,1300.0,2865.0,NIFTY,2026-09-15,24400.0,PE,3
2026-09-04 09:45:00+00:00,417.15,419.0,416.5,417.0,4940.0,4295.0,NIFTY,2026-09-15,24400.0,PE,3
2026-09-04 09:50:00+00:00,416.6,440.0,416.6,432.2,1430.0,2856.0,NIFTY,2026-09-15,24400.0,PE,3
2026-09-04 09:55:00+00:00,430.0,434.5,424.1,434.5,2730.0,4304.0,NIFTY,2026-09-15,24400.0,PE,3
2026-09-04 10:00:00+00:00,432.2,432.2,429.4,430.9,650.0,4312.0,NIFTY,2026-09-15,24400.0,PE,3
2026-09-04 10:05:00+00:00,428.5,431.8,428.5,430.25,1885.0,4306.0,NIFTY,2026-09-15,24400.0,PE,3
2026-09-07 03:45:00+00:00,503.55,535.0,503.55,520.8,2340.0,4301.0,NIFTY,2026-09-15,24400.0,PE,3
2026-09-07 03:50:00+00:00,524.7,525.4,517.0,523.8,910.0,5727.0,NIFTY,2026-09-15,24400.0,PE,3
2026-09-07 03:55:00+00:00,533.15,538.8,531.4,536.75,975.0,1433.0,NIFTY,2026-09-15,24400.0,PE,3
2026-09-07 04:00:00+00:00,535.5,535.5,525.0,525.0,12155.0,5799.0,NIFTY,2026-09-15,24400.0,PE,3
2026-09-07 04:05:00+00:00,519.0,525.3,518.7,522.05,3770.0,4312.0,NIFTY,2026-09-15,24400.0,PE,3
2026-09-07 04:10:00+00:00,520.0,523.5,518.2,523.5,1300.0,4322.0,NIFTY,2026-09-15,24400.0,PE,3
2026-09-07 04:15:00+00:00,520.6,531.0,520.6,527.8,1430.0,2889.0,NIFTY,2026-09-15,24400.0,PE,3
2026-09-07 04:20:00+00:00,525.0,538.0,524.25,538.0,28795.0,7190.0,NIFTY,2026-09-15,24400.0,PE,3
2026-09-07 04:25:00+00:00,540.8,542.8,530.0,537.7,1690.0,2899.0,NIFTY,2026-09-15,24400.0,PE,3
2026-09-07 04:30:00+00:00,535.0,536.0,534.65,536.0,1170.0,1450.0,NIFTY,2026-09-15,24400.0,PE,3
2026-09-07 04:35:00+00:00,535.0,535.1,535.0,535.0,455.0,1452.0,NIFTY,2026-09-15,24400.0,PE,3
2026-09-07 04:40:00+00:00,540.0,544.0,538.2,544.0,910.0,1451.0,NIFTY,2026-09-15,24400.0,PE,3
2026-09-07 04:45:00+00:00,543.1,555.85,543.1,552.0,21775.0,2719.0,NIFTY,2026-09-15,24400.0,PE,3
2026-09-07 04:50:00+00:00,553.95,553.95,540.9,543.0,6760.0,2600.0,NIFTY,2026-09-15,24400.0,PE,3
2026-09-07 04:55:00+00:00,547.45,547.45,542.6,545.0,8905.0,4028.0,NIFTY,2026-09-15,24400.0,PE,3
2026-09-07 05:00:00+00:00,545.0,545.0,544.4,544.4,455.0,2797.0,NIFTY,2026-09-15,24400.0,PE,3
2026-09-07 05:05:00+00:00,547.25,547.25,542.65,542.65,715.0,2808.0,NIFTY,2026-09-15,24400.0,PE,3
2026-09-07 05:10:00+00:00,544.05,546.2,542.5,546.0,3835.0,8530.0,NIFTY,2026-09-15,24400.0,PE,3
2026-09-07 05:15:00+00:00,546.7,552.5,546.1,549.35,3705.0,7298.0,NIFTY,2026-09-15,24400.0,PE,3
2026-09-07 05:20:00+00:00,549.05,556.95,549.05,556.95,4680.0,7483.0,NIFTY,2026-09-15,24400.0,PE,3
2026-09-07 05:25:00+00:00,557.1,558.0,551.05,554.4,7150.0,6206.0,NIFTY,2026-09-15,24400.0,PE,3
2026-09-07 05:30:00+00:00,554.05,572.0,554.05,569.1,5005.0,9616.0,NIFTY,2026-09-15,24400.0,PE,3
2026-09-07 05:35:00+00:00,570.15,573.1,568.55,571.35,3120.0,8177.0,NIFTY,2026-09-15,24400.0,PE,3
2026-09-07 05:40:00+00:00,570.5,574.05,566.15,573.15,3900.0,6631.0,NIFTY,2026-09-15,24400.0,PE,3
2026-09-07 05:45:00+00:00,573.0,575.35,569.3,573.5,4485.0,8476.0,NIFTY,2026-09-15,24400.0,PE,3
2026-09-07 05:50:00+00:00,573.15,573.25,565.05,570.0,4485.0,8665.0,NIFTY,2026-09-15,24400.0,PE,3
2026-09-07 05:55:00+00:00,572.35,574.6,570.5,573.4,3120.0,8810.0,NIFTY,2026-09-15,24400.0,PE,3
2026-09-07 06:00:00+00:00,572.2,573.95,569.05,571.15,3640.0,7181.0,NIFTY,2026-09-15,24400.0,PE,3
2026-09-07 06:05:00+00:00,571.75,575.0,571.75,573.0,3835.0,9157.0,NIFTY,2026-09-15,24400.0,PE,3
2026-09-07 06:10:00+00:00,576.1,580.45,565.85,565.95,3445.0,5578.0,NIFTY,2026-09-15,24400.0,PE,3
2026-09-07 06:15:00+00:00,563.95,566.15,563.95,566.15,1950.0,9374.0,NIFTY,2026-09-15,24400.0,PE,3
2026-09-07 06:20:00+00:00,563.9,563.9,559.15,559.15,195.0,1884.0,NIFTY,2026-09-15,24400.0,PE,3
2026-09-07 06:25:00+00:00,560.0,564.5,560.0,561.0,585.0,5658.0,NIFTY,2026-09-15,24400.0,PE,3
2026-09-07 06:30:00+00:00,563.0,563.0,561.55,561.55,130.0,1886.0,NIFTY,2026-09-15,24400.0,PE,3
2026-09-07 06:35:00+00:00,562.15,562.15,552.75,552.75,130.0,1887.0,NIFTY,2026-09-15,24400.0,PE,3
2026-09-07 06:40:00+00:00,554.25,554.25,552.1,552.1,520.0,1888.0,NIFTY,2026-09-15,24400.0,PE,3
2026-09-07 06:45:00+00:00,552.0,562.9,552.0,562.9,910.0,5664.0,NIFTY,2026-09-15,24400.0,PE,3
2026-09-07 06:50:00+00:00,568.0,571.2,568.0,568.85,2015.0,5702.0,NIFTY,2026-09-15,24400.0,PE,3
2026-09-07 06:55:00+00:00,572.5,572.5,571.2,571.2,130.0,,NIFTY,2026-09-15,24400.0,PE,3
2026-09-07 07:00:00+00:00,574.0,578.75,573.15,573.15,910.0,5738.0,NIFTY,2026-09-15,24400.0,PE,3
2026-09-07 07:05:00+00:00,575.05,575.05,567.0,567.0,520.0,3827.0,NIFTY,2026-09-15,24400.0,PE,3
2026-09-07 07:10:00+00:00,568.9,571.0,568.9,571.0,260.0,1914.0,NIFTY,2026-09-15,24400.0,PE,3
2026-09-07 07:15:00+00:00,575.3,577.0,575.3,576.2,195.0,1914.0,NIFTY,2026-09-15,24400.0,PE,3
2026-09-07 07:20:00+00:00,585.0,589.0,583.0,588.0,650.0,5746.0,NIFTY,2026-09-15,24400.0,PE,3
2026-09-07 07:25:00+00:00,587.0,587.0,579.2,579.95,975.0,7649.0,NIFTY,2026-09-15,24400.0,PE,3
2026-09-07 07:30:00+00:00,579.15,581.05,574.0,577.85,1040.0,9568.0,NIFTY,2026-09-15,24400.0,PE,3
2026-09-07 07:35:00+00:00,573.0,574.0,571.0,574.0,325.0,5744.0,NIFTY,2026-09-15,24400.0,PE,3
2026-09-07 07:40:00+00:00,574.0,575.0,571.1,571.1,195.0,1915.0,NIFTY,2026-09-15,24400.0,PE,3
2026-09-07 07:45:00+00:00,573.55,578.05,570.75,572.45,520.0,5755.0,NIFTY,2026-09-15,24400.0,PE,3
2026-09-07 07:50:00+00:00,572.45,572.45,568.0,568.0,325.0,3844.0,NIFTY,2026-09-15,24400.0,PE,3
2026-09-07 07:55:00+00:00,567.0,569.5,563.0,569.5,390.0,7675.0,NIFTY,2026-09-15,24400.0,PE,3
2026-09-07 08:00:00+00:00,569.5,572.3,567.85,568.75,455.0,5759.0,NIFTY,2026-09-15,24400.0,PE,3
2026-09-07 08:05:00+00:00,567.6,567.6,560.85,561.35,1300.0,9614.0,NIFTY,2026-09-15,24400.0,PE,3
2026-09-07 08:10:00+00:00,560.5,566.0,560.5,566.0,2470.0,3866.0,NIFTY,2026-09-15,24400.0,PE,3
2026-09-07 08:15:00+00:00,560.9,560.9,560.9,560.9,65.0,1952.0,NIFTY,2026-09-15,24400.0,PE,3
2026-09-07 08:20:00+00:00,559.0,559.0,544.0,544.0,1755.0,5848.0,NIFTY,2026-09-15,24400.0,PE,3
2026-09-07 08:25:00+00:00,548.35,548.35,544.75,545.55,1560.0,1946.0,NIFTY,2026-09-15,24400.0,PE,3
2026-09-07 08:30:00+00:00,548.4,548.4,537.5,544.9,975.0,5890.0,NIFTY,2026-09-15,24400.0,PE,3
2026-09-07 08:35:00+00:00,550.2,552.4,550.2,552.0,845.0,3941.0,NIFTY,2026-09-15,24400.0,PE,3
2026-09-07 08:40:00+00:00,548.0,551.55,548.0,550.0,1235.0,5944.0,NIFTY,2026-09-15,24400.0,PE,3
2026-09-07 08:45:00+00:00,549.1,554.05,546.9,554.05,260.0,3974.0,NIFTY,2026-09-15,24400.0,PE,3
2026-09-07 08:50:00+00:00,554.0,554.0,548.1,548.1,195.0,5968.0,NIFTY,2026-09-15,24400.0,PE,3
2026-09-07 08:55:00+00:00,543.0,547.5,543.0,547.5,260.0,5976.0,NIFTY,2026-09-15,24400.0,PE,3
2026-09-07 09:00:00+00:00,545.35,556.5,545.35,556.5,1495.0,8001.0,NIFTY,2026-09-15,24400.0,PE,3
2026-09-07 09:05:00+00:00,556.0,566.65,555.0,566.65,2145.0,6037.0,NIFTY,2026-09-15,24400.0,PE,3
2026-09-07 09:10:00+00:00,573.9,573.9,568.4,570.5,1300.0,8075.0,NIFTY,2026-09-15,24400.0,PE,3
2026-09-07 09:15:00+00:00,573.0,578.65,569.05,569.05,1560.0,8100.0,NIFTY,2026-09-15,24400.0,PE,3
2026-09-07 09:20:00+00:00,569.0,569.0,562.0,562.0,520.0,6082.0,NIFTY,2026-09-15,24400.0,PE,3
2026-09-07 09:25:00+00:00,570.65,574.0,570.65,572.15,2795.0,2009.0,NIFTY,2026-09-15,24400.0,PE,3
2026-09-07 09:30:00+00:00,574.3,574.3,566.0,566.0,910.0,6034.0,NIFTY,2026-09-15,24400.0,PE,3
2026-09-07 09:35:00+00:00,571.85,572.5,568.55,572.0,3315.0,4021.0,NIFTY,2026-09-15,24400.0,PE,3
2026-09-07 09:40:00+00:00,574.1,575.05,566.2,569.0,5525.0,12395.0,NIFTY,2026-09-15,24400.0,PE,3
2026-09-07 09:45:00+00:00,568.05,597.8,568.05,597.8,4875.0,8373.0,NIFTY,2026-09-15,24400.0,PE,3
2026-09-07 09:50:00+00:00,595.15,595.15,579.1,584.6,4290.0,8523.0,NIFTY,2026-09-15,24400.0,PE,3
2026-09-07 09:55:00+00:00,584.55,593.55,582.8,588.0,2080.0,10743.0,NIFTY,2026-09-15,24400.0,PE,3
2026-09-07 10:00:00+00:00,583.75,592.2,582.0,592.2,10270.0,6441.0,NIFTY,2026-09-15,24400.0,PE,3
2026-09-07 10:05:00+00:00,594.2,595.0,593.0,593.0,1040.0,6437.0,NIFTY,2026-09-15,24400.0,PE,3
2026-09-08 03:45:00+00:00,661.8,668.25,659.0,664.45,2340.0,4296.0,NIFTY,2026-09-15,24400.0,PE,3
2026-09-08 03:50:00+00:00,667.0,675.1,664.5,675.1,8320.0,8744.0,NIFTY,2026-09-15,24400.0,PE,3
2026-09-08 03:55:00+00:00,673.75,680.25,671.05,676.0,2080.0,8926.0,NIFTY,2026-09-15,24400.0,PE,3
2026-09-08 04:00:00+00:00,675.2,675.2,669.15,673.8,2080.0,11224.0,NIFTY,2026-09-15,24400.0,PE,3
2026-09-08 04:05:00+00:00,671.85,671.85,660.4,660.4,1495.0,6764.0,NIFTY,2026-09-15,24400.0,PE,3
2026-09-08 04:10:00+00:00,666.95,678.55,666.95,678.55,780.0,6778.0,NIFTY,2026-09-15,24400.0,PE,3
2026-09-08 04:15:00+00:00,678.95,679.55,663.7,663.7,455.0,6790.0,NIFTY,2026-09-15,24400.0,PE,3
2026-09-08 04:20:00+00:00,661.2,672.0,658.55,668.0,1690.0,11332.0,NIFTY,2026-09-15,24400.0,PE,3
2026-09-08 04:25:00+00:00,670.0,681.0,670.0,680.35,1040.0,9100.0,NIFTY,2026-09-15,24400.0,PE,3
2026-09-08 04:30:00+00:00,679.5,688.0,676.2,686.95,1690.0,6841.0,NIFTY,2026-09-15,24400.0,PE,3
2026-09-08 04:35:00+00:00,683.75,686.55,669.8,669.8,455.0,4577.0,NIFTY,2026-09-15,24400.0,PE,3
2026-09-08 04:40:00+00:00,672.0,672.0,647.25,647.25,1300.0,9147.0,NIFTY,2026-09-15,24400.0,PE,3
2026-09-08 04:45:00+00:00,642.75,660.0,637.85,660.0,2015.0,,NIFTY,2026-09-15,24400.0,PE,3
2026-09-08 04:50:00+00:00,656.0,660.0,656.0,658.0,2470.0,6915.0,NIFTY,2026-09-15,24400.0,PE,3
2026-09-08 04:55:00+00:00,665.0,670.7,657.1,667.0,30745.0,10877.0,NIFTY,2026-09-15,24400.0,PE,3
2026-09-08 05:00:00+00:00,665.2,671.7,665.2,671.7,195.0,2113.0,NIFTY,2026-09-15,24400.0,PE,3
2026-09-08 05:05:00+00:00,670.0,684.95,670.0,682.3,650.0,4228.0,NIFTY,2026-09-15,24400.0,PE,3
2026-09-08 05:10:00+00:00,684.9,684.9,680.55,683.15,910.0,8465.0,NIFTY,2026-09-15,24400.0,PE,3
2026-09-08 05:15:00+00:00,681.65,681.65,668.8,670.9,520.0,2117.0,NIFTY,2026-09-15,24400.0,PE,3
2026-09-08 05:20:00+00:00,662.45,669.0,662.45,669.0,520.0,4230.0,NIFTY,2026-09-15,24400.0,PE,3
2026-09-08 05:25:00+00:00,678.95,680.65,677.45,680.65,520.0,6341.0,NIFTY,2026-09-15,24400.0,PE,3
2026-09-08 05:30:00+00:00,684.8,684.8,681.6,681.6,260.0,2115.0,NIFTY,2026-09-15,24400.0,PE,3
2026-09-08 05:35:00+00:00,685.7,685.7,673.1,673.1,1300.0,2117.0,NIFTY,2026-09-15,24400.0,PE,3
2026-09-08 05:40:00+00:00,674.6,674.9,674.6,674.9,195.0,,NIFTY,2026-09-15,24400.0,PE,3
2026-09-08 05:45:00+00:00,675.95,675.95,672.45,672.45,130.0,4233.0,NIFTY,2026-09-15,24400.0,PE,3
2026-09-08 05:50:00+00:00,669.4,674.7,669.4,674.7,585.0,2117.0,NIFTY,2026-09-15,24400.0,PE,3
2026-09-08 06:00:00+00:00,669.3,674.65,669.3,674.65,585.0,2114.0,NIFTY,2026-09-15,24400.0,PE,3
2026-09-08 06:05:00+00:00,678.0,678.0,675.0,675.0,1040.0,4224.0,NIFTY,2026-09-15,24400.0,PE,3
2026-09-08 06:10:00+00:00,676.5,676.5,676.5,676.5,65.0,,NIFTY,2026-09-15,24400.0,PE,3
2026-09-08 06:15:00+00:00,674.15,686.55,674.15,686.55,585.0,2113.0,NIFTY,2026-09-15,24400.0,PE,3
2026-09-08 06:20:00+00:00,688.8,695.0,688.8,695.0,715.0,2112.0,NIFTY,2026-09-15,24400.0,PE,3
2026-09-08 06:25:00+00:00,683.4,691.8,683.4,691.8,975.0,6334.0,NIFTY,2026-09-15,24400.0,PE,3
2026-09-08 06:30:00+00:00,690.85,699.0,690.85,698.8,780.0,6345.0,NIFTY,2026-09-15,24400.0,PE,3
2026-09-08 06:35:00+00:00,699.45,709.55,699.45,709.55,260.0,4232.0,NIFTY,2026-09-15,24400.0,PE,3
2026-09-08 06:40:00+00:00,697.25,699.0,695.0,699.0,195.0,4232.0,NIFTY,2026-09-15,24400.0,PE,3
2026-09-08 06:45:00+00:00,700.1,700.1,694.4,694.4,390.0,2116.0,NIFTY,2026-09-15,24400.0,PE,3
2026-09-08 06:50:00+00:00,696.2,696.2,696.2,696.2,130.0,,NIFTY,2026-09-15,24400.0,PE,3
2026-09-08 06:55:00+00:00,689.05,693.2,689.05,693.2,195.0,2117.0,NIFTY,2026-09-15,24400.0,PE,3
2026-09-08 07:00:00+00:00,686.45,686.45,686.45,686.45,1170.0,,NIFTY,2026-09-15,24400.0,PE,3
2026-09-08 07:05:00+00:00,680.75,680.75,680.75,680.75,65.0,2114.0,NIFTY,2026-09-15,24400.0,PE,3
2026-09-08 07:10:00+00:00,692.0,694.95,692.0,693.95,325.0,,NIFTY,2026-09-15,24400.0,PE,3
2026-09-08 07:15:00+00:00,697.8,700.0,695.2,695.2,260.0,6340.0,NIFTY,2026-09-15,24400.0,PE,3
2026-09-08 07:20:00+00:00,696.3,696.3,693.0,693.0,390.0,2113.0,NIFTY,2026-09-15,24400.0,PE,3
2026-09-08 07:25:00+00:00,686.2,691.05,686.2,691.05,195.0,4228.0,NIFTY,2026-09-15,24400.0,PE,3
2026-09-08 07:35:00+00:00,698.45,698.45,692.8,692.8,1430.0,2114.0,NIFTY,2026-09-15,24400.0,PE,3
2026-09-08 07:40:00+00:00,692.85,696.75,692.85,696.75,130.0,2115.0,NIFTY,2026-09-15,24400.0,PE,3
2026-09-08 07:45:00+00:00,690.0,692.5,690.0,692.5,715.0,6349.0,NIFTY,2026-09-15,24400.0,PE,3
2026-09-08 07:50:00+00:00,692.5,694.5,692.5,694.5,195.0,6364.0,NIFTY,2026-09-15,24400.0,PE,3
2026-09-08 07:55:00+00:00,699.0,699.0,699.0,699.0,65.0,2122.0,NIFTY,2026-09-15,24400.0,PE,3
2026-09-08 08:00:00+00:00,697.25,707.0,697.25,707.0,260.0,,NIFTY,2026-09-15,24400.0,PE,3
2026-09-08 08:05:00+00:00,699.9,707.0,697.95,707.0,650.0,4243.0,NIFTY,2026-09-15,24400.0,PE,3
2026-09-08 08:10:00+00:00,707.0,709.0,705.15,709.0,1105.0,4254.0,NIFTY,2026-09-15,24400.0,PE,3
2026-09-08 08:15:00+00:00,709.1,709.5,705.85,705.85,2405.0,4281.0,NIFTY,2026-09-15,24400.0,PE,3
2026-09-08 08:20:00+00:00,706.7,712.6,706.7,712.6,1170.0,2142.0,NIFTY,2026-09-15,24400.0,PE,3
2026-09-08 08:25:00+00:00,710.45,710.95,708.7,710.95,390.0,4286.0,NIFTY,2026-09-15,24400.0,PE,3
2026-09-08 08:30:00+00:00,708.0,713.0,708.0,713.0,1560.0,4291.0,NIFTY,2026-09-15,24400.0,PE,3
2026-09-08 08:35:00+00:00,698.85,701.2,698.85,701.2,390.0,2152.0,NIFTY,2026-09-15,24400.0,PE,3
2026-09-08 08:40:00+00:00,703.2,703.2,694.0,695.0,195.0,6468.0,NIFTY,2026-09-15,24400.0,PE,3
2026-09-08 08:45:00+00:00,691.7,699.0,691.7,699.0,260.0,4313.0,NIFTY,2026-09-15,24400.0,PE,3
2026-09-08 08:50:00+00:00,696.0,700.0,696.0,699.85,650.0,4316.0,NIFTY,2026-09-15,24400.0,PE,3
2026-09-08 08:55:00+00:00,702.5,707.0,698.25,698.25,1040.0,4316.0,NIFTY,2026-09-15,24400.0,PE,3
2026-09-08 09:00:00+00:00,696.4,701.0,695.0,695.0,2925.0,6484.0,NIFTY,2026-09-15,24400.0,PE,3
2026-09-08 09:05:00+00:00,693.5,705.55,693.5,700.75,1300.0,6514.0,NIFTY,2026-09-15,24400.0,PE,3
2026-09-08 09:10:00+00:00,705.5,705.5,705.5,705.5,130.0,2175.0,NIFTY,2026-09-15,24400.0,PE,3
2026-09-08 09:15:00+00:00,694.6,705.3,694.4,705.05,3445.0,8723.0,NIFTY,2026-09-15,24400.0,PE,3
2026-09-08 09:20:00+00:00,705.9,709.85,701.2,701.3,10010.0,11137.0,NIFTY,2026-09-15,24400.0,PE,3
2026-09-08 09:25:00+00:00,699.6,710.4,698.2,704.65,6890.0,11455.0,NIFTY,2026-09-15,24400.0,PE,3
2026-09-08 09:30:00+00:00,706.9,706.9,701.0,704.0,1820.0,11536.0,NIFTY,2026-09-15,24400.0,PE,3
2026-09-08 09:35:00+00:00,706.0,706.0,699.8,699.8,10400.0,9511.0,NIFTY,2026-09-15,24400.0,PE,3
2026-09-08 09:40:00+00:00,695.0,709.0,694.95,704.95,2340.0,9665.0,NIFTY,2026-09-15,24400.0,PE,3
2026-09-08 09:45:00+00:00,716.15,716.15,701.85,708.5,2275.0,9712.0,NIFTY,2026-09-15,24400.0,PE,3
2026-09-08 09:50:00+00:00,712.0,718.45,712.0,714.15,2925.0,9748.0,NIFTY,2026-09-15,24400.0,PE,3
2026-09-08 09:55:00+00:00,713.15,713.15,705.25,712.95,3185.0,12220.0,NIFTY,2026-09-15,24400.0,PE,3
2026-09-08 10:00:00+00:00,711.85,712.0,697.95,701.0,13780.0,12464.0,NIFTY,2026-09-15,24400.0,PE,3
2026-09-08 10:05:00+00:00,701.4,705.6,701.2,705.0,9490.0,12962.0,NIFTY,2026-09-15,24400.0,PE,3
2026-09-09 03:45:00+00:00,812.2,856.3,812.2,849.5,27040.0,10815.0,NIFTY,2026-09-15,24400.0,PE,3
2026-09-09 03:50:00+00:00,854.75,854.75,845.8,848.75,910.0,8165.0,NIFTY,2026-09-15,24400.0,PE,3
2026-09-09 03:55:00+00:00,837.15,839.8,831.1,839.8,780.0,8150.0,NIFTY,2026-09-15,24400.0,PE,3
2026-09-09 04:00:00+00:00,837.5,837.5,834.65,834.65,325.0,8151.0,NIFTY,2026-09-15,24400.0,PE,3
2026-09-09 04:05:00+00:00,833.1,833.1,820.0,820.0,195.0,5430.0,NIFTY,2026-09-15,24400.0,PE,3
2026-09-09 04:10:00+00:00,817.5,827.05,813.6,824.7,17420.0,5429.0,NIFTY,2026-09-15,24400.0,PE,3
2026-09-09 04:15:00+00:00,830.4,832.1,825.7,832.1,325.0,,NIFTY,2026-09-15,24400.0,PE,3
2026-09-09 04:20:00+00:00,848.3,854.65,847.05,850.95,1625.0,13559.0,NIFTY,2026-09-15,24400.0,PE,3
2026-09-09 04:25:00+00:00,851.15,863.0,850.55,855.85,2405.0,10815.0,NIFTY,2026-09-15,24400.0,PE,3
2026-09-09 04:30:00+00:00,860.2,871.9,860.2,867.0,1820.0,13432.0,NIFTY,2026-09-15,24400.0,PE,3
2026-09-09 04:35:00+00:00,865.45,870.6,865.45,870.45,1625.0,10687.0,NIFTY,2026-09-15,24400.0,PE,3
2026-09-09 04:40:00+00:00,869.0,877.15,869.0,877.15,585.0,5328.0,NIFTY,2026-09-15,24400.0,PE,3
2026-09-09 04:45:00+00:00,860.9,860.9,837.0,837.0,1105.0,10637.0,NIFTY,2026-09-15,24400.0,PE,3
2026-09-09 04:50:00+00:00,826.0,826.35,798.0,798.0,1690.0,13238.0,NIFTY,2026-09-15,24400.0,PE,3
2026-09-09 04:55:00+00:00,811.45,811.45,802.6,802.6,715.0,5294.0,NIFTY,2026-09-15,24400.0,PE,3
2026-09-09 05:00:00+00:00,809.1,817.55,800.75,817.55,2600.0,5307.0,NIFTY,2026-09-15,24400.0,PE,3
2026-09-09 05:05:00+00:00,824.95,841.35,824.95,841.35,520.0,5309.0,NIFTY,2026-09-15,24400.0,PE,3
2026-09-09 05:10:00+00:00,841.35,846.75,841.35,846.75,130.0,5309.0,NIFTY,2026-09-15,24400.0,PE,3
2026-09-09 05:15:00+00:00,837.15,837.15,837.15,837.15,195.0,2653.0,NIFTY,2026-09-15,24400.0,PE,3
2026-09-09 05:20:00+00:00,830.3,830.3,830.3,830.3,260.0,2652.0,NIFTY,2026-09-15,24400.0,PE,3
2026-09-09 05:25:00+00:00,823.0,824.7,821.35,821.35,455.0,2649.0,NIFTY,2026-09-15,24400.0,PE,3
2026-09-09 05:30:00+00:00,810.0,810.0,810.0,810.0,325.0,2647.0,NIFTY,2026-09-15,24400.0,PE,3
2026-09-09 05:35:00+00:00,816.6,818.45,815.8,816.0,260.0,5287.0,NIFTY,2026-09-15,24400.0,PE,3
2026-09-09 05:50:00+00:00,828.85,828.85,828.85,828.85,130.0,,NIFTY,2026-09-15,24400.0,PE,3
2026-09-09 05:55:00+00:00,824.65,824.65,824.65,824.65,65.0,2642.0,NIFTY,2026-09-15,24400.0,PE,3
2026-09-09 06:10:00+00:00,828.45,828.45,828.45,828.45,65.0,,NIFTY,2026-09-15,24400.0,PE,3
2026-09-09 06:15:00+00:00,812.85,826.95,812.85,826.95,130.0,5282.0,NIFTY,2026-09-15,24400.0,PE,3
2026-09-09 06:20:00+00:00,840.0,840.0,840.0,840.0,130.0,2640.0,NIFTY,2026-09-15,24400.0,PE,3
2026-09-09 06:25:00+00:00,850.9,864.05,850.9,864.05,520.0,5278.0,NIFTY,2026-09-15,24400.0,PE,3
2026-09-09 06:30:00+00:00,862.4,867.15,862.4,867.15,390.0,2637.0,NIFTY,2026-09-15,24400.0,PE,3
2026-09-09 06:35:00+00:00,870.7,875.2,866.15,866.15,260.0,2637.0,NIFTY,2026-09-15,24400.0,PE,3
2026-09-09 06:40:00+00:00,866.15,866.15,866.15,866.15,65.0,,NIFTY,2026-09-15,24400.0,PE,3
2026-09-09 06:50:00+00:00,869.8,869.8,869.8,869.8,65.0,,NIFTY,2026-09-15,24400.0,PE,3
2026-09-09 06:55:00+00:00,852.1,852.1,849.2,849.2,195.0,2637.0,NIFTY,2026-09-15,24400.0,PE,3
2026-09-09 07:00:00+00:00,841.0,841.0,795.45,804.05,975.0,7897.0,NIFTY,2026-09-15,24400.0,PE,3
2026-09-09 07:05:00+00:00,802.8,802.8,784.2,790.0,1040.0,7879.0,NIFTY,2026-09-15,24400.0,PE,3
2026-09-09 07:10:00+00:00,785.75,793.85,780.25,780.25,520.0,7862.0,NIFTY,2026-09-15,24400.0,PE,3
2026-09-09 07:15:00+00:00,786.0,792.0,786.0,792.0,390.0,2618.0,NIFTY,2026-09-15,24400.0,PE,3
2026-09-09 07:20:00+00:00,791.65,791.65,787.35,787.35,130.0,5235.0,NIFTY,2026-09-15,24400.0,PE,3
2026-09-09 07:25:00+00:00,803.05,803.05,792.75,792.75,390.0,5233.0,NIFTY,2026-09-15,24400.0,PE,3
2026-09-09 07:30:00+00:00,782.65,782.65,782.65,782.65,260.0,2617.0,NIFTY,2026-09-15,24400.0,PE,3
2026-09-09 07:35:00+00:00,801.2,801.2,789.7,789.7,130.0,2618.0,NIFTY,2026-09-15,24400.0,PE,3
2026-09-09 07:40:00+00:00,807.7,807.7,804.25,804.25,130.0,,NIFTY,2026-09-15,24400.0,PE,3
2026-09-09 07:45:00+00:00,808.65,811.8,808.6,811.8,520.0,5233.0,NIFTY,2026-09-15,24400.0,PE,3
2026-09-09 07:50:00+00:00,804.8,807.05,804.8,807.05,260.0,2618.0,NIFTY,2026-09-15,24400.0,PE,3
2026-09-09 08:10:00+00:00,793.55,793.55,793.55,793.55,65.0,2618.0,NIFTY,2026-09-15,24400.0,PE,3
2026-09-09 08:15:00+00:00,806.5,806.5,806.5,806.5,195.0,,NIFTY,2026-09-15,24400.0,PE,3
2026-09-09 08:20:00+00:00,798.95,798.95,797.7,798.05,455.0,5231.0,NIFTY,2026-09-15,24400.0,PE,3
2026-09-09 08:30:00+00:00,786.5,786.5,786.5,786.5,195.0,,NIFTY,2026-09-15,24400.0,PE,3
2026-09-09 08:40:00+00:00,796.1,796.1,796.1,796.1,195.0,2615.0,NIFTY,2026-09-15,24400.0,PE,3
2026-09-09 09:00:00+00:00,823.5,836.4,817.5,836.4,520.0,7843.0,NIFTY,2026-09-15,24400.0,PE,3
2026-09-09 09:05:00+00:00,834.0,849.85,831.8,849.85,455.0,5222.0,NIFTY,2026-09-15,24400.0,PE,3
2026-09-09 09:10:00+00:00,851.0,851.0,845.7,851.0,325.0,2610.0,NIFTY,2026-09-15,24400.0,PE,3
2026-09-09 09:15:00+00:00,859.0,859.0,848.5,848.5,585.0,5222.0,NIFTY,2026-09-15,24400.0,PE,3
2026-09-09 09:20:00+00:00,846.5,851.3,846.5,846.95,1560.0,7821.0,NIFTY,2026-09-15,24400.0,PE,3
2026-09-09 09:25:00+00:00,851.25,853.3,851.25,853.3,1755.0,5184.0,NIFTY,2026-09-15,24400.0,PE,3
2026-09-09 09:30:00+00:00,869.4,880.0,869.4,880.0,390.0,2581.0,NIFTY,2026-09-15,24400.0,PE,3
2026-09-09 09:35:00+00:00,882.9,888.45,868.0,868.0,975.0,5162.0,NIFTY,2026-09-15,24400.0,PE,3
2026-09-09 09:40:00+00:00,868.7,877.6,868.7,876.35,1950.0,10292.0,NIFTY,2026-09-15,24400.0,PE,3
2026-09-09 09:45:00+00:00,874.3,877.2,874.3,877.2,130.0,2568.0,NIFTY,2026-09-15,24400.0,PE,3
2026-09-09 09:50:00+00:00,877.0,889.15,875.35,887.15,650.0,5135.0,NIFTY,2026-09-15,24400.0,PE,3
2026-09-09 09:55:00+00:00,888.7,907.1,887.35,897.45,715.0,2566.0,NIFTY,2026-09-15,24400.0,PE,3
2026-09-09 10:00:00+00:00,898.75,916.4,898.35,916.4,2145.0,7690.0,NIFTY,2026-09-15,24400.0,PE,3
2026-09-09 10:05:00+00:00,912.0,925.85,912.0,925.85,910.0,10224.0,NIFTY,2026-09-15,24400.0,PE,3
2026-09-10 03:45:00+00:00,900.7,903.7,900.7,903.7,260.0,2555.0,NIFTY,2026-09-15,24400.0,PE,3
2026-09-10 03:50:00+00:00,922.0,925.85,922.0,925.0,390.0,5112.0,NIFTY,2026-09-15,24400.0,PE,3
2026-09-10 03:55:00+00:00,934.5,934.5,910.0,910.0,455.0,12769.0,NIFTY,2026-09-15,24400.0,PE,3
2026-09-10 04:00:00+00:00,922.0,931.9,922.0,931.9,325.0,2550.0,NIFTY,2026-09-15,24400.0,PE,3
2026-09-10 04:05:00+00:00,927.45,931.9,926.6,931.9,325.0,2549.0,NIFTY,2026-09-15,24400.0,PE,3
2026-09-10 04:10:00+00:00,937.75,938.15,926.35,926.35,260.0,2548.0,NIFTY,2026-09-15,24400.0,PE,3
2026-09-10 04:15:00+00:00,925.5,928.45,922.15,922.15,325.0,5094.0,NIFTY,2026-09-15,24400.0,PE,3
2026-09-10 04:20:00+00:00,916.65,916.65,906.15,909.9,650.0,7628.0,NIFTY,2026-09-15,24400.0,PE,3
2026-09-10 04:25:00+00:00,909.9,909.9,909.9,909.9,390.0,,NIFTY,2026-09-15,24400.0,PE,3
2026-09-10 04:30:00+00:00,926.6,926.6,926.6,926.6,65.0,,NIFTY,2026-09-15,24400.0,PE,3
2026-09-10 04:35:00+00:00,930.0,937.7,930.0,937.7,650.0,5079.0,NIFTY,2026-09-15,24400.0,PE,3
2026-09-10 04:40:00+00:00,938.45,938.45,938.45,938.45,65.0,,NIFTY,2026-09-15,24400.0,PE,3
2026-09-10 04:45:00+00:00,924.25,924.25,916.5,916.5,260.0,2535.0,NIFTY,2026-09-15,24400.0,PE,3
2026-09-10 04:50:00+00:00,933.7,933.7,927.3,927.3,130.0,5068.0,NIFTY,2026-09-15,24400.0,PE,3
2026-09-10 04:55:00+00:00,925.7,933.1,925.7,933.1,130.0,,NIFTY,2026-09-15,24400.0,PE,3
2026-09-10 05:05:00+00:00,925.2,925.85,915.0,915.0,455.0,10132.0,NIFTY,2026-09-15,24400.0,PE,3
2026-09-10 05:10:00+00:00,911.0,911.0,902.0,902.0,1300.0,5055.0,NIFTY,2026-09-15,24400.0,PE,3
2026-09-10 05:15:00+00:00,902.4,910.15,899.25,910.15,1170.0,2512.0,NIFTY,2026-09-15,24400.0,PE,3
2026-09-10 05:20:00+00:00,930.25,930.25,930.25,930.25,65.0,2507.0,NIFTY,2026-09-15,24400.0,PE,3
2026-09-10 05:25:00+00:00,941.45,941.45,938.0,938.0,325.0,7519.0,NIFTY,2026-09-15,24400.0,PE,3
2026-09-10 05:30:00+00:00,931.45,935.0,931.45,935.0,195.0,2505.0,NIFTY,2026-09-15,24400.0,PE,3
2026-09-10 05:35:00+00:00,937.8,937.8,937.8,937.8,65.0,,NIFTY,2026-09-15,24400.0,PE,3
2026-09-10 05:40:00+00:00,918.35,918.35,908.35,908.35,715.0,5006.0,NIFTY,2026-09-15,24400.0,PE,3
2026-09-10 05:45:00+00:00,906.25,912.65,899.0,912.55,4550.0,12384.0,NIFTY,2026-09-15,24400.0,PE,3
2026-09-10 05:50:00+00:00,918.2,924.65,915.3,917.05,4225.0,12187.0,NIFTY,2026-09-15,24400.0,PE,3
2026-09-10 05:55:00+00:00,917.75,927.75,917.75,926.75,2665.0,7232.0,NIFTY,2026-09-15,24400.0,PE,3
2026-09-10 06:00:00+00:00,923.5,932.6,916.9,932.2,4680.0,11894.0,NIFTY,2026-09-15,24400.0,PE,3
2026-09-10 06:05:00+00:00,930.85,930.85,921.65,927.5,3900.0,11699.0,NIFTY,2026-09-15,24400.0,PE,3
2026-09-10 06:10:00+00:00,925.85,939.9,924.2,924.2,5460.0,11496.0,NIFTY,2026-09-15,24400.0,PE,3
2026-09-10 06:15:00+00:00,924.0,924.0,911.65,916.1,3640.0,9046.0,NIFTY,2026-09-15,24400.0,PE,3
2026-09-10 06:20:00+00:00,914.7,916.8,912.3,914.3,4225.0,8916.0,NIFTY,2026-09-15,24400.0,PE,3
2026-09-10 06:25:00+00:00,917.05,920.45,905.0,905.0,5460.0,13188.0,NIFTY,2026-09-15,24400.0,PE,3
2026-09-10 06:35:00+00:00,904.0,904.0,904.0,904.0,65.0,2170.0,NIFTY,2026-09-15,24400.0,PE,3
2026-09-10 06:40:00+00:00,907.1,907.1,907.1,907.1,65.0,2169.0,NIFTY,2026-09-15,24400.0,PE,3
2026-09-10 06:45:00+00:00,896.0,896.0,896.0,896.0,65.0,2169.0,NIFTY,2026-09-15,24400.0,PE,3
2026-09-10 06:50:00+00:00,901.0,901.0,897.25,897.25,130.0,2168.0,NIFTY,2026-09-15,24400.0,PE,3
2026-09-10 06:55:00+00:00,896.4,896.4,894.5,894.5,325.0,4332.0,NIFTY,2026-09-15,24400.0,PE,3
2026-09-10 07:05:00+00:00,912.0,912.0,912.0,912.0,520.0,2166.0,NIFTY,2026-09-15,24400.0,PE,3
2026-09-10 07:35:00+00:00,936.05,937.7,936.05,937.7,520.0,4319.0,NIFTY,2026-09-15,24400.0,PE,3
2026-09-10 07:40:00+00:00,921.85,921.85,921.85,921.85,195.0,2157.0,NIFTY,2026-09-15,24400.0,PE,3
2026-09-10 08:00:00+00:00,931.8,931.8,931.8,931.8,65.0,2158.0,NIFTY,2026-09-15,24400.0,PE,3
2026-09-10 08:05:00+00:00,925.0,925.0,925.0,925.0,130.0,2158.0,NIFTY,2026-09-15,24400.0,PE,3
2026-09-10 08:10:00+00:00,926.95,926.95,926.95,926.95,65.0,2157.0,NIFTY,2026-09-15,24400.0,PE,3
2026-09-10 08:15:00+00:00,931.0,931.0,931.0,931.0,130.0,2156.0,NIFTY,2026-09-15,24400.0,PE,3
2026-09-10 08:20:00+00:00,928.15,928.7,928.15,928.7,520.0,2155.0,NIFTY,2026-09-15,24400.0,PE,3
2026-09-10 08:40:00+00:00,947.5,947.5,946.55,946.55,260.0,4308.0,NIFTY,2026-09-15,24400.0,PE,3
2026-09-10 08:45:00+00:00,952.0,955.85,951.2,955.85,260.0,2152.0,NIFTY,2026-09-15,24400.0,PE,3
2026-09-10 08:50:00+00:00,950.0,950.0,950.0,950.0,195.0,2152.0,NIFTY,2026-09-15,24400.0,PE,3
2026-09-10 08:55:00+00:00,961.35,961.35,961.35,961.35,455.0,2150.0,NIFTY,2026-09-15,24400.0,PE,3
2026-09-10 09:00:00+00:00,945.0,946.0,945.0,946.0,130.0,4294.0,NIFTY,2026-09-15,24400.0,PE,3
2026-09-10 09:05:00+00:00,955.45,955.45,955.45,955.45,65.0,,NIFTY,2026-09-15,24400.0,PE,3
2026-09-10 09:10:00+00:00,957.0,957.0,957.0,957.0,65.0,,NIFTY,2026-09-15,24400.0,PE,3
2026-09-10 09:15:00+00:00,946.65,946.65,938.25,938.25,260.0,4293.0,NIFTY,2026-09-15,24400.0,PE,3
2026-09-10 09:20:00+00:00,932.75,947.1,932.75,944.55,1105.0,,NIFTY,2026-09-15,24400.0,PE,3
2026-09-10 09:25:00+00:00,946.85,946.85,940.65,940.85,1040.0,2137.0,NIFTY,2026-09-15,24400.0,PE,3
2026-09-10 09:30:00+00:00,974.0,981.2,974.0,974.95,390.0,4252.0,NIFTY,2026-09-15,24400.0,PE,3
2026-09-10 09:35:00+00:00,971.0,973.7,971.0,973.7,130.0,,NIFTY,2026-09-15,24400.0,PE,3
2026-09-10 09:40:00+00:00,975.2,977.35,970.85,974.95,1755.0,8489.0,NIFTY,2026-09-15,24400.0,PE,3
2026-09-10 09:45:00+00:00,978.8,978.8,978.8,978.8,130.0,2115.0,NIFTY,2026-09-15,24400.0,PE,3
2026-09-10 09:50:00+00:00,964.05,964.05,964.05,964.05,65.0,,NIFTY,2026-09-15,24400.0,PE,3
2026-09-10 10:05:00+00:00,948.2,950.9,944.9,946.0,1170.0,4227.0,NIFTY,2026-09-15,24400.0,PE,3
2026-09-11 03:45:00+00:00,1113.25,1144.8,1113.25,1136.25,715.0,,NIFTY,2026-09-15,24400.0,PE,3
2026-09-11 03:50:00+00:00,1146.3,1146.3,1132.55,1132.55,2470.0,10476.0,NIFTY,2026-09-15,24400.0,PE,3
2026-09-11 03:55:00+00:00,1140.1,1144.25,1135.0,1139.0,1105.0,8332.0,NIFTY,2026-09-15,24400.0,PE,3
2026-09-11 04:00:00+00:00,1137.55,1144.5,1127.6,1136.25,8385.0,8236.0,NIFTY,2026-09-15,24400.0,PE,3
2026-09-11 04:05:00+00:00,1135.55,1135.55,1127.95,1129.15,2535.0,8052.0,NIFTY,2026-09-15,24400.0,PE,3
2026-09-11 04:10:00+00:00,1142.05,1147.8,1138.0,1142.9,3380.0,7991.0,NIFTY,2026-09-15,24400.0,PE,3
2026-09-11 04:15:00+00:00,1143.2,1148.9,1139.15,1144.0,2600.0,9894.0,NIFTY,2026-09-15,24400.0,PE,3
2026-09-11 04:20:00+00:00,1140.0,1142.0,1140.0,1140.7,1560.0,3927.0,NIFTY,2026-09-15,24400.0,PE,3
2026-09-11 04:25:00+00:00,1144.2,1144.2,1134.1,1134.1,2145.0,7778.0,NIFTY,2026-09-15,24400.0,PE,3
2026-09-11 04:30:00+00:00,1138.05,1138.05,1131.0,1131.0,2340.0,7710.0,NIFTY,2026-09-15,24400.0,PE,3
2026-09-11 04:35:00+00:00,1110.0,1110.0,1110.0,1110.0,65.0,1911.0,NIFTY,2026-09-15,24400.0,PE,3
2026-09-11 04:40:00+00:00,1119.15,1119.15,1101.1,1101.1,390.0,3819.0,NIFTY,2026-09-15,24400.0,PE,3
2026-09-11 04:45:00+00:00,1103.0,1104.45,1103.0,1103.3,1885.0,3813.0,NIFTY,2026-09-15,24400.0,PE,3
2026-09-11 04:50:00+00:00,1086.9,1094.9,1086.9,1094.9,195.0,3777.0,NIFTY,2026-09-15,24400.0,PE,3
2026-09-11 04:55:00+00:00,1109.8,1113.4,1109.8,1113.4,455.0,3774.0,NIFTY,2026-09-15,24400.0,PE,3
2026-09-11 05:00:00+00:00,1113.0,1113.0,1099.05,1099.4,2925.0,7507.0,NIFTY,2026-09-15,24400.0,PE,3
2026-09-11 05:05:00+00:00,1097.6,1097.6,1094.95,1094.95,260.0,3718.0,NIFTY,2026-09-15,24400.0,PE,3
2026-09-11 05:10:00+00:00,1098.9,1098.9,1090.0,1090.0,585.0,3715.0,NIFTY,2026-09-15,24400.0,PE,3
2026-09-11 05:15:00+00:00,1096.1,1096.25,1091.5,1096.25,390.0,3706.0,NIFTY,2026-09-15,24400.0,PE,3
2026-09-11 05:20:00+00:00,1095.05,1105.35,1095.05,1101.0,845.0,5547.0,NIFTY,2026-09-15,24400.0,PE,3
2026-09-11 05:25:00+00:00,1108.9,1110.5,1103.0,1110.5,260.0,3690.0,NIFTY,2026-09-15,24400.0,PE,3
2026-09-11 05:35:00+00:00,1098.0,1100.1,1083.5,1085.0,2275.0,7348.0,NIFTY,2026-09-15,24400.0,PE,3
2026-09-11 05:40:00+00:00,1084.3,1085.05,1039.5,1039.5,715.0,1828.0,NIFTY,2026-09-15,24400.0,PE,3
2026-09-11 05:45:00+00:00,1051.15,1051.15,1030.0,1030.0,260.0,3651.0,NIFTY,2026-09-15,24400.0,PE,3
2026-09-11 05:50:00+00:00,1033.55,1033.55,1033.55,1033.55,325.0,1823.0,NIFTY,2026-09-15,24400.0,PE,3
2026-09-11 05:55:00+00:00,1028.0,1028.0,1028.0,1028.0,260.0,1824.0,NIFTY,2026-09-15,24400.0,PE,3
2026-09-11 06:00:00+00:00,1030.4,1034.65,1030.4,1034.65,130.0,,NIFTY,2026-09-15,24400.0,PE,3
2026-09-11 06:05:00+00:00,1028.55,1040.6,1028.55,1036.85,1365.0,5463.0,NIFTY,2026-09-15,24400.0,PE,3
2026-09-11 06:10:00+00:00,1035.95,1035.95,1030.55,1035.0,3965.0,5417.0,NIFTY,2026-09-15,24400.0,PE,3
2026-09-11 06:20:00+00:00,1040.4,1045.55,1034.95,1038.4,12090.0,5299.0,NIFTY,2026-09-15,24400.0,PE,3
2026-09-11 06:25:00+00:00,1032.15,1036.0,1032.15,1036.0,260.0,3450.0,NIFTY,2026-09-15,24400.0,PE,3
2026-09-11 06:30:00+00:00,1033.7,1040.0,1033.7,1038.3,2860.0,6875.0,NIFTY,2026-09-15,24400.0,PE,3
2026-09-11 06:35:00+00:00,1037.9,1037.9,1035.0,1035.0,1300.0,3392.0,NIFTY,2026-09-15,24400.0,PE,3
2026-09-11 06:40:00+00:00,1055.0,1055.0,1055.0,1055.0,780.0,1685.0,NIFTY,2026-09-15,24400.0,PE,3
2026-09-11 06:45:00+00:00,1053.35,1056.9,1043.0,1046.0,910.0,8386.0,NIFTY,2026-09-15,24400.0,PE,3
2026-09-11 06:50:00+00:00,1050.0,1050.0,1044.55,1044.55,195.0,1672.0,NIFTY,2026-09-15,24400.0,PE,3
2026-09-11 07:00:00+00:00,1052.95,1052.95,1040.0,1040.0,650.0,3342.0,NIFTY,2026-09-15,24400.0,PE,3
2026-09-11 07:05:00+00:00,1038.3,1047.35,1035.0,1047.35,1950.0,5003.0,NIFTY,2026-09-15,24400.0,PE,3
2026-09-11 07:10:00+00:00,1030.45,1042.95,1030.45,1042.95,260.0,4990.0,NIFTY,2026-09-15,24400.0,PE,3
2026-09-11 07:15:00+00:00,1038.35,1044.3,1038.0,1044.3,390.0,3320.0,NIFTY,2026-09-15,24400.0,PE,3
2026-09-11 07:20:00+00:00,1044.3,1044.3,1038.0,1038.0,325.0,4976.0,NIFTY,2026-09-15,24400.0,PE,3
2026-09-11 07:25:00+00:00,1040.05,1044.85,1035.3,1035.3,845.0,3305.0,NIFTY,2026-09-15,24400.0,PE,3
2026-09-11 07:30:00+00:00,1044.3,1051.95,1044.3,1051.95,325.0,3297.0,NIFTY,2026-09-15,24400.0,PE,3
2026-09-11 07:35:00+00:00,1062.1,1062.1,1059.35,1059.35,130.0,1647.0,NIFTY,2026-09-15,24400.0,PE,3
2026-09-11 07:40:00+00:00,1058.7,1058.7,1053.2,1055.7,1690.0,4931.0,NIFTY,2026-09-15,24400.0,PE,3
2026-09-11 07:45:00+00:00,1056.45,1059.15,1055.9,1059.15,975.0,1625.0,NIFTY,2026-09-15,24400.0,PE,3
2026-09-11 07:50:00+00:00,1060.15,1061.25,1051.0,1054.45,910.0,6477.0,NIFTY,2026-09-15,24400.0,PE,3
2026-09-11 07:55:00+00:00,1053.85,1053.85,1041.7,1041.7,585.0,3225.0,NIFTY,2026-09-15,24400.0,PE,3
2026-09-11 08:00:00+00:00,1043.25,1043.25,1036.8,1039.95,325.0,1610.0,NIFTY,2026-09-15,24400.0,PE,3
2026-09-11 08:05:00+00:00,1049.15,1049.15,1046.4,1046.4,325.0,3212.0,NIFTY,2026-09-15,24400.0,PE,3
2026-09-11 08:10:00+00:00,1061.9,1068.75,1049.05,1049.05,1040.0,3206.0,NIFTY,2026-09-15,24400.0,PE,3
2026-09-11 08:15:00+00:00,1055.0,1058.2,1052.25,1055.9,585.0,3198.0,NIFTY,2026-09-15,24400.0,PE,3
2026-09-11 08:20:00+00:00,1044.35,1044.35,1024.55,1024.55,4160.0,3192.0,NIFTY,2026-09-15,24400.0,PE,3
2026-09-11 08:25:00+00:00,1025.8,1025.8,1000.2,1000.2,2535.0,1582.0,NIFTY,2026-09-15,24400.0,PE,3
2026-09-11 08:30:00+00:00,991.25,991.25,946.1,946.1,2145.0,4696.0,NIFTY,2026-09-15,24400.0,PE,3
2026-09-11 08:35:00+00:00,949.1,965.05,949.1,965.05,520.0,4710.0,NIFTY,2026-09-15,24400.0,PE,3
2026-09-11 08:40:00+00:00,963.0,967.8,963.0,967.8,260.0,1569.0,NIFTY,2026-09-15,24400.0,PE,3
2026-09-11 08:45:00+00:00,967.5,972.85,967.1,971.65,780.0,1569.0,NIFTY,2026-09-15,24400.0,PE,3
2026-09-11 08:50:00+00:00,972.5,972.5,965.4,965.4,260.0,1566.0,NIFTY,2026-09-15,24400.0,PE,3
2026-09-11 08:55:00+00:00,954.9,960.0,954.0,954.0,6045.0,1558.0,NIFTY,2026-09-15,24400.0,PE,3
2026-09-11 09:00:00+00:00,956.65,956.65,954.55,954.55,520.0,1543.0,NIFTY,2026-09-15,24400.0,PE,3
2026-09-11 09:05:00+00:00,952.0,959.15,947.4,957.05,780.0,6128.0,NIFTY,2026-09-15,24400.0,PE,3
2026-09-11 09:10:00+00:00,950.0,950.0,945.0,950.0,455.0,3059.0,NIFTY,2026-09-15,24400.0,PE,3
2026-09-11 09:15:00+00:00,960.0,960.0,954.0,954.0,195.0,1528.0,NIFTY,2026-09-15,24400.0,PE,3
2026-09-11 09:20:00+00:00,956.6,956.6,956.6,956.6,65.0,1528.0,NIFTY,2026-09-15,24400.0,PE,3
2026-09-11 09:25:00+00:00,956.0,964.25,954.0,959.75,1170.0,3049.0,NIFTY,2026-09-15,24400.0,PE,3
2026-09-11 09:30:00+00:00,963.0,972.3,961.05,972.3,845.0,3043.0,NIFTY,2026-09-15,24400.0,PE,3
2026-09-11 09:35:00+00:00,985.15,985.15,977.4,977.4,325.0,,NIFTY,2026-09-15,24400.0,PE,3
2026-09-11 09:40:00+00:00,973.75,973.75,955.15,957.55,650.0,4556.0,NIFTY,2026-09-15,24400.0,PE,3
2026-09-11 09:45:00+00:00,944.3,951.95,936.75,951.95,325.0,3034.0,NIFTY,2026-09-15,24400.0,PE,3
2026-09-11 09:50:00+00:00,948.3,963.25,939.35,963.25,1365.0,4538.0,NIFTY,2026-09-15,24400.0,PE,3
2026-09-11 09:55:00+00:00,972.0,979.25,962.4,965.3,910.0,4521.0,NIFTY,2026-09-15,24400.0,PE,3
2026-09-11 10:00:00+00:00,969.95,971.75,952.0,952.0,5395.0,4513.0,NIFTY,2026-09-15,24400.0,PE,3
2026-09-11 10:05:00+00:00,955.0,955.0,939.6,939.6,3445.0,5807.0,NIFTY,2026-09-15,24400.0,PE,3
2026-09-15 03:45:00+00:00,881.0,915.0,878.65,905.4,6825.0,5619.0,NIFTY,2026-09-15,24400.0,PE,3
2026-09-15 03:50:00+00:00,905.15,924.0,903.65,924.0,9555.0,6849.0,NIFTY,2026-09-15,24400.0,PE,3
2026-09-15 03:55:00+00:00,934.2,945.0,932.0,939.0,8060.0,6594.0,NIFTY,2026-09-15,24400.0,PE,3
2026-09-15 04:00:00+00:00,937.4,946.95,935.0,940.0,8190.0,6223.0,NIFTY,2026-09-15,24400.0,PE,3
2026-09-15 04:05:00+00:00,935.0,952.95,934.85,944.85,2145.0,4796.0,NIFTY,2026-09-15,24400.0,PE,3
2026-09-15 04:10:00+00:00,940.75,948.85,936.2,946.85,2405.0,4756.0,NIFTY,2026-09-15,24400.0,PE,3
2026-09-15 04:15:00+00:00,958.0,960.85,954.05,960.85,650.0,1171.0,NIFTY,2026-09-15,24400.0,PE,3
2026-09-15 04:20:00+00:00,983.25,987.65,975.6,987.65,1105.0,5846.0,NIFTY,2026-09-15,24400.0,PE,3
2026-09-15 04:25:00+00:00,1016.2,1023.45,1007.3,1010.4,3640.0,3482.0,NIFTY,2026-09-15,24400.0,PE,3
2026-09-15 04:30:00+00:00,1012.6,1019.35,1010.0,1018.3,1430.0,4592.0,NIFTY,2026-09-15,24400.0,PE,3
2026-09-15 04:35:00+00:00,1008.1,1015.6,1008.1,1010.85,1885.0,2280.0,NIFTY,2026-09-15,24400.0,PE,3
2026-09-15 04:40:00+00:00,1021.1,1021.1,1000.0,1004.45,1040.0,2265.0,NIFTY,2026-09-15,24400.0,PE,3
2026-09-15 04:45:00+00:00,1016.0,1020.4,1007.55,1008.7,650.0,3385.0,NIFTY,2026-09-15,24400.0,PE,3
2026-09-15 04:50:00+00:00,1020.0,1020.0,1020.0,1020.0,845.0,1125.0,NIFTY,2026-09-15,24400.0,PE,3
2026-09-15 04:55:00+00:00,1015.0,1027.45,1013.5,1027.45,1170.0,1115.0,NIFTY,2026-09-15,24400.0,PE,3
2026-09-15 05:00:00+00:00,1040.0,1040.0,1029.45,1031.15,1690.0,2226.0,NIFTY,2026-09-15,24400.0,PE,3
2026-09-15 05:05:00+00:00,1025.85,1033.9,1025.0,1028.0,2860.0,2194.0,NIFTY,2026-09-15,24400.0,PE,3
2026-09-15 05:10:00+00:00,1028.75,1044.35,1028.75,1044.0,3900.0,3213.0,NIFTY,2026-09-15,24400.0,PE,3
2026-09-15 05:15:00+00:00,1046.0,1057.0,1046.0,1056.0,6240.0,5291.0,NIFTY,2026-09-15,24400.0,PE,3
2026-09-15 05:20:00+00:00,1050.0,1066.15,1050.0,1060.0,390.0,3116.0,NIFTY,2026-09-15,24400.0,PE,3
2026-09-15 05:25:00+00:00,1067.75,1067.75,1065.65,1065.65,455.0,1036.0,NIFTY,2026-09-15,24400.0,PE,3
2026-09-15 05:30:00+00:00,1059.25,1060.8,1044.9,1046.0,1495.0,3090.0,NIFTY,2026-09-15,24400.0,PE,3
2026-09-15 05:35:00+00:00,1050.15,1061.05,1050.15,1061.05,2275.0,3064.0,NIFTY,2026-09-15,24400.0,PE,3
2026-09-15 05:40:00+00:00,1070.0,1070.0,1051.25,1051.25,1560.0,3001.0,NIFTY,2026-09-15,24400.0,PE,3
2026-09-15 05:45:00+00:00,1069.3,1069.3,1069.3,1069.3,130.0,,NIFTY,2026-09-15,24400.0,PE,3
2026-09-15 05:50:00+00:00,1063.8,1068.5,1063.8,1068.5,260.0,,NIFTY,2026-09-15,24400.0,PE,3
2026-09-15 05:55:00+00:00,1069.05,1069.05,1069.05,1069.05,65.0,995.0,NIFTY,2026-09-15,24400.0,PE,3
2026-09-15 06:00:00+00:00,1069.0,1069.0,1069.0,1069.0,130.0,,NIFTY,2026-09-15,24400.0,PE,3
2026-09-15 06:15:00+00:00,1056.85,1056.85,1056.85,1056.85,65.0,995.0,NIFTY,2026-09-15,24400.0,PE,3
2026-09-15 06:25:00+00:00,1060.5,1060.5,1060.35,1060.35,325.0,994.0,NIFTY,2026-09-15,24400.0,PE,3
2026-09-15 06:30:00+00:00,1057.5,1057.5,1048.9,1050.2,585.0,2975.0,NIFTY,2026-09-15,24400.0,PE,3
2026-09-15 06:35:00+00:00,1043.65,1059.8,1043.65,1059.8,195.0,1977.0,NIFTY,2026-09-15,24400.0,PE,3
2026-09-15 06:40:00+00:00,1056.0,1061.8,1056.0,1061.8,260.0,,NIFTY,2026-09-15,24400.0,PE,3
2026-09-15 06:45:00+00:00,1061.8,1061.8,1061.8,1061.8,260.0,988.0,NIFTY,2026-09-15,24400.0,PE,3
2026-09-15 06:50:00+00:00,1067.55,1070.8,1061.25,1070.8,1430.0,982.0,NIFTY,2026-09-15,24400.0,PE,3
2026-09-15 06:55:00+00:00,1066.75,1066.75,1057.0,1057.0,260.0,982.0,NIFTY,2026-09-15,24400.0,PE,3
2026-09-15 07:00:00+00:00,1063.5,1082.35,1063.5,1082.35,260.0,981.0,NIFTY,2026-09-15,24400.0,PE,3
2026-09-15 07:10:00+00:00,1075.0,1076.0,1075.0,1075.4,520.0,1959.0,NIFTY,2026-09-15,24400.0,PE,3
2026-09-15 07:15:00+00:00,1078.0,1078.0,1078.0,1078.0,65.0,980.0,NIFTY,2026-09-15,24400.0,PE,3
2026-09-15 07:20:00+00:00,1060.0,1060.0,1060.0,1060.0,65.0,979.0,NIFTY,2026-09-15,24400.0,PE,3
2026-09-15 07:25:00+00:00,1088.3,1089.45,1088.3,1089.45,195.0,978.0,NIFTY,2026-09-15,24400.0,PE,3
2026-09-15 07:30:00+00:00,1088.15,1089.35,1088.15,1089.35,325.0,978.0,NIFTY,2026-09-15,24400.0,PE,3
2026-09-15 07:35:00+00:00,1092.05,1092.05,1092.05,1092.05,65.0,976.0,NIFTY,2026-09-15,24400.0,PE,3
2026-09-15 07:40:00+00:00,1092.8,1107.75,1092.4,1105.3,1105.0,1937.0,NIFTY,2026-09-15,24400.0,PE,3
2026-09-15 07:45:00+00:00,1104.0,1104.0,1104.0,1104.0,325.0,,NIFTY,2026-09-15,24400.0,PE,3
2026-09-15 07:50:00+00:00,1108.0,1119.55,1105.45,1114.1,1625.0,1934.0,NIFTY,2026-09-15,24400.0,PE,3
2026-09-15 07:55:00+00:00,1110.0,1110.0,1110.0,1110.0,65.0,,NIFTY,2026-09-15,24400.0,PE,3
2026-09-15 08:00:00+00:00,1134.75,1134.75,1128.65,1129.45,325.0,,NIFTY,2026-09-15,24400.0,PE,3
2026-09-15 08:05:00+00:00,1127.85,1127.85,1127.85,1127.85,520.0,,NIFTY,2026-09-15,24400.0,PE,3
2026-09-15 08:10:00+00:00,1142.65,1142.65,1134.25,1134.25,390.0,965.0,NIFTY,2026-09-15,24400.0,PE,3
2026-09-15 08:15:00+00:00,1135.85,1135.85,1130.0,1130.0,260.0,963.0,NIFTY,2026-09-15,24400.0,PE,3
2026-09-15 08:20:00+00:00,1123.6,1128.4,1123.6,1125.0,1365.0,952.0,NIFTY,2026-09-15,24400.0,PE,3
2026-09-15 08:25:00+00:00,1128.0,1128.0,1125.0,1125.0,325.0,951.0,NIFTY,2026-09-15,24400.0,PE,3
2026-09-15 08:30:00+00:00,1128.0,1128.0,1126.85,1126.85,130.0,,NIFTY,2026-09-15,24400.0,PE,3
2026-09-15 08:35:00+00:00,1131.55,1131.55,1130.55,1130.55,585.0,,NIFTY,2026-09-15,24400.0,PE,3
2026-09-15 08:40:00+00:00,1161.0,1167.35,1161.0,1167.0,1235.0,950.0,NIFTY,2026-09-15,24400.0,PE,3
2026-09-15 08:45:00+00:00,1174.7,1195.3,1173.05,1189.0,4745.0,2847.0,NIFTY,2026-09-15,24400.0,PE,3
2026-09-15 08:50:00+00:00,1194.0,1194.0,1187.0,1190.35,2080.0,,NIFTY,2026-09-15,24400.0,PE,3
2026-09-15 09:00:00+00:00,1193.0,1193.0,1187.0,1187.0,195.0,,NIFTY,2026-09-15,24400.0,PE,3
2026-09-15 09:05:00+00:00,1188.0,1188.0,1180.0,1180.0,1170.0,943.0,NIFTY,2026-09-15,24400.0,PE,3
2026-09-15 09:10:00+00:00,1184.0,1185.0,1170.0,1185.0,2405.0,1875.0,NIFTY,2026-09-15,24400.0,PE,3
2026-09-15 09:15:00+00:00,1187.2,1237.8,1185.0,1237.8,1755.0,2800.0,NIFTY,2026-09-15,24400.0,PE,3
2026-09-15 09:20:00+00:00,1230.0,1230.0,1211.7,1215.0,2795.0,1859.0,NIFTY,2026-09-15,24400.0,PE,3
2026-09-15 09:25:00+00:00,1218.0,1222.35,1210.0,1222.35,2145.0,2778.0,NIFTY,2026-09-15,24400.0,PE,3
2026-09-15 09:30:00+00:00,1217.35,1220.0,1203.1,1203.1,21970.0,1842.0,NIFTY,2026-09-15,24400.0,PE,3
2026-09-15 09:35:00+00:00,1215.2,1215.65,1203.15,1207.75,390.0,919.0,NIFTY,2026-09-15,24400.0,PE,3
2026-09-15 09:40:00+00:00,1210.0,1210.0,1198.35,1204.7,3640.0,2752.0,NIFTY,2026-09-15,24400.0,PE,3
2026-09-15 09:45:00+00:00,1200.0,1217.95,1151.15,1151.15,7735.0,4520.0,NIFTY,2026-09-15,24400.0,PE,3
2026-09-15 09:50:00+00:00,1190.0,1287.95,1145.95,1261.2,6110.0,1797.0,NIFTY,2026-09-15,24400.0,PE,3
2026-09-15 09:55:00+00:00,1287.0,1287.0,1270.7,1283.0,2145.0,1777.0,NIFTY,2026-09-15,24400.0,PE,3
2026-09-15 10:00:00+00:00,1284.0,1284.0,1282.5,1284.0,1625.0,886.0,NIFTY,2026-09-15,24400.0,PE,3
2026-09-15 10:05:00+00:00,1284.0,1284.0,1284.0,1284.0,650.0,,NIFTY,2026-09-15,24400.0,PE,3
