timestamp,open,high,low,close,volume,oi,underlying,expiry,strike,option_type,itm_rank
2026-08-24 03:45:00+00:00,335.0,335.0,329.1,329.1,7670.0,82100.0,NIFTY,2026-12-29,25500.0,CE,
2026-08-24 03:50:00+00:00,330.7,330.9,328.75,330.2,7605.0,109673.0,NIFTY,2026-12-29,25500.0,CE,
2026-08-24 03:55:00+00:00,329.8,330.4,326.4,326.4,1170.0,54884.0,NIFTY,2026-12-29,25500.0,CE,
2026-08-24 04:00:00+00:00,326.0,326.0,322.6,323.4,1365.0,27421.0,NIFTY,2026-12-29,25500.0,CE,
2026-08-24 04:05:00+00:00,323.05,323.4,320.6,321.7,1755.0,45686.0,NIFTY,2026-12-29,25500.0,CE,
2026-08-24 04:10:00+00:00,322.2,322.5,320.45,321.0,390.0,27420.0,NIFTY,2026-12-29,25500.0,CE,
2026-08-24 04:15:00+00:00,321.1,322.5,320.7,320.7,2145.0,45755.0,NIFTY,2026-12-29,25500.0,CE,
2026-08-24 04:20:00+00:00,322.45,322.5,320.1,320.1,650.0,27464.0,NIFTY,2026-12-29,25500.0,CE,
2026-08-24 04:25:00+00:00,320.1,321.0,320.0,320.0,1300.0,45787.0,NIFTY,2026-12-29,25500.0,CE,
2026-08-24 04:30:00+00:00,320.05,320.6,320.0,320.6,455.0,36641.0,NIFTY,2026-12-29,25500.0,CE,
2026-08-24 04:35:00+00:00,321.0,321.5,319.5,320.0,2470.0,36662.0,NIFTY,2026-12-29,25500.0,CE,
2026-08-24 04:40:00+00:00,320.05,320.05,319.0,319.75,1170.0,18361.0,NIFTY,2026-12-29,25500.0,CE,
2026-08-24 04:45:00+00:00,319.55,321.5,319.55,321.5,1560.0,36741.0,NIFTY,2026-12-29,25500.0,CE,
2026-08-24 04:50:00+00:00,321.15,322.75,318.0,319.7,13650.0,36868.0,NIFTY,2026-12-29,25500.0,CE,
2026-08-24 04:55:00+00:00,319.95,320.0,317.1,318.0,3575.0,37165.0,NIFTY,2026-12-29,25500.0,CE,
2026-08-24 05:00:00+00:00,318.35,320.25,318.35,320.25,3835.0,27923.0,NIFTY,2026-12-29,25500.0,CE,
2026-08-24 05:05:00+00:00,320.0,320.05,319.85,319.85,650.0,27842.0,NIFTY,2026-12-29,25500.0,CE,
2026-08-24 05:10:00+00:00,319.65,320.35,319.45,320.25,715.0,27827.0,NIFTY,2026-12-29,25500.0,CE,
2026-08-24 05:15:00+00:00,318.4,319.85,318.05,318.05,390.0,37090.0,NIFTY,2026-12-29,25500.0,CE,
2026-08-24 05:20:00+00:00,318.05,318.05,315.5,316.05,585.0,27822.0,NIFTY,2026-12-29,25500.0,CE,
2026-08-24 05:25:00+00:00,317.0,317.45,311.75,311.75,1820.0,55642.0,NIFTY,2026-12-29,25500.0,CE,
2026-08-24 05:30:00+00:00,313.0,314.05,307.6,307.6,2015.0,37034.0,NIFTY,2026-12-29,25500.0,CE,
2026-08-24 05:35:00+00:00,308.9,308.9,305.15,305.55,5850.0,36960.0,NIFTY,2026-12-29,25500.0,CE,
2026-08-24 05:40:00+00:00,306.35,306.35,302.9,302.9,6370.0,46007.0,NIFTY,2026-12-29,25500.0,CE,
2026-08-24 05:45:00+00:00,302.0,303.0,302.0,302.0,8190.0,27637.0,NIFTY,2026-12-29,25500.0,CE,
2026-08-24 05:50:00+00:00,302.25,303.0,301.0,301.1,3640.0,46282.0,NIFTY,2026-12-29,25500.0,CE,
2026-08-24 05:55:00+00:00,301.9,301.9,298.9,299.05,3445.0,27815.0,NIFTY,2026-12-29,25500.0,CE,
2026-08-24 06:00:00+00:00,299.0,299.0,293.3,293.3,2665.0,37098.0,NIFTY,2026-12-29,25500.0,CE,
2026-08-24 06:05:00+00:00,293.2,294.25,291.8,294.25,8515.0,46454.0,NIFTY,2026-12-29,25500.0,CE,
2026-08-24 06:10:00+00:00,293.55,294.95,293.5,293.5,6305.0,37298.0,NIFTY,2026-12-29,25500.0,CE,
2026-08-24 06:15:00+00:00,293.6,297.35,293.5,296.9,7410.0,46653.0,NIFTY,2026-12-29,25500.0,CE,
2026-08-24 06:20:00+00:00,296.5,296.8,294.0,294.1,2145.0,46668.0,NIFTY,2026-12-29,25500.0,CE,
2026-08-24 06:25:00+00:00,292.0,294.7,290.65,292.7,4810.0,37390.0,NIFTY,2026-12-29,25500.0,CE,
2026-08-24 06:30:00+00:00,292.9,294.45,291.4,294.25,2080.0,56210.0,NIFTY,2026-12-29,25500.0,CE,
2026-08-24 06:35:00+00:00,294.6,294.95,294.0,294.95,715.0,18749.0,NIFTY,2026-12-29,25500.0,CE,
2026-08-24 06:40:00+00:00,297.45,297.45,295.55,295.85,1300.0,18750.0,NIFTY,2026-12-29,25500.0,CE,
2026-08-24 06:45:00+00:00,295.45,297.3,294.0,295.05,3055.0,37545.0,NIFTY,2026-12-29,25500.0,CE,
2026-08-24 06:50:00+00:00,295.45,298.0,295.45,297.85,2405.0,28171.0,NIFTY,2026-12-29,25500.0,CE,
2026-08-24 06:55:00+00:00,297.8,298.5,295.6,295.6,2275.0,46877.0,NIFTY,2026-12-29,25500.0,CE,
2026-08-24 07:00:00+00:00,295.65,296.7,295.0,295.1,1040.0,18748.0,NIFTY,2026-12-29,25500.0,CE,
2026-08-24 07:05:00+00:00,296.8,298.05,295.8,295.8,975.0,37500.0,NIFTY,2026-12-29,25500.0,CE,
2026-08-24 07:10:00+00:00,295.45,296.3,295.0,296.0,1300.0,9376.0,NIFTY,2026-12-29,25500.0,CE,
2026-08-24 07:15:00+00:00,296.95,296.95,295.0,296.2,845.0,18753.0,NIFTY,2026-12-29,25500.0,CE,
2026-08-24 07:20:00+00:00,295.9,296.95,295.25,295.25,1885.0,28132.0,NIFTY,2026-12-29,25500.0,CE,
2026-08-24 07:25:00+00:00,297.0,297.5,296.2,296.65,1885.0,46865.0,NIFTY,2026-12-29,25500.0,CE,
2026-08-24 07:30:00+00:00,296.6,296.65,294.0,294.45,9360.0,46821.0,NIFTY,2026-12-29,25500.0,CE,
2026-08-24 07:35:00+00:00,294.15,297.8,292.5,295.7,20995.0,46461.0,NIFTY,2026-12-29,25500.0,CE,
2026-08-24 07:40:00+00:00,294.65,296.4,293.8,294.0,2795.0,46041.0,NIFTY,2026-12-29,25500.0,CE,
2026-08-24 07:45:00+00:00,293.65,294.85,291.9,293.6,6435.0,46297.0,NIFTY,2026-12-29,25500.0,CE,
2026-08-24 07:50:00+00:00,294.2,295.85,293.85,294.55,650.0,37100.0,NIFTY,2026-12-29,25500.0,CE,
2026-08-24 07:55:00+00:00,294.4,295.85,294.4,295.85,585.0,18554.0,NIFTY,2026-12-29,25500.0,CE,
2026-08-24 08:00:00+00:00,296.3,296.5,292.95,294.2,1950.0,37083.0,NIFTY,2026-12-29,25500.0,CE,
2026-08-24 08:05:00+00:00,294.2,296.65,294.2,295.05,5265.0,27766.0,NIFTY,2026-12-29,25500.0,CE,
2026-08-24 08:10:00+00:00,294.6,294.95,293.05,293.35,6695.0,37132.0,NIFTY,2026-12-29,25500.0,CE,
2026-08-24 08:15:00+00:00,293.0,294.4,292.5,293.5,6305.0,46505.0,NIFTY,2026-12-29,25500.0,CE,
2026-08-24 08:20:00+00:00,293.1,293.75,291.0,291.0,4030.0,37272.0,NIFTY,2026-12-29,25500.0,CE,
2026-08-24 08:25:00+00:00,290.0,291.6,290.0,290.9,6175.0,37352.0,NIFTY,2026-12-29,25500.0,CE,
2026-08-24 08:30:00+00:00,291.5,292.0,290.9,292.0,1560.0,28036.0,NIFTY,2026-12-29,25500.0,CE,
2026-08-24 08:35:00+00:00,291.95,292.0,291.95,292.0,845.0,9351.0,NIFTY,2026-12-29,25500.0,CE,
2026-08-24 08:40:00+00:00,291.7,292.65,290.25,291.65,1820.0,46759.0,NIFTY,2026-12-29,25500.0,CE,
2026-08-24 08:45:00+00:00,290.05,291.0,290.0,291.0,6045.0,37383.0,NIFTY,2026-12-29,25500.0,CE,
2026-08-24 08:50:00+00:00,290.95,292.5,290.6,291.55,4745.0,46781.0,NIFTY,2026-12-29,25500.0,CE,
2026-08-24 08:55:00+00:00,291.45,292.7,291.45,292.7,1235.0,18711.0,NIFTY,2026-12-29,25500.0,CE,
2026-08-24 09:00:00+00:00,293.3,296.7,293.3,294.85,1560.0,18719.0,NIFTY,2026-12-29,25500.0,CE,
2026-08-24 09:05:00+00:00,296.0,296.95,296.0,296.2,1300.0,9358.0,NIFTY,2026-12-29,25500.0,CE,
2026-08-24 09:10:00+00:00,296.05,296.95,293.0,296.65,2795.0,37432.0,NIFTY,2026-12-29,25500.0,CE,
2026-08-24 09:15:00+00:00,295.5,297.2,294.75,294.75,1950.0,28095.0,NIFTY,2026-12-29,25500.0,CE,
2026-08-24 09:20:00+00:00,296.75,296.75,294.95,294.95,975.0,18721.0,NIFTY,2026-12-29,25500.0,CE,
2026-08-24 09:25:00+00:00,296.1,296.95,295.65,296.9,520.0,28069.0,NIFTY,2026-12-29,25500.0,CE,
2026-08-24 09:30:00+00:00,295.45,296.55,295.45,296.55,455.0,18710.0,NIFTY,2026-12-29,25500.0,CE,
2026-08-24 09:35:00+00:00,295.0,295.55,294.0,294.0,3055.0,28032.0,NIFTY,2026-12-29,25500.0,CE,
2026-08-24 09:40:00+00:00,294.05,295.05,293.7,293.8,2145.0,37379.0,NIFTY,2026-12-29,25500.0,CE,
2026-08-24 09:45:00+00:00,293.85,296.0,293.85,294.0,1430.0,46743.0,NIFTY,2026-12-29,25500.0,CE,
2026-08-24 09:50:00+00:00,294.9,296.0,294.15,296.0,10595.0,28098.0,NIFTY,2026-12-29,25500.0,CE,
2026-08-24 09:55:00+00:00,294.1,296.0,294.1,296.0,10075.0,37484.0,NIFTY,2026-12-29,25500.0,CE,
2026-08-24 10:00:00+00:00,295.0,295.95,294.05,294.9,3770.0,37458.0,NIFTY,2026-12-29,25500.0,CE,
2026-08-24 10:05:00+00:00,294.95,294.95,293.15,294.75,3575.0,46784.0,NIFTY,2026-12-29,25500.0,CE,
2026-08-25 03:45:00+00:00,295.2,295.2,278.3,290.7,21710.0,46625.0,NIFTY,2026-12-29,25500.0,CE,
2026-08-25 03:50:00+00:00,289.9,297.1,289.9,295.05,5330.0,37509.0,NIFTY,2026-12-29,25500.0,CE,
2026-08-25 03:55:00+00:00,292.2,295.7,292.0,295.7,3120.0,56360.0,NIFTY,2026-12-29,25500.0,CE,
2026-08-25 04:00:00+00:00,294.65,296.25,293.4,296.25,3315.0,47023.0,NIFTY,2026-12-29,25500.0,CE,
2026-08-25 04:05:00+00:00,295.2,295.95,290.5,290.5,1170.0,28232.0,NIFTY,2026-12-29,25500.0,CE,
2026-08-25 04:10:00+00:00,290.3,290.3,284.5,285.55,4225.0,28252.0,NIFTY,2026-12-29,25500.0,CE,
2026-08-25 04:15:00+00:00,285.65,288.8,284.7,286.0,1625.0,47163.0,NIFTY,2026-12-29,25500.0,CE,
2026-08-25 04:20:00+00:00,285.9,286.4,281.3,283.0,3185.0,47210.0,NIFTY,2026-12-29,25500.0,CE,
2026-08-25 04:25:00+00:00,281.45,283.0,281.4,282.0,1755.0,37813.0,NIFTY,2026-12-29,25500.0,CE,
2026-08-25 04:30:00+00:00,281.5,282.0,279.35,281.0,2340.0,37820.0,NIFTY,2026-12-29,25500.0,CE,
2026-08-25 04:35:00+00:00,283.8,283.8,280.2,281.8,1495.0,37834.0,NIFTY,2026-12-29,25500.0,CE,
2026-08-25 04:40:00+00:00,281.8,282.2,281.4,281.95,455.0,75673.0,NIFTY,2026-12-29,25500.0,CE,
2026-08-25 04:45:00+00:00,281.5,281.55,279.9,280.25,11310.0,151967.0,NIFTY,2026-12-29,25500.0,CE,
2026-08-25 04:50:00+00:00,280.95,280.95,276.75,279.0,7865.0,190044.0,NIFTY,2026-12-29,25500.0,CE,
2026-08-25 04:55:00+00:00,279.0,279.25,278.9,279.0,1300.0,151717.0,NIFTY,2026-12-29,25500.0,CE,
2026-08-25 05:00:00+00:00,279.95,280.5,279.0,280.0,3185.0,189945.0,NIFTY,2026-12-29,25500.0,CE,
2026-08-25 05:05:00+00:00,279.7,280.8,279.0,280.8,1040.0,152102.0,NIFTY,2026-12-29,25500.0,CE,
2026-08-25 05:10:00+00:00,280.8,281.9,279.0,281.9,910.0,152131.0,NIFTY,2026-12-29,25500.0,CE,
2026-08-25 05:15:00+00:00,282.0,283.25,282.0,283.25,3055.0,85445.0,NIFTY,2026-12-29,25500.0,CE,
2026-08-25 05:20:00+00:00,285.8,285.85,283.7,283.7,975.0,37984.0,NIFTY,2026-12-29,25500.0,CE,
2026-08-25 05:25:00+00:00,282.7,283.65,279.9,279.9,845.0,28500.0,NIFTY,2026-12-29,25500.0,CE,
2026-08-25 05:30:00+00:00,282.0,283.0,279.8,280.0,3055.0,37948.0,NIFTY,2026-12-29,25500.0,CE,
2026-08-25 05:35:00+00:00,281.0,282.0,279.65,280.0,3900.0,28480.0,NIFTY,2026-12-29,25500.0,CE,
2026-08-25 05:40:00+00:00,280.3,281.0,278.8,281.0,2860.0,38054.0,NIFTY,2026-12-29,25500.0,CE,
2026-08-25 05:45:00+00:00,282.15,283.0,282.15,282.6,845.0,28583.0,NIFTY,2026-12-29,25500.0,CE,
2026-08-25 05:50:00+00:00,283.05,283.6,283.05,283.6,585.0,19061.0,NIFTY,2026-12-29,25500.0,CE,
2026-08-25 05:55:00+00:00,284.9,285.5,283.85,283.85,585.0,9534.0,NIFTY,2026-12-29,25500.0,CE,
2026-08-25 06:00:00+00:00,284.4,285.05,282.55,283.6,520.0,19070.0,NIFTY,2026-12-29,25500.0,CE,
2026-08-25 06:05:00+00:00,282.8,284.8,282.8,284.8,325.0,9535.0,NIFTY,2026-12-29,25500.0,CE,
2026-08-25 06:10:00+00:00,284.1,284.1,284.1,284.1,65.0,9537.0,NIFTY,2026-12-29,25500.0,CE,
2026-08-25 06:15:00+00:00,283.8,284.4,281.35,281.35,2080.0,9536.0,NIFTY,2026-12-29,25500.0,CE,
2026-08-25 06:20:00+00:00,283.2,285.0,283.2,285.0,4615.0,28668.0,NIFTY,2026-12-29,25500.0,CE,
2026-08-25 06:25:00+00:00,287.0,293.45,287.0,291.25,3770.0,38381.0,NIFTY,2026-12-29,25500.0,CE,
2026-08-25 06:30:00+00:00,289.0,290.75,288.75,290.7,390.0,9594.0,NIFTY,2026-12-29,25500.0,CE,
2026-08-25 06:35:00+00:00,288.0,288.0,288.0,288.0,845.0,19195.0,NIFTY,2026-12-29,25500.0,CE,
2026-08-25 06:40:00+00:00,287.25,288.45,286.45,287.85,2210.0,76893.0,NIFTY,2026-12-29,25500.0,CE,
2026-08-25 06:45:00+00:00,288.0,288.15,288.0,288.0,455.0,38450.0,NIFTY,2026-12-29,25500.0,CE,
2026-08-25 06:50:00+00:00,287.35,288.2,287.0,287.55,390.0,19227.0,NIFTY,2026-12-29,25500.0,CE,
2026-08-25 06:55:00+00:00,287.5,287.85,286.0,286.0,2275.0,38421.0,NIFTY,2026-12-29,25500.0,CE,
2026-08-25 07:00:00+00:00,287.45,287.45,286.55,286.55,390.0,19194.0,NIFTY,2026-12-29,25500.0,CE,
2026-08-25 07:05:00+00:00,286.55,286.55,286.55,286.55,1430.0,19195.0,NIFTY,2026-12-29,25500.0,CE,
2026-08-25 07:10:00+00:00,286.95,286.95,283.6,283.6,2405.0,57504.0,NIFTY,2026-12-29,25500.0,CE,
2026-08-25 07:15:00+00:00,284.5,285.0,283.3,285.0,910.0,57483.0,NIFTY,2026-12-29,25500.0,CE,
2026-08-25 07:20:00+00:00,284.95,284.95,282.65,283.1,390.0,28746.0,NIFTY,2026-12-29,25500.0,CE,
2026-08-25 07:25:00+00:00,283.5,283.5,282.5,282.5,260.0,9581.0,NIFTY,2026-12-29,25500.0,CE,
2026-08-25 07:30:00+00:00,281.0,281.85,280.0,280.0,1040.0,47902.0,NIFTY,2026-12-29,25500.0,CE,
2026-08-25 07:35:00+00:00,280.9,281.0,279.05,280.0,975.0,38328.0,NIFTY,2026-12-29,25500.0,CE,
2026-08-25 07:40:00+00:00,280.15,280.15,278.0,278.0,1430.0,28763.0,NIFTY,2026-12-29,25500.0,CE,
2026-08-25 07:45:00+00:00,278.0,278.9,276.9,277.95,5460.0,38403.0,NIFTY,2026-12-29,25500.0,CE,
2026-08-25 07:50:00+00:00,278.0,278.0,276.15,276.2,1690.0,19271.0,NIFTY,2026-12-29,25500.0,CE,
2026-08-25 07:55:00+00:00,278.35,278.95,277.05,278.95,4810.0,38528.0,NIFTY,2026-12-29,25500.0,CE,
2026-08-25 08:00:00+00:00,279.0,279.0,278.2,278.2,390.0,19200.0,NIFTY,2026-12-29,25500.0,CE,
2026-08-25 08:05:00+00:00,279.0,279.35,277.45,279.35,2275.0,28835.0,NIFTY,2026-12-29,25500.0,CE,
2026-08-25 08:10:00+00:00,279.35,279.35,277.55,277.55,390.0,19244.0,NIFTY,2026-12-29,25500.0,CE,
2026-08-25 08:20:00+00:00,277.5,286.6,277.5,286.6,17485.0,48204.0,NIFTY,2026-12-29,25500.0,CE,
2026-08-25 08:25:00+00:00,283.75,284.25,281.65,281.65,2015.0,38624.0,NIFTY,2026-12-29,25500.0,CE,
2026-08-25 08:30:00+00:00,281.15,281.15,279.95,281.0,2925.0,48317.0,NIFTY,2026-12-29,25500.0,CE,
2026-08-25 08:35:00+00:00,281.0,282.65,280.65,281.0,845.0,38734.0,NIFTY,2026-12-29,25500.0,CE,
2026-08-25 08:40:00+00:00,281.45,283.7,281.45,283.7,390.0,9684.0,NIFTY,2026-12-29,25500.0,CE,
2026-08-25 08:45:00+00:00,281.9,281.9,281.9,281.9,65.0,9683.0,NIFTY,2026-12-29,25500.0,CE,
2026-08-25 08:50:00+00:00,286.0,286.45,285.45,286.45,910.0,29050.0,NIFTY,2026-12-29,25500.0,CE,
2026-08-25 08:55:00+00:00,288.7,291.8,287.65,290.15,1625.0,19363.0,NIFTY,2026-12-29,25500.0,CE,
2026-08-25 09:00:00+00:00,289.9,300.45,289.9,299.25,5785.0,48448.0,NIFTY,2026-12-29,25500.0,CE,
2026-08-25 09:05:00+00:00,298.8,301.7,297.0,299.0,4745.0,58154.0,NIFTY,2026-12-29,25500.0,CE,
2026-08-25 09:10:00+00:00,300.0,303.0,300.0,303.0,1560.0,29124.0,NIFTY,2026-12-29,25500.0,CE,
2026-08-25 09:15:00+00:00,303.2,308.5,300.8,308.5,3445.0,38854.0,NIFTY,2026-12-29,25500.0,CE,
2026-08-25 09:20:00+00:00,307.15,313.5,307.0,310.3,2730.0,38875.0,NIFTY,2026-12-29,25500.0,CE,
2026-08-25 09:25:00+00:00,311.1,312.55,309.5,312.05,10855.0,38875.0,NIFTY,2026-12-29,25500.0,CE,
2026-08-25 09:30:00+00:00,310.3,314.95,308.95,314.0,4030.0,48515.0,NIFTY,2026-12-29,25500.0,CE,
2026-08-25 09:35:00+00:00,314.2,314.2,310.7,313.0,975.0,29089.0,NIFTY,2026-12-29,25500.0,CE,
2026-08-25 09:40:00+00:00,314.95,318.6,314.0,316.45,9880.0,28984.0,NIFTY,2026-12-29,25500.0,CE,
2026-08-25 09:45:00+00:00,316.7,320.0,315.1,319.95,6045.0,48067.0,NIFTY,2026-12-29,25500.0,CE,
2026-08-25 09:50:00+00:00,319.25,320.6,319.15,320.6,1755.0,28789.0,NIFTY,2026-12-29,25500.0,CE,
2026-08-25 09:55:00+00:00,320.0,322.0,317.7,322.0,4875.0,38435.0,NIFTY,2026-12-29,25500.0,CE,
2026-08-25 10:00:00+00:00,323.8,326.5,316.8,326.5,3575.0,38531.0,NIFTY,2026-12-29,25500.0,CE,
2026-08-25 10:05:00+00:00,325.85,329.0,325.15,329.0,4875.0,48163.0,NIFTY,2026-12-29,25500.0,CE,
2026-08-25 10:10:00+00:00,329.0,329.0,329.0,329.0,65.0,,NIFTY,2026-12-29,25500.0,CE,
2026-08-26 03:45:00+00:00,331.85,334.0,329.0,330.0,7605.0,38426.0,NIFTY,2026-12-29,25500.0,CE,
2026-08-26 03:50:00+00:00,332.0,338.9,332.0,338.9,10010.0,38558.0,NIFTY,2026-12-29,25500.0,CE,
2026-08-26 03:55:00+00:00,337.0,339.05,336.5,337.3,8580.0,38628.0,NIFTY,2026-12-29,25500.0,CE,
2026-08-26 04:00:00+00:00,337.15,337.5,334.4,334.4,3250.0,38518.0,NIFTY,2026-12-29,25500.0,CE,
2026-08-26 04:05:00+00:00,335.05,339.65,335.05,337.65,2535.0,28869.0,NIFTY,2026-12-29,25500.0,CE,
2026-08-26 04:10:00+00:00,339.45,344.7,339.0,343.7,3835.0,48182.0,NIFTY,2026-12-29,25500.0,CE,
2026-08-26 04:15:00+00:00,345.6,346.4,344.5,344.5,1300.0,48248.0,NIFTY,2026-12-29,25500.0,CE,
2026-08-26 04:20:00+00:00,342.95,345.0,339.15,339.5,1300.0,38585.0,NIFTY,2026-12-29,25500.0,CE,
2026-08-26 04:25:00+00:00,340.05,342.2,339.7,340.0,2535.0,28952.0,NIFTY,2026-12-29,25500.0,CE,
2026-08-26 04:30:00+00:00,340.55,341.0,338.0,339.05,1430.0,38636.0,NIFTY,2026-12-29,25500.0,CE,
2026-08-26 04:35:00+00:00,336.85,336.85,331.95,331.95,2275.0,28984.0,NIFTY,2026-12-29,25500.0,CE,
2026-08-26 04:40:00+00:00,331.7,332.85,328.5,332.85,2080.0,38626.0,NIFTY,2026-12-29,25500.0,CE,
2026-08-26 04:45:00+00:00,331.65,331.65,322.45,322.45,1690.0,38597.0,NIFTY,2026-12-29,25500.0,CE,
2026-08-26 04:50:00+00:00,323.2,323.2,315.2,317.75,5590.0,48245.0,NIFTY,2026-12-29,25500.0,CE,
2026-08-26 04:55:00+00:00,319.95,319.95,317.15,318.75,1560.0,48258.0,NIFTY,2026-12-29,25500.0,CE,
2026-08-26 05:00:00+00:00,319.7,324.8,319.7,322.05,845.0,38628.0,NIFTY,2026-12-29,25500.0,CE,
2026-08-26 05:05:00+00:00,323.0,325.3,323.0,325.3,715.0,38632.0,NIFTY,2026-12-29,25500.0,CE,
2026-08-26 05:10:00+00:00,323.05,325.7,321.85,325.7,1365.0,28975.0,NIFTY,2026-12-29,25500.0,CE,
2026-08-26 05:15:00+00:00,325.0,325.0,322.1,323.1,1170.0,19323.0,NIFTY,2026-12-29,25500.0,CE,
2026-08-26 05:20:00+00:00,322.55,324.15,322.5,323.2,585.0,19327.0,NIFTY,2026-12-29,25500.0,CE,
2026-08-26 05:25:00+00:00,324.95,327.6,324.7,325.55,390.0,19330.0,NIFTY,2026-12-29,25500.0,CE,
2026-08-26 05:30:00+00:00,324.3,326.25,323.0,326.25,325.0,,NIFTY,2026-12-29,25500.0,CE,
2026-08-26 05:35:00+00:00,322.5,324.0,322.5,323.7,6175.0,38670.0,NIFTY,2026-12-29,25500.0,CE,
2026-08-26 05:40:00+00:00,324.25,327.0,323.7,327.0,5785.0,29294.0,NIFTY,2026-12-29,25500.0,CE,
2026-08-26 05:45:00+00:00,326.2,326.2,320.45,320.45,650.0,19545.0,NIFTY,2026-12-29,25500.0,CE,
2026-08-26 05:50:00+00:00,320.0,321.2,317.95,319.55,3705.0,19542.0,NIFTY,2026-12-29,25500.0,CE,
2026-08-26 05:55:00+00:00,319.75,319.75,318.15,319.15,1040.0,19543.0,NIFTY,2026-12-29,25500.0,CE,
2026-08-26 06:00:00+00:00,317.5,319.55,315.45,318.1,1885.0,19555.0,NIFTY,2026-12-29,25500.0,CE,
2026-08-26 06:05:00+00:00,320.5,322.8,320.5,322.8,390.0,,NIFTY,2026-12-29,25500.0,CE,
2026-08-26 06:10:00+00:00,322.4,322.4,321.5,322.0,715.0,9779.0,NIFTY,2026-12-29,25500.0,CE,
2026-08-26 06:15:00+00:00,321.75,321.75,321.75,321.75,65.0,9779.0,NIFTY,2026-12-29,25500.0,CE,
2026-08-26 06:20:00+00:00,319.75,319.75,316.7,317.6,325.0,29337.0,NIFTY,2026-12-29,25500.0,CE,
2026-08-26 06:25:00+00:00,317.5,318.0,315.1,315.1,2210.0,19558.0,NIFTY,2026-12-29,25500.0,CE,
2026-08-26 06:30:00+00:00,315.15,315.35,312.25,314.95,2340.0,29345.0,NIFTY,2026-12-29,25500.0,CE,
2026-08-26 06:35:00+00:00,314.85,315.65,312.0,312.55,3965.0,39155.0,NIFTY,2026-12-29,25500.0,CE,
2026-08-26 06:40:00+00:00,312.4,314.95,311.6,314.95,2860.0,29413.0,NIFTY,2026-12-29,25500.0,CE,
2026-08-26 06:45:00+00:00,314.4,316.35,314.2,316.25,1170.0,39193.0,NIFTY,2026-12-29,25500.0,CE,
2026-08-26 06:50:00+00:00,316.3,316.3,312.85,316.05,3575.0,39171.0,NIFTY,2026-12-29,25500.0,CE,
2026-08-26 06:55:00+00:00,316.0,316.3,313.95,315.8,4355.0,38920.0,NIFTY,2026-12-29,25500.0,CE,
2026-08-26 07:00:00+00:00,313.7,314.0,311.0,312.45,7085.0,38998.0,NIFTY,2026-12-29,25500.0,CE,
2026-08-26 07:05:00+00:00,314.0,315.35,311.9,311.9,780.0,39139.0,NIFTY,2026-12-29,25500.0,CE,
2026-08-26 07:10:00+00:00,312.7,315.2,311.35,315.2,1105.0,19568.0,NIFTY,2026-12-29,25500.0,CE,
2026-08-26 07:15:00+00:00,315.3,315.3,311.75,313.95,910.0,48910.0,NIFTY,2026-12-29,25500.0,CE,
2026-08-26 07:20:00+00:00,313.7,315.45,313.1,315.45,1235.0,9783.0,NIFTY,2026-12-29,25500.0,CE,
2026-08-26 07:25:00+00:00,315.55,317.0,315.1,315.75,6760.0,49037.0,NIFTY,2026-12-29,25500.0,CE,
2026-08-26 07:30:00+00:00,315.8,317.0,314.2,314.7,9750.0,39182.0,NIFTY,2026-12-29,25500.0,CE,
2026-08-26 07:35:00+00:00,316.65,317.95,314.45,314.45,2860.0,48911.0,NIFTY,2026-12-29,25500.0,CE,
2026-08-26 07:40:00+00:00,314.8,317.1,314.35,316.0,1105.0,39092.0,NIFTY,2026-12-29,25500.0,CE,
2026-08-26 07:45:00+00:00,314.95,315.25,311.55,313.65,2925.0,48826.0,NIFTY,2026-12-29,25500.0,CE,
2026-08-26 07:50:00+00:00,313.5,313.55,311.3,312.15,845.0,39089.0,NIFTY,2026-12-29,25500.0,CE,
2026-08-26 07:55:00+00:00,312.15,314.5,311.45,314.5,780.0,39084.0,NIFTY,2026-12-29,25500.0,CE,
2026-08-26 08:00:00+00:00,313.75,314.6,313.3,313.85,390.0,39092.0,NIFTY,2026-12-29,25500.0,CE,
2026-08-26 08:05:00+00:00,315.05,315.05,312.9,313.8,780.0,48879.0,NIFTY,2026-12-29,25500.0,CE,
2026-08-26 08:10:00+00:00,315.35,316.35,314.05,314.1,715.0,29333.0,NIFTY,2026-12-29,25500.0,CE,
2026-08-26 08:15:00+00:00,313.5,314.75,313.1,313.1,845.0,19556.0,NIFTY,2026-12-29,25500.0,CE,
2026-08-26 08:20:00+00:00,314.0,314.9,311.8,313.0,1495.0,19563.0,NIFTY,2026-12-29,25500.0,CE,
2026-08-26 08:25:00+00:00,314.8,314.8,313.2,314.45,520.0,19569.0,NIFTY,2026-12-29,25500.0,CE,
2026-08-26 08:30:00+00:00,314.25,315.4,312.1,314.6,585.0,9785.0,NIFTY,2026-12-29,25500.0,CE,
2026-08-26 08:35:00+00:00,314.65,316.9,312.7,316.9,910.0,39152.0,NIFTY,2026-12-29,25500.0,CE,
2026-08-26 08:40:00+00:00,316.45,318.6,315.7,318.15,1235.0,39165.0,NIFTY,2026-12-29,25500.0,CE,
2026-08-26 08:45:00+00:00,317.0,319.45,316.4,319.25,1690.0,39169.0,NIFTY,2026-12-29,25500.0,CE,
2026-08-26 08:50:00+00:00,319.3,320.0,316.15,316.15,3055.0,49032.0,NIFTY,2026-12-29,25500.0,CE,
2026-08-26 08:55:00+00:00,317.95,318.85,317.25,318.85,715.0,39260.0,NIFTY,2026-12-29,25500.0,CE,
2026-08-26 09:00:00+00:00,318.6,320.65,318.2,318.2,910.0,39263.0,NIFTY,2026-12-29,25500.0,CE,
2026-08-26 09:05:00+00:00,318.85,320.5,318.85,319.4,585.0,29454.0,NIFTY,2026-12-29,25500.0,CE,
2026-08-26 09:10:00+00:00,319.45,320.1,318.65,319.65,650.0,39287.0,NIFTY,2026-12-29,25500.0,CE,
2026-08-26 09:15:00+00:00,320.05,323.0,320.0,323.0,2405.0,29476.0,NIFTY,2026-12-29,25500.0,CE,
2026-08-26 09:20:00+00:00,322.9,323.0,320.5,323.0,780.0,39291.0,NIFTY,2026-12-29,25500.0,CE,
2026-08-26 09:25:00+00:00,323.95,323.95,320.0,321.1,845.0,29480.0,NIFTY,2026-12-29,25500.0,CE,
2026-08-26 09:30:00+00:00,318.85,322.75,317.85,322.75,455.0,19654.0,NIFTY,2026-12-29,25500.0,CE,
2026-08-26 09:35:00+00:00,322.3,322.3,319.55,319.55,715.0,9826.0,NIFTY,2026-12-29,25500.0,CE,
2026-08-26 09:40:00+00:00,318.55,321.45,318.55,320.8,1365.0,39299.0,NIFTY,2026-12-29,25500.0,CE,
2026-08-26 09:45:00+00:00,320.85,321.85,319.0,321.65,910.0,29471.0,NIFTY,2026-12-29,25500.0,CE,
2026-08-26 09:50:00+00:00,321.8,321.8,313.75,313.75,4160.0,49054.0,NIFTY,2026-12-29,25500.0,CE,
2026-08-26 09:55:00+00:00,315.35,316.4,312.05,313.15,1690.0,29403.0,NIFTY,2026-12-29,25500.0,CE,
2026-08-26 10:00:00+00:00,311.1,311.1,306.0,306.75,3965.0,29361.0,NIFTY,2026-12-29,25500.0,CE,
2026-08-26 10:05:00+00:00,307.4,307.6,303.2,307.1,4745.0,48809.0,NIFTY,2026-12-29,25500.0,CE,
2026-08-27 03:45:00+00:00,300.0,310.35,297.55,303.2,4485.0,38893.0,NIFTY,2026-12-29,25500.0,CE,
2026-08-27 03:50:00+00:00,303.0,304.0,298.0,298.0,3445.0,38938.0,NIFTY,2026-12-29,25500.0,CE,
2026-08-27 03:55:00+00:00,299.9,299.9,294.2,294.2,3640.0,38953.0,NIFTY,2026-12-29,25500.0,CE,
2026-08-27 04:00:00+00:00,295.0,297.0,292.35,295.2,4225.0,29219.0,NIFTY,2026-12-29,25500.0,CE,
2026-08-27 04:05:00+00:00,295.85,297.45,292.35,293.55,2405.0,38951.0,NIFTY,2026-12-29,25500.0,CE,
2026-08-27 04:10:00+00:00,293.6,293.9,292.35,293.9,2535.0,38940.0,NIFTY,2026-12-29,25500.0,CE,
2026-08-27 04:15:00+00:00,293.0,298.0,293.0,295.4,11245.0,38855.0,NIFTY,2026-12-29,25500.0,CE,
2026-08-27 04:20:00+00:00,295.0,295.0,293.0,293.1,975.0,48460.0,NIFTY,2026-12-29,25500.0,CE,
2026-08-27 04:25:00+00:00,292.35,293.0,290.0,290.45,1690.0,29079.0,NIFTY,2026-12-29,25500.0,CE,
2026-08-27 04:30:00+00:00,290.0,290.35,286.6,288.95,2275.0,48490.0,NIFTY,2026-12-29,25500.0,CE,
2026-08-27 04:35:00+00:00,287.55,288.5,285.45,288.5,3250.0,38823.0,NIFTY,2026-12-29,25500.0,CE,
2026-08-27 04:40:00+00:00,288.8,289.6,286.0,286.0,2600.0,29144.0,NIFTY,2026-12-29,25500.0,CE,
2026-08-27 04:45:00+00:00,285.3,287.0,285.0,285.15,7215.0,48665.0,NIFTY,2026-12-29,25500.0,CE,
2026-08-27 04:50:00+00:00,285.0,286.15,283.45,283.45,3380.0,9758.0,NIFTY,2026-12-29,25500.0,CE,
2026-08-27 04:55:00+00:00,282.85,284.95,282.85,283.55,4160.0,48829.0,NIFTY,2026-12-29,25500.0,CE,
2026-08-27 05:00:00+00:00,284.0,285.8,284.0,284.45,1430.0,29331.0,NIFTY,2026-12-29,25500.0,CE,
2026-08-27 05:05:00+00:00,284.55,284.55,284.0,284.5,390.0,19565.0,NIFTY,2026-12-29,25500.0,CE,
2026-08-27 05:10:00+00:00,284.95,285.0,276.0,279.5,10140.0,48879.0,NIFTY,2026-12-29,25500.0,CE,
2026-08-27 05:15:00+00:00,280.25,281.0,278.5,279.05,2665.0,49145.0,NIFTY,2026-12-29,25500.0,CE,
2026-08-27 05:20:00+00:00,278.65,278.65,276.05,278.6,1820.0,39319.0,NIFTY,2026-12-29,25500.0,CE,
2026-08-27 05:25:00+00:00,277.05,278.0,276.2,276.4,4355.0,29508.0,NIFTY,2026-12-29,25500.0,CE,
2026-08-27 05:30:00+00:00,276.85,279.65,276.0,279.0,1690.0,39334.0,NIFTY,2026-12-29,25500.0,CE,
2026-08-27 05:35:00+00:00,279.2,280.95,278.7,280.95,1690.0,19680.0,NIFTY,2026-12-29,25500.0,CE,
2026-08-27 05:40:00+00:00,280.0,280.0,278.1,278.1,845.0,19679.0,NIFTY,2026-12-29,25500.0,CE,
2026-08-27 05:45:00+00:00,277.2,278.0,274.05,275.1,11440.0,49396.0,NIFTY,2026-12-29,25500.0,CE,
2026-08-27 05:50:00+00:00,275.0,276.05,272.85,273.95,3510.0,49532.0,NIFTY,2026-12-29,25500.0,CE,
2026-08-27 05:55:00+00:00,273.15,275.4,273.15,274.2,2990.0,39600.0,NIFTY,2026-12-29,25500.0,CE,
2026-08-27 06:00:00+00:00,274.95,276.0,274.85,276.0,2275.0,19794.0,NIFTY,2026-12-29,25500.0,CE,
2026-08-27 06:05:00+00:00,277.85,279.0,277.85,278.5,1755.0,19795.0,NIFTY,2026-12-29,25500.0,CE,
2026-08-27 06:10:00+00:00,277.1,278.9,277.1,278.9,780.0,29691.0,NIFTY,2026-12-29,25500.0,CE,
2026-08-27 06:15:00+00:00,276.55,277.2,275.0,275.3,4550.0,49525.0,NIFTY,2026-12-29,25500.0,CE,
2026-08-27 06:20:00+00:00,275.5,278.0,274.85,277.3,4420.0,29820.0,NIFTY,2026-12-29,25500.0,CE,
2026-08-27 06:25:00+00:00,277.3,279.0,277.3,279.0,1885.0,39850.0,NIFTY,2026-12-29,25500.0,CE,
2026-08-27 06:30:00+00:00,279.0,279.0,277.05,277.05,130.0,9972.0,NIFTY,2026-12-29,25500.0,CE,
2026-08-27 06:35:00+00:00,277.5,277.5,275.05,276.0,325.0,19943.0,NIFTY,2026-12-29,25500.0,CE,
2026-08-27 06:40:00+00:00,277.8,278.7,276.15,278.7,585.0,29916.0,NIFTY,2026-12-29,25500.0,CE,
2026-08-27 06:45:00+00:00,278.95,286.0,278.95,279.5,7540.0,29887.0,NIFTY,2026-12-29,25500.0,CE,
2026-08-27 06:50:00+00:00,277.0,279.1,277.0,278.0,2795.0,29778.0,NIFTY,2026-12-29,25500.0,CE,
2026-08-27 06:55:00+00:00,279.0,281.2,279.0,281.2,1560.0,9924.0,NIFTY,2026-12-29,25500.0,CE,
2026-08-27 07:00:00+00:00,280.0,280.85,278.65,279.5,520.0,29766.0,NIFTY,2026-12-29,25500.0,CE,
2026-08-27 07:05:00+00:00,280.15,285.0,279.15,285.0,3055.0,39718.0,NIFTY,2026-12-29,25500.0,CE,
2026-08-27 07:10:00+00:00,285.5,285.5,283.0,283.0,1625.0,19884.0,NIFTY,2026-12-29,25500.0,CE,
2026-08-27 07:15:00+00:00,283.95,283.95,283.95,283.95,65.0,,NIFTY,2026-12-29,25500.0,CE,
2026-08-27 07:20:00+00:00,285.5,288.0,285.5,288.0,1820.0,29831.0,NIFTY,2026-12-29,25500.0,CE,
2026-08-27 07:25:00+00:00,286.35,288.0,286.35,286.6,1820.0,19872.0,NIFTY,2026-12-29,25500.0,CE,
2026-08-27 07:30:00+00:00,288.0,288.95,287.65,288.45,455.0,19872.0,NIFTY,2026-12-29,25500.0,CE,
2026-08-27 07:35:00+00:00,287.0,288.8,284.85,284.85,520.0,29813.0,NIFTY,2026-12-29,25500.0,CE,
2026-08-27 07:40:00+00:00,288.0,290.0,288.0,290.0,2470.0,29826.0,NIFTY,2026-12-29,25500.0,CE,
2026-08-27 07:45:00+00:00,291.0,291.0,288.3,289.6,520.0,9961.0,NIFTY,2026-12-29,25500.0,CE,
2026-08-27 07:50:00+00:00,289.6,290.0,289.6,290.0,2730.0,29893.0,NIFTY,2026-12-29,25500.0,CE,
2026-08-27 07:55:00+00:00,291.75,292.35,289.6,289.6,1235.0,19926.0,NIFTY,2026-12-29,25500.0,CE,
2026-08-27 08:00:00+00:00,287.3,287.3,283.0,284.5,3770.0,29829.0,NIFTY,2026-12-29,25500.0,CE,
2026-08-27 08:05:00+00:00,284.65,285.9,283.95,283.95,7345.0,39590.0,NIFTY,2026-12-29,25500.0,CE,
2026-08-27 08:10:00+00:00,283.45,283.85,282.05,283.5,1560.0,29642.0,NIFTY,2026-12-29,25500.0,CE,
2026-08-27 08:15:00+00:00,280.85,284.05,276.6,277.8,6890.0,39442.0,NIFTY,2026-12-29,25500.0,CE,
2026-08-27 08:20:00+00:00,276.3,278.3,275.05,275.45,1950.0,39421.0,NIFTY,2026-12-29,25500.0,CE,
2026-08-27 08:25:00+00:00,276.8,276.8,273.9,274.2,6305.0,29485.0,NIFTY,2026-12-29,25500.0,CE,
2026-08-27 08:30:00+00:00,273.75,275.8,273.75,274.2,3120.0,49145.0,NIFTY,2026-12-29,25500.0,CE,
2026-08-27 08:35:00+00:00,274.1,276.0,273.0,273.0,7995.0,29504.0,NIFTY,2026-12-29,25500.0,CE,
2026-08-27 08:40:00+00:00,273.2,276.9,273.2,276.85,1105.0,39495.0,NIFTY,2026-12-29,25500.0,CE,
2026-08-27 08:45:00+00:00,275.3,277.0,275.3,277.0,1105.0,29633.0,NIFTY,2026-12-29,25500.0,CE,
2026-08-27 08:50:00+00:00,277.05,278.0,277.05,278.0,390.0,19767.0,NIFTY,2026-12-29,25500.0,CE,
2026-08-27 08:55:00+00:00,278.9,280.85,277.9,280.85,2145.0,39523.0,NIFTY,2026-12-29,25500.0,CE,
2026-08-27 09:00:00+00:00,280.95,282.5,278.95,282.3,1690.0,19775.0,NIFTY,2026-12-29,25500.0,CE,
2026-08-27 09:05:00+00:00,280.05,280.55,278.85,280.55,715.0,19784.0,NIFTY,2026-12-29,25500.0,CE,
2026-08-27 09:10:00+00:00,279.2,280.25,277.8,277.8,455.0,19784.0,NIFTY,2026-12-29,25500.0,CE,
2026-08-27 09:15:00+00:00,278.0,281.0,278.0,281.0,1300.0,19788.0,NIFTY,2026-12-29,25500.0,CE,
2026-08-27 09:20:00+00:00,281.0,281.0,279.1,279.1,1105.0,19777.0,NIFTY,2026-12-29,25500.0,CE,
2026-08-27 09:25:00+00:00,278.65,280.0,278.65,279.9,650.0,19780.0,NIFTY,2026-12-29,25500.0,CE,
2026-08-27 09:30:00+00:00,281.0,281.0,279.0,279.0,845.0,19784.0,NIFTY,2026-12-29,25500.0,CE,
2026-08-27 09:35:00+00:00,278.0,279.1,277.0,278.0,1560.0,19788.0,NIFTY,2026-12-29,25500.0,CE,
2026-08-27 09:40:00+00:00,277.3,277.45,276.0,277.1,1430.0,9900.0,NIFTY,2026-12-29,25500.0,CE,
2026-08-27 09:45:00+00:00,277.05,278.6,275.25,278.6,1235.0,39607.0,NIFTY,2026-12-29,25500.0,CE,
2026-08-27 09:50:00+00:00,276.0,276.05,272.0,273.75,3315.0,19806.0,NIFTY,2026-12-29,25500.0,CE,
2026-08-27 09:55:00+00:00,273.5,273.5,268.75,270.5,10075.0,49553.0,NIFTY,2026-12-29,25500.0,CE,
2026-08-27 10:00:00+00:00,270.0,272.6,269.45,270.4,4550.0,49615.0,NIFTY,2026-12-29,25500.0,CE,
2026-08-27 10:05:00+00:00,270.0,270.0,265.25,267.0,7085.0,39612.0,NIFTY,2026-12-29,25500.0,CE,
2026-08-28 03:45:00+00:00,267.0,271.35,264.85,266.05,26910.0,40099.0,NIFTY,2026-12-29,25500.0,CE,
2026-08-28 03:50:00+00:00,267.0,272.0,267.0,271.95,3640.0,40191.0,NIFTY,2026-12-29,25500.0,CE,
2026-08-28 03:55:00+00:00,272.9,283.65,272.7,280.0,5850.0,40237.0,NIFTY,2026-12-29,25500.0,CE,
2026-08-28 04:00:00+00:00,277.4,283.0,277.4,283.0,3380.0,50405.0,NIFTY,2026-12-29,25500.0,CE,
2026-08-28 04:05:00+00:00,279.8,279.8,275.5,279.0,3510.0,40337.0,NIFTY,2026-12-29,25500.0,CE,
2026-08-28 04:10:00+00:00,279.7,283.0,278.5,281.4,3640.0,30266.0,NIFTY,2026-12-29,25500.0,CE,
2026-08-28 04:15:00+00:00,281.0,282.0,277.75,277.75,8580.0,40540.0,NIFTY,2026-12-29,25500.0,CE,
2026-08-28 04:20:00+00:00,279.0,281.0,277.0,281.0,715.0,30509.0,NIFTY,2026-12-29,25500.0,CE,
2026-08-28 04:25:00+00:00,281.0,281.25,281.0,281.0,1690.0,20345.0,NIFTY,2026-12-29,25500.0,CE,
2026-08-28 04:30:00+00:00,281.0,281.3,279.4,280.15,11310.0,30542.0,NIFTY,2026-12-29,25500.0,CE,
2026-08-28 04:35:00+00:00,279.25,282.5,278.1,280.4,1430.0,40738.0,NIFTY,2026-12-29,25500.0,CE,
2026-08-28 04:40:00+00:00,280.0,282.9,279.0,282.9,1235.0,20386.0,NIFTY,2026-12-29,25500.0,CE,
2026-08-28 04:45:00+00:00,285.0,289.4,284.15,285.7,1430.0,30602.0,NIFTY,2026-12-29,25500.0,CE,
2026-08-28 04:50:00+00:00,284.0,284.0,284.0,284.0,455.0,10201.0,NIFTY,2026-12-29,25500.0,CE,
2026-08-28 04:55:00+00:00,283.0,284.75,282.55,283.45,1820.0,51031.0,NIFTY,2026-12-29,25500.0,CE,
2026-08-28 05:00:00+00:00,283.35,283.35,281.45,281.7,2275.0,20411.0,NIFTY,2026-12-29,25500.0,CE,
2026-08-28 05:05:00+00:00,281.6,282.85,281.6,282.25,455.0,30618.0,NIFTY,2026-12-29,25500.0,CE,
2026-08-28 05:10:00+00:00,280.0,280.0,280.0,280.0,65.0,,NIFTY,2026-12-29,25500.0,CE,
2026-08-28 05:15:00+00:00,279.0,281.35,279.0,281.35,1040.0,40834.0,NIFTY,2026-12-29,25500.0,CE,
2026-08-28 05:20:00+00:00,282.5,284.7,282.05,282.05,1105.0,20428.0,NIFTY,2026-12-29,25500.0,CE,
2026-08-28 05:25:00+00:00,281.85,281.85,279.6,279.6,1430.0,20439.0,NIFTY,2026-12-29,25500.0,CE,
2026-08-28 05:30:00+00:00,280.1,280.8,280.1,280.8,130.0,20447.0,NIFTY,2026-12-29,25500.0,CE,
2026-08-28 05:35:00+00:00,278.7,278.7,276.65,276.65,520.0,10224.0,NIFTY,2026-12-29,25500.0,CE,
2026-08-28 05:40:00+00:00,277.0,280.3,276.95,280.3,2600.0,51119.0,NIFTY,2026-12-29,25500.0,CE,
2026-08-28 05:45:00+00:00,276.6,276.6,275.75,275.75,325.0,20462.0,NIFTY,2026-12-29,25500.0,CE,
2026-08-28 05:50:00+00:00,275.7,275.7,274.8,274.8,2340.0,10216.0,NIFTY,2026-12-29,25500.0,CE,
2026-08-28 05:55:00+00:00,273.55,274.2,270.0,270.0,5395.0,51067.0,NIFTY,2026-12-29,25500.0,CE,
2026-08-28 06:00:00+00:00,269.95,270.9,266.15,266.5,2665.0,40727.0,NIFTY,2026-12-29,25500.0,CE,
2026-08-28 06:05:00+00:00,264.7,266.7,263.3,266.7,2470.0,30501.0,NIFTY,2026-12-29,25500.0,CE,
2026-08-28 06:10:00+00:00,265.05,267.0,265.0,265.05,1430.0,40679.0,NIFTY,2026-12-29,25500.0,CE,
2026-08-28 06:15:00+00:00,265.0,265.45,264.05,265.1,1105.0,30493.0,NIFTY,2026-12-29,25500.0,CE,
2026-08-28 06:20:00+00:00,265.8,266.0,265.0,265.0,1040.0,30499.0,NIFTY,2026-12-29,25500.0,CE,
2026-08-28 06:25:00+00:00,265.0,265.0,257.6,259.75,5200.0,60929.0,NIFTY,2026-12-29,25500.0,CE,
2026-08-28 06:30:00+00:00,260.75,262.05,259.6,262.0,4875.0,40593.0,NIFTY,2026-12-29,25500.0,CE,
2026-08-28 06:35:00+00:00,263.0,264.05,261.0,264.0,1040.0,30516.0,NIFTY,2026-12-29,25500.0,CE,
2026-08-28 06:40:00+00:00,260.35,262.6,260.35,262.6,715.0,40698.0,NIFTY,2026-12-29,25500.0,CE,
2026-08-28 06:45:00+00:00,262.55,262.9,262.5,262.5,260.0,10173.0,NIFTY,2026-12-29,25500.0,CE,
2026-08-28 06:50:00+00:00,262.55,262.9,261.7,262.0,2665.0,40679.0,NIFTY,2026-12-29,25500.0,CE,
2026-08-28 06:55:00+00:00,261.5,263.25,261.0,263.25,1625.0,30496.0,NIFTY,2026-12-29,25500.0,CE,
2026-08-28 07:00:00+00:00,264.45,265.0,263.35,265.0,4680.0,30514.0,NIFTY,2026-12-29,25500.0,CE,
2026-08-28 07:05:00+00:00,264.0,264.9,263.35,264.9,520.0,20289.0,NIFTY,2026-12-29,25500.0,CE,
2026-08-28 07:10:00+00:00,264.7,264.7,263.95,263.95,520.0,,NIFTY,2026-12-29,25500.0,CE,
2026-08-28 07:15:00+00:00,263.0,263.9,263.0,263.9,520.0,30443.0,NIFTY,2026-12-29,25500.0,CE,
2026-08-28 07:20:00+00:00,263.5,264.5,263.5,264.5,325.0,10151.0,NIFTY,2026-12-29,25500.0,CE,
2026-08-28 07:25:00+00:00,263.05,263.5,262.1,262.1,650.0,40616.0,NIFTY,2026-12-29,25500.0,CE,
2026-08-28 07:30:00+00:00,263.0,264.05,263.0,264.05,325.0,10156.0,NIFTY,2026-12-29,25500.0,CE,
2026-08-28 07:35:00+00:00,262.2,263.85,262.2,263.15,1885.0,50820.0,NIFTY,2026-12-29,25500.0,CE,
2026-08-28 07:40:00+00:00,264.7,265.0,263.35,264.7,715.0,40687.0,NIFTY,2026-12-29,25500.0,CE,
2026-08-28 07:45:00+00:00,264.0,264.0,264.0,264.0,1950.0,10174.0,NIFTY,2026-12-29,25500.0,CE,
2026-08-28 07:50:00+00:00,265.0,267.75,265.0,267.75,1105.0,50960.0,NIFTY,2026-12-29,25500.0,CE,
2026-08-28 07:55:00+00:00,267.6,267.6,262.95,262.95,2860.0,40798.0,NIFTY,2026-12-29,25500.0,CE,
2026-08-28 08:00:00+00:00,264.15,267.85,263.75,266.35,1755.0,20403.0,NIFTY,2026-12-29,25500.0,CE,
2026-08-28 08:05:00+00:00,266.35,269.9,266.0,268.0,4745.0,20422.0,NIFTY,2026-12-29,25500.0,CE,
2026-08-28 08:10:00+00:00,267.6,267.6,267.6,267.6,585.0,10214.0,NIFTY,2026-12-29,25500.0,CE,
2026-08-28 08:15:00+00:00,265.95,266.0,264.5,264.5,390.0,10215.0,NIFTY,2026-12-29,25500.0,CE,
2026-08-28 08:20:00+00:00,263.25,266.4,263.25,266.4,390.0,10216.0,NIFTY,2026-12-29,25500.0,CE,
2026-08-28 08:25:00+00:00,264.1,267.9,263.8,267.9,715.0,20439.0,NIFTY,2026-12-29,25500.0,CE,
2026-08-28 08:30:00+00:00,267.3,267.3,267.3,267.3,65.0,,NIFTY,2026-12-29,25500.0,CE,
2026-08-28 08:35:00+00:00,264.1,265.9,264.1,264.25,520.0,20441.0,NIFTY,2026-12-29,25500.0,CE,
2026-08-28 08:40:00+00:00,265.9,265.9,264.25,265.0,520.0,20446.0,NIFTY,2026-12-29,25500.0,CE,
2026-08-28 08:45:00+00:00,264.25,264.25,264.25,264.25,130.0,10225.0,NIFTY,2026-12-29,25500.0,CE,
2026-08-28 08:50:00+00:00,265.5,267.0,264.55,264.55,780.0,30676.0,NIFTY,2026-12-29,25500.0,CE,
2026-08-28 08:55:00+00:00,265.1,266.0,265.1,266.0,390.0,20454.0,NIFTY,2026-12-29,25500.0,CE,
2026-08-28 09:00:00+00:00,267.1,269.5,266.05,269.5,2665.0,30715.0,NIFTY,2026-12-29,25500.0,CE,
2026-08-28 09:05:00+00:00,266.0,267.0,266.0,267.0,585.0,10240.0,NIFTY,2026-12-29,25500.0,CE,
2026-08-28 09:10:00+00:00,267.0,267.0,265.75,265.85,845.0,20484.0,NIFTY,2026-12-29,25500.0,CE,
2026-08-28 09:15:00+00:00,266.95,267.05,266.95,267.05,2015.0,20504.0,NIFTY,2026-12-29,25500.0,CE,
2026-08-28 09:20:00+00:00,269.5,273.0,267.9,272.6,2600.0,51380.0,NIFTY,2026-12-29,25500.0,CE,
2026-08-28 09:25:00+00:00,272.3,272.3,270.05,270.05,2145.0,30826.0,NIFTY,2026-12-29,25500.0,CE,
2026-08-28 09:30:00+00:00,268.0,268.6,263.8,265.85,2210.0,30845.0,NIFTY,2026-12-29,25500.0,CE,
2026-08-28 09:35:00+00:00,266.5,268.0,266.5,267.35,2990.0,41178.0,NIFTY,2026-12-29,25500.0,CE,
2026-08-28 09:40:00+00:00,270.0,278.3,270.0,274.7,3120.0,51557.0,NIFTY,2026-12-29,25500.0,CE,
2026-08-28 09:45:00+00:00,275.05,275.5,272.95,275.1,520.0,20627.0,NIFTY,2026-12-29,25500.0,CE,
2026-08-28 09:50:00+00:00,277.0,279.95,275.85,277.45,5850.0,41312.0,NIFTY,2026-12-29,25500.0,CE,
2026-08-28 09:55:00+00:00,277.6,280.15,276.95,278.4,3055.0,62145.0,NIFTY,2026-12-29,25500.0,CE,
2026-08-28 10:00:00+00:00,278.0,279.75,278.0,278.0,1885.0,31074.0,NIFTY,2026-12-29,25500.0,CE,
2026-08-28 10:05:00+00:00,277.9,278.0,277.05,277.5,5590.0,31120.0,NIFTY,2026-12-29,25500.0,CE,
2026-08-31 03:45:00+00:00,249.1,251.6,240.05,244.1,15990.0,41343.0,NIFTY,2026-12-29,25500.0,CE,
2026-08-31 03:50:00+00:00,244.05,249.8,244.0,246.6,9685.0,41342.0,NIFTY,2026-12-29,25500.0,CE,
2026-08-31 03:55:00+00:00,246.55,247.0,240.55,243.45,9035.0,51852.0,NIFTY,2026-12-29,25500.0,CE,
2026-08-31 04:00:00+00:00,243.5,245.0,242.05,244.15,4680.0,51732.0,NIFTY,2026-12-29,25500.0,CE,
2026-08-31 04:05:00+00:00,243.3,244.5,243.0,243.0,1690.0,41399.0,NIFTY,2026-12-29,25500.0,CE,
2026-08-31 04:10:00+00:00,242.15,243.15,240.0,240.0,3055.0,41444.0,NIFTY,2026-12-29,25500.0,CE,
2026-08-31 04:15:00+00:00,241.0,243.0,240.0,241.3,12740.0,51679.0,NIFTY,2026-12-29,25500.0,CE,
2026-08-31 04:20:00+00:00,241.65,242.35,240.0,240.05,3445.0,51600.0,NIFTY,2026-12-29,25500.0,CE,
2026-08-31 04:25:00+00:00,240.05,240.6,237.75,237.75,5720.0,51654.0,NIFTY,2026-12-29,25500.0,CE,
2026-08-31 04:30:00+00:00,240.2,240.85,239.0,239.95,4160.0,41385.0,NIFTY,2026-12-29,25500.0,CE,
2026-08-31 04:35:00+00:00,240.0,242.9,240.0,242.9,2145.0,31103.0,NIFTY,2026-12-29,25500.0,CE,
2026-08-31 04:40:00+00:00,240.35,242.55,237.35,240.45,22880.0,51941.0,NIFTY,2026-12-29,25500.0,CE,
2026-08-31 04:45:00+00:00,240.9,241.0,240.0,240.0,3185.0,41270.0,NIFTY,2026-12-29,25500.0,CE,
2026-08-31 04:50:00+00:00,239.9,241.35,238.6,239.5,6890.0,41346.0,NIFTY,2026-12-29,25500.0,CE,
2026-08-31 04:55:00+00:00,241.2,243.2,239.55,241.15,7540.0,51741.0,NIFTY,2026-12-29,25500.0,CE,
2026-08-31 05:00:00+00:00,242.5,242.5,240.5,240.5,2015.0,20772.0,NIFTY,2026-12-29,25500.0,CE,
2026-08-31 05:05:00+00:00,240.3,240.6,238.15,239.7,5655.0,41628.0,NIFTY,2026-12-29,25500.0,CE,
2026-08-31 05:10:00+00:00,239.7,241.95,239.5,241.65,2210.0,52121.0,NIFTY,2026-12-29,25500.0,CE,
2026-08-31 05:15:00+00:00,241.5,243.25,241.5,243.0,2990.0,31305.0,NIFTY,2026-12-29,25500.0,CE,
2026-08-31 05:20:00+00:00,243.2,243.6,242.25,242.55,6890.0,52220.0,NIFTY,2026-12-29,25500.0,CE,
2026-08-31 05:25:00+00:00,243.05,244.85,243.05,244.85,975.0,20963.0,NIFTY,2026-12-29,25500.0,CE,
2026-08-31 05:30:00+00:00,244.6,244.6,242.25,242.35,3575.0,41934.0,NIFTY,2026-12-29,25500.0,CE,
2026-08-31 05:35:00+00:00,242.25,242.65,241.15,241.15,5200.0,52629.0,NIFTY,2026-12-29,25500.0,CE,
2026-08-31 05:40:00+00:00,241.2,241.45,240.8,241.1,1105.0,21046.0,NIFTY,2026-12-29,25500.0,CE,
2026-08-31 05:45:00+00:00,241.2,242.95,241.2,242.75,910.0,31569.0,NIFTY,2026-12-29,25500.0,CE,
2026-08-31 05:50:00+00:00,242.65,242.8,241.8,242.0,520.0,31577.0,NIFTY,2026-12-29,25500.0,CE,
2026-08-31 05:55:00+00:00,242.8,242.8,242.0,242.0,520.0,,NIFTY,2026-12-29,25500.0,CE,
2026-08-31 06:00:00+00:00,242.8,244.0,242.5,244.0,2600.0,31627.0,NIFTY,2026-12-29,25500.0,CE,
2026-08-31 06:05:00+00:00,244.5,247.1,243.95,243.95,9555.0,20985.0,NIFTY,2026-12-29,25500.0,CE,
2026-08-31 06:10:00+00:00,244.2,246.0,243.9,245.0,3965.0,41919.0,NIFTY,2026-12-29,25500.0,CE,
2026-08-31 06:15:00+00:00,244.2,247.35,243.95,247.0,13520.0,31450.0,NIFTY,2026-12-29,25500.0,CE,
2026-08-31 06:20:00+00:00,246.0,259.0,245.4,257.0,5330.0,42047.0,NIFTY,2026-12-29,25500.0,CE,
2026-08-31 06:25:00+00:00,258.0,265.4,257.0,257.0,12480.0,52390.0,NIFTY,2026-12-29,25500.0,CE,
2026-08-31 06:30:00+00:00,257.4,262.35,257.0,261.55,6110.0,52157.0,NIFTY,2026-12-29,25500.0,CE,
2026-08-31 06:35:00+00:00,262.0,262.0,257.5,257.6,5980.0,41708.0,NIFTY,2026-12-29,25500.0,CE,
2026-08-31 06:40:00+00:00,257.6,258.15,257.6,257.95,9945.0,41644.0,NIFTY,2026-12-29,25500.0,CE,
2026-08-31 06:45:00+00:00,256.0,259.15,255.95,258.5,7865.0,51869.0,NIFTY,2026-12-29,25500.0,CE,
2026-08-31 06:50:00+00:00,258.25,260.0,258.0,258.2,910.0,31175.0,NIFTY,2026-12-29,25500.0,CE,
2026-08-31 06:55:00+00:00,256.6,257.05,256.6,257.05,390.0,20787.0,NIFTY,2026-12-29,25500.0,CE,
2026-08-31 07:00:00+00:00,255.05,257.5,255.05,256.85,715.0,51983.0,NIFTY,2026-12-29,25500.0,CE,
2026-08-31 07:05:00+00:00,256.75,257.0,256.75,257.0,585.0,31184.0,NIFTY,2026-12-29,25500.0,CE,
2026-08-31 07:10:00+00:00,259.45,259.45,258.45,258.45,260.0,20788.0,NIFTY,2026-12-29,25500.0,CE,
2026-08-31 07:15:00+00:00,257.0,257.15,257.0,257.15,455.0,10392.0,NIFTY,2026-12-29,25500.0,CE,
2026-08-31 07:20:00+00:00,258.0,258.45,257.75,258.45,325.0,20783.0,NIFTY,2026-12-29,25500.0,CE,
2026-08-31 07:25:00+00:00,258.5,258.5,258.0,258.0,390.0,31187.0,NIFTY,2026-12-29,25500.0,CE,
2026-08-31 07:30:00+00:00,258.0,259.5,258.0,258.85,585.0,31203.0,NIFTY,2026-12-29,25500.0,CE,
2026-08-31 07:35:00+00:00,257.65,257.65,257.65,257.65,390.0,10403.0,NIFTY,2026-12-29,25500.0,CE,
2026-08-31 07:40:00+00:00,257.65,258.2,257.6,258.2,650.0,31197.0,NIFTY,2026-12-29,25500.0,CE,
2026-08-31 07:50:00+00:00,257.4,259.0,257.4,257.9,585.0,20794.0,NIFTY,2026-12-29,25500.0,CE,
2026-08-31 07:55:00+00:00,258.45,260.25,258.45,259.1,585.0,10400.0,NIFTY,2026-12-29,25500.0,CE,
2026-08-31 08:00:00+00:00,259.1,259.75,258.15,259.35,455.0,31203.0,NIFTY,2026-12-29,25500.0,CE,
2026-08-31 08:05:00+00:00,258.45,258.45,258.45,258.45,65.0,10402.0,NIFTY,2026-12-29,25500.0,CE,
2026-08-31 08:10:00+00:00,258.35,259.0,256.4,256.4,2665.0,20803.0,NIFTY,2026-12-29,25500.0,CE,
2026-08-31 08:15:00+00:00,256.8,259.0,256.1,258.45,3640.0,41609.0,NIFTY,2026-12-29,25500.0,CE,
2026-08-31 08:20:00+00:00,257.95,259.4,256.0,256.0,780.0,20811.0,NIFTY,2026-12-29,25500.0,CE,
2026-08-31 08:25:00+00:00,255.95,256.0,254.95,256.0,4810.0,31218.0,NIFTY,2026-12-29,25500.0,CE,
2026-08-31 08:30:00+00:00,255.0,255.2,250.2,250.2,2665.0,41449.0,NIFTY,2026-12-29,25500.0,CE,
2026-08-31 08:35:00+00:00,250.4,252.7,249.95,250.0,585.0,31088.0,NIFTY,2026-12-29,25500.0,CE,
2026-08-31 08:40:00+00:00,250.0,251.9,250.0,250.25,1235.0,10370.0,NIFTY,2026-12-29,25500.0,CE,
2026-08-31 08:45:00+00:00,252.05,252.05,250.75,251.9,390.0,20732.0,NIFTY,2026-12-29,25500.0,CE,
2026-08-31 08:50:00+00:00,250.65,250.65,249.05,249.65,1755.0,41454.0,NIFTY,2026-12-29,25500.0,CE,
2026-08-31 08:55:00+00:00,250.75,250.75,247.8,247.8,1690.0,51774.0,NIFTY,2026-12-29,25500.0,CE,
2026-08-31 09:00:00+00:00,247.4,251.15,247.4,249.0,1755.0,20702.0,NIFTY,2026-12-29,25500.0,CE,
2026-08-31 09:05:00+00:00,248.9,252.75,248.9,252.75,1170.0,62141.0,NIFTY,2026-12-29,25500.0,CE,
2026-08-31 09:10:00+00:00,253.65,256.4,253.6,255.2,4680.0,51829.0,NIFTY,2026-12-29,25500.0,CE,
2026-08-31 09:15:00+00:00,255.45,268.85,255.45,260.4,16120.0,51652.0,NIFTY,2026-12-29,25500.0,CE,
2026-08-31 09:20:00+00:00,260.55,264.2,260.55,263.95,8645.0,41353.0,NIFTY,2026-12-29,25500.0,CE,
2026-08-31 09:25:00+00:00,260.5,260.5,257.95,257.95,2015.0,31122.0,NIFTY,2026-12-29,25500.0,CE,
2026-08-31 09:30:00+00:00,257.65,259.3,254.05,254.35,2015.0,51883.0,NIFTY,2026-12-29,25500.0,CE,
2026-08-31 09:35:00+00:00,251.4,256.5,251.0,256.05,1820.0,51862.0,NIFTY,2026-12-29,25500.0,CE,
2026-08-31 09:40:00+00:00,255.55,255.55,251.9,253.55,1950.0,31119.0,NIFTY,2026-12-29,25500.0,CE,
2026-08-31 09:45:00+00:00,251.0,254.3,247.2,253.85,8840.0,31109.0,NIFTY,2026-12-29,25500.0,CE,
2026-08-31 09:50:00+00:00,254.0,262.0,250.0,250.65,4095.0,41447.0,NIFTY,2026-12-29,25500.0,CE,
2026-08-31 09:55:00+00:00,251.05,253.2,249.55,251.7,2080.0,31075.0,NIFTY,2026-12-29,25500.0,CE,
2026-08-31 10:00:00+00:00,253.0,253.0,249.15,249.55,3185.0,51807.0,NIFTY,2026-12-29,25500.0,CE,
2026-08-31 10:05:00+00:00,249.95,250.1,245.2,245.2,9035.0,41399.0,NIFTY,2026-12-29,25500.0,CE,
2026-09-01 03:45:00+00:00,244.1,244.1,235.75,237.0,18460.0,51596.0,NIFTY,2026-12-29,25500.0,CE,
2026-09-01 03:50:00+00:00,237.05,238.1,234.3,234.75,9035.0,51600.0,NIFTY,2026-12-29,25500.0,CE,
2026-09-01 03:55:00+00:00,236.1,241.95,235.4,240.0,7085.0,51788.0,NIFTY,2026-12-29,25500.0,CE,
2026-09-01 04:00:00+00:00,240.1,241.3,237.3,240.0,10140.0,41741.0,NIFTY,2026-12-29,25500.0,CE,
2026-09-01 04:05:00+00:00,238.1,238.1,235.05,235.05,4030.0,52284.0,NIFTY,2026-12-29,25500.0,CE,
2026-09-01 04:10:00+00:00,235.0,235.0,231.25,232.0,4290.0,52342.0,NIFTY,2026-12-29,25500.0,CE,
2026-09-01 04:15:00+00:00,231.4,233.05,230.0,231.0,8840.0,52531.0,NIFTY,2026-12-29,25500.0,CE,
2026-09-01 04:20:00+00:00,230.4,231.9,228.2,229.3,5200.0,52778.0,NIFTY,2026-12-29,25500.0,CE,
2026-09-01 04:25:00+00:00,229.55,230.0,228.0,228.5,14170.0,52956.0,NIFTY,2026-12-29,25500.0,CE,
2026-09-01 04:30:00+00:00,228.25,229.9,228.1,229.5,4615.0,52981.0,NIFTY,2026-12-29,25500.0,CE,
2026-09-01 04:35:00+00:00,229.95,230.0,228.25,228.9,4030.0,42425.0,NIFTY,2026-12-29,25500.0,CE,
2026-09-01 04:40:00+00:00,229.1,230.0,228.15,229.0,390.0,31831.0,NIFTY,2026-12-29,25500.0,CE,
2026-09-01 04:45:00+00:00,228.0,230.95,228.0,229.1,1820.0,31811.0,NIFTY,2026-12-29,25500.0,CE,
2026-09-01 04:50:00+00:00,230.65,231.8,230.5,231.0,2730.0,42443.0,NIFTY,2026-12-29,25500.0,CE,
2026-09-01 04:55:00+00:00,230.6,232.45,230.05,230.55,2080.0,31859.0,NIFTY,2026-12-29,25500.0,CE,
2026-09-01 05:00:00+00:00,231.3,234.85,231.3,231.95,8775.0,42371.0,NIFTY,2026-12-29,25500.0,CE,
2026-09-01 05:05:00+00:00,231.65,232.0,230.7,231.95,1690.0,31794.0,NIFTY,2026-12-29,25500.0,CE,
2026-09-01 05:10:00+00:00,231.55,231.95,229.65,231.85,1105.0,42405.0,NIFTY,2026-12-29,25500.0,CE,
2026-09-01 05:15:00+00:00,232.05,232.05,231.2,231.5,1365.0,21199.0,NIFTY,2026-12-29,25500.0,CE,
2026-09-01 05:20:00+00:00,232.5,235.25,232.5,235.25,845.0,42412.0,NIFTY,2026-12-29,25500.0,CE,
2026-09-01 05:25:00+00:00,235.0,235.5,232.75,233.3,1365.0,53017.0,NIFTY,2026-12-29,25500.0,CE,
2026-09-01 05:30:00+00:00,236.0,236.0,232.45,232.5,845.0,42393.0,NIFTY,2026-12-29,25500.0,CE,
2026-09-01 05:35:00+00:00,232.5,238.2,232.5,236.35,4745.0,42441.0,NIFTY,2026-12-29,25500.0,CE,
2026-09-01 05:40:00+00:00,236.35,240.75,236.35,239.75,4290.0,42535.0,NIFTY,2026-12-29,25500.0,CE,
2026-09-01 05:45:00+00:00,239.4,244.85,239.4,244.85,3185.0,63871.0,NIFTY,2026-12-29,25500.0,CE,
2026-09-01 05:50:00+00:00,244.1,245.3,243.05,243.15,3315.0,42601.0,NIFTY,2026-12-29,25500.0,CE,
2026-09-01 05:55:00+00:00,243.0,246.85,243.0,246.4,3055.0,53293.0,NIFTY,2026-12-29,25500.0,CE,
2026-09-01 06:00:00+00:00,247.1,249.95,246.6,246.8,5785.0,31983.0,NIFTY,2026-12-29,25500.0,CE,
2026-09-01 06:05:00+00:00,246.85,246.85,243.15,243.15,9100.0,42846.0,NIFTY,2026-12-29,25500.0,CE,
2026-09-01 06:10:00+00:00,243.0,244.1,243.0,244.05,1950.0,42905.0,NIFTY,2026-12-29,25500.0,CE,
2026-09-01 06:15:00+00:00,245.0,246.5,243.7,243.85,1040.0,21453.0,NIFTY,2026-12-29,25500.0,CE,
2026-09-01 06:20:00+00:00,242.95,243.95,242.05,243.0,1040.0,42922.0,NIFTY,2026-12-29,25500.0,CE,
2026-09-01 06:25:00+00:00,243.2,243.2,242.5,242.55,325.0,21462.0,NIFTY,2026-12-29,25500.0,CE,
2026-09-01 06:30:00+00:00,242.5,242.5,242.5,242.5,780.0,21463.0,NIFTY,2026-12-29,25500.0,CE,
2026-09-01 06:35:00+00:00,243.4,244.65,243.4,243.8,1820.0,32160.0,NIFTY,2026-12-29,25500.0,CE,
2026-09-01 06:40:00+00:00,244.85,244.85,244.85,244.85,65.0,10715.0,NIFTY,2026-12-29,25500.0,CE,
2026-09-01 06:45:00+00:00,243.0,243.0,241.0,242.0,520.0,32140.0,NIFTY,2026-12-29,25500.0,CE,
2026-09-01 06:50:00+00:00,240.85,242.35,239.0,239.0,1560.0,42848.0,NIFTY,2026-12-29,25500.0,CE,
2026-09-01 06:55:00+00:00,238.75,240.05,238.4,239.4,975.0,42802.0,NIFTY,2026-12-29,25500.0,CE,
2026-09-01 07:00:00+00:00,240.1,240.2,239.45,239.45,325.0,10703.0,NIFTY,2026-12-29,25500.0,CE,
2026-09-01 07:05:00+00:00,240.35,242.0,240.3,240.4,1105.0,21412.0,NIFTY,2026-12-29,25500.0,CE,
2026-09-01 07:10:00+00:00,241.25,241.25,240.85,240.85,130.0,,NIFTY,2026-12-29,25500.0,CE,
2026-09-01 07:15:00+00:00,242.15,242.15,239.55,240.25,1625.0,21427.0,NIFTY,2026-12-29,25500.0,CE,
2026-09-01 07:20:00+00:00,238.55,239.95,235.95,235.95,1950.0,42872.0,NIFTY,2026-12-29,25500.0,CE,
2026-09-01 07:25:00+00:00,236.45,237.7,236.05,237.7,845.0,21448.0,NIFTY,2026-12-29,25500.0,CE,
2026-09-01 07:30:00+00:00,235.0,235.0,232.75,232.75,910.0,21450.0,NIFTY,2026-12-29,25500.0,CE,
2026-09-01 07:35:00+00:00,232.65,232.65,229.8,230.9,4290.0,42905.0,NIFTY,2026-12-29,25500.0,CE,
2026-09-01 07:40:00+00:00,230.95,230.95,225.0,226.5,7995.0,53638.0,NIFTY,2026-12-29,25500.0,CE,
2026-09-01 07:45:00+00:00,226.1,226.85,221.95,225.1,9555.0,42908.0,NIFTY,2026-12-29,25500.0,CE,
2026-09-01 07:50:00+00:00,224.75,226.55,224.6,225.0,4225.0,42976.0,NIFTY,2026-12-29,25500.0,CE,
2026-09-01 07:55:00+00:00,224.65,225.95,223.0,224.0,4680.0,53821.0,NIFTY,2026-12-29,25500.0,CE,
2026-09-01 08:00:00+00:00,224.35,225.85,224.35,225.85,2925.0,43171.0,NIFTY,2026-12-29,25500.0,CE,
2026-09-01 08:05:00+00:00,226.3,226.3,221.0,221.0,3055.0,32420.0,NIFTY,2026-12-29,25500.0,CE,
2026-09-01 08:10:00+00:00,220.0,220.9,218.4,220.85,28015.0,54299.0,NIFTY,2026-12-29,25500.0,CE,
2026-09-01 08:15:00+00:00,220.8,220.95,218.05,219.0,3250.0,54688.0,NIFTY,2026-12-29,25500.0,CE,
2026-09-01 08:20:00+00:00,218.2,218.2,209.25,212.2,8515.0,54644.0,NIFTY,2026-12-29,25500.0,CE,
2026-09-01 08:25:00+00:00,212.5,216.45,211.9,215.7,6890.0,54582.0,NIFTY,2026-12-29,25500.0,CE,
2026-09-01 08:30:00+00:00,214.5,214.5,208.45,209.45,15990.0,54817.0,NIFTY,2026-12-29,25500.0,CE,
2026-09-01 08:35:00+00:00,208.85,210.55,205.3,205.3,18005.0,43977.0,NIFTY,2026-12-29,25500.0,CE,
2026-09-01 08:40:00+00:00,206.75,209.1,205.95,208.25,6695.0,54656.0,NIFTY,2026-12-29,25500.0,CE,
2026-09-01 08:45:00+00:00,208.1,209.75,208.0,208.0,7150.0,43797.0,NIFTY,2026-12-29,25500.0,CE,
2026-09-01 08:50:00+00:00,208.05,208.45,206.05,207.35,8710.0,65674.0,NIFTY,2026-12-29,25500.0,CE,
2026-09-01 08:55:00+00:00,206.45,208.7,206.05,208.25,5005.0,32838.0,NIFTY,2026-12-29,25500.0,CE,
2026-09-01 09:00:00+00:00,209.95,215.0,207.7,210.0,11180.0,43870.0,NIFTY,2026-12-29,25500.0,CE,
2026-09-01 09:05:00+00:00,210.45,210.45,207.65,209.15,2535.0,32878.0,NIFTY,2026-12-29,25500.0,CE,
2026-09-01 09:10:00+00:00,207.0,208.0,205.85,206.55,4290.0,54813.0,NIFTY,2026-12-29,25500.0,CE,
2026-09-01 09:15:00+00:00,207.8,208.85,206.45,206.5,6630.0,32922.0,NIFTY,2026-12-29,25500.0,CE,
2026-09-01 09:20:00+00:00,207.3,208.95,206.8,208.0,6175.0,55302.0,NIFTY,2026-12-29,25500.0,CE,
2026-09-01 09:25:00+00:00,208.45,208.9,204.35,205.2,11440.0,55279.0,NIFTY,2026-12-29,25500.0,CE,
2026-09-01 09:30:00+00:00,205.05,206.0,204.0,204.5,5720.0,44300.0,NIFTY,2026-12-29,25500.0,CE,
2026-09-01 09:35:00+00:00,206.05,206.45,204.0,205.0,3380.0,44335.0,NIFTY,2026-12-29,25500.0,CE,
2026-09-01 09:40:00+00:00,205.65,206.7,202.05,204.3,12870.0,55489.0,NIFTY,2026-12-29,25500.0,CE,
2026-09-01 09:45:00+00:00,203.75,205.0,203.0,204.75,4290.0,44556.0,NIFTY,2026-12-29,25500.0,CE,
2026-09-01 09:50:00+00:00,203.05,205.0,203.05,204.7,5330.0,33436.0,NIFTY,2026-12-29,25500.0,CE,
2026-09-01 09:55:00+00:00,204.0,206.0,203.0,206.0,32435.0,67278.0,NIFTY,2026-12-29,25500.0,CE,
2026-09-01 10:00:00+00:00,206.95,207.0,203.0,204.95,23595.0,44529.0,NIFTY,2026-12-29,25500.0,CE,
2026-09-01 10:05:00+00:00,204.5,204.95,202.25,202.25,10595.0,55810.0,NIFTY,2026-12-29,25500.0,CE,
2026-09-02 03:45:00+00:00,180.05,187.5,180.05,187.0,47905.0,45284.0,NIFTY,2026-12-29,25500.0,CE,
2026-09-02 03:50:00+00:00,186.1,186.9,182.0,183.75,22165.0,57611.0,NIFTY,2026-12-29,25500.0,CE,
2026-09-02 03:55:00+00:00,184.0,186.0,183.75,185.4,15795.0,69274.0,NIFTY,2026-12-29,25500.0,CE,
2026-09-02 04:00:00+00:00,185.45,185.95,184.35,185.6,8905.0,58072.0,NIFTY,2026-12-29,25500.0,CE,
2026-09-02 04:05:00+00:00,184.95,185.95,184.5,185.75,9425.0,58316.0,NIFTY,2026-12-29,25500.0,CE,
2026-09-02 04:10:00+00:00,185.85,188.7,185.05,187.9,25220.0,58654.0,NIFTY,2026-12-29,25500.0,CE,
2026-09-02 04:15:00+00:00,187.05,188.95,185.0,187.7,23400.0,58816.0,NIFTY,2026-12-29,25500.0,CE,
2026-09-02 04:20:00+00:00,188.05,189.6,185.8,187.6,18005.0,58641.0,NIFTY,2026-12-29,25500.0,CE,
2026-09-02 04:25:00+00:00,186.2,189.55,186.2,189.1,8385.0,58846.0,NIFTY,2026-12-29,25500.0,CE,
2026-09-02 04:30:00+00:00,189.1,189.85,188.2,188.5,6565.0,58991.0,NIFTY,2026-12-29,25500.0,CE,
2026-09-02 04:35:00+00:00,188.6,190.0,187.65,188.5,22685.0,35392.0,NIFTY,2026-12-29,25500.0,CE,
2026-09-02 04:40:00+00:00,188.65,190.75,187.2,188.95,6565.0,47077.0,NIFTY,2026-12-29,25500.0,CE,
2026-09-02 04:45:00+00:00,187.95,190.15,187.95,190.15,4160.0,58841.0,NIFTY,2026-12-29,25500.0,CE,
2026-09-02 04:50:00+00:00,189.9,193.5,189.65,192.7,20670.0,58828.0,NIFTY,2026-12-29,25500.0,CE,
2026-09-02 04:55:00+00:00,192.05,193.95,192.0,193.55,4550.0,58587.0,NIFTY,2026-12-29,25500.0,CE,
2026-09-02 05:00:00+00:00,194.9,194.95,192.2,192.2,4160.0,58437.0,NIFTY,2026-12-29,25500.0,CE,
2026-09-02 05:05:00+00:00,192.25,192.35,189.0,189.0,7215.0,46636.0,NIFTY,2026-12-29,25500.0,CE,
2026-09-02 05:10:00+00:00,189.7,191.0,189.0,189.65,2925.0,46510.0,NIFTY,2026-12-29,25500.0,CE,
2026-09-02 05:15:00+00:00,188.0,190.25,188.0,188.55,22815.0,58507.0,NIFTY,2026-12-29,25500.0,CE,
2026-09-02 05:20:00+00:00,189.0,190.25,186.05,187.75,4485.0,58521.0,NIFTY,2026-12-29,25500.0,CE,
2026-09-02 05:25:00+00:00,188.7,190.0,188.25,189.05,2080.0,46769.0,NIFTY,2026-12-29,25500.0,CE,
2026-09-02 05:30:00+00:00,189.2,189.2,185.9,186.0,13975.0,46606.0,NIFTY,2026-12-29,25500.0,CE,
2026-09-02 05:35:00+00:00,185.55,186.8,185.4,185.75,2600.0,58205.0,NIFTY,2026-12-29,25500.0,CE,
2026-09-02 05:40:00+00:00,186.2,186.2,185.0,185.4,5525.0,46621.0,NIFTY,2026-12-29,25500.0,CE,
2026-09-02 05:45:00+00:00,185.0,186.0,185.0,185.9,10985.0,46655.0,NIFTY,2026-12-29,25500.0,CE,
2026-09-02 05:50:00+00:00,186.5,186.7,185.0,185.5,5395.0,70032.0,NIFTY,2026-12-29,25500.0,CE,
2026-09-02 05:55:00+00:00,185.05,186.35,185.05,185.05,3575.0,58323.0,NIFTY,2026-12-29,25500.0,CE,
2026-09-02 06:00:00+00:00,185.5,185.5,183.0,183.75,10010.0,58186.0,NIFTY,2026-12-29,25500.0,CE,
2026-09-02 06:05:00+00:00,183.65,184.95,183.4,184.95,6890.0,58261.0,NIFTY,2026-12-29,25500.0,CE,
2026-09-02 06:10:00+00:00,184.9,184.9,183.25,183.3,2665.0,58315.0,NIFTY,2026-12-29,25500.0,CE,
2026-09-02 06:15:00+00:00,183.35,184.1,182.95,183.0,2860.0,58295.0,NIFTY,2026-12-29,25500.0,CE,
2026-09-02 06:20:00+00:00,183.05,184.5,183.05,184.5,1950.0,23310.0,NIFTY,2026-12-29,25500.0,CE,
2026-09-02 06:25:00+00:00,184.95,185.65,183.05,183.5,1560.0,58303.0,NIFTY,2026-12-29,25500.0,CE,
2026-09-02 06:30:00+00:00,183.5,183.95,182.5,183.85,6305.0,58303.0,NIFTY,2026-12-29,25500.0,CE,
2026-09-02 06:35:00+00:00,183.35,184.1,182.4,183.0,5005.0,46608.0,NIFTY,2026-12-29,25500.0,CE,
2026-09-02 06:40:00+00:00,183.4,187.95,182.8,187.35,11375.0,46543.0,NIFTY,2026-12-29,25500.0,CE,
2026-09-02 06:45:00+00:00,186.55,187.5,184.75,184.75,4875.0,58073.0,NIFTY,2026-12-29,25500.0,CE,
2026-09-02 06:50:00+00:00,184.05,185.35,183.35,185.35,2795.0,46532.0,NIFTY,2026-12-29,25500.0,CE,
2026-09-02 06:55:00+00:00,184.8,188.5,184.8,188.2,3120.0,34873.0,NIFTY,2026-12-29,25500.0,CE,
2026-09-02 07:00:00+00:00,187.9,189.95,187.9,189.9,2795.0,46481.0,NIFTY,2026-12-29,25500.0,CE,
2026-09-02 07:05:00+00:00,189.1,189.6,187.9,189.3,3705.0,34862.0,NIFTY,2026-12-29,25500.0,CE,
2026-09-02 07:10:00+00:00,189.6,192.0,188.85,190.0,3055.0,34877.0,NIFTY,2026-12-29,25500.0,CE,
2026-09-02 07:15:00+00:00,189.3,190.1,188.0,189.75,2795.0,58122.0,NIFTY,2026-12-29,25500.0,CE,
2026-09-02 07:20:00+00:00,189.65,191.9,189.45,189.45,1430.0,46475.0,NIFTY,2026-12-29,25500.0,CE,
2026-09-02 07:25:00+00:00,190.25,191.8,189.35,191.8,3575.0,58100.0,NIFTY,2026-12-29,25500.0,CE,
2026-09-02 07:30:00+00:00,192.0,192.7,190.8,190.85,4095.0,46449.0,NIFTY,2026-12-29,25500.0,CE,
2026-09-02 07:35:00+00:00,191.25,191.25,188.55,189.75,3900.0,46409.0,NIFTY,2026-12-29,25500.0,CE,
2026-09-02 07:40:00+00:00,189.5,193.55,189.5,193.0,2795.0,58026.0,NIFTY,2026-12-29,25500.0,CE,
2026-09-02 07:45:00+00:00,192.45,192.5,190.8,191.55,2665.0,58041.0,NIFTY,2026-12-29,25500.0,CE,
2026-09-02 07:50:00+00:00,191.35,192.5,191.3,192.0,2275.0,46501.0,NIFTY,2026-12-29,25500.0,CE,
2026-09-02 07:55:00+00:00,192.15,193.8,192.15,193.8,1040.0,23270.0,NIFTY,2026-12-29,25500.0,CE,
2026-09-02 08:00:00+00:00,191.5,192.0,190.35,192.0,4290.0,34902.0,NIFTY,2026-12-29,25500.0,CE,
2026-09-02 08:05:00+00:00,192.0,193.2,192.0,192.0,4485.0,46562.0,NIFTY,2026-12-29,25500.0,CE,
2026-09-02 08:10:00+00:00,191.5,193.25,191.2,191.3,13780.0,34951.0,NIFTY,2026-12-29,25500.0,CE,
2026-09-02 08:15:00+00:00,191.8,192.4,191.0,191.0,3445.0,70021.0,NIFTY,2026-12-29,25500.0,CE,
2026-09-02 08:20:00+00:00,190.0,190.95,188.0,190.5,7540.0,35171.0,NIFTY,2026-12-29,25500.0,CE,
2026-09-02 08:25:00+00:00,191.0,192.65,190.9,192.2,1495.0,46956.0,NIFTY,2026-12-29,25500.0,CE,
2026-09-02 08:30:00+00:00,193.5,194.9,190.6,190.6,1105.0,46943.0,NIFTY,2026-12-29,25500.0,CE,
2026-09-02 08:35:00+00:00,195.0,195.65,194.0,195.2,6110.0,46905.0,NIFTY,2026-12-29,25500.0,CE,
2026-09-02 08:40:00+00:00,194.5,194.95,193.95,193.95,845.0,11724.0,NIFTY,2026-12-29,25500.0,CE,
2026-09-02 08:45:00+00:00,194.05,194.05,191.1,191.3,3705.0,58654.0,NIFTY,2026-12-29,25500.0,CE,
2026-09-02 08:50:00+00:00,191.45,192.2,189.7,190.0,1755.0,46955.0,NIFTY,2026-12-29,25500.0,CE,
2026-09-02 08:55:00+00:00,189.3,193.35,189.3,193.35,3965.0,46980.0,NIFTY,2026-12-29,25500.0,CE,
2026-09-02 09:00:00+00:00,194.1,198.95,193.75,197.65,3315.0,47004.0,NIFTY,2026-12-29,25500.0,CE,
2026-09-02 09:05:00+00:00,197.0,198.0,194.65,194.8,1170.0,35256.0,NIFTY,2026-12-29,25500.0,CE,
2026-09-02 09:10:00+00:00,195.9,196.0,192.2,192.4,8190.0,58798.0,NIFTY,2026-12-29,25500.0,CE,
2026-09-02 09:15:00+00:00,192.0,196.05,191.5,196.05,3640.0,35404.0,NIFTY,2026-12-29,25500.0,CE,
2026-09-02 09:20:00+00:00,194.5,194.5,192.4,192.4,3380.0,47212.0,NIFTY,2026-12-29,25500.0,CE,
2026-09-02 09:25:00+00:00,191.05,191.95,188.75,191.15,2795.0,58983.0,NIFTY,2026-12-29,25500.0,CE,
2026-09-02 09:30:00+00:00,188.5,190.25,186.9,186.9,1495.0,35378.0,NIFTY,2026-12-29,25500.0,CE,
2026-09-02 09:35:00+00:00,187.5,187.6,186.0,187.55,6760.0,59024.0,NIFTY,2026-12-29,25500.0,CE,
2026-09-02 09:40:00+00:00,188.0,191.5,187.55,190.2,10985.0,58782.0,NIFTY,2026-12-29,25500.0,CE,
2026-09-02 09:45:00+00:00,191.0,191.4,188.25,189.35,10920.0,58613.0,NIFTY,2026-12-29,25500.0,CE,
2026-09-02 09:50:00+00:00,190.2,191.05,189.0,190.2,3380.0,35167.0,NIFTY,2026-12-29,25500.0,CE,
2026-09-02 09:55:00+00:00,188.75,190.05,188.0,189.1,2210.0,46906.0,NIFTY,2026-12-29,25500.0,CE,
2026-09-02 10:00:00+00:00,189.25,189.25,188.0,188.0,2600.0,35170.0,NIFTY,2026-12-29,25500.0,CE,
2026-09-02 10:05:00+00:00,187.95,189.05,185.35,185.35,2925.0,46941.0,NIFTY,2026-12-29,25500.0,CE,
2026-09-03 03:45:00+00:00,200.0,207.9,197.55,198.2,7215.0,58592.0,NIFTY,2026-12-29,25500.0,CE,
2026-09-03 03:50:00+00:00,199.0,200.95,196.0,196.0,4355.0,46897.0,NIFTY,2026-12-29,25500.0,CE,
2026-09-03 03:55:00+00:00,196.2,199.4,195.9,199.4,4290.0,58764.0,NIFTY,2026-12-29,25500.0,CE,
2026-09-03 04:00:00+00:00,199.95,201.0,199.45,200.2,5070.0,58852.0,NIFTY,2026-12-29,25500.0,CE,
2026-09-03 04:05:00+00:00,199.95,202.4,199.95,202.4,4290.0,47125.0,NIFTY,2026-12-29,25500.0,CE,
2026-09-03 04:10:00+00:00,201.95,207.0,201.95,207.0,3835.0,47187.0,NIFTY,2026-12-29,25500.0,CE,
2026-09-03 04:15:00+00:00,206.0,206.95,205.1,205.1,1560.0,35411.0,NIFTY,2026-12-29,25500.0,CE,
2026-09-03 04:20:00+00:00,203.5,205.6,203.5,205.1,1105.0,47192.0,NIFTY,2026-12-29,25500.0,CE,
2026-09-03 04:25:00+00:00,203.8,203.8,201.0,202.5,12090.0,47364.0,NIFTY,2026-12-29,25500.0,CE,
2026-09-03 04:30:00+00:00,202.75,202.75,200.0,200.05,2665.0,71214.0,NIFTY,2026-12-29,25500.0,CE,
2026-09-03 04:35:00+00:00,200.5,201.0,199.65,201.0,1300.0,23743.0,NIFTY,2026-12-29,25500.0,CE,
2026-09-03 04:40:00+00:00,200.6,201.55,200.0,200.0,1105.0,23742.0,NIFTY,2026-12-29,25500.0,CE,
2026-09-03 04:45:00+00:00,199.95,202.0,199.65,200.9,2795.0,47483.0,NIFTY,2026-12-29,25500.0,CE,
2026-09-03 04:50:00+00:00,202.0,202.9,201.7,202.5,3185.0,35614.0,NIFTY,2026-12-29,25500.0,CE,
2026-09-03 04:55:00+00:00,201.55,201.55,198.9,198.9,2795.0,47403.0,NIFTY,2026-12-29,25500.0,CE,
2026-09-03 05:00:00+00:00,198.9,199.8,198.0,198.3,650.0,35542.0,NIFTY,2026-12-29,25500.0,CE,
2026-09-03 05:05:00+00:00,197.5,197.5,194.7,195.3,2210.0,35530.0,NIFTY,2026-12-29,25500.0,CE,
2026-09-03 05:10:00+00:00,195.15,195.35,194.0,195.0,1885.0,47392.0,NIFTY,2026-12-29,25500.0,CE,
2026-09-03 05:15:00+00:00,194.65,197.05,194.5,197.05,1105.0,59240.0,NIFTY,2026-12-29,25500.0,CE,
2026-09-03 05:20:00+00:00,197.0,197.0,195.0,195.0,1235.0,59241.0,NIFTY,2026-12-29,25500.0,CE,
2026-09-03 05:25:00+00:00,194.45,196.9,194.0,196.4,1885.0,47372.0,NIFTY,2026-12-29,25500.0,CE,
2026-09-03 05:30:00+00:00,197.3,197.3,194.8,194.8,1690.0,47344.0,NIFTY,2026-12-29,25500.0,CE,
2026-09-03 05:35:00+00:00,194.0,194.0,192.0,192.4,3770.0,47234.0,NIFTY,2026-12-29,25500.0,CE,
2026-09-03 05:40:00+00:00,191.6,192.6,191.0,191.0,2015.0,35404.0,NIFTY,2026-12-29,25500.0,CE,
2026-09-03 05:45:00+00:00,191.5,194.7,190.8,194.7,1235.0,23585.0,NIFTY,2026-12-29,25500.0,CE,
2026-09-03 05:50:00+00:00,195.7,196.1,195.0,195.35,1755.0,35378.0,NIFTY,2026-12-29,25500.0,CE,
2026-09-03 05:55:00+00:00,197.2,197.2,197.0,197.0,130.0,23593.0,NIFTY,2026-12-29,25500.0,CE,
2026-09-03 06:00:00+00:00,197.85,198.85,197.25,198.7,455.0,35391.0,NIFTY,2026-12-29,25500.0,CE,
2026-09-03 06:05:00+00:00,198.0,198.0,197.85,198.0,390.0,23596.0,NIFTY,2026-12-29,25500.0,CE,
2026-09-03 06:10:00+00:00,197.7,197.7,195.65,195.65,845.0,11795.0,NIFTY,2026-12-29,25500.0,CE,
2026-09-03 06:15:00+00:00,196.2,197.0,196.15,197.0,1040.0,23593.0,NIFTY,2026-12-29,25500.0,CE,
2026-09-03 06:20:00+00:00,195.65,195.65,195.25,195.25,975.0,47195.0,NIFTY,2026-12-29,25500.0,CE,
2026-09-03 06:25:00+00:00,195.3,195.3,193.15,194.3,2015.0,35384.0,NIFTY,2026-12-29,25500.0,CE,
2026-09-03 06:30:00+00:00,194.7,194.7,191.05,191.95,585.0,47169.0,NIFTY,2026-12-29,25500.0,CE,
2026-09-03 06:35:00+00:00,191.4,192.2,191.4,192.2,1430.0,23583.0,NIFTY,2026-12-29,25500.0,CE,
2026-09-03 06:40:00+00:00,192.85,192.85,190.6,192.25,520.0,35348.0,NIFTY,2026-12-29,25500.0,CE,
2026-09-03 06:45:00+00:00,192.45,192.45,190.0,190.0,1040.0,23565.0,NIFTY,2026-12-29,25500.0,CE,
2026-09-03 06:50:00+00:00,190.55,191.5,190.0,190.45,1040.0,47134.0,NIFTY,2026-12-29,25500.0,CE,
2026-09-03 06:55:00+00:00,189.85,189.85,188.95,189.65,1430.0,35346.0,NIFTY,2026-12-29,25500.0,CE,
2026-09-03 07:00:00+00:00,189.5,191.05,189.5,191.0,3900.0,35368.0,NIFTY,2026-12-29,25500.0,CE,
2026-09-03 07:05:00+00:00,190.5,191.15,190.5,191.0,715.0,11791.0,NIFTY,2026-12-29,25500.0,CE,
2026-09-03 07:10:00+00:00,191.1,191.1,190.95,190.95,130.0,11791.0,NIFTY,2026-12-29,25500.0,CE,
2026-09-03 07:15:00+00:00,190.95,190.95,190.5,190.95,195.0,23582.0,NIFTY,2026-12-29,25500.0,CE,
2026-09-03 07:20:00+00:00,190.0,192.7,189.2,192.65,715.0,47173.0,NIFTY,2026-12-29,25500.0,CE,
2026-09-03 07:25:00+00:00,190.0,192.5,190.0,190.5,455.0,35378.0,NIFTY,2026-12-29,25500.0,CE,
2026-09-03 07:30:00+00:00,190.05,191.25,190.05,191.25,130.0,11794.0,NIFTY,2026-12-29,25500.0,CE,
2026-09-03 07:35:00+00:00,192.25,192.25,190.15,190.15,260.0,,NIFTY,2026-12-29,25500.0,CE,
2026-09-03 07:40:00+00:00,190.8,191.7,190.8,191.7,195.0,11794.0,NIFTY,2026-12-29,25500.0,CE,
2026-09-03 07:45:00+00:00,191.0,193.4,191.0,191.75,520.0,11792.0,NIFTY,2026-12-29,25500.0,CE,
2026-09-03 07:50:00+00:00,188.5,188.5,188.5,188.5,455.0,11793.0,NIFTY,2026-12-29,25500.0,CE,
2026-09-03 07:55:00+00:00,187.0,189.7,187.0,188.9,715.0,35382.0,NIFTY,2026-12-29,25500.0,CE,
2026-09-03 08:00:00+00:00,192.5,193.0,192.5,193.0,585.0,11797.0,NIFTY,2026-12-29,25500.0,CE,
2026-09-03 08:05:00+00:00,193.5,193.55,189.7,190.0,1105.0,35369.0,NIFTY,2026-12-29,25500.0,CE,
2026-09-03 08:10:00+00:00,188.0,188.2,188.0,188.15,325.0,23579.0,NIFTY,2026-12-29,25500.0,CE,
2026-09-03 08:15:00+00:00,188.2,188.55,186.55,187.0,975.0,23578.0,NIFTY,2026-12-29,25500.0,CE,
2026-09-03 08:20:00+00:00,190.0,190.0,189.0,189.0,260.0,23581.0,NIFTY,2026-12-29,25500.0,CE,
2026-09-03 08:25:00+00:00,188.25,189.0,188.25,189.0,325.0,23588.0,NIFTY,2026-12-29,25500.0,CE,
2026-09-03 08:30:00+00:00,190.0,190.0,187.55,190.0,1105.0,58988.0,NIFTY,2026-12-29,25500.0,CE,
2026-09-03 08:35:00+00:00,190.55,190.55,190.0,190.0,130.0,11798.0,NIFTY,2026-12-29,25500.0,CE,
2026-09-03 08:40:00+00:00,188.45,188.45,188.45,188.45,260.0,,NIFTY,2026-12-29,25500.0,CE,
2026-09-03 08:45:00+00:00,189.1,189.1,188.9,188.9,455.0,35397.0,NIFTY,2026-12-29,25500.0,CE,
2026-09-03 08:50:00+00:00,189.4,190.0,189.15,190.0,2340.0,23605.0,NIFTY,2026-12-29,25500.0,CE,
2026-09-03 08:55:00+00:00,189.45,190.0,189.45,189.5,260.0,23608.0,NIFTY,2026-12-29,25500.0,CE,
2026-09-03 09:00:00+00:00,189.0,190.0,188.2,189.0,1950.0,47231.0,NIFTY,2026-12-29,25500.0,CE,
2026-09-03 09:05:00+00:00,188.25,188.6,186.85,186.85,2210.0,59074.0,NIFTY,2026-12-29,25500.0,CE,
2026-09-03 09:10:00+00:00,187.1,187.45,186.55,187.45,910.0,59085.0,NIFTY,2026-12-29,25500.0,CE,
2026-09-03 09:15:00+00:00,187.95,188.0,186.05,186.4,4225.0,47307.0,NIFTY,2026-12-29,25500.0,CE,
2026-09-03 09:20:00+00:00,187.35,187.35,186.0,186.05,1105.0,47318.0,NIFTY,2026-12-29,25500.0,CE,
2026-09-03 09:25:00+00:00,186.2,186.2,183.75,185.15,1235.0,47310.0,NIFTY,2026-12-29,25500.0,CE,
2026-09-03 09:30:00+00:00,184.85,186.25,184.4,185.0,2145.0,35480.0,NIFTY,2026-12-29,25500.0,CE,
2026-09-03 09:35:00+00:00,184.15,185.65,183.85,184.9,3185.0,47298.0,NIFTY,2026-12-29,25500.0,CE,
2026-09-03 09:40:00+00:00,184.85,187.95,184.85,186.35,2665.0,47286.0,NIFTY,2026-12-29,25500.0,CE,
2026-09-03 09:45:00+00:00,186.8,187.1,186.0,186.0,2730.0,59097.0,NIFTY,2026-12-29,25500.0,CE,
2026-09-03 09:50:00+00:00,185.65,185.65,182.9,183.95,6695.0,59158.0,NIFTY,2026-12-29,25500.0,CE,
2026-09-03 09:55:00+00:00,183.6,183.6,180.75,181.0,6045.0,59276.0,NIFTY,2026-12-29,25500.0,CE,
2026-09-03 10:00:00+00:00,181.1,182.0,178.0,178.25,12610.0,59200.0,NIFTY,2026-12-29,25500.0,CE,
2026-09-03 10:05:00+00:00,178.2,180.0,177.1,177.25,8125.0,59205.0,NIFTY,2026-12-29,25500.0,CE,
2026-09-03 10:10:00+00:00,179.95,179.95,179.95,179.95,455.0,,NIFTY,2026-12-29,25500.0,CE,
2026-09-04 03:45:00+00:00,189.5,189.5,185.5,187.0,4420.0,47182.0,NIFTY,2026-12-29,25500.0,CE,
2026-09-04 03:50:00+00:00,185.9,186.0,184.3,186.0,1365.0,47245.0,NIFTY,2026-12-29,25500.0,CE,
2026-09-04 03:55:00+00:00,185.75,186.6,183.0,184.5,8450.0,47403.0,NIFTY,2026-12-29,25500.0,CE,
2026-09-04 04:00:00+00:00,184.8,184.8,130.0,183.6,29575.0,47398.0,NIFTY,2026-12-29,25500.0,CE,
2026-09-04 04:05:00+00:00,183.5,184.05,182.85,184.05,2210.0,47359.0,NIFTY,2026-12-29,25500.0,CE,
2026-09-04 04:10:00+00:00,184.85,187.5,184.85,187.5,40495.0,70778.0,NIFTY,2026-12-29,25500.0,CE,
2026-09-04 04:15:00+00:00,187.6,189.15,187.45,187.9,5460.0,58622.0,NIFTY,2026-12-29,25500.0,CE,
2026-09-04 04:20:00+00:00,188.15,190.45,188.15,190.3,3185.0,46781.0,NIFTY,2026-12-29,25500.0,CE,
2026-09-04 04:25:00+00:00,191.75,193.0,190.75,193.0,1950.0,58505.0,NIFTY,2026-12-29,25500.0,CE,
2026-09-04 04:30:00+00:00,191.7,194.5,191.7,193.95,520.0,23409.0,NIFTY,2026-12-29,25500.0,CE,
2026-09-04 04:35:00+00:00,190.6,191.65,189.8,189.8,455.0,35114.0,NIFTY,2026-12-29,25500.0,CE,
2026-09-04 04:40:00+00:00,190.0,190.0,187.65,187.65,2990.0,46863.0,NIFTY,2026-12-29,25500.0,CE,
2026-09-04 04:45:00+00:00,189.7,191.15,189.7,191.15,195.0,23444.0,NIFTY,2026-12-29,25500.0,CE,
2026-09-04 04:50:00+00:00,190.15,191.15,190.0,190.05,2145.0,58669.0,NIFTY,2026-12-29,25500.0,CE,
2026-09-04 04:55:00+00:00,191.15,193.0,191.15,193.0,2145.0,46962.0,NIFTY,2026-12-29,25500.0,CE,
2026-09-04 05:00:00+00:00,193.5,193.9,192.2,192.7,780.0,35226.0,NIFTY,2026-12-29,25500.0,CE,
2026-09-04 05:05:00+00:00,193.0,194.3,192.45,194.3,2275.0,23476.0,NIFTY,2026-12-29,25500.0,CE,
2026-09-04 05:10:00+00:00,193.5,194.5,192.35,194.4,390.0,35245.0,NIFTY,2026-12-29,25500.0,CE,
2026-09-04 05:15:00+00:00,193.0,194.5,193.0,194.5,325.0,23498.0,NIFTY,2026-12-29,25500.0,CE,
2026-09-04 05:20:00+00:00,192.7,193.0,192.5,193.0,1365.0,23507.0,NIFTY,2026-12-29,25500.0,CE,
2026-09-04 05:25:00+00:00,193.6,193.75,192.5,192.95,455.0,47041.0,NIFTY,2026-12-29,25500.0,CE,
2026-09-04 05:30:00+00:00,193.0,193.15,192.4,192.4,845.0,35294.0,NIFTY,2026-12-29,25500.0,CE,
2026-09-04 05:35:00+00:00,192.5,192.95,192.4,192.95,1040.0,35311.0,NIFTY,2026-12-29,25500.0,CE,
2026-09-04 05:40:00+00:00,192.45,193.45,192.05,192.05,650.0,35321.0,NIFTY,2026-12-29,25500.0,CE,
2026-09-04 05:45:00+00:00,192.0,193.0,190.85,193.0,5070.0,35194.0,NIFTY,2026-12-29,25500.0,CE,
2026-09-04 05:50:00+00:00,193.75,193.8,193.0,193.15,3835.0,35248.0,NIFTY,2026-12-29,25500.0,CE,
2026-09-04 05:55:00+00:00,193.5,194.75,193.5,194.75,780.0,35280.0,NIFTY,2026-12-29,25500.0,CE,
2026-09-04 06:00:00+00:00,194.0,195.5,194.0,195.4,3120.0,58854.0,NIFTY,2026-12-29,25500.0,CE,
2026-09-04 06:05:00+00:00,195.0,197.0,195.0,197.0,4615.0,23608.0,NIFTY,2026-12-29,25500.0,CE,
2026-09-04 06:10:00+00:00,197.0,197.5,195.65,196.8,2535.0,23653.0,NIFTY,2026-12-29,25500.0,CE,
2026-09-04 06:15:00+00:00,195.65,195.65,194.45,195.5,455.0,23656.0,NIFTY,2026-12-29,25500.0,CE,
2026-09-04 06:20:00+00:00,195.5,195.5,193.75,194.0,68965.0,60601.0,NIFTY,2026-12-29,25500.0,CE,
2026-09-04 06:25:00+00:00,194.0,194.8,193.0,194.2,47840.0,62832.0,NIFTY,2026-12-29,25500.0,CE,
2026-09-04 06:30:00+00:00,194.7,194.7,191.5,191.7,23465.0,63586.0,NIFTY,2026-12-29,25500.0,CE,
2026-09-04 06:35:00+00:00,191.65,192.0,191.65,192.0,5265.0,38229.0,NIFTY,2026-12-29,25500.0,CE,
2026-09-04 06:40:00+00:00,191.95,192.0,189.1,189.85,16250.0,38422.0,NIFTY,2026-12-29,25500.0,CE,
2026-09-04 06:45:00+00:00,189.55,189.9,188.0,188.0,9165.0,51216.0,NIFTY,2026-12-29,25500.0,CE,
2026-09-04 06:50:00+00:00,188.1,188.5,185.0,185.0,13065.0,64518.0,NIFTY,2026-12-29,25500.0,CE,
2026-09-04 06:55:00+00:00,184.5,186.5,184.0,185.65,3640.0,64735.0,NIFTY,2026-12-29,25500.0,CE,
2026-09-04 07:00:00+00:00,186.45,186.5,186.0,186.5,1040.0,25911.0,NIFTY,2026-12-29,25500.0,CE,
2026-09-04 07:05:00+00:00,186.0,186.0,184.8,185.0,1495.0,51832.0,NIFTY,2026-12-29,25500.0,CE,
2026-09-04 07:10:00+00:00,185.55,185.6,184.5,184.5,1105.0,38889.0,NIFTY,2026-12-29,25500.0,CE,
2026-09-04 07:15:00+00:00,184.65,184.95,184.4,184.95,1365.0,38885.0,NIFTY,2026-12-29,25500.0,CE,
2026-09-04 07:20:00+00:00,185.45,185.95,184.45,185.95,1365.0,38892.0,NIFTY,2026-12-29,25500.0,CE,
2026-09-04 07:25:00+00:00,185.5,185.5,183.05,183.2,1560.0,25945.0,NIFTY,2026-12-29,25500.0,CE,
2026-09-04 07:30:00+00:00,184.35,184.35,184.35,184.35,65.0,12970.0,NIFTY,2026-12-29,25500.0,CE,
2026-09-04 07:35:00+00:00,184.9,186.0,184.3,185.75,650.0,51884.0,NIFTY,2026-12-29,25500.0,CE,
2026-09-04 07:40:00+00:00,186.45,188.4,186.45,187.0,780.0,25946.0,NIFTY,2026-12-29,25500.0,CE,
2026-09-04 07:45:00+00:00,187.5,189.0,187.5,188.35,260.0,25952.0,NIFTY,2026-12-29,25500.0,CE,
2026-09-04 07:50:00+00:00,188.0,188.35,187.8,187.8,650.0,25955.0,NIFTY,2026-12-29,25500.0,CE,
2026-09-04 07:55:00+00:00,187.8,187.8,187.0,187.0,1300.0,12982.0,NIFTY,2026-12-29,25500.0,CE,
2026-09-04 08:00:00+00:00,184.2,185.05,184.05,184.25,1040.0,51933.0,NIFTY,2026-12-29,25500.0,CE,
2026-09-04 08:05:00+00:00,185.6,185.6,185.55,185.55,260.0,,NIFTY,2026-12-29,25500.0,CE,
2026-09-04 08:10:00+00:00,185.95,185.95,185.0,185.5,2405.0,25987.0,NIFTY,2026-12-29,25500.0,CE,
2026-09-04 08:15:00+00:00,185.75,187.75,185.75,187.75,975.0,26011.0,NIFTY,2026-12-29,25500.0,CE,
2026-09-04 08:20:00+00:00,186.5,186.5,186.5,186.5,260.0,13006.0,NIFTY,2026-12-29,25500.0,CE,
2026-09-04 08:25:00+00:00,186.25,186.25,185.85,185.85,910.0,26022.0,NIFTY,2026-12-29,25500.0,CE,
2026-09-04 08:30:00+00:00,186.4,188.15,185.85,188.15,2860.0,26031.0,NIFTY,2026-12-29,25500.0,CE,
2026-09-04 08:35:00+00:00,187.25,187.7,186.1,186.1,2210.0,65008.0,NIFTY,2026-12-29,25500.0,CE,
2026-09-04 08:40:00+00:00,186.15,188.55,185.8,187.0,3315.0,26042.0,NIFTY,2026-12-29,25500.0,CE,
2026-09-04 08:45:00+00:00,187.0,187.0,187.0,187.0,585.0,13034.0,NIFTY,2026-12-29,25500.0,CE,
2026-09-04 08:50:00+00:00,188.7,188.7,186.9,186.9,520.0,26065.0,NIFTY,2026-12-29,25500.0,CE,
2026-09-04 08:55:00+00:00,187.25,188.75,187.2,188.35,1170.0,65155.0,NIFTY,2026-12-29,25500.0,CE,
2026-09-04 09:00:00+00:00,188.15,188.8,188.15,188.15,3055.0,65152.0,NIFTY,2026-12-29,25500.0,CE,
2026-09-04 09:05:00+00:00,187.05,187.55,184.25,184.25,3900.0,39022.0,NIFTY,2026-12-29,25500.0,CE,
2026-09-04 09:10:00+00:00,184.0,184.4,183.8,184.0,5460.0,52102.0,NIFTY,2026-12-29,25500.0,CE,
2026-09-04 09:15:00+00:00,183.8,183.85,183.05,183.2,5980.0,52027.0,NIFTY,2026-12-29,25500.0,CE,
2026-09-04 09:20:00+00:00,184.05,184.4,183.55,184.0,4290.0,77909.0,NIFTY,2026-12-29,25500.0,CE,
2026-09-04 09:25:00+00:00,184.1,184.4,183.95,184.4,2535.0,38943.0,NIFTY,2026-12-29,25500.0,CE,
2026-09-04 09:30:00+00:00,184.1,184.95,183.55,183.55,3380.0,51853.0,NIFTY,2026-12-29,25500.0,CE,
2026-09-04 09:35:00+00:00,183.4,184.35,183.0,184.2,3185.0,51781.0,NIFTY,2026-12-29,25500.0,CE,
2026-09-04 09:40:00+00:00,184.0,184.8,183.5,183.65,1430.0,64727.0,NIFTY,2026-12-29,25500.0,CE,
2026-09-04 09:45:00+00:00,183.8,184.55,183.3,183.3,2275.0,51777.0,NIFTY,2026-12-29,25500.0,CE,
2026-09-04 09:50:00+00:00,182.9,182.9,179.5,181.0,7280.0,51601.0,NIFTY,2026-12-29,25500.0,CE,
2026-09-04 09:55:00+00:00,179.95,182.0,179.35,181.0,5590.0,51602.0,NIFTY,2026-12-29,25500.0,CE,
2026-09-04 10:00:00+00:00,180.9,181.4,179.75,180.85,3510.0,51559.0,NIFTY,2026-12-29,25500.0,CE,
2026-09-04 10:05:00+00:00,180.65,181.0,179.35,180.0,6500.0,38643.0,NIFTY,2026-12-29,25500.0,CE,
2026-09-07 03:45:00+00:00,170.0,198.75,158.4,163.5,36465.0,64924.0,NIFTY,2026-12-29,25500.0,CE,
2026-09-07 03:50:00+00:00,163.45,165.0,162.9,163.6,7280.0,65154.0,NIFTY,2026-12-29,25500.0,CE,
2026-09-07 03:55:00+00:00,163.75,163.8,161.5,162.8,9100.0,65223.0,NIFTY,2026-12-29,25500.0,CE,
2026-09-07 04:00:00+00:00,162.0,163.8,162.0,163.8,21710.0,65282.0,NIFTY,2026-12-29,25500.0,CE,
2026-09-07 04:05:00+00:00,163.55,164.95,163.15,163.6,18200.0,64824.0,NIFTY,2026-12-29,25500.0,CE,
2026-09-07 04:10:00+00:00,163.85,164.85,163.85,164.0,2470.0,51855.0,NIFTY,2026-12-29,25500.0,CE,
2026-09-07 04:15:00+00:00,163.8,163.95,161.8,162.45,14430.0,65028.0,NIFTY,2026-12-29,25500.0,CE,
2026-09-07 04:20:00+00:00,162.15,162.9,160.45,161.4,6175.0,65302.0,NIFTY,2026-12-29,25500.0,CE,
2026-09-07 04:25:00+00:00,161.3,161.9,160.15,160.8,7735.0,52289.0,NIFTY,2026-12-29,25500.0,CE,
2026-09-07 04:30:00+00:00,160.1,161.7,160.1,161.0,3380.0,65428.0,NIFTY,2026-12-29,25500.0,CE,
2026-09-07 04:35:00+00:00,160.95,160.95,159.85,160.45,10725.0,65527.0,NIFTY,2026-12-29,25500.0,CE,
2026-09-07 04:40:00+00:00,160.5,160.8,159.6,159.85,8060.0,65709.0,NIFTY,2026-12-29,25500.0,CE,
2026-09-07 04:45:00+00:00,159.9,160.35,157.6,158.6,11115.0,65828.0,NIFTY,2026-12-29,25500.0,CE,
2026-09-07 04:50:00+00:00,158.85,160.35,158.2,160.2,7150.0,65767.0,NIFTY,2026-12-29,25500.0,CE,
2026-09-07 04:55:00+00:00,160.1,160.1,158.5,158.7,4030.0,52614.0,NIFTY,2026-12-29,25500.0,CE,
2026-09-07 05:00:00+00:00,159.15,159.75,158.25,159.25,3120.0,39519.0,NIFTY,2026-12-29,25500.0,CE,
2026-09-07 05:05:00+00:00,158.6,159.1,158.0,159.0,3510.0,52697.0,NIFTY,2026-12-29,25500.0,CE,
2026-09-07 05:10:00+00:00,158.9,158.95,158.0,158.55,5070.0,65820.0,NIFTY,2026-12-29,25500.0,CE,
2026-09-07 05:15:00+00:00,158.6,158.6,157.3,158.45,8580.0,52510.0,NIFTY,2026-12-29,25500.0,CE,
2026-09-07 05:20:00+00:00,158.45,158.45,157.05,157.55,2535.0,39328.0,NIFTY,2026-12-29,25500.0,CE,
2026-09-07 05:25:00+00:00,157.2,158.1,156.7,157.3,2275.0,52430.0,NIFTY,2026-12-29,25500.0,CE,
2026-09-07 05:30:00+00:00,157.4,157.5,154.8,155.05,49855.0,79608.0,NIFTY,2026-12-29,25500.0,CE,
2026-09-07 05:35:00+00:00,155.75,156.5,155.4,156.0,7150.0,66911.0,NIFTY,2026-12-29,25500.0,CE,
2026-09-07 05:40:00+00:00,156.05,156.4,154.8,154.8,10010.0,66963.0,NIFTY,2026-12-29,25500.0,CE,
2026-09-07 05:45:00+00:00,155.4,155.45,154.3,155.1,6110.0,67015.0,NIFTY,2026-12-29,25500.0,CE,
2026-09-07 05:50:00+00:00,154.95,156.0,154.15,154.85,4095.0,67108.0,NIFTY,2026-12-29,25500.0,CE,
2026-09-07 05:55:00+00:00,155.7,155.8,155.0,155.3,3705.0,53725.0,NIFTY,2026-12-29,25500.0,CE,
2026-09-07 06:00:00+00:00,155.4,155.7,155.35,155.55,9165.0,67044.0,NIFTY,2026-12-29,25500.0,CE,
2026-09-07 06:05:00+00:00,155.4,155.45,155.35,155.35,3965.0,40175.0,NIFTY,2026-12-29,25500.0,CE,
2026-09-07 06:10:00+00:00,155.4,156.2,155.35,155.45,8645.0,40178.0,NIFTY,2026-12-29,25500.0,CE,
2026-09-07 06:15:00+00:00,156.6,157.0,155.85,156.8,11375.0,53489.0,NIFTY,2026-12-29,25500.0,CE,
2026-09-07 06:20:00+00:00,156.85,157.5,155.5,156.55,13520.0,67043.0,NIFTY,2026-12-29,25500.0,CE,
2026-09-07 06:25:00+00:00,157.5,157.5,156.1,156.95,1560.0,26805.0,NIFTY,2026-12-29,25500.0,CE,
2026-09-07 06:30:00+00:00,156.8,158.0,156.8,157.45,12025.0,26768.0,NIFTY,2026-12-29,25500.0,CE,
2026-09-07 06:35:00+00:00,156.55,156.95,156.05,156.9,3510.0,53417.0,NIFTY,2026-12-29,25500.0,CE,
2026-09-07 06:40:00+00:00,156.3,157.45,156.3,157.0,2925.0,66823.0,NIFTY,2026-12-29,25500.0,CE,
2026-09-07 06:45:00+00:00,156.95,156.95,155.5,155.5,1885.0,26748.0,NIFTY,2026-12-29,25500.0,CE,
2026-09-07 06:50:00+00:00,155.8,156.15,154.7,155.55,2405.0,66883.0,NIFTY,2026-12-29,25500.0,CE,
2026-09-07 06:55:00+00:00,155.6,155.75,154.4,154.5,4030.0,66884.0,NIFTY,2026-12-29,25500.0,CE,
2026-09-07 07:00:00+00:00,154.7,154.95,153.55,154.95,4225.0,53587.0,NIFTY,2026-12-29,25500.0,CE,
2026-09-07 07:05:00+00:00,154.9,154.95,154.05,154.35,3380.0,67093.0,NIFTY,2026-12-29,25500.0,CE,
2026-09-07 07:10:00+00:00,154.95,154.95,154.15,154.15,2145.0,26871.0,NIFTY,2026-12-29,25500.0,CE,
2026-09-07 07:15:00+00:00,154.45,154.45,154.0,154.0,1430.0,53749.0,NIFTY,2026-12-29,25500.0,CE,
2026-09-07 07:20:00+00:00,154.2,154.2,152.6,152.6,2990.0,53771.0,NIFTY,2026-12-29,25500.0,CE,
2026-09-07 07:25:00+00:00,153.25,153.9,153.15,153.55,4875.0,53777.0,NIFTY,2026-12-29,25500.0,CE,
2026-09-07 07:30:00+00:00,153.8,155.0,153.55,155.0,2275.0,67271.0,NIFTY,2026-12-29,25500.0,CE,
2026-09-07 07:35:00+00:00,154.85,155.7,154.85,155.7,780.0,53832.0,NIFTY,2026-12-29,25500.0,CE,
2026-09-07 07:40:00+00:00,155.7,155.75,155.6,155.75,650.0,40374.0,NIFTY,2026-12-29,25500.0,CE,
2026-09-07 07:45:00+00:00,155.0,155.9,155.0,155.1,650.0,53843.0,NIFTY,2026-12-29,25500.0,CE,
2026-09-07 07:50:00+00:00,155.55,155.85,155.05,155.8,975.0,26921.0,NIFTY,2026-12-29,25500.0,CE,
2026-09-07 07:55:00+00:00,155.95,156.0,155.45,155.45,2470.0,40390.0,NIFTY,2026-12-29,25500.0,CE,
2026-09-07 08:00:00+00:00,155.45,156.0,155.1,155.95,13845.0,40486.0,NIFTY,2026-12-29,25500.0,CE,
2026-09-07 08:05:00+00:00,156.6,156.95,156.4,156.4,1755.0,27139.0,NIFTY,2026-12-29,25500.0,CE,
2026-09-07 08:10:00+00:00,156.25,156.75,156.05,156.35,1300.0,,NIFTY,2026-12-29,25500.0,CE,
2026-09-07 08:15:00+00:00,157.0,157.35,156.95,157.35,325.0,27129.0,NIFTY,2026-12-29,25500.0,CE,
2026-09-07 08:20:00+00:00,157.0,157.45,156.65,156.75,1495.0,54255.0,NIFTY,2026-12-29,25500.0,CE,
2026-09-07 08:25:00+00:00,157.05,157.15,157.0,157.0,650.0,,NIFTY,2026-12-29,25500.0,CE,
2026-09-07 08:30:00+00:00,157.3,158.45,157.0,157.15,2145.0,40682.0,NIFTY,2026-12-29,25500.0,CE,
2026-09-07 08:35:00+00:00,156.5,156.95,155.25,155.45,4550.0,67739.0,NIFTY,2026-12-29,25500.0,CE,
2026-09-07 08:40:00+00:00,155.7,156.55,155.55,156.55,1300.0,27097.0,NIFTY,2026-12-29,25500.0,CE,
2026-09-07 08:45:00+00:00,156.5,156.6,155.05,155.05,4030.0,40591.0,NIFTY,2026-12-29,25500.0,CE,
2026-09-07 08:50:00+00:00,155.4,156.8,155.05,156.8,2860.0,40608.0,NIFTY,2026-12-29,25500.0,CE,
2026-09-07 08:55:00+00:00,156.05,157.9,156.05,157.9,1625.0,67641.0,NIFTY,2026-12-29,25500.0,CE,
2026-09-07 09:00:00+00:00,157.8,157.8,155.45,155.45,2080.0,67599.0,NIFTY,2026-12-29,25500.0,CE,
2026-09-07 09:05:00+00:00,155.4,155.4,153.5,153.75,2795.0,40543.0,NIFTY,2026-12-29,25500.0,CE,
2026-09-07 09:10:00+00:00,153.7,154.4,153.0,153.6,7865.0,54081.0,NIFTY,2026-12-29,25500.0,CE,
2026-09-07 09:15:00+00:00,153.5,154.05,152.5,153.1,3770.0,54159.0,NIFTY,2026-12-29,25500.0,CE,
2026-09-07 09:20:00+00:00,153.85,154.65,153.15,153.85,2210.0,40643.0,NIFTY,2026-12-29,25500.0,CE,
2026-09-07 09:25:00+00:00,153.95,154.15,152.25,152.95,4485.0,54224.0,NIFTY,2026-12-29,25500.0,CE,
2026-09-07 09:30:00+00:00,153.0,154.5,153.0,154.0,17095.0,40684.0,NIFTY,2026-12-29,25500.0,CE,
2026-09-07 09:35:00+00:00,153.35,153.95,152.9,152.9,5265.0,67787.0,NIFTY,2026-12-29,25500.0,CE,
2026-09-07 09:40:00+00:00,152.95,153.0,152.25,152.5,3315.0,40667.0,NIFTY,2026-12-29,25500.0,CE,
2026-09-07 09:45:00+00:00,152.6,152.6,148.75,148.85,7475.0,54284.0,NIFTY,2026-12-29,25500.0,CE,
2026-09-07 09:50:00+00:00,149.05,152.35,149.05,151.0,5460.0,67911.0,NIFTY,2026-12-29,25500.0,CE,
2026-09-07 09:55:00+00:00,150.95,150.95,148.95,150.0,2730.0,54357.0,NIFTY,2026-12-29,25500.0,CE,
2026-09-07 10:00:00+00:00,149.55,149.95,147.7,149.7,10855.0,68095.0,NIFTY,2026-12-29,25500.0,CE,
2026-09-07 10:05:00+00:00,147.8,151.9,147.8,151.9,3445.0,40896.0,NIFTY,2026-12-29,25500.0,CE,
2026-09-08 03:45:00+00:00,145.0,149.95,136.05,138.85,33215.0,67683.0,NIFTY,2026-12-29,25500.0,CE,
2026-09-08 03:50:00+00:00,138.7,139.95,137.9,138.85,11505.0,54047.0,NIFTY,2026-12-29,25500.0,CE,
2026-09-08 03:55:00+00:00,138.0,139.05,137.15,137.15,13195.0,54061.0,NIFTY,2026-12-29,25500.0,CE,
2026-09-08 04:00:00+00:00,137.95,139.8,137.1,138.6,13585.0,67513.0,NIFTY,2026-12-29,25500.0,CE,
2026-09-08 04:05:00+00:00,138.5,139.95,138.0,138.75,6565.0,67347.0,NIFTY,2026-12-29,25500.0,CE,
2026-09-08 04:10:00+00:00,138.8,139.05,135.95,136.1,5850.0,67345.0,NIFTY,2026-12-29,25500.0,CE,
2026-09-08 04:15:00+00:00,136.45,138.0,136.45,137.65,2470.0,40448.0,NIFTY,2026-12-29,25500.0,CE,
2026-09-08 04:20:00+00:00,138.0,138.0,136.75,136.8,3250.0,53985.0,NIFTY,2026-12-29,25500.0,CE,
2026-09-08 04:25:00+00:00,137.0,137.0,135.8,135.9,5850.0,54071.0,NIFTY,2026-12-29,25500.0,CE,
2026-09-08 04:30:00+00:00,136.2,136.8,135.1,135.5,5265.0,67659.0,NIFTY,2026-12-29,25500.0,CE,
2026-09-08 04:35:00+00:00,135.8,136.6,134.75,136.3,8580.0,67763.0,NIFTY,2026-12-29,25500.0,CE,
2026-09-08 04:40:00+00:00,136.45,138.5,135.7,138.5,13390.0,67961.0,NIFTY,2026-12-29,25500.0,CE,
2026-09-08 04:45:00+00:00,139.0,139.85,136.45,138.05,12545.0,68105.0,NIFTY,2026-12-29,25500.0,CE,
2026-09-08 04:50:00+00:00,137.85,138.0,136.75,137.2,7150.0,68247.0,NIFTY,2026-12-29,25500.0,CE,
2026-09-08 04:55:00+00:00,136.35,137.65,135.65,136.7,4745.0,41089.0,NIFTY,2026-12-29,25500.0,CE,
2026-09-08 05:00:00+00:00,137.4,137.55,135.8,136.05,5395.0,68575.0,NIFTY,2026-12-29,25500.0,CE,
2026-09-08 05:05:00+00:00,136.0,136.2,133.9,134.25,11765.0,68753.0,NIFTY,2026-12-29,25500.0,CE,
2026-09-08 05:10:00+00:00,134.15,134.6,133.95,134.6,3445.0,68930.0,NIFTY,2026-12-29,25500.0,CE,
2026-09-08 05:15:00+00:00,134.5,136.15,134.05,135.4,4485.0,68937.0,NIFTY,2026-12-29,25500.0,CE,
2026-09-08 05:20:00+00:00,135.9,136.75,135.25,135.25,3965.0,55171.0,NIFTY,2026-12-29,25500.0,CE,
2026-09-08 05:25:00+00:00,135.15,135.2,134.35,134.65,2080.0,41367.0,NIFTY,2026-12-29,25500.0,CE,
2026-09-08 05:30:00+00:00,134.6,134.65,134.0,134.65,4875.0,55135.0,NIFTY,2026-12-29,25500.0,CE,
2026-09-08 05:35:00+00:00,134.3,135.7,134.25,135.0,5655.0,82664.0,NIFTY,2026-12-29,25500.0,CE,
2026-09-08 05:40:00+00:00,134.6,135.1,134.3,135.1,585.0,27590.0,NIFTY,2026-12-29,25500.0,CE,
2026-09-08 05:45:00+00:00,135.0,135.7,135.0,135.7,390.0,27590.0,NIFTY,2026-12-29,25500.0,CE,
2026-09-08 05:50:00+00:00,134.7,135.65,133.8,134.15,8645.0,55190.0,NIFTY,2026-12-29,25500.0,CE,
2026-09-08 05:55:00+00:00,135.15,135.45,135.05,135.05,8255.0,41395.0,NIFTY,2026-12-29,25500.0,CE,
2026-09-08 06:00:00+00:00,135.15,135.15,134.2,134.2,3900.0,55018.0,NIFTY,2026-12-29,25500.0,CE,
2026-09-08 06:05:00+00:00,134.15,134.4,133.7,134.4,1495.0,41206.0,NIFTY,2026-12-29,25500.0,CE,
2026-09-08 06:10:00+00:00,134.4,134.4,133.3,133.3,910.0,27472.0,NIFTY,2026-12-29,25500.0,CE,
2026-09-08 06:15:00+00:00,133.35,133.75,132.75,132.75,2470.0,54973.0,NIFTY,2026-12-29,25500.0,CE,
2026-09-08 06:20:00+00:00,132.0,132.55,130.85,131.0,40560.0,68516.0,NIFTY,2026-12-29,25500.0,CE,
2026-09-08 06:25:00+00:00,130.6,131.3,129.6,129.6,19695.0,54683.0,NIFTY,2026-12-29,25500.0,CE,
2026-09-08 06:30:00+00:00,130.3,130.3,128.25,128.85,20865.0,68632.0,NIFTY,2026-12-29,25500.0,CE,
2026-09-08 06:35:00+00:00,129.25,129.55,128.3,128.5,9425.0,68966.0,NIFTY,2026-12-29,25500.0,CE,
2026-09-08 06:40:00+00:00,129.25,130.1,128.3,129.15,18785.0,69157.0,NIFTY,2026-12-29,25500.0,CE,
2026-09-08 06:45:00+00:00,129.6,129.8,128.65,129.55,9555.0,69501.0,NIFTY,2026-12-29,25500.0,CE,
2026-09-08 06:50:00+00:00,129.5,129.9,128.95,129.85,6305.0,69605.0,NIFTY,2026-12-29,25500.0,CE,
2026-09-08 06:55:00+00:00,129.8,129.85,129.1,129.75,7800.0,55733.0,NIFTY,2026-12-29,25500.0,CE,
2026-09-08 07:00:00+00:00,129.95,130.65,129.4,130.5,7735.0,55796.0,NIFTY,2026-12-29,25500.0,CE,
2026-09-08 07:05:00+00:00,130.85,131.55,130.7,131.55,5460.0,55781.0,NIFTY,2026-12-29,25500.0,CE,
2026-09-08 07:10:00+00:00,131.65,131.65,130.0,130.0,4940.0,55757.0,NIFTY,2026-12-29,25500.0,CE,
2026-09-08 07:15:00+00:00,130.15,130.7,130.05,130.7,4030.0,69704.0,NIFTY,2026-12-29,25500.0,CE,
2026-09-08 07:20:00+00:00,130.85,130.95,130.35,130.9,2080.0,41822.0,NIFTY,2026-12-29,25500.0,CE,
2026-09-08 07:25:00+00:00,131.0,131.6,131.0,131.5,715.0,27881.0,NIFTY,2026-12-29,25500.0,CE,
2026-09-08 07:30:00+00:00,131.4,131.4,129.75,129.75,5525.0,55779.0,NIFTY,2026-12-29,25500.0,CE,
2026-09-08 07:35:00+00:00,130.0,130.55,129.45,130.2,2210.0,69867.0,NIFTY,2026-12-29,25500.0,CE,
2026-09-08 07:40:00+00:00,130.25,130.45,129.1,130.45,3315.0,41932.0,NIFTY,2026-12-29,25500.0,CE,
2026-09-08 07:45:00+00:00,131.1,131.1,129.8,129.9,1625.0,55892.0,NIFTY,2026-12-29,25500.0,CE,
2026-09-08 07:50:00+00:00,130.0,130.4,129.65,130.4,1495.0,55872.0,NIFTY,2026-12-29,25500.0,CE,
2026-09-08 07:55:00+00:00,129.95,129.95,129.0,129.0,780.0,41918.0,NIFTY,2026-12-29,25500.0,CE,
2026-09-08 08:00:00+00:00,128.95,129.3,127.85,127.85,4290.0,13960.0,NIFTY,2026-12-29,25500.0,CE,
2026-09-08 08:05:00+00:00,128.4,129.55,128.4,128.8,715.0,41893.0,NIFTY,2026-12-29,25500.0,CE,
2026-09-08 08:10:00+00:00,128.3,128.9,128.3,128.3,1430.0,27922.0,NIFTY,2026-12-29,25500.0,CE,
2026-09-08 08:15:00+00:00,128.2,128.2,127.25,127.85,5330.0,55758.0,NIFTY,2026-12-29,25500.0,CE,
2026-09-08 08:20:00+00:00,127.8,127.9,126.5,127.55,17030.0,83611.0,NIFTY,2026-12-29,25500.0,CE,
2026-09-08 08:25:00+00:00,127.7,128.4,127.7,128.4,5200.0,69683.0,NIFTY,2026-12-29,25500.0,CE,
2026-09-08 08:30:00+00:00,128.6,128.6,127.1,128.0,10205.0,69702.0,NIFTY,2026-12-29,25500.0,CE,
2026-09-08 08:35:00+00:00,127.8,128.4,127.8,128.4,3250.0,55889.0,NIFTY,2026-12-29,25500.0,CE,
2026-09-08 08:40:00+00:00,128.4,129.55,128.4,129.55,1495.0,41969.0,NIFTY,2026-12-29,25500.0,CE,
2026-09-08 08:45:00+00:00,129.85,129.85,129.05,129.35,1365.0,41972.0,NIFTY,2026-12-29,25500.0,CE,
2026-09-08 08:50:00+00:00,129.35,129.55,129.05,129.05,1365.0,55927.0,NIFTY,2026-12-29,25500.0,CE,
2026-09-08 08:55:00+00:00,129.6,129.6,128.05,128.85,1950.0,27958.0,NIFTY,2026-12-29,25500.0,CE,
2026-09-08 09:00:00+00:00,129.0,129.7,127.75,129.4,6045.0,83960.0,NIFTY,2026-12-29,25500.0,CE,
2026-09-08 09:05:00+00:00,129.35,129.75,128.9,128.9,3640.0,56083.0,NIFTY,2026-12-29,25500.0,CE,
2026-09-08 09:10:00+00:00,129.0,130.45,128.5,130.1,6305.0,70138.0,NIFTY,2026-12-29,25500.0,CE,
2026-09-08 09:15:00+00:00,130.3,130.3,129.1,129.8,4940.0,70116.0,NIFTY,2026-12-29,25500.0,CE,
2026-09-08 09:20:00+00:00,129.5,129.6,128.8,129.15,5590.0,56160.0,NIFTY,2026-12-29,25500.0,CE,
2026-09-08 09:25:00+00:00,129.1,129.95,128.75,128.95,5135.0,70291.0,NIFTY,2026-12-29,25500.0,CE,
2026-09-08 09:30:00+00:00,129.05,131.6,129.0,130.15,5915.0,70431.0,NIFTY,2026-12-29,25500.0,CE,
2026-09-08 09:35:00+00:00,130.15,130.15,128.45,129.8,14755.0,28213.0,NIFTY,2026-12-29,25500.0,CE,
2026-09-08 09:40:00+00:00,130.5,131.6,129.4,129.4,13975.0,70593.0,NIFTY,2026-12-29,25500.0,CE,
2026-09-08 09:45:00+00:00,129.3,130.9,129.05,129.5,18590.0,84899.0,NIFTY,2026-12-29,25500.0,CE,
2026-09-08 09:50:00+00:00,129.65,129.65,127.2,127.75,13195.0,56621.0,NIFTY,2026-12-29,25500.0,CE,
2026-09-08 09:55:00+00:00,127.7,129.9,127.5,128.0,8125.0,56746.0,NIFTY,2026-12-29,25500.0,CE,
2026-09-08 10:00:00+00:00,129.85,129.85,127.85,128.6,4810.0,70956.0,NIFTY,2026-12-29,25500.0,CE,
2026-09-08 10:05:00+00:00,128.2,128.7,127.05,127.6,6695.0,71102.0,NIFTY,2026-12-29,25500.0,CE,
2026-09-09 03:45:00+00:00,115.35,117.9,114.8,117.9,23595.0,71299.0,NIFTY,2026-12-29,25500.0,CE,
2026-09-09 03:50:00+00:00,117.5,118.9,116.5,118.05,21840.0,57222.0,NIFTY,2026-12-29,25500.0,CE,
2026-09-09 03:55:00+00:00,118.8,119.2,117.7,118.95,32370.0,71818.0,NIFTY,2026-12-29,25500.0,CE,
2026-09-09 04:00:00+00:00,118.6,119.6,117.45,118.25,21190.0,72040.0,NIFTY,2026-12-29,25500.0,CE,
2026-09-09 04:05:00+00:00,118.2,119.85,117.4,118.7,14300.0,72431.0,NIFTY,2026-12-29,25500.0,CE,
2026-09-09 04:10:00+00:00,118.25,118.85,117.15,118.35,9230.0,72540.0,NIFTY,2026-12-29,25500.0,CE,
2026-09-09 04:15:00+00:00,118.4,118.4,115.1,115.65,38870.0,57742.0,NIFTY,2026-12-29,25500.0,CE,
2026-09-09 04:20:00+00:00,115.25,116.65,115.0,115.75,35750.0,71607.0,NIFTY,2026-12-29,25500.0,CE,
2026-09-09 04:25:00+00:00,115.65,115.95,114.1,114.7,34125.0,71412.0,NIFTY,2026-12-29,25500.0,CE,
2026-09-09 04:30:00+00:00,114.15,114.35,112.85,113.1,23010.0,71264.0,NIFTY,2026-12-29,25500.0,CE,
2026-09-09 04:35:00+00:00,113.4,113.7,112.45,112.85,18720.0,56888.0,NIFTY,2026-12-29,25500.0,CE,
2026-09-09 04:40:00+00:00,113.0,113.25,112.05,112.65,21645.0,56875.0,NIFTY,2026-12-29,25500.0,CE,
2026-09-09 04:45:00+00:00,112.75,115.0,112.4,114.3,22880.0,70826.0,NIFTY,2026-12-29,25500.0,CE,
2026-09-09 04:50:00+00:00,114.45,117.8,114.3,117.0,10400.0,70539.0,NIFTY,2026-12-29,25500.0,CE,
2026-09-09 04:55:00+00:00,116.75,117.5,116.0,117.5,8060.0,70664.0,NIFTY,2026-12-29,25500.0,CE,
2026-09-09 05:00:00+00:00,117.65,117.95,115.8,115.8,9555.0,70697.0,NIFTY,2026-12-29,25500.0,CE,
2026-09-09 05:05:00+00:00,115.25,115.75,114.0,114.1,6045.0,70715.0,NIFTY,2026-12-29,25500.0,CE,
2026-09-09 05:10:00+00:00,114.8,114.8,113.5,114.1,7475.0,70550.0,NIFTY,2026-12-29,25500.0,CE,
2026-09-09 05:15:00+00:00,114.65,115.8,114.1,115.35,4680.0,70495.0,NIFTY,2026-12-29,25500.0,CE,
2026-09-09 05:20:00+00:00,115.45,115.95,114.6,115.95,2600.0,42276.0,NIFTY,2026-12-29,25500.0,CE,
2026-09-09 05:25:00+00:00,115.75,116.0,115.0,115.65,7215.0,70511.0,NIFTY,2026-12-29,25500.0,CE,
2026-09-09 05:30:00+00:00,115.95,117.0,115.95,116.15,7020.0,70543.0,NIFTY,2026-12-29,25500.0,CE,
2026-09-09 05:35:00+00:00,116.2,116.35,115.35,115.6,10660.0,70610.0,NIFTY,2026-12-29,25500.0,CE,
2026-09-09 05:40:00+00:00,115.5,115.9,115.0,115.0,5395.0,56542.0,NIFTY,2026-12-29,25500.0,CE,
2026-09-09 05:45:00+00:00,115.05,115.6,114.4,114.65,24440.0,56098.0,NIFTY,2026-12-29,25500.0,CE,
2026-09-09 05:50:00+00:00,115.95,116.0,115.1,115.1,650.0,41761.0,NIFTY,2026-12-29,25500.0,CE,
2026-09-09 05:55:00+00:00,115.55,115.85,115.0,115.3,2665.0,69639.0,NIFTY,2026-12-29,25500.0,CE,
2026-09-09 06:00:00+00:00,115.6,115.9,115.1,115.1,3575.0,55786.0,NIFTY,2026-12-29,25500.0,CE,
2026-09-09 06:05:00+00:00,115.2,115.25,114.9,114.9,1300.0,13960.0,NIFTY,2026-12-29,25500.0,CE,
2026-09-09 06:10:00+00:00,115.45,116.35,115.4,116.1,4095.0,55896.0,NIFTY,2026-12-29,25500.0,CE,
2026-09-09 06:15:00+00:00,116.25,116.25,115.25,115.25,5460.0,41928.0,NIFTY,2026-12-29,25500.0,CE,
2026-09-09 06:20:00+00:00,115.1,115.35,113.9,114.15,13130.0,83745.0,NIFTY,2026-12-29,25500.0,CE,
2026-09-09 06:25:00+00:00,114.45,114.85,113.15,113.7,26715.0,69331.0,NIFTY,2026-12-29,25500.0,CE,
2026-09-09 06:30:00+00:00,113.75,114.7,113.1,113.1,19890.0,68317.0,NIFTY,2026-12-29,25500.0,CE,
2026-09-09 06:35:00+00:00,113.2,114.15,112.7,113.7,9490.0,54599.0,NIFTY,2026-12-29,25500.0,CE,
2026-09-09 06:40:00+00:00,113.5,114.0,113.0,114.0,2275.0,68246.0,NIFTY,2026-12-29,25500.0,CE,
2026-09-09 06:45:00+00:00,113.75,114.15,112.8,113.1,9035.0,68228.0,NIFTY,2026-12-29,25500.0,CE,
2026-09-09 06:50:00+00:00,113.05,113.1,112.35,112.75,4550.0,68329.0,NIFTY,2026-12-29,25500.0,CE,
2026-09-09 06:55:00+00:00,113.0,114.25,112.85,114.25,18980.0,69023.0,NIFTY,2026-12-29,25500.0,CE,
2026-09-09 07:00:00+00:00,115.05,119.1,115.05,118.95,5655.0,41453.0,NIFTY,2026-12-29,25500.0,CE,
2026-09-09 07:05:00+00:00,118.45,121.8,118.45,120.95,16185.0,69021.0,NIFTY,2026-12-29,25500.0,CE,
2026-09-09 07:10:00+00:00,121.0,122.25,120.0,120.9,29120.0,68184.0,NIFTY,2026-12-29,25500.0,CE,
2026-09-09 07:15:00+00:00,120.7,122.75,120.4,120.45,9360.0,54157.0,NIFTY,2026-12-29,25500.0,CE,
2026-09-09 07:20:00+00:00,120.5,121.05,118.5,118.5,8970.0,53945.0,NIFTY,2026-12-29,25500.0,CE,
2026-09-09 07:25:00+00:00,118.15,121.0,118.0,121.0,3770.0,53966.0,NIFTY,2026-12-29,25500.0,CE,
2026-09-09 07:30:00+00:00,120.95,120.95,118.5,118.9,5915.0,40461.0,NIFTY,2026-12-29,25500.0,CE,
2026-09-09 07:35:00+00:00,118.3,119.4,118.3,118.65,1755.0,26941.0,NIFTY,2026-12-29,25500.0,CE,
2026-09-09 07:40:00+00:00,118.0,118.25,117.15,118.0,910.0,53894.0,NIFTY,2026-12-29,25500.0,CE,
2026-09-09 07:45:00+00:00,117.95,118.0,116.95,117.25,1755.0,40432.0,NIFTY,2026-12-29,25500.0,CE,
2026-09-09 07:50:00+00:00,117.25,118.9,117.25,117.75,2080.0,40424.0,NIFTY,2026-12-29,25500.0,CE,
2026-09-09 07:55:00+00:00,117.75,120.05,117.75,120.05,4290.0,26925.0,NIFTY,2026-12-29,25500.0,CE,
2026-09-09 08:00:00+00:00,119.15,119.9,119.0,119.0,3835.0,40353.0,NIFTY,2026-12-29,25500.0,CE,
2026-09-09 08:05:00+00:00,118.9,119.05,118.05,119.05,1105.0,40342.0,NIFTY,2026-12-29,25500.0,CE,
2026-09-09 08:10:00+00:00,119.05,119.05,119.05,119.05,780.0,13448.0,NIFTY,2026-12-29,25500.0,CE,
2026-09-09 08:15:00+00:00,119.0,119.0,118.05,118.4,4420.0,26896.0,NIFTY,2026-12-29,25500.0,CE,
2026-09-09 08:20:00+00:00,118.7,119.0,118.0,118.0,2470.0,53786.0,NIFTY,2026-12-29,25500.0,CE,
2026-09-09 08:25:00+00:00,118.0,118.2,117.45,118.2,650.0,40318.0,NIFTY,2026-12-29,25500.0,CE,
2026-09-09 08:30:00+00:00,120.7,121.0,119.85,120.15,9165.0,40251.0,NIFTY,2026-12-29,25500.0,CE,
2026-09-09 08:35:00+00:00,119.25,120.8,119.05,119.05,6760.0,40128.0,NIFTY,2026-12-29,25500.0,CE,
2026-09-09 08:40:00+00:00,118.15,119.05,117.85,117.85,13195.0,66438.0,NIFTY,2026-12-29,25500.0,CE,
2026-09-09 08:45:00+00:00,117.5,117.8,116.65,116.8,5200.0,39760.0,NIFTY,2026-12-29,25500.0,CE,
2026-09-09 08:50:00+00:00,116.75,118.5,116.75,117.95,2795.0,53089.0,NIFTY,2026-12-29,25500.0,CE,
2026-09-09 08:55:00+00:00,118.0,118.0,117.0,117.5,10140.0,79933.0,NIFTY,2026-12-29,25500.0,CE,
2026-09-09 09:00:00+00:00,117.6,117.6,114.95,115.05,8775.0,66640.0,NIFTY,2026-12-29,25500.0,CE,
2026-09-09 09:05:00+00:00,114.8,115.15,113.4,113.4,5070.0,66715.0,NIFTY,2026-12-29,25500.0,CE,
2026-09-09 09:10:00+00:00,113.45,114.15,113.35,113.5,4940.0,66744.0,NIFTY,2026-12-29,25500.0,CE,
2026-09-09 09:15:00+00:00,113.35,113.95,113.05,113.95,11375.0,66637.0,NIFTY,2026-12-29,25500.0,CE,
2026-09-09 09:20:00+00:00,113.55,114.0,113.5,113.8,5980.0,53071.0,NIFTY,2026-12-29,25500.0,CE,
2026-09-09 09:25:00+00:00,113.75,114.25,113.5,113.85,3315.0,52997.0,NIFTY,2026-12-29,25500.0,CE,
2026-09-09 09:30:00+00:00,113.65,114.05,111.65,112.05,29900.0,66027.0,NIFTY,2026-12-29,25500.0,CE,
2026-09-09 09:35:00+00:00,111.8,112.45,111.0,111.95,25090.0,64346.0,NIFTY,2026-12-29,25500.0,CE,
2026-09-09 09:40:00+00:00,111.5,112.65,111.5,112.1,11440.0,64349.0,NIFTY,2026-12-29,25500.0,CE,
2026-09-09 09:45:00+00:00,112.0,112.9,111.85,112.0,41990.0,64433.0,NIFTY,2026-12-29,25500.0,CE,
2026-09-09 09:50:00+00:00,112.15,112.35,111.0,111.5,25350.0,64601.0,NIFTY,2026-12-29,25500.0,CE,
2026-09-09 09:55:00+00:00,111.55,111.6,110.1,111.45,24895.0,64669.0,NIFTY,2026-12-29,25500.0,CE,
2026-09-09 10:00:00+00:00,110.95,110.95,110.0,110.8,10465.0,64730.0,NIFTY,2026-12-29,25500.0,CE,
2026-09-09 10:05:00+00:00,110.65,110.9,109.15,109.15,13325.0,64814.0,NIFTY,2026-12-29,25500.0,CE,
2026-09-10 03:45:00+00:00,109.65,119.0,107.05,110.2,21125.0,47637.0,NIFTY,2026-12-29,25500.0,CE,
2026-09-10 03:50:00+00:00,109.4,109.85,104.65,105.15,18005.0,59626.0,NIFTY,2026-12-29,25500.0,CE,
2026-09-10 03:55:00+00:00,105.85,107.7,104.85,106.0,16185.0,59957.0,NIFTY,2026-12-29,25500.0,CE,
2026-09-10 04:00:00+00:00,107.85,107.85,104.35,105.1,13845.0,59583.0,NIFTY,2026-12-29,25500.0,CE,
2026-09-10 04:05:00+00:00,105.05,105.7,104.0,104.0,13650.0,59213.0,NIFTY,2026-12-29,25500.0,CE,
2026-09-10 04:10:00+00:00,104.05,105.45,104.0,104.85,3900.0,59065.0,NIFTY,2026-12-29,25500.0,CE,
2026-09-10 04:15:00+00:00,104.55,104.85,103.85,104.5,6890.0,59150.0,NIFTY,2026-12-29,25500.0,CE,
2026-09-10 04:20:00+00:00,104.65,105.65,104.25,104.8,8970.0,47349.0,NIFTY,2026-12-29,25500.0,CE,
2026-09-10 04:25:00+00:00,105.0,105.75,103.95,104.45,4615.0,47320.0,NIFTY,2026-12-29,25500.0,CE,
2026-09-10 04:30:00+00:00,104.05,105.2,103.7,105.2,82680.0,58589.0,NIFTY,2026-12-29,25500.0,CE,
2026-09-10 04:35:00+00:00,105.05,106.0,105.0,105.5,36140.0,58103.0,NIFTY,2026-12-29,25500.0,CE,
2026-09-10 04:40:00+00:00,105.65,106.55,105.5,106.5,29640.0,57372.0,NIFTY,2026-12-29,25500.0,CE,
2026-09-10 04:45:00+00:00,106.55,107.85,106.55,107.2,3705.0,45470.0,NIFTY,2026-12-29,25500.0,CE,
2026-09-10 04:50:00+00:00,107.1,107.1,106.4,106.4,44525.0,56533.0,NIFTY,2026-12-29,25500.0,CE,
2026-09-10 04:55:00+00:00,106.3,106.3,105.0,105.8,4420.0,44853.0,NIFTY,2026-12-29,25500.0,CE,
2026-09-10 05:00:00+00:00,105.7,105.7,104.75,105.0,3055.0,43979.0,NIFTY,2026-12-29,25500.0,CE,
2026-09-10 05:05:00+00:00,104.65,105.0,104.1,105.0,2275.0,21966.0,NIFTY,2026-12-29,25500.0,CE,
2026-09-10 05:10:00+00:00,104.5,104.5,103.25,103.95,8515.0,43947.0,NIFTY,2026-12-29,25500.0,CE,
2026-09-10 05:15:00+00:00,103.8,104.05,102.1,102.2,17875.0,54296.0,NIFTY,2026-12-29,25500.0,CE,
2026-09-10 05:20:00+00:00,102.1,102.6,102.0,102.15,1755.0,43293.0,NIFTY,2026-12-29,25500.0,CE,
2026-09-10 05:25:00+00:00,101.6,101.6,100.0,100.2,16510.0,65076.0,NIFTY,2026-12-29,25500.0,CE,
2026-09-10 05:30:00+00:00,100.9,101.95,100.7,101.5,11700.0,43719.0,NIFTY,2026-12-29,25500.0,CE,
2026-09-10 05:35:00+00:00,101.05,102.2,101.05,102.2,18980.0,54637.0,NIFTY,2026-12-29,25500.0,CE,
2026-09-10 05:40:00+00:00,102.0,103.2,101.9,102.75,20865.0,43808.0,NIFTY,2026-12-29,25500.0,CE,
2026-09-10 05:45:00+00:00,104.25,104.3,103.7,103.9,5980.0,44252.0,NIFTY,2026-12-29,25500.0,CE,
2026-09-10 05:50:00+00:00,103.75,105.0,103.35,104.95,13585.0,33314.0,NIFTY,2026-12-29,25500.0,CE,
2026-09-10 05:55:00+00:00,105.0,105.25,103.7,103.7,910.0,44367.0,NIFTY,2026-12-29,25500.0,CE,
2026-09-10 06:00:00+00:00,104.0,104.75,104.0,104.2,2990.0,44381.0,NIFTY,2026-12-29,25500.0,CE,
2026-09-10 06:05:00+00:00,103.85,105.25,103.85,104.95,3965.0,66513.0,NIFTY,2026-12-29,25500.0,CE,
2026-09-10 06:10:00+00:00,104.9,104.9,103.75,104.3,2340.0,55305.0,NIFTY,2026-12-29,25500.0,CE,
2026-09-10 06:15:00+00:00,104.9,105.7,104.5,105.7,4030.0,22131.0,NIFTY,2026-12-29,25500.0,CE,
2026-09-10 06:20:00+00:00,105.5,105.55,104.1,105.0,6175.0,44294.0,NIFTY,2026-12-29,25500.0,CE,
2026-09-10 06:25:00+00:00,104.45,105.5,104.45,105.15,2535.0,11079.0,NIFTY,2026-12-29,25500.0,CE,
2026-09-10 06:30:00+00:00,105.35,105.9,105.35,105.8,1040.0,22157.0,NIFTY,2026-12-29,25500.0,CE,
2026-09-10 06:35:00+00:00,105.8,105.8,104.65,104.65,650.0,22153.0,NIFTY,2026-12-29,25500.0,CE,
2026-09-10 06:40:00+00:00,105.2,106.45,104.65,106.45,3380.0,33231.0,NIFTY,2026-12-29,25500.0,CE,
2026-09-10 06:45:00+00:00,106.85,107.0,105.7,106.05,1690.0,44370.0,NIFTY,2026-12-29,25500.0,CE,
2026-09-10 06:50:00+00:00,106.05,107.0,105.45,105.45,1105.0,33282.0,NIFTY,2026-12-29,25500.0,CE,
2026-09-10 06:55:00+00:00,105.45,105.45,105.0,105.0,715.0,22191.0,NIFTY,2026-12-29,25500.0,CE,
2026-09-10 07:00:00+00:00,105.05,105.05,104.8,104.8,845.0,33293.0,NIFTY,2026-12-29,25500.0,CE,
2026-09-10 07:05:00+00:00,105.7,105.7,105.0,105.65,1170.0,33292.0,NIFTY,2026-12-29,25500.0,CE,
2026-09-10 07:10:00+00:00,105.65,105.95,105.45,105.95,1170.0,11092.0,NIFTY,2026-12-29,25500.0,CE,
2026-09-10 07:15:00+00:00,105.9,106.2,105.0,105.65,1950.0,33291.0,NIFTY,2026-12-29,25500.0,CE,
2026-09-10 07:20:00+00:00,106.0,106.15,106.0,106.15,195.0,22207.0,NIFTY,2026-12-29,25500.0,CE,
2026-09-10 07:25:00+00:00,105.55,105.55,105.5,105.5,1105.0,22204.0,NIFTY,2026-12-29,25500.0,CE,
2026-09-10 07:30:00+00:00,105.0,105.5,105.0,105.5,5850.0,22150.0,NIFTY,2026-12-29,25500.0,CE,
2026-09-10 07:35:00+00:00,105.4,105.4,104.0,104.75,6240.0,44399.0,NIFTY,2026-12-29,25500.0,CE,
2026-09-10 07:40:00+00:00,105.0,105.35,104.2,104.8,1170.0,33345.0,NIFTY,2026-12-29,25500.0,CE,
2026-09-10 07:45:00+00:00,106.0,106.0,105.45,106.0,390.0,22241.0,NIFTY,2026-12-29,25500.0,CE,
2026-09-10 07:50:00+00:00,105.95,105.95,105.05,105.05,260.0,11122.0,NIFTY,2026-12-29,25500.0,CE,
2026-09-10 07:55:00+00:00,105.75,105.9,105.35,105.35,1690.0,44490.0,NIFTY,2026-12-29,25500.0,CE,
2026-09-10 08:00:00+00:00,105.3,105.8,104.9,105.1,3445.0,33354.0,NIFTY,2026-12-29,25500.0,CE,
2026-09-10 08:05:00+00:00,105.4,106.0,105.25,106.0,1300.0,33376.0,NIFTY,2026-12-29,25500.0,CE,
2026-09-10 08:10:00+00:00,106.7,106.95,106.35,106.4,1820.0,11130.0,NIFTY,2026-12-29,25500.0,CE,
2026-09-10 08:15:00+00:00,106.15,107.0,106.1,106.7,2340.0,44609.0,NIFTY,2026-12-29,25500.0,CE,
2026-09-10 08:20:00+00:00,106.1,106.9,105.95,106.6,1820.0,44614.0,NIFTY,2026-12-29,25500.0,CE,
2026-09-10 08:25:00+00:00,106.75,106.8,106.2,106.4,5720.0,44582.0,NIFTY,2026-12-29,25500.0,CE,
2026-09-10 08:30:00+00:00,106.65,106.75,104.95,104.95,5980.0,55576.0,NIFTY,2026-12-29,25500.0,CE,
2026-09-10 08:35:00+00:00,104.7,105.5,103.65,103.65,7150.0,44367.0,NIFTY,2026-12-29,25500.0,CE,
2026-09-10 08:40:00+00:00,104.85,105.0,103.7,104.85,6305.0,22223.0,NIFTY,2026-12-29,25500.0,CE,
2026-09-10 08:45:00+00:00,104.55,105.0,103.8,103.8,3055.0,33324.0,NIFTY,2026-12-29,25500.0,CE,
2026-09-10 08:50:00+00:00,103.95,104.9,103.95,104.9,975.0,22211.0,NIFTY,2026-12-29,25500.0,CE,
2026-09-10 08:55:00+00:00,104.1,104.85,103.6,104.5,1105.0,22216.0,NIFTY,2026-12-29,25500.0,CE,
2026-09-10 09:00:00+00:00,104.15,104.15,103.45,103.9,975.0,33336.0,NIFTY,2026-12-29,25500.0,CE,
2026-09-10 09:05:00+00:00,103.8,103.85,103.2,103.2,2730.0,55634.0,NIFTY,2026-12-29,25500.0,CE,
2026-09-10 09:10:00+00:00,103.4,103.4,102.5,103.15,2405.0,33393.0,NIFTY,2026-12-29,25500.0,CE,
2026-09-10 09:15:00+00:00,103.7,104.35,103.7,104.2,2275.0,22257.0,NIFTY,2026-12-29,25500.0,CE,
2026-09-10 09:20:00+00:00,104.8,105.0,104.0,104.45,2600.0,33361.0,NIFTY,2026-12-29,25500.0,CE,
2026-09-10 09:25:00+00:00,104.2,104.45,102.05,102.6,3120.0,33314.0,NIFTY,2026-12-29,25500.0,CE,
2026-09-10 09:30:00+00:00,102.0,102.1,100.45,101.0,1885.0,33311.0,NIFTY,2026-12-29,25500.0,CE,
2026-09-10 09:35:00+00:00,100.7,101.45,100.3,101.05,2990.0,22211.0,NIFTY,2026-12-29,25500.0,CE,
2026-09-10 09:40:00+00:00,100.45,100.45,99.0,99.4,18720.0,44756.0,NIFTY,2026-12-29,25500.0,CE,
2026-09-10 09:45:00+00:00,99.85,100.0,99.0,99.0,6370.0,67428.0,NIFTY,2026-12-29,25500.0,CE,
2026-09-10 09:50:00+00:00,100.0,100.95,99.5,100.5,4745.0,44951.0,NIFTY,2026-12-29,25500.0,CE,
2026-09-10 09:55:00+00:00,100.7,101.0,99.6,100.05,11895.0,45132.0,NIFTY,2026-12-29,25500.0,CE,
2026-09-10 10:00:00+00:00,100.5,100.6,98.85,98.85,13520.0,56739.0,NIFTY,2026-12-29,25500.0,CE,
2026-09-10 10:05:00+00:00,99.1,101.0,99.1,100.4,14690.0,56854.0,NIFTY,2026-12-29,25500.0,CE,
2026-09-10 10:10:00+00:00,100.4,100.4,100.4,100.4,520.0,,NIFTY,2026-12-29,25500.0,CE,
2026-09-11 03:45:00+00:00,89.95,93.95,87.1,93.95,32370.0,45295.0,NIFTY,2026-12-29,25500.0,CE,
2026-09-11 03:50:00+00:00,93.3,95.15,92.55,93.95,16315.0,45212.0,NIFTY,2026-12-29,25500.0,CE,
2026-09-11 03:55:00+00:00,93.1,93.6,92.05,92.8,22815.0,56423.0,NIFTY,2026-12-29,25500.0,CE,
2026-09-11 04:00:00+00:00,93.0,95.0,92.35,93.25,42510.0,56156.0,NIFTY,2026-12-29,25500.0,CE,
2026-09-11 04:05:00+00:00,93.1,93.65,93.0,93.05,16315.0,44796.0,NIFTY,2026-12-29,25500.0,CE,
2026-09-11 04:10:00+00:00,93.0,93.1,92.5,93.05,15470.0,55807.0,NIFTY,2026-12-29,25500.0,CE,
2026-09-11 04:15:00+00:00,93.1,93.25,91.55,92.6,14690.0,55534.0,NIFTY,2026-12-29,25500.0,CE,
2026-09-11 04:20:00+00:00,92.85,93.0,92.2,92.5,8060.0,55290.0,NIFTY,2026-12-29,25500.0,CE,
2026-09-11 04:25:00+00:00,93.0,93.0,92.05,92.4,4875.0,44291.0,NIFTY,2026-12-29,25500.0,CE,
2026-09-11 04:30:00+00:00,92.3,93.5,92.25,93.5,6630.0,33235.0,NIFTY,2026-12-29,25500.0,CE,
2026-09-11 04:35:00+00:00,92.9,93.9,92.65,93.9,9750.0,55313.0,NIFTY,2026-12-29,25500.0,CE,
2026-09-11 04:40:00+00:00,93.65,96.25,93.4,96.2,28860.0,55084.0,NIFTY,2026-12-29,25500.0,CE,
2026-09-11 04:45:00+00:00,96.1,96.4,96.0,96.2,10985.0,54781.0,NIFTY,2026-12-29,25500.0,CE,
2026-09-11 04:50:00+00:00,96.9,98.35,96.5,96.5,10075.0,54797.0,NIFTY,2026-12-29,25500.0,CE,
2026-09-11 04:55:00+00:00,96.85,96.85,95.0,95.05,16640.0,54396.0,NIFTY,2026-12-29,25500.0,CE,
2026-09-11 05:00:00+00:00,95.0,95.15,93.9,94.5,4225.0,43158.0,NIFTY,2026-12-29,25500.0,CE,
2026-09-11 05:05:00+00:00,94.2,95.15,94.2,95.0,3900.0,53928.0,NIFTY,2026-12-29,25500.0,CE,
2026-09-11 05:10:00+00:00,94.25,94.85,94.05,94.7,5265.0,53813.0,NIFTY,2026-12-29,25500.0,CE,
2026-09-11 05:15:00+00:00,95.5,95.95,93.9,93.9,7475.0,43057.0,NIFTY,2026-12-29,25500.0,CE,
2026-09-11 05:20:00+00:00,93.75,93.95,93.25,93.8,2795.0,53836.0,NIFTY,2026-12-29,25500.0,CE,
2026-09-11 05:25:00+00:00,93.6,93.85,93.05,93.25,2210.0,21523.0,NIFTY,2026-12-29,25500.0,CE,
2026-09-11 05:30:00+00:00,94.4,94.85,93.8,94.35,3575.0,53778.0,NIFTY,2026-12-29,25500.0,CE,
2026-09-11 05:35:00+00:00,93.7,94.75,93.7,94.7,2275.0,32283.0,NIFTY,2026-12-29,25500.0,CE,
2026-09-11 05:40:00+00:00,94.5,98.45,94.5,98.45,6240.0,53916.0,NIFTY,2026-12-29,25500.0,CE,
2026-09-11 05:45:00+00:00,98.5,100.0,95.9,98.3,8840.0,54022.0,NIFTY,2026-12-29,25500.0,CE,
2026-09-11 05:50:00+00:00,98.15,99.95,97.3,99.05,3770.0,43291.0,NIFTY,2026-12-29,25500.0,CE,
2026-09-11 05:55:00+00:00,99.5,100.5,98.6,99.05,2405.0,43295.0,NIFTY,2026-12-29,25500.0,CE,
2026-09-11 06:00:00+00:00,99.0,99.05,97.55,99.05,3640.0,54096.0,NIFTY,2026-12-29,25500.0,CE,
2026-09-11 06:05:00+00:00,98.95,100.0,98.75,98.75,4030.0,64932.0,NIFTY,2026-12-29,25500.0,CE,
2026-09-11 06:10:00+00:00,99.4,100.0,98.75,98.8,3705.0,21646.0,NIFTY,2026-12-29,25500.0,CE,
2026-09-11 06:15:00+00:00,99.9,101.3,99.3,99.3,2665.0,32533.0,NIFTY,2026-12-29,25500.0,CE,
2026-09-11 06:20:00+00:00,100.45,100.45,99.05,99.1,325.0,21695.0,NIFTY,2026-12-29,25500.0,CE,
2026-09-11 06:25:00+00:00,98.7,100.9,98.7,99.9,1300.0,32539.0,NIFTY,2026-12-29,25500.0,CE,
2026-09-11 06:30:00+00:00,99.95,100.35,99.25,100.35,1690.0,10844.0,NIFTY,2026-12-29,25500.0,CE,
2026-09-11 06:35:00+00:00,99.9,99.9,98.95,99.7,260.0,32492.0,NIFTY,2026-12-29,25500.0,CE,
2026-09-11 06:40:00+00:00,99.05,99.05,95.95,96.2,780.0,32486.0,NIFTY,2026-12-29,25500.0,CE,
2026-09-11 06:45:00+00:00,97.0,98.1,97.0,98.1,2665.0,32477.0,NIFTY,2026-12-29,25500.0,CE,
2026-09-11 06:50:00+00:00,97.4,100.0,97.35,97.7,14690.0,43133.0,NIFTY,2026-12-29,25500.0,CE,
2026-09-11 06:55:00+00:00,97.8,97.8,96.55,97.3,3315.0,53730.0,NIFTY,2026-12-29,25500.0,CE,
2026-09-11 07:00:00+00:00,98.0,98.05,97.1,98.0,8515.0,10713.0,NIFTY,2026-12-29,25500.0,CE,
2026-09-11 07:05:00+00:00,98.0,99.25,97.7,98.0,13260.0,42703.0,NIFTY,2026-12-29,25500.0,CE,
2026-09-11 07:10:00+00:00,97.9,99.55,97.65,99.45,3770.0,42557.0,NIFTY,2026-12-29,25500.0,CE,
2026-09-11 07:15:00+00:00,98.25,98.55,97.75,97.75,1300.0,21284.0,NIFTY,2026-12-29,25500.0,CE,
2026-09-11 07:20:00+00:00,97.8,98.15,97.25,97.25,1235.0,31911.0,NIFTY,2026-12-29,25500.0,CE,
2026-09-11 07:25:00+00:00,98.7,98.85,97.5,98.75,910.0,21268.0,NIFTY,2026-12-29,25500.0,CE,
2026-09-11 07:30:00+00:00,97.85,97.9,96.5,96.5,1365.0,31879.0,NIFTY,2026-12-29,25500.0,CE,
2026-09-11 07:35:00+00:00,95.75,96.5,95.75,96.0,1625.0,21230.0,NIFTY,2026-12-29,25500.0,CE,
2026-09-11 07:40:00+00:00,96.25,96.65,95.85,96.65,4160.0,42491.0,NIFTY,2026-12-29,25500.0,CE,
2026-09-11 07:45:00+00:00,96.65,96.65,96.05,96.15,845.0,31924.0,NIFTY,2026-12-29,25500.0,CE,
2026-09-11 07:50:00+00:00,96.15,96.75,96.1,96.75,780.0,31939.0,NIFTY,2026-12-29,25500.0,CE,
2026-09-11 07:55:00+00:00,96.5,97.85,96.5,97.65,3380.0,31942.0,NIFTY,2026-12-29,25500.0,CE,
2026-09-11 08:00:00+00:00,97.75,98.35,97.6,97.7,1495.0,21281.0,NIFTY,2026-12-29,25500.0,CE,
2026-09-11 08:05:00+00:00,96.6,96.7,95.75,96.7,1170.0,10637.0,NIFTY,2026-12-29,25500.0,CE,
2026-09-11 08:10:00+00:00,96.4,97.7,95.0,97.45,10790.0,31794.0,NIFTY,2026-12-29,25500.0,CE,
2026-09-11 08:15:00+00:00,96.6,97.05,96.55,97.05,1170.0,31772.0,NIFTY,2026-12-29,25500.0,CE,
2026-09-11 08:20:00+00:00,97.95,100.45,97.95,100.45,9750.0,52857.0,NIFTY,2026-12-29,25500.0,CE,
2026-09-11 08:25:00+00:00,100.95,102.9,100.3,100.8,3380.0,42199.0,NIFTY,2026-12-29,25500.0,CE,
2026-09-11 08:30:00+00:00,101.55,107.7,101.55,107.0,7670.0,52738.0,NIFTY,2026-12-29,25500.0,CE,
2026-09-11 08:35:00+00:00,107.95,107.95,102.25,103.0,10660.0,52941.0,NIFTY,2026-12-29,25500.0,CE,
2026-09-11 08:40:00+00:00,102.5,102.65,101.3,101.3,3055.0,21209.0,NIFTY,2026-12-29,25500.0,CE,
2026-09-11 08:45:00+00:00,102.8,102.95,102.3,102.9,845.0,31810.0,NIFTY,2026-12-29,25500.0,CE,
2026-09-11 08:50:00+00:00,102.35,104.4,102.35,104.4,1560.0,42391.0,NIFTY,2026-12-29,25500.0,CE,
2026-09-11 08:55:00+00:00,104.6,105.05,103.3,104.9,4225.0,42423.0,NIFTY,2026-12-29,25500.0,CE,
2026-09-11 09:00:00+00:00,104.2,105.15,104.2,105.0,3315.0,53090.0,NIFTY,2026-12-29,25500.0,CE,
2026-09-11 09:05:00+00:00,105.05,105.5,104.9,105.4,17095.0,42586.0,NIFTY,2026-12-29,25500.0,CE,
2026-09-11 09:10:00+00:00,104.95,105.9,104.45,105.7,11765.0,43347.0,NIFTY,2026-12-29,25500.0,CE,
2026-09-11 09:15:00+00:00,105.95,105.95,105.05,105.05,845.0,43460.0,NIFTY,2026-12-29,25500.0,CE,
2026-09-11 09:20:00+00:00,105.05,105.5,105.05,105.5,780.0,21733.0,NIFTY,2026-12-29,25500.0,CE,
2026-09-11 09:25:00+00:00,105.85,105.85,104.45,104.45,2535.0,43466.0,NIFTY,2026-12-29,25500.0,CE,
2026-09-11 09:30:00+00:00,104.45,104.45,103.0,103.0,3835.0,43472.0,NIFTY,2026-12-29,25500.0,CE,
2026-09-11 09:35:00+00:00,102.25,103.9,101.9,103.65,7995.0,54362.0,NIFTY,2026-12-29,25500.0,CE,
2026-09-11 09:40:00+00:00,103.55,105.0,103.5,104.75,8580.0,43672.0,NIFTY,2026-12-29,25500.0,CE,
2026-09-11 09:45:00+00:00,105.0,106.0,104.2,105.5,7995.0,54663.0,NIFTY,2026-12-29,25500.0,CE,
2026-09-11 09:50:00+00:00,106.05,106.05,103.05,103.5,6370.0,43787.0,NIFTY,2026-12-29,25500.0,CE,
2026-09-11 09:55:00+00:00,103.05,103.85,102.25,102.65,1625.0,54720.0,NIFTY,2026-12-29,25500.0,CE,
2026-09-11 10:00:00+00:00,102.95,104.5,102.65,104.0,1885.0,32869.0,NIFTY,2026-12-29,25500.0,CE,
2026-09-11 10:05:00+00:00,104.15,106.95,104.15,106.95,3250.0,32911.0,NIFTY,2026-12-29,25500.0,CE,
2026-09-15 03:45:00+00:00,120.0,120.0,101.4,103.4,11050.0,42851.0,NIFTY,2026-12-29,25500.0,CE,
2026-09-15 03:50:00+00:00,102.5,103.3,101.15,102.0,5070.0,32147.0,NIFTY,2026-12-29,25500.0,CE,
2026-09-15 03:55:00+00:00,101.75,102.5,100.65,100.65,6890.0,42817.0,NIFTY,2026-12-29,25500.0,CE,
2026-09-15 04:00:00+00:00,101.35,101.95,100.1,101.95,10205.0,53496.0,NIFTY,2026-12-29,25500.0,CE,
2026-09-15 04:05:00+00:00,102.0,102.55,100.5,101.15,5005.0,42788.0,NIFTY,2026-12-29,25500.0,CE,
2026-09-15 04:10:00+00:00,101.2,101.4,100.15,100.55,3835.0,42778.0,NIFTY,2026-12-29,25500.0,CE,
2026-09-15 04:15:00+00:00,100.7,100.7,98.05,98.05,7995.0,53316.0,NIFTY,2026-12-29,25500.0,CE,
2026-09-15 04:20:00+00:00,98.5,98.9,98.0,98.0,4030.0,21288.0,NIFTY,2026-12-29,25500.0,CE,
2026-09-15 04:25:00+00:00,97.0,98.25,95.9,96.8,13130.0,53113.0,NIFTY,2026-12-29,25500.0,CE,
2026-09-15 04:30:00+00:00,96.55,97.85,96.45,97.1,2015.0,31988.0,NIFTY,2026-12-29,25500.0,CE,
2026-09-15 04:35:00+00:00,97.5,98.4,97.3,97.55,3185.0,42643.0,NIFTY,2026-12-29,25500.0,CE,
2026-09-15 04:40:00+00:00,97.0,98.2,97.0,97.6,2405.0,42651.0,NIFTY,2026-12-29,25500.0,CE,
2026-09-15 04:45:00+00:00,98.35,98.35,97.2,98.0,2145.0,21339.0,NIFTY,2026-12-29,25500.0,CE,
2026-09-15 04:50:00+00:00,97.4,97.75,97.05,97.5,2535.0,42632.0,NIFTY,2026-12-29,25500.0,CE,
2026-09-15 04:55:00+00:00,97.55,98.35,96.95,96.95,4420.0,53275.0,NIFTY,2026-12-29,25500.0,CE,
2026-09-15 05:00:00+00:00,95.8,97.1,95.8,96.3,5265.0,53274.0,NIFTY,2026-12-29,25500.0,CE,
2026-09-15 05:05:00+00:00,96.5,96.55,96.45,96.55,2275.0,10658.0,NIFTY,2026-12-29,25500.0,CE,
2026-09-15 05:10:00+00:00,96.25,96.25,95.25,95.25,2470.0,42569.0,NIFTY,2026-12-29,25500.0,CE,
2026-09-15 05:15:00+00:00,95.45,95.45,95.0,95.0,10270.0,53142.0,NIFTY,2026-12-29,25500.0,CE,
2026-09-15 05:20:00+00:00,95.05,95.25,94.5,94.5,25350.0,42558.0,NIFTY,2026-12-29,25500.0,CE,
2026-09-15 05:25:00+00:00,94.85,95.05,93.95,94.8,8450.0,43015.0,NIFTY,2026-12-29,25500.0,CE,
2026-09-15 05:30:00+00:00,94.6,96.25,94.45,94.45,5265.0,43155.0,NIFTY,2026-12-29,25500.0,CE,
2026-09-15 05:35:00+00:00,95.85,95.85,94.3,94.3,650.0,32373.0,NIFTY,2026-12-29,25500.0,CE,
2026-09-15 05:40:00+00:00,94.25,96.6,93.9,96.25,1300.0,32371.0,NIFTY,2026-12-29,25500.0,CE,
2026-09-15 05:45:00+00:00,95.7,95.85,95.5,95.5,520.0,10788.0,NIFTY,2026-12-29,25500.0,CE,
2026-09-15 05:50:00+00:00,95.0,95.05,94.3,95.05,2925.0,53976.0,NIFTY,2026-12-29,25500.0,CE,
2026-09-15 05:55:00+00:00,95.05,95.05,95.0,95.0,130.0,10804.0,NIFTY,2026-12-29,25500.0,CE,
2026-09-15 06:00:00+00:00,94.05,95.35,94.05,94.9,1560.0,32419.0,NIFTY,2026-12-29,25500.0,CE,
2026-09-15 06:05:00+00:00,94.6,96.3,94.1,96.0,2340.0,32416.0,NIFTY,2026-12-29,25500.0,CE,
2026-09-15 06:10:00+00:00,95.35,95.9,94.95,95.9,715.0,43245.0,NIFTY,2026-12-29,25500.0,CE,
2026-09-15 06:15:00+00:00,95.05,95.95,95.05,95.95,390.0,43245.0,NIFTY,2026-12-29,25500.0,CE,
2026-09-15 06:20:00+00:00,95.1,95.9,94.6,95.35,2015.0,43265.0,NIFTY,2026-12-29,25500.0,CE,
2026-09-15 06:30:00+00:00,95.65,95.95,95.4,95.4,390.0,10820.0,NIFTY,2026-12-29,25500.0,CE,
2026-09-15 06:35:00+00:00,95.45,96.5,95.25,95.25,2795.0,21635.0,NIFTY,2026-12-29,25500.0,CE,
2026-09-15 06:45:00+00:00,95.75,96.45,95.0,95.4,2340.0,32459.0,NIFTY,2026-12-29,25500.0,CE,
2026-09-15 06:50:00+00:00,95.45,95.45,95.0,95.0,455.0,10820.0,NIFTY,2026-12-29,25500.0,CE,
2026-09-15 06:55:00+00:00,95.4,95.4,95.25,95.25,845.0,21644.0,NIFTY,2026-12-29,25500.0,CE,
2026-09-15 07:00:00+00:00,95.0,95.4,94.15,94.5,3445.0,54105.0,NIFTY,2026-12-29,25500.0,CE,
2026-09-15 07:05:00+00:00,94.2,95.0,94.0,94.55,5330.0,43286.0,NIFTY,2026-12-29,25500.0,CE,
2026-09-15 07:10:00+00:00,94.3,94.45,94.0,94.35,1430.0,43287.0,NIFTY,2026-12-29,25500.0,CE,
2026-09-15 07:15:00+00:00,94.0,94.7,94.0,94.6,3250.0,43202.0,NIFTY,2026-12-29,25500.0,CE,
2026-09-15 07:20:00+00:00,94.7,95.0,94.5,94.75,3380.0,32396.0,NIFTY,2026-12-29,25500.0,CE,
2026-09-15 07:25:00+00:00,94.5,94.5,93.5,93.9,4420.0,21561.0,NIFTY,2026-12-29,25500.0,CE,
2026-09-15 07:30:00+00:00,93.8,93.8,92.5,92.95,5655.0,32301.0,NIFTY,2026-12-29,25500.0,CE,
2026-09-15 07:35:00+00:00,93.25,93.4,93.0,93.0,2990.0,32238.0,NIFTY,2026-12-29,25500.0,CE,
2026-09-15 07:40:00+00:00,93.1,93.25,92.0,92.6,8125.0,53680.0,NIFTY,2026-12-29,25500.0,CE,
2026-09-15 07:45:00+00:00,92.55,92.85,92.0,92.65,6110.0,53545.0,NIFTY,2026-12-29,25500.0,CE,
2026-09-15 07:50:00+00:00,92.7,93.9,92.2,93.1,11245.0,53368.0,NIFTY,2026-12-29,25500.0,CE,
2026-09-15 07:55:00+00:00,93.05,93.9,92.4,93.25,4225.0,42463.0,NIFTY,2026-12-29,25500.0,CE,
2026-09-15 08:00:00+00:00,93.2,93.2,92.15,92.75,4030.0,21214.0,NIFTY,2026-12-29,25500.0,CE,
2026-09-15 08:05:00+00:00,92.45,93.4,92.25,92.35,6435.0,63557.0,NIFTY,2026-12-29,25500.0,CE,
2026-09-15 08:10:00+00:00,92.3,92.45,91.65,92.4,10205.0,52877.0,NIFTY,2026-12-29,25500.0,CE,
2026-09-15 08:15:00+00:00,92.3,93.45,92.3,93.05,5850.0,52874.0,NIFTY,2026-12-29,25500.0,CE,
2026-09-15 08:20:00+00:00,94.1,94.1,93.3,93.3,1625.0,42231.0,NIFTY,2026-12-29,25500.0,CE,
2026-09-15 08:25:00+00:00,93.2,93.85,93.0,93.85,3575.0,42303.0,NIFTY,2026-12-29,25500.0,CE,
2026-09-15 08:30:00+00:00,93.85,94.5,93.05,93.05,4550.0,52800.0,NIFTY,2026-12-29,25500.0,CE,
2026-09-15 08:35:00+00:00,93.1,93.1,92.5,92.95,8125.0,52772.0,NIFTY,2026-12-29,25500.0,CE,
2026-09-15 08:40:00+00:00,92.55,92.95,91.0,91.85,11570.0,52410.0,NIFTY,2026-12-29,25500.0,CE,
2026-09-15 08:45:00+00:00,91.05,91.65,90.0,90.1,10010.0,52246.0,NIFTY,2026-12-29,25500.0,CE,
2026-09-15 08:50:00+00:00,90.0,90.6,90.0,90.0,3705.0,31279.0,NIFTY,2026-12-29,25500.0,CE,
2026-09-15 08:55:00+00:00,90.4,90.7,90.0,90.35,2210.0,41661.0,NIFTY,2026-12-29,25500.0,CE,
2026-09-15 09:00:00+00:00,90.25,91.65,90.0,90.45,15470.0,41644.0,NIFTY,2026-12-29,25500.0,CE,
2026-09-15 09:05:00+00:00,89.25,90.25,89.25,90.0,3900.0,31200.0,NIFTY,2026-12-29,25500.0,CE,
2026-09-15 09:10:00+00:00,89.85,91.0,89.85,90.1,4745.0,52028.0,NIFTY,2026-12-29,25500.0,CE,
2026-09-15 09:15:00+00:00,90.1,90.6,87.15,88.5,10400.0,31162.0,NIFTY,2026-12-29,25500.0,CE,
2026-09-15 09:20:00+00:00,88.4,89.2,88.05,88.05,5395.0,51852.0,NIFTY,2026-12-29,25500.0,CE,
2026-09-15 09:25:00+00:00,88.15,89.0,88.0,88.5,4875.0,31070.0,NIFTY,2026-12-29,25500.0,CE,
2026-09-15 09:30:00+00:00,88.2,89.8,88.15,89.8,3705.0,41361.0,NIFTY,2026-12-29,25500.0,CE,
2026-09-15 09:35:00+00:00,89.6,90.0,89.2,90.0,3705.0,51651.0,NIFTY,2026-12-29,25500.0,CE,
2026-09-15 09:40:00+00:00,89.8,90.0,88.25,89.7,12740.0,62052.0,NIFTY,2026-12-29,25500.0,CE,
2026-09-15 09:45:00+00:00,89.5,90.6,88.0,90.6,11050.0,30854.0,NIFTY,2026-12-29,25500.0,CE,
2026-09-15 09:50:00+00:00,89.6,89.6,88.0,88.05,7995.0,51253.0,NIFTY,2026-12-29,25500.0,CE,
2026-09-15 09:55:00+00:00,88.15,90.3,88.1,89.35,2015.0,40913.0,NIFTY,2026-12-29,25500.0,CE,
2026-09-15 10:00:00+00:00,88.25,88.95,87.2,88.5,12740.0,50955.0,NIFTY,2026-12-29,25500.0,CE,
2026-09-15 10:05:00+00:00,88.2,88.4,86.3,86.3,13975.0,50804.0,NIFTY,2026-12-29,25500.0,CE,
2026-09-16 03:45:00+00:00,85.0,90.95,85.0,88.3,18460.0,39668.0,NIFTY,2026-12-29,25500.0,CE,
2026-09-16 03:50:00+00:00,88.1,88.2,86.05,86.5,10270.0,49704.0,NIFTY,2026-12-29,25500.0,CE,
2026-09-16 03:55:00+00:00,86.45,86.45,84.5,85.2,13195.0,49691.0,NIFTY,2026-12-29,25500.0,CE,
2026-09-16 04:00:00+00:00,84.8,86.45,84.7,86.2,10790.0,39722.0,NIFTY,2026-12-29,25500.0,CE,
2026-09-16 04:05:00+00:00,85.7,85.7,84.0,84.95,21515.0,39778.0,NIFTY,2026-12-29,25500.0,CE,
2026-09-16 04:10:00+00:00,84.5,84.95,83.25,83.25,11115.0,49705.0,NIFTY,2026-12-29,25500.0,CE,
2026-09-16 04:15:00+00:00,83.45,84.5,83.0,83.05,40040.0,49792.0,NIFTY,2026-12-29,25500.0,CE,
2026-09-16 04:20:00+00:00,83.9,86.65,83.8,86.45,10920.0,50456.0,NIFTY,2026-12-29,25500.0,CE,
2026-09-16 04:25:00+00:00,87.35,88.5,85.9,87.55,12480.0,50205.0,NIFTY,2026-12-29,25500.0,CE,
2026-09-16 04:30:00+00:00,87.5,88.0,86.15,86.55,8515.0,40153.0,NIFTY,2026-12-29,25500.0,CE,
2026-09-16 04:35:00+00:00,86.45,87.1,85.2,85.9,3900.0,39915.0,NIFTY,2026-12-29,25500.0,CE,
2026-09-16 04:40:00+00:00,86.0,87.35,85.75,86.0,5265.0,39899.0,NIFTY,2026-12-29,25500.0,CE,
2026-09-16 04:45:00+00:00,86.75,87.5,86.25,86.3,7670.0,39804.0,NIFTY,2026-12-29,25500.0,CE,
2026-09-16 04:50:00+00:00,86.45,87.7,86.45,87.1,4030.0,49743.0,NIFTY,2026-12-29,25500.0,CE,
2026-09-16 04:55:00+00:00,87.75,88.25,87.35,88.0,2210.0,49699.0,NIFTY,2026-12-29,25500.0,CE,
2026-09-16 05:00:00+00:00,88.1,88.25,87.65,87.95,1040.0,19878.0,NIFTY,2026-12-29,25500.0,CE,
2026-09-16 05:05:00+00:00,88.35,89.1,88.1,89.0,18720.0,49546.0,NIFTY,2026-12-29,25500.0,CE,
2026-09-16 05:10:00+00:00,89.2,89.95,89.2,89.8,4550.0,49105.0,NIFTY,2026-12-29,25500.0,CE,
2026-09-16 05:15:00+00:00,89.3,90.65,89.1,90.1,5850.0,49037.0,NIFTY,2026-12-29,25500.0,CE,
2026-09-16 05:20:00+00:00,90.5,91.25,89.65,90.2,14625.0,48817.0,NIFTY,2026-12-29,25500.0,CE,
2026-09-16 05:25:00+00:00,90.5,90.8,90.0,90.15,5395.0,48615.0,NIFTY,2026-12-29,25500.0,CE,
2026-09-16 05:30:00+00:00,90.4,91.2,90.35,90.35,3770.0,29177.0,NIFTY,2026-12-29,25500.0,CE,
2026-09-16 05:35:00+00:00,90.1,90.1,89.15,89.3,3250.0,38965.0,NIFTY,2026-12-29,25500.0,CE,
2026-09-16 05:40:00+00:00,89.9,89.9,88.9,89.0,2600.0,48743.0,NIFTY,2026-12-29,25500.0,CE,
2026-09-16 05:45:00+00:00,89.05,89.6,87.95,88.35,8385.0,48970.0,NIFTY,2026-12-29,25500.0,CE,
2026-09-16 05:50:00+00:00,88.2,88.75,87.7,88.75,7735.0,39135.0,NIFTY,2026-12-29,25500.0,CE,
2026-09-16 05:55:00+00:00,87.55,87.65,86.85,87.5,780.0,29363.0,NIFTY,2026-12-29,25500.0,CE,
2026-09-16 06:00:00+00:00,86.75,87.6,86.75,87.0,780.0,19577.0,NIFTY,2026-12-29,25500.0,CE,
2026-09-16 06:05:00+00:00,86.55,88.2,86.35,87.25,6240.0,39200.0,NIFTY,2026-12-29,25500.0,CE,
2026-09-16 06:10:00+00:00,87.1,87.7,87.0,87.25,3705.0,39319.0,NIFTY,2026-12-29,25500.0,CE,
2026-09-16 06:15:00+00:00,87.0,87.0,85.9,85.95,2015.0,49159.0,NIFTY,2026-12-29,25500.0,CE,
2026-09-16 06:20:00+00:00,86.7,87.05,85.55,86.65,1105.0,9833.0,NIFTY,2026-12-29,25500.0,CE,
2026-09-16 06:25:00+00:00,86.55,86.55,84.7,84.95,3380.0,49186.0,NIFTY,2026-12-29,25500.0,CE,
2026-09-16 06:30:00+00:00,84.85,85.3,84.4,85.3,2015.0,19700.0,NIFTY,2026-12-29,25500.0,CE,
2026-09-16 06:35:00+00:00,84.8,85.95,84.8,85.0,2535.0,39412.0,NIFTY,2026-12-29,25500.0,CE,
2026-09-16 06:40:00+00:00,85.15,86.05,85.15,86.05,6695.0,39405.0,NIFTY,2026-12-29,25500.0,CE,
2026-09-16 06:45:00+00:00,86.05,86.85,85.9,86.85,7020.0,39200.0,NIFTY,2026-12-29,25500.0,CE,
2026-09-16 06:50:00+00:00,86.0,86.1,85.75,86.1,715.0,9768.0,NIFTY,2026-12-29,25500.0,CE,
2026-09-16 06:55:00+00:00,86.0,86.0,85.15,85.6,1040.0,48821.0,NIFTY,2026-12-29,25500.0,CE,
2026-09-16 07:00:00+00:00,85.6,87.4,85.25,87.15,4420.0,48865.0,NIFTY,2026-12-29,25500.0,CE,
2026-09-16 07:05:00+00:00,86.85,86.85,86.0,86.0,2795.0,39200.0,NIFTY,2026-12-29,25500.0,CE,
2026-09-16 07:10:00+00:00,86.25,87.05,86.15,87.05,1300.0,19613.0,NIFTY,2026-12-29,25500.0,CE,
2026-09-16 07:15:00+00:00,86.65,87.4,86.4,86.4,780.0,29417.0,NIFTY,2026-12-29,25500.0,CE,
2026-09-16 07:20:00+00:00,86.5,86.8,86.4,86.8,2990.0,9794.0,NIFTY,2026-12-29,25500.0,CE,
2026-09-16 07:25:00+00:00,86.8,86.9,86.05,86.05,1495.0,39215.0,NIFTY,2026-12-29,25500.0,CE,
2026-09-16 07:35:00+00:00,87.35,89.1,86.55,88.55,3120.0,29427.0,NIFTY,2026-12-29,25500.0,CE,
2026-09-16 07:40:00+00:00,89.2,89.2,87.0,87.0,1950.0,39267.0,NIFTY,2026-12-29,25500.0,CE,
2026-09-16 07:45:00+00:00,87.15,87.5,86.8,87.1,1105.0,19624.0,NIFTY,2026-12-29,25500.0,CE,
2026-09-16 07:50:00+00:00,87.0,87.0,85.55,85.55,1300.0,29412.0,NIFTY,2026-12-29,25500.0,CE,
2026-09-16 07:55:00+00:00,85.5,85.55,84.5,84.55,6695.0,39208.0,NIFTY,2026-12-29,25500.0,CE,
2026-09-16 08:00:00+00:00,84.25,85.8,84.25,84.65,2340.0,39182.0,NIFTY,2026-12-29,25500.0,CE,
2026-09-16 08:05:00+00:00,84.9,85.0,84.0,84.0,2080.0,29354.0,NIFTY,2026-12-29,25500.0,CE,
2026-09-16 08:10:00+00:00,84.1,84.85,84.0,84.15,2210.0,39133.0,NIFTY,2026-12-29,25500.0,CE,
2026-09-16 08:15:00+00:00,84.7,84.7,83.65,83.95,4810.0,29262.0,NIFTY,2026-12-29,25500.0,CE,
2026-09-16 08:20:00+00:00,83.85,83.85,83.85,83.85,195.0,19481.0,NIFTY,2026-12-29,25500.0,CE,
2026-09-16 08:25:00+00:00,83.8,84.3,83.8,84.0,845.0,19483.0,NIFTY,2026-12-29,25500.0,CE,
2026-09-16 08:30:00+00:00,84.85,86.05,84.85,86.05,1950.0,19484.0,NIFTY,2026-12-29,25500.0,CE,
2026-09-16 08:35:00+00:00,85.85,86.15,84.8,84.95,10595.0,48914.0,NIFTY,2026-12-29,25500.0,CE,
2026-09-16 08:40:00+00:00,85.85,86.6,85.45,86.6,3380.0,29424.0,NIFTY,2026-12-29,25500.0,CE,
2026-09-16 08:45:00+00:00,86.25,86.5,84.95,84.95,2080.0,39245.0,NIFTY,2026-12-29,25500.0,CE,
2026-09-16 08:50:00+00:00,85.35,85.35,84.9,84.9,455.0,19641.0,NIFTY,2026-12-29,25500.0,CE,
2026-09-16 08:55:00+00:00,85.5,86.2,85.25,86.05,6760.0,19649.0,NIFTY,2026-12-29,25500.0,CE,
2026-09-16 09:00:00+00:00,86.2,86.2,84.95,84.95,6435.0,49231.0,NIFTY,2026-12-29,25500.0,CE,
2026-09-16 09:05:00+00:00,85.75,85.75,85.1,85.5,6760.0,49159.0,NIFTY,2026-12-29,25500.0,CE,
2026-09-16 09:10:00+00:00,85.3,85.4,85.1,85.15,2600.0,9825.0,NIFTY,2026-12-29,25500.0,CE,
2026-09-16 09:15:00+00:00,85.15,85.6,85.15,85.6,3965.0,29429.0,NIFTY,2026-12-29,25500.0,CE,
2026-09-16 09:20:00+00:00,85.2,85.7,85.1,85.6,3380.0,39220.0,NIFTY,2026-12-29,25500.0,CE,
2026-09-16 09:25:00+00:00,85.4,86.05,85.1,85.1,8905.0,39161.0,NIFTY,2026-12-29,25500.0,CE,
2026-09-16 09:30:00+00:00,85.05,85.7,84.2,85.0,6500.0,39221.0,NIFTY,2026-12-29,25500.0,CE,
2026-09-16 09:35:00+00:00,85.0,85.0,84.6,84.95,1040.0,29437.0,NIFTY,2026-12-29,25500.0,CE,
2026-09-16 09:40:00+00:00,85.0,85.45,84.2,84.2,2730.0,39289.0,NIFTY,2026-12-29,25500.0,CE,
2026-09-16 09:45:00+00:00,84.35,84.9,84.2,84.2,1885.0,39308.0,NIFTY,2026-12-29,25500.0,CE,
2026-09-16 09:50:00+00:00,85.1,85.3,84.7,84.7,1040.0,29482.0,NIFTY,2026-12-29,25500.0,CE,
2026-09-16 09:55:00+00:00,84.25,84.85,83.7,84.4,7995.0,39260.0,NIFTY,2026-12-29,25500.0,CE,
2026-09-16 10:00:00+00:00,84.7,84.7,82.45,83.0,11960.0,48909.0,NIFTY,2026-12-29,25500.0,CE,
2026-09-16 10:05:00+00:00,83.35,84.75,83.0,84.75,7020.0,48928.0,NIFTY,2026-12-29,25500.0,CE,
2026-09-17 03:45:00+00:00,80.55,86.05,79.7,83.45,7020.0,49029.0,NIFTY,2026-12-29,25500.0,CE,
2026-09-17 03:50:00+00:00,83.2,84.0,82.0,82.0,7800.0,49023.0,NIFTY,2026-12-29,25500.0,CE,
2026-09-17 03:55:00+00:00,81.9,82.05,80.9,82.0,9880.0,49110.0,NIFTY,2026-12-29,25500.0,CE,
2026-09-17 04:00:00+00:00,82.45,83.5,82.45,83.0,5980.0,49411.0,NIFTY,2026-12-29,25500.0,CE,
2026-09-17 04:05:00+00:00,82.9,83.95,82.0,82.0,3640.0,49519.0,NIFTY,2026-12-29,25500.0,CE,
2026-09-17 04:10:00+00:00,80.75,81.25,79.15,80.0,15795.0,39609.0,NIFTY,2026-12-29,25500.0,CE,
2026-09-17 04:15:00+00:00,80.2,81.1,79.85,80.7,9425.0,49572.0,NIFTY,2026-12-29,25500.0,CE,
2026-09-17 04:20:00+00:00,80.45,81.75,80.45,81.15,11505.0,39728.0,NIFTY,2026-12-29,25500.0,CE,
2026-09-17 04:25:00+00:00,81.0,81.7,80.5,81.55,6045.0,39775.0,NIFTY,2026-12-29,25500.0,CE,
2026-09-17 04:30:00+00:00,81.5,82.45,81.3,81.95,9490.0,49798.0,NIFTY,2026-12-29,25500.0,CE,
2026-09-17 04:35:00+00:00,82.0,83.75,82.0,82.65,10140.0,49715.0,NIFTY,2026-12-29,25500.0,CE,
2026-09-17 04:40:00+00:00,82.85,83.95,82.85,83.45,1820.0,19894.0,NIFTY,2026-12-29,25500.0,CE,
2026-09-17 04:45:00+00:00,83.5,83.9,82.5,82.55,3640.0,49737.0,NIFTY,2026-12-29,25500.0,CE,
2026-09-17 04:50:00+00:00,82.0,83.25,81.5,81.5,5980.0,39786.0,NIFTY,2026-12-29,25500.0,CE,
2026-09-17 04:55:00+00:00,81.0,81.1,80.5,80.7,8515.0,9952.0,NIFTY,2026-12-29,25500.0,CE,
2026-09-17 05:00:00+00:00,80.5,80.55,79.25,79.25,13325.0,50002.0,NIFTY,2026-12-29,25500.0,CE,
2026-09-17 05:05:00+00:00,79.0,80.5,78.9,80.0,20020.0,40733.0,NIFTY,2026-12-29,25500.0,CE,
2026-09-17 05:10:00+00:00,79.65,79.7,78.0,78.25,6760.0,51149.0,NIFTY,2026-12-29,25500.0,CE,
2026-09-17 05:15:00+00:00,78.0,78.45,78.0,78.45,8710.0,30880.0,NIFTY,2026-12-29,25500.0,CE,
2026-09-17 05:20:00+00:00,78.65,78.7,78.0,78.0,5070.0,41316.0,NIFTY,2026-12-29,25500.0,CE,
2026-09-17 05:25:00+00:00,78.0,79.1,78.0,79.1,1040.0,20715.0,NIFTY,2026-12-29,25500.0,CE,
2026-09-17 05:30:00+00:00,78.7,78.7,77.35,77.5,4355.0,51816.0,NIFTY,2026-12-29,25500.0,CE,
2026-09-17 05:35:00+00:00,77.4,77.4,76.5,76.75,11440.0,41509.0,NIFTY,2026-12-29,25500.0,CE,
2026-09-17 05:40:00+00:00,76.55,77.4,76.0,77.4,5200.0,52260.0,NIFTY,2026-12-29,25500.0,CE,
2026-09-17 05:45:00+00:00,77.25,78.4,77.25,78.25,1300.0,31393.0,NIFTY,2026-12-29,25500.0,CE,
2026-09-17 05:50:00+00:00,78.45,79.0,77.5,77.5,1950.0,31398.0,NIFTY,2026-12-29,25500.0,CE,
2026-09-17 05:55:00+00:00,78.45,78.6,77.95,78.0,585.0,20917.0,NIFTY,2026-12-29,25500.0,CE,
2026-09-17 06:00:00+00:00,78.05,79.2,77.95,78.6,9035.0,41904.0,NIFTY,2026-12-29,25500.0,CE,
2026-09-17 06:05:00+00:00,78.7,79.1,78.0,78.0,28015.0,52765.0,NIFTY,2026-12-29,25500.0,CE,
2026-09-17 06:10:00+00:00,77.95,80.0,77.5,79.3,8580.0,43356.0,NIFTY,2026-12-29,25500.0,CE,
2026-09-17 06:15:00+00:00,80.6,80.7,79.25,80.4,16575.0,43041.0,NIFTY,2026-12-29,25500.0,CE,
2026-09-17 06:20:00+00:00,80.05,80.9,79.6,80.05,4355.0,53719.0,NIFTY,2026-12-29,25500.0,CE,
2026-09-17 06:25:00+00:00,80.25,81.75,80.25,81.3,5720.0,53883.0,NIFTY,2026-12-29,25500.0,CE,
2026-09-17 06:30:00+00:00,82.3,82.4,81.2,81.35,9880.0,32305.0,NIFTY,2026-12-29,25500.0,CE,
2026-09-17 06:35:00+00:00,81.35,84.75,81.35,83.25,4745.0,64671.0,NIFTY,2026-12-29,25500.0,CE,
2026-09-17 06:40:00+00:00,83.35,84.25,83.1,84.0,6760.0,43196.0,NIFTY,2026-12-29,25500.0,CE,
2026-09-17 06:45:00+00:00,83.8,84.85,83.8,84.0,4095.0,64907.0,NIFTY,2026-12-29,25500.0,CE,
2026-09-17 06:50:00+00:00,84.15,85.4,83.75,84.2,6305.0,65059.0,NIFTY,2026-12-29,25500.0,CE,
2026-09-17 06:55:00+00:00,84.0,84.25,83.9,84.0,6890.0,10782.0,NIFTY,2026-12-29,25500.0,CE,
2026-09-17 07:00:00+00:00,83.5,83.5,83.2,83.5,845.0,32351.0,NIFTY,2026-12-29,25500.0,CE,
2026-09-17 07:05:00+00:00,84.0,84.95,84.0,84.9,1040.0,32365.0,NIFTY,2026-12-29,25500.0,CE,
2026-09-17 07:10:00+00:00,84.35,84.85,83.65,84.0,1950.0,43171.0,NIFTY,2026-12-29,25500.0,CE,
2026-09-17 07:15:00+00:00,83.4,83.65,82.3,82.3,1430.0,32368.0,NIFTY,2026-12-29,25500.0,CE,
2026-09-17 07:20:00+00:00,82.35,82.6,81.55,82.6,6110.0,10838.0,NIFTY,2026-12-29,25500.0,CE,
2026-09-17 07:30:00+00:00,82.0,82.45,81.7,81.9,2275.0,32513.0,NIFTY,2026-12-29,25500.0,CE,
2026-09-17 07:35:00+00:00,81.5,81.5,81.5,81.5,65.0,10838.0,NIFTY,2026-12-29,25500.0,CE,
2026-09-17 07:45:00+00:00,80.4,80.45,80.0,80.45,845.0,21671.0,NIFTY,2026-12-29,25500.0,CE,
2026-09-17 07:50:00+00:00,80.2,80.55,79.55,79.55,845.0,65018.0,NIFTY,2026-12-29,25500.0,CE,
2026-09-17 07:55:00+00:00,79.1,79.1,77.35,77.35,1495.0,21683.0,NIFTY,2026-12-29,25500.0,CE,
2026-09-17 08:00:00+00:00,77.0,77.7,76.4,76.4,2015.0,43386.0,NIFTY,2026-12-29,25500.0,CE,
2026-09-17 08:05:00+00:00,76.6,77.4,76.6,77.4,260.0,21693.0,NIFTY,2026-12-29,25500.0,CE,
2026-09-17 08:10:00+00:00,77.6,78.25,76.9,76.9,4615.0,43381.0,NIFTY,2026-12-29,25500.0,CE,
2026-09-17 08:15:00+00:00,77.15,78.6,77.15,78.6,4745.0,43370.0,NIFTY,2026-12-29,25500.0,CE,
2026-09-17 08:20:00+00:00,77.8,80.5,77.7,80.2,33605.0,53777.0,NIFTY,2026-12-29,25500.0,CE,
2026-09-17 08:25:00+00:00,80.15,82.3,80.15,81.15,18395.0,52754.0,NIFTY,2026-12-29,25500.0,CE,
2026-09-17 08:30:00+00:00,81.45,81.55,80.75,81.55,3250.0,52562.0,NIFTY,2026-12-29,25500.0,CE,
2026-09-17 08:35:00+00:00,81.25,81.95,81.0,81.7,2340.0,42088.0,NIFTY,2026-12-29,25500.0,CE,
2026-09-17 08:40:00+00:00,81.35,81.75,80.7,80.95,4225.0,31564.0,NIFTY,2026-12-29,25500.0,CE,
2026-09-17 08:45:00+00:00,80.8,82.25,80.1,82.0,14950.0,52261.0,NIFTY,2026-12-29,25500.0,CE,
2026-09-17 08:50:00+00:00,81.8,82.95,81.65,82.25,6045.0,51895.0,NIFTY,2026-12-29,25500.0,CE,
2026-09-17 08:55:00+00:00,80.9,81.5,80.7,80.8,1755.0,10377.0,NIFTY,2026-12-29,25500.0,CE,
2026-09-17 09:00:00+00:00,81.0,81.15,80.25,80.25,1950.0,31122.0,NIFTY,2026-12-29,25500.0,CE,
2026-09-17 09:05:00+00:00,80.2,82.3,80.05,82.3,2470.0,41521.0,NIFTY,2026-12-29,25500.0,CE,
2026-09-17 09:10:00+00:00,81.7,82.2,81.3,82.1,5655.0,20768.0,NIFTY,2026-12-29,25500.0,CE,
2026-09-17 09:15:00+00:00,84.5,84.5,82.4,82.55,15015.0,31073.0,NIFTY,2026-12-29,25500.0,CE,
2026-09-17 09:20:00+00:00,82.45,82.45,81.75,81.75,260.0,20826.0,NIFTY,2026-12-29,25500.0,CE,
2026-09-17 09:25:00+00:00,81.25,81.25,79.8,79.8,2795.0,20845.0,NIFTY,2026-12-29,25500.0,CE,
2026-09-17 09:30:00+00:00,80.55,81.65,79.65,81.15,7345.0,41609.0,NIFTY,2026-12-29,25500.0,CE,
2026-09-17 09:35:00+00:00,80.7,81.15,80.6,81.15,975.0,31194.0,NIFTY,2026-12-29,25500.0,CE,
2026-09-17 09:40:00+00:00,80.6,80.85,80.5,80.55,6175.0,41599.0,NIFTY,2026-12-29,25500.0,CE,
2026-09-17 09:45:00+00:00,80.55,80.55,80.3,80.5,845.0,10434.0,NIFTY,2026-12-29,25500.0,CE,
2026-09-17 09:50:00+00:00,80.9,80.9,79.6,80.75,2535.0,31303.0,NIFTY,2026-12-29,25500.0,CE,
2026-09-17 09:55:00+00:00,80.15,80.25,79.6,80.0,3055.0,31344.0,NIFTY,2026-12-29,25500.0,CE,
2026-09-17 10:00:00+00:00,79.5,79.5,78.3,79.0,3770.0,52237.0,NIFTY,2026-12-29,25500.0,CE,
2026-09-17 10:05:00+00:00,79.0,80.05,78.8,79.7,3835.0,41833.0,NIFTY,2026-12-29,25500.0,CE,
2026-09-18 03:45:00+00:00,79.9,80.3,78.0,78.0,4030.0,41839.0,NIFTY,2026-12-29,25500.0,CE,
2026-09-18 03:50:00+00:00,78.85,78.85,78.0,78.55,3250.0,52337.0,NIFTY,2026-12-29,25500.0,CE,
2026-09-18 03:55:00+00:00,78.0,78.3,76.5,77.0,7865.0,42019.0,NIFTY,2026-12-29,25500.0,CE,
2026-09-18 04:00:00+00:00,76.3,76.7,76.3,76.35,2210.0,42144.0,NIFTY,2026-12-29,25500.0,CE,
2026-09-18 04:05:00+00:00,76.25,76.8,75.85,76.0,4485.0,52650.0,NIFTY,2026-12-29,25500.0,CE,
2026-09-18 04:10:00+00:00,75.95,76.4,75.2,75.7,6955.0,52833.0,NIFTY,2026-12-29,25500.0,CE,
2026-09-18 04:15:00+00:00,75.5,76.05,75.45,76.05,13325.0,21156.0,NIFTY,2026-12-29,25500.0,CE,
2026-09-18 04:20:00+00:00,75.65,76.1,75.65,76.1,5135.0,52914.0,NIFTY,2026-12-29,25500.0,CE,
2026-09-18 04:25:00+00:00,76.2,76.45,75.6,76.0,7410.0,52946.0,NIFTY,2026-12-29,25500.0,CE,
2026-09-18 04:30:00+00:00,76.15,76.25,75.6,75.6,4940.0,21197.0,NIFTY,2026-12-29,25500.0,CE,
2026-09-18 04:35:00+00:00,75.55,75.75,75.05,75.4,2340.0,21169.0,NIFTY,2026-12-29,25500.0,CE,
2026-09-18 04:40:00+00:00,75.65,75.95,75.1,75.5,3380.0,42346.0,NIFTY,2026-12-29,25500.0,CE,
2026-09-18 04:45:00+00:00,75.35,75.5,75.0,75.0,2015.0,31772.0,NIFTY,2026-12-29,25500.0,CE,
2026-09-18 04:50:00+00:00,75.0,75.0,73.0,73.45,4940.0,52994.0,NIFTY,2026-12-29,25500.0,CE,
2026-09-18 04:55:00+00:00,73.5,73.75,73.0,73.5,4485.0,53049.0,NIFTY,2026-12-29,25500.0,CE,
2026-09-18 05:00:00+00:00,73.75,73.8,73.5,73.5,1950.0,53097.0,NIFTY,2026-12-29,25500.0,CE,
2026-09-18 05:05:00+00:00,73.6,73.7,73.3,73.45,2340.0,42432.0,NIFTY,2026-12-29,25500.0,CE,
2026-09-18 05:10:00+00:00,73.15,73.3,72.75,73.25,2080.0,42426.0,NIFTY,2026-12-29,25500.0,CE,
2026-09-18 05:15:00+00:00,73.5,73.9,73.2,73.2,2405.0,31805.0,NIFTY,2026-12-29,25500.0,CE,
2026-09-18 05:20:00+00:00,73.95,73.95,73.2,73.6,1365.0,31779.0,NIFTY,2026-12-29,25500.0,CE,
2026-09-18 05:25:00+00:00,73.5,74.0,73.5,73.65,2600.0,52991.0,NIFTY,2026-12-29,25500.0,CE,
2026-09-18 05:30:00+00:00,73.7,74.1,73.6,73.65,3380.0,42402.0,NIFTY,2026-12-29,25500.0,CE,
2026-09-18 05:35:00+00:00,73.55,73.55,73.1,73.3,3250.0,42333.0,NIFTY,2026-12-29,25500.0,CE,
2026-09-18 05:40:00+00:00,73.25,73.25,72.7,72.7,4225.0,21136.0,NIFTY,2026-12-29,25500.0,CE,
2026-09-18 05:45:00+00:00,72.6,72.9,72.05,72.05,4680.0,42140.0,NIFTY,2026-12-29,25500.0,CE,
2026-09-18 05:50:00+00:00,72.55,72.6,72.05,72.55,4160.0,42055.0,NIFTY,2026-12-29,25500.0,CE,
2026-09-18 05:55:00+00:00,72.0,72.3,72.0,72.25,2925.0,52604.0,NIFTY,2026-12-29,25500.0,CE,
2026-09-18 06:00:00+00:00,72.3,72.3,71.0,71.4,7020.0,63035.0,NIFTY,2026-12-29,25500.0,CE,
2026-09-18 06:05:00+00:00,71.25,71.5,71.25,71.5,2145.0,10508.0,NIFTY,2026-12-29,25500.0,CE,
2026-09-18 06:10:00+00:00,71.3,72.05,71.3,71.7,1495.0,42006.0,NIFTY,2026-12-29,25500.0,CE,
2026-09-18 06:15:00+00:00,71.85,72.75,71.85,72.75,2470.0,41980.0,NIFTY,2026-12-29,25500.0,CE,
2026-09-18 06:20:00+00:00,72.7,73.55,72.6,72.65,4160.0,41960.0,NIFTY,2026-12-29,25500.0,CE,
2026-09-18 06:25:00+00:00,72.6,73.3,71.9,71.9,3900.0,52454.0,NIFTY,2026-12-29,25500.0,CE,
2026-09-18 06:30:00+00:00,72.45,73.1,72.4,72.4,1885.0,31481.0,NIFTY,2026-12-29,25500.0,CE,
2026-09-18 06:35:00+00:00,72.15,72.75,71.9,71.9,1300.0,31475.0,NIFTY,2026-12-29,25500.0,CE,
2026-09-18 06:40:00+00:00,72.4,72.55,72.2,72.25,3185.0,52420.0,NIFTY,2026-12-29,25500.0,CE,
2026-09-18 06:45:00+00:00,72.3,72.3,71.85,71.85,910.0,20957.0,NIFTY,2026-12-29,25500.0,CE,
2026-09-18 06:50:00+00:00,71.9,72.0,71.85,71.95,1755.0,41902.0,NIFTY,2026-12-29,25500.0,CE,
2026-09-18 06:55:00+00:00,71.9,72.0,71.85,72.0,5265.0,52319.0,NIFTY,2026-12-29,25500.0,CE,
2026-09-18 07:00:00+00:00,72.15,72.15,71.85,71.85,1105.0,10463.0,NIFTY,2026-12-29,25500.0,CE,
2026-09-18 07:05:00+00:00,72.0,72.35,71.85,72.3,7085.0,31482.0,NIFTY,2026-12-29,25500.0,CE,
2026-09-18 07:10:00+00:00,71.9,72.45,71.9,71.9,1365.0,42036.0,NIFTY,2026-12-29,25500.0,CE,
2026-09-18 07:15:00+00:00,71.85,72.15,71.85,71.85,2470.0,42040.0,NIFTY,2026-12-29,25500.0,CE,
2026-09-18 07:20:00+00:00,71.9,72.2,71.85,72.15,2795.0,52404.0,NIFTY,2026-12-29,25500.0,CE,
2026-09-18 07:25:00+00:00,72.0,72.4,71.85,72.4,4420.0,41816.0,NIFTY,2026-12-29,25500.0,CE,
2026-09-18 07:30:00+00:00,72.3,73.0,72.3,72.75,1755.0,31347.0,NIFTY,2026-12-29,25500.0,CE,
2026-09-18 07:35:00+00:00,71.95,72.7,71.95,72.5,1365.0,31373.0,NIFTY,2026-12-29,25500.0,CE,
2026-09-18 07:40:00+00:00,72.45,72.85,72.45,72.85,3965.0,20916.0,NIFTY,2026-12-29,25500.0,CE,
2026-09-18 07:45:00+00:00,72.55,72.55,71.9,71.9,5200.0,20897.0,NIFTY,2026-12-29,25500.0,CE,
2026-09-18 07:50:00+00:00,71.85,72.1,71.45,71.45,13650.0,41850.0,NIFTY,2026-12-29,25500.0,CE,
2026-09-18 07:55:00+00:00,71.75,71.95,71.6,71.6,5200.0,41752.0,NIFTY,2026-12-29,25500.0,CE,
2026-09-18 08:00:00+00:00,71.85,71.85,71.45,71.45,195.0,,NIFTY,2026-12-29,25500.0,CE,
2026-09-18 08:05:00+00:00,71.4,71.6,71.0,71.1,3445.0,31219.0,NIFTY,2026-12-29,25500.0,CE,
2026-09-18 08:10:00+00:00,71.0,71.35,70.5,70.7,2990.0,41629.0,NIFTY,2026-12-29,25500.0,CE,
2026-09-18 08:15:00+00:00,70.5,70.5,70.05,70.45,1885.0,10404.0,NIFTY,2026-12-29,25500.0,CE,
2026-09-18 08:20:00+00:00,70.0,70.95,70.0,70.95,975.0,20833.0,NIFTY,2026-12-29,25500.0,CE,
2026-09-18 08:25:00+00:00,70.8,70.8,70.4,70.4,2080.0,31266.0,NIFTY,2026-12-29,25500.0,CE,
2026-09-18 08:30:00+00:00,70.5,70.95,70.4,70.95,1755.0,31292.0,NIFTY,2026-12-29,25500.0,CE,
2026-09-18 08:35:00+00:00,71.45,72.2,70.9,72.0,5070.0,41735.0,NIFTY,2026-12-29,25500.0,CE,
2026-09-18 08:40:00+00:00,71.85,72.35,71.1,71.25,4615.0,52144.0,NIFTY,2026-12-29,25500.0,CE,
2026-09-18 08:45:00+00:00,71.0,72.25,71.0,71.6,1495.0,31299.0,NIFTY,2026-12-29,25500.0,CE,
2026-09-18 08:50:00+00:00,71.7,72.0,71.7,72.0,1755.0,41728.0,NIFTY,2026-12-29,25500.0,CE,
2026-09-18 08:55:00+00:00,71.45,72.85,71.15,72.8,12480.0,62753.0,NIFTY,2026-12-29,25500.0,CE,
2026-09-18 09:00:00+00:00,72.9,73.5,72.55,72.9,7605.0,52092.0,NIFTY,2026-12-29,25500.0,CE,
2026-09-18 09:05:00+00:00,72.45,73.05,71.75,72.15,7410.0,41576.0,NIFTY,2026-12-29,25500.0,CE,
2026-09-18 09:10:00+00:00,72.0,72.15,71.45,71.45,9230.0,62297.0,NIFTY,2026-12-29,25500.0,CE,
2026-09-18 09:15:00+00:00,71.5,72.05,71.5,72.05,1690.0,41330.0,NIFTY,2026-12-29,25500.0,CE,
2026-09-18 09:20:00+00:00,72.0,73.75,72.0,73.25,4095.0,61946.0,NIFTY,2026-12-29,25500.0,CE,
2026-09-18 09:25:00+00:00,73.1,73.8,72.85,73.8,10790.0,51519.0,NIFTY,2026-12-29,25500.0,CE,
2026-09-18 09:30:00+00:00,73.6,73.6,72.6,72.6,6890.0,51468.0,NIFTY,2026-12-29,25500.0,CE,
2026-09-18 09:35:00+00:00,72.55,73.2,72.1,72.15,12740.0,41211.0,NIFTY,2026-12-29,25500.0,CE,
2026-09-18 09:40:00+00:00,72.35,72.5,71.65,72.0,17745.0,61521.0,NIFTY,2026-12-29,25500.0,CE,
2026-09-18 09:45:00+00:00,72.2,72.3,71.8,71.8,7670.0,40718.0,NIFTY,2026-12-29,25500.0,CE,
2026-09-18 09:50:00+00:00,71.65,71.85,71.5,71.7,3185.0,40594.0,NIFTY,2026-12-29,25500.0,CE,
2026-09-18 09:55:00+00:00,71.65,72.25,71.4,71.4,5135.0,40558.0,NIFTY,2026-12-29,25500.0,CE,
2026-09-18 10:00:00+00:00,71.7,72.3,71.05,71.8,4615.0,50770.0,NIFTY,2026-12-29,25500.0,CE,
2026-09-18 10:05:00+00:00,71.8,72.0,71.35,71.35,4290.0,50838.0,NIFTY,2026-12-29,25500.0,CE,
2026-09-18 10:10:00+00:00,71.35,71.35,71.35,71.35,520.0,,NIFTY,2026-12-29,25500.0,CE,
2026-09-21 03:45:00+00:00,72.75,72.85,70.6,71.0,9620.0,40693.0,NIFTY,2026-12-29,25500.0,CE,
2026-09-21 03:50:00+00:00,70.75,71.5,69.95,70.5,9750.0,51136.0,NIFTY,2026-12-29,25500.0,CE,
2026-09-21 03:55:00+00:00,70.05,71.05,69.2,71.0,13975.0,51554.0,NIFTY,2026-12-29,25500.0,CE,
2026-09-21 04:00:00+00:00,71.15,71.35,69.4,69.4,12545.0,41248.0,NIFTY,2026-12-29,25500.0,CE,
2026-09-21 04:05:00+00:00,69.95,71.1,69.0,69.75,16640.0,51743.0,NIFTY,2026-12-29,25500.0,CE,
2026-09-21 04:10:00+00:00,69.25,70.05,69.05,69.15,13130.0,41376.0,NIFTY,2026-12-29,25500.0,CE,
2026-09-21 04:15:00+00:00,69.2,69.65,69.15,69.25,8775.0,51686.0,NIFTY,2026-12-29,25500.0,CE,
2026-09-21 04:20:00+00:00,69.6,69.6,69.2,69.2,4875.0,20634.0,NIFTY,2026-12-29,25500.0,CE,
2026-09-21 04:25:00+00:00,69.2,69.6,69.05,69.15,7475.0,30905.0,NIFTY,2026-12-29,25500.0,CE,
2026-09-21 04:30:00+00:00,69.05,69.15,69.0,69.0,3380.0,51483.0,NIFTY,2026-12-29,25500.0,CE,
2026-09-21 04:35:00+00:00,69.25,69.25,68.9,69.0,2145.0,41183.0,NIFTY,2026-12-29,25500.0,CE,
2026-09-21 04:40:00+00:00,69.1,69.35,69.0,69.0,1755.0,30857.0,NIFTY,2026-12-29,25500.0,CE,
2026-09-21 04:45:00+00:00,69.2,69.2,68.6,69.1,1495.0,20580.0,NIFTY,2026-12-29,25500.0,CE,
2026-09-21 04:50:00+00:00,68.6,68.9,68.5,68.5,2535.0,41150.0,NIFTY,2026-12-29,25500.0,CE,
2026-09-21 04:55:00+00:00,68.25,68.55,68.0,68.3,1625.0,41111.0,NIFTY,2026-12-29,25500.0,CE,
2026-09-21 05:00:00+00:00,68.25,68.8,68.25,68.45,975.0,30818.0,NIFTY,2026-12-29,25500.0,CE,
2026-09-21 05:05:00+00:00,68.0,68.05,67.5,67.9,3055.0,41086.0,NIFTY,2026-12-29,25500.0,CE,
2026-09-21 05:10:00+00:00,68.1,68.65,67.9,68.55,1690.0,30793.0,NIFTY,2026-12-29,25500.0,CE,
2026-09-21 05:15:00+00:00,68.4,68.4,67.55,67.55,5460.0,51326.0,NIFTY,2026-12-29,25500.0,CE,
2026-09-21 05:20:00+00:00,67.6,67.9,67.15,67.15,6045.0,51338.0,NIFTY,2026-12-29,25500.0,CE,
2026-09-21 05:25:00+00:00,67.2,67.25,66.6,66.7,10140.0,51351.0,NIFTY,2026-12-29,25500.0,CE,
2026-09-21 05:30:00+00:00,66.65,66.65,66.1,66.2,9425.0,51400.0,NIFTY,2026-12-29,25500.0,CE,
2026-09-21 05:35:00+00:00,66.3,66.5,66.1,66.35,1625.0,41119.0,NIFTY,2026-12-29,25500.0,CE,
2026-09-21 05:40:00+00:00,66.45,66.5,66.25,66.25,325.0,10275.0,NIFTY,2026-12-29,25500.0,CE,
2026-09-21 05:45:00+00:00,66.5,66.5,66.1,66.2,3250.0,30787.0,NIFTY,2026-12-29,25500.0,CE,
2026-09-21 05:50:00+00:00,66.25,66.55,66.0,66.55,2665.0,40927.0,NIFTY,2026-12-29,25500.0,CE,
2026-09-21 05:55:00+00:00,66.55,66.7,66.25,66.3,4485.0,51022.0,NIFTY,2026-12-29,25500.0,CE,
2026-09-21 06:00:00+00:00,66.85,67.55,66.5,66.9,11245.0,50695.0,NIFTY,2026-12-29,25500.0,CE,
2026-09-21 06:05:00+00:00,66.65,67.9,66.5,67.6,32045.0,50341.0,NIFTY,2026-12-29,25500.0,CE,
2026-09-21 06:10:00+00:00,67.65,68.2,67.65,68.2,3120.0,20118.0,NIFTY,2026-12-29,25500.0,CE,
2026-09-21 06:15:00+00:00,68.15,68.4,68.0,68.2,5720.0,40315.0,NIFTY,2026-12-29,25500.0,CE,
2026-09-21 06:20:00+00:00,68.25,69.3,68.1,69.3,7800.0,30291.0,NIFTY,2026-12-29,25500.0,CE,
2026-09-21 06:25:00+00:00,69.2,69.4,68.8,69.15,5005.0,20198.0,NIFTY,2026-12-29,25500.0,CE,
2026-09-21 06:30:00+00:00,69.05,69.4,68.8,69.25,5070.0,60676.0,NIFTY,2026-12-29,25500.0,CE,
2026-09-21 06:35:00+00:00,69.05,69.4,68.85,69.15,6630.0,40502.0,NIFTY,2026-12-29,25500.0,CE,
2026-09-21 06:40:00+00:00,68.95,69.05,68.6,68.9,1170.0,20283.0,NIFTY,2026-12-29,25500.0,CE,
2026-09-21 06:45:00+00:00,68.95,69.2,68.9,69.05,3315.0,40610.0,NIFTY,2026-12-29,25500.0,CE,
2026-09-21 06:50:00+00:00,68.55,69.5,68.55,69.05,5850.0,30499.0,NIFTY,2026-12-29,25500.0,CE,
2026-09-21 06:55:00+00:00,68.95,69.4,68.9,69.4,7280.0,50880.0,NIFTY,2026-12-29,25500.0,CE,
2026-09-21 07:00:00+00:00,69.35,69.55,69.3,69.35,4745.0,51014.0,NIFTY,2026-12-29,25500.0,CE,
2026-09-21 07:05:00+00:00,69.45,69.45,69.0,69.25,2925.0,30612.0,NIFTY,2026-12-29,25500.0,CE,
2026-09-21 07:10:00+00:00,69.3,69.3,68.5,69.3,6435.0,40828.0,NIFTY,2026-12-29,25500.0,CE,
2026-09-21 07:15:00+00:00,69.45,69.6,69.25,69.35,1625.0,40814.0,NIFTY,2026-12-29,25500.0,CE,
2026-09-21 07:20:00+00:00,69.35,69.35,68.95,69.15,3055.0,40789.0,NIFTY,2026-12-29,25500.0,CE,
2026-09-21 07:25:00+00:00,69.3,69.5,69.0,69.0,3055.0,40716.0,NIFTY,2026-12-29,25500.0,CE,
2026-09-21 07:30:00+00:00,68.9,68.9,68.25,68.8,1625.0,61004.0,NIFTY,2026-12-29,25500.0,CE,
2026-09-21 07:35:00+00:00,68.15,68.2,68.1,68.1,1430.0,10166.0,NIFTY,2026-12-29,25500.0,CE,
2026-09-21 07:40:00+00:00,67.55,67.9,67.5,67.5,1235.0,30472.0,NIFTY,2026-12-29,25500.0,CE,
2026-09-21 07:45:00+00:00,67.35,68.05,67.35,68.05,1300.0,20309.0,NIFTY,2026-12-29,25500.0,CE,
2026-09-21 07:50:00+00:00,68.15,68.65,68.15,68.15,1365.0,30449.0,NIFTY,2026-12-29,25500.0,CE,
2026-09-21 07:55:00+00:00,68.25,68.25,68.0,68.0,260.0,20296.0,NIFTY,2026-12-29,25500.0,CE,
2026-09-21 08:00:00+00:00,68.0,68.55,68.0,68.55,2535.0,10148.0,NIFTY,2026-12-29,25500.0,CE,
2026-09-21 08:05:00+00:00,68.6,68.6,68.1,68.3,910.0,40608.0,NIFTY,2026-12-29,25500.0,CE,
2026-09-21 08:10:00+00:00,68.1,68.1,67.35,68.05,1885.0,20307.0,NIFTY,2026-12-29,25500.0,CE,
2026-09-21 08:15:00+00:00,67.6,68.0,67.15,67.55,5330.0,50876.0,NIFTY,2026-12-29,25500.0,CE,
2026-09-21 08:20:00+00:00,67.7,68.0,67.5,67.95,7540.0,51041.0,NIFTY,2026-12-29,25500.0,CE,
2026-09-21 08:25:00+00:00,67.85,70.7,67.85,69.65,16770.0,40823.0,NIFTY,2026-12-29,25500.0,CE,
2026-09-21 08:30:00+00:00,69.55,69.95,69.3,69.4,3185.0,40698.0,NIFTY,2026-12-29,25500.0,CE,
2026-09-21 08:35:00+00:00,69.35,69.5,69.0,69.0,3510.0,40762.0,NIFTY,2026-12-29,25500.0,CE,
2026-09-21 08:40:00+00:00,68.65,69.4,68.65,69.1,2665.0,40742.0,NIFTY,2026-12-29,25500.0,CE,
2026-09-21 08:45:00+00:00,69.15,70.3,69.0,69.8,8450.0,40697.0,NIFTY,2026-12-29,25500.0,CE,
2026-09-21 08:50:00+00:00,69.65,69.75,69.5,69.75,520.0,,NIFTY,2026-12-29,25500.0,CE,
2026-09-21 08:55:00+00:00,69.55,70.1,69.25,69.25,2405.0,30574.0,NIFTY,2026-12-29,25500.0,CE,
2026-09-21 09:00:00+00:00,69.1,69.2,68.65,68.95,2080.0,40748.0,NIFTY,2026-12-29,25500.0,CE,
2026-09-21 09:05:00+00:00,68.35,68.5,67.9,68.15,2860.0,40791.0,NIFTY,2026-12-29,25500.0,CE,
2026-09-21 09:10:00+00:00,68.3,68.5,68.25,68.3,2990.0,20391.0,NIFTY,2026-12-29,25500.0,CE,
2026-09-21 09:15:00+00:00,68.65,69.1,68.0,69.1,3900.0,30567.0,NIFTY,2026-12-29,25500.0,CE,
2026-09-21 09:20:00+00:00,69.1,69.1,68.55,68.6,910.0,30548.0,NIFTY,2026-12-29,25500.0,CE,
2026-09-21 09:25:00+00:00,68.4,68.7,68.0,68.45,6045.0,10179.0,NIFTY,2026-12-29,25500.0,CE,
2026-09-21 09:30:00+00:00,68.05,68.75,68.05,68.25,4550.0,61012.0,NIFTY,2026-12-29,25500.0,CE,
2026-09-21 09:35:00+00:00,68.5,68.75,68.25,68.75,2925.0,40620.0,NIFTY,2026-12-29,25500.0,CE,
2026-09-21 09:40:00+00:00,68.9,69.0,68.05,68.05,3250.0,50706.0,NIFTY,2026-12-29,25500.0,CE,
2026-09-21 09:45:00+00:00,68.15,68.4,68.0,68.0,1950.0,40495.0,NIFTY,2026-12-29,25500.0,CE,
2026-09-21 09:50:00+00:00,67.35,67.75,67.35,67.5,845.0,10117.0,NIFTY,2026-12-29,25500.0,CE,
2026-09-21 09:55:00+00:00,67.25,68.6,67.2,67.95,6110.0,50558.0,NIFTY,2026-12-29,25500.0,CE,
2026-09-21 10:00:00+00:00,67.6,69.0,67.6,68.5,9620.0,30156.0,NIFTY,2026-12-29,25500.0,CE,
2026-09-21 10:05:00+00:00,68.9,69.0,67.7,68.95,3900.0,50157.0,NIFTY,2026-12-29,25500.0,CE,
2026-09-22 03:45:00+00:00,68.95,68.95,66.75,67.0,7540.0,30243.0,NIFTY,2026-12-29,25500.0,CE,
2026-09-22 03:50:00+00:00,67.0,68.0,67.0,67.7,12350.0,30272.0,NIFTY,2026-12-29,25500.0,CE,
2026-09-22 03:55:00+00:00,67.15,67.15,65.85,66.3,3185.0,40379.0,NIFTY,2026-12-29,25500.0,CE,
2026-09-22 04:00:00+00:00,66.1,66.1,65.25,65.65,910.0,20192.0,NIFTY,2026-12-29,25500.0,CE,
2026-09-22 04:05:00+00:00,65.5,66.1,65.1,65.25,5915.0,40389.0,NIFTY,2026-12-29,25500.0,CE,
2026-09-22 04:10:00+00:00,65.5,65.75,65.3,65.7,650.0,10112.0,NIFTY,2026-12-29,25500.0,CE,
2026-09-22 04:15:00+00:00,65.95,66.55,65.95,66.05,2470.0,30334.0,NIFTY,2026-12-29,25500.0,CE,
2026-09-22 04:20:00+00:00,66.45,66.5,66.15,66.15,2990.0,30337.0,NIFTY,2026-12-29,25500.0,CE,
2026-09-22 04:25:00+00:00,66.25,66.6,66.05,66.6,1105.0,20220.0,NIFTY,2026-12-29,25500.0,CE,
2026-09-22 04:30:00+00:00,66.9,66.9,66.0,66.0,4940.0,40482.0,NIFTY,2026-12-29,25500.0,CE,
2026-09-22 04:35:00+00:00,66.5,67.0,66.5,67.0,1820.0,10124.0,NIFTY,2026-12-29,25500.0,CE,
2026-09-22 04:40:00+00:00,66.75,67.0,66.75,66.95,1170.0,20233.0,NIFTY,2026-12-29,25500.0,CE,
2026-09-22 04:45:00+00:00,66.6,66.9,66.6,66.9,325.0,10114.0,NIFTY,2026-12-29,25500.0,CE,
2026-09-22 04:50:00+00:00,66.5,66.65,66.0,66.0,2015.0,30334.0,NIFTY,2026-12-29,25500.0,CE,
2026-09-22 04:55:00+00:00,65.85,66.15,65.7,66.15,585.0,10105.0,NIFTY,2026-12-29,25500.0,CE,
2026-09-22 05:00:00+00:00,66.25,66.25,64.95,65.2,9620.0,40407.0,NIFTY,2026-12-29,25500.0,CE,
2026-09-22 05:05:00+00:00,65.1,65.15,64.55,64.6,2405.0,40396.0,NIFTY,2026-12-29,25500.0,CE,
2026-09-22 05:10:00+00:00,64.7,64.95,64.0,64.35,2730.0,50477.0,NIFTY,2026-12-29,25500.0,CE,
2026-09-22 05:15:00+00:00,64.0,64.2,63.55,63.85,4875.0,30265.0,NIFTY,2026-12-29,25500.0,CE,
2026-09-22 05:20:00+00:00,63.9,63.9,63.25,63.9,7735.0,40289.0,NIFTY,2026-12-29,25500.0,CE,
2026-09-22 05:25:00+00:00,63.85,65.15,63.85,65.1,7345.0,40341.0,NIFTY,2026-12-29,25500.0,CE,
2026-09-22 05:30:00+00:00,65.0,65.25,64.55,65.15,11440.0,50360.0,NIFTY,2026-12-29,25500.0,CE,
2026-09-22 05:35:00+00:00,65.15,65.15,64.8,64.95,520.0,30282.0,NIFTY,2026-12-29,25500.0,CE,
2026-09-22 05:40:00+00:00,65.25,65.45,65.25,65.45,650.0,30287.0,NIFTY,2026-12-29,25500.0,CE,
2026-09-22 05:45:00+00:00,65.7,65.7,65.2,65.35,1950.0,40369.0,NIFTY,2026-12-29,25500.0,CE,
2026-09-22 05:50:00+00:00,64.95,65.6,64.85,65.35,4355.0,30325.0,NIFTY,2026-12-29,25500.0,CE,
2026-09-22 05:55:00+00:00,65.3,65.3,64.85,64.95,4160.0,50678.0,NIFTY,2026-12-29,25500.0,CE,
2026-09-22 06:00:00+00:00,64.9,65.0,64.4,64.6,5200.0,60973.0,NIFTY,2026-12-29,25500.0,CE,
2026-09-22 06:05:00+00:00,64.55,64.65,64.1,64.1,3120.0,40658.0,NIFTY,2026-12-29,25500.0,CE,
2026-09-22 06:10:00+00:00,64.05,64.45,64.0,64.3,4095.0,50863.0,NIFTY,2026-12-29,25500.0,CE,
2026-09-22 06:15:00+00:00,64.4,64.5,63.6,64.0,7410.0,50935.0,NIFTY,2026-12-29,25500.0,CE,
2026-09-22 06:20:00+00:00,63.95,63.95,63.15,63.4,11700.0,50953.0,NIFTY,2026-12-29,25500.0,CE,
2026-09-22 06:25:00+00:00,63.45,63.6,63.0,63.6,13000.0,51145.0,NIFTY,2026-12-29,25500.0,CE,
2026-09-22 06:30:00+00:00,63.45,63.75,63.25,63.6,6825.0,40791.0,NIFTY,2026-12-29,25500.0,CE,
2026-09-22 06:35:00+00:00,63.55,63.85,63.3,63.6,4030.0,50856.0,NIFTY,2026-12-29,25500.0,CE,
2026-09-22 06:40:00+00:00,64.05,64.05,63.5,63.75,2665.0,40671.0,NIFTY,2026-12-29,25500.0,CE,
2026-09-22 06:45:00+00:00,63.65,64.15,63.65,64.0,2730.0,30478.0,NIFTY,2026-12-29,25500.0,CE,
2026-09-22 06:50:00+00:00,63.95,64.35,63.7,63.8,1430.0,30466.0,NIFTY,2026-12-29,25500.0,CE,
2026-09-22 06:55:00+00:00,63.5,63.95,63.5,63.8,1820.0,30467.0,NIFTY,2026-12-29,25500.0,CE,
2026-09-22 07:00:00+00:00,63.75,63.9,63.7,63.7,910.0,30469.0,NIFTY,2026-12-29,25500.0,CE,
2026-09-22 07:05:00+00:00,63.6,63.85,63.35,63.5,7410.0,30465.0,NIFTY,2026-12-29,25500.0,CE,
2026-09-22 07:10:00+00:00,63.45,63.8,63.05,63.05,10985.0,50668.0,NIFTY,2026-12-29,25500.0,CE,
2026-09-22 07:15:00+00:00,63.1,63.8,63.0,63.0,6175.0,50620.0,NIFTY,2026-12-29,25500.0,CE,
2026-09-22 07:20:00+00:00,63.1,63.15,62.75,62.75,3120.0,50657.0,NIFTY,2026-12-29,25500.0,CE,
2026-09-22 07:25:00+00:00,62.55,63.05,62.4,62.65,2535.0,20258.0,NIFTY,2026-12-29,25500.0,CE,
2026-09-22 07:30:00+00:00,62.8,62.8,62.2,62.55,5850.0,50653.0,NIFTY,2026-12-29,25500.0,CE,
2026-09-22 07:35:00+00:00,62.65,63.0,62.6,62.85,2795.0,40578.0,NIFTY,2026-12-29,25500.0,CE,
2026-09-22 07:40:00+00:00,63.25,63.65,63.0,63.65,4160.0,30427.0,NIFTY,2026-12-29,25500.0,CE,
2026-09-22 07:45:00+00:00,62.8,63.05,62.65,63.05,2535.0,50623.0,NIFTY,2026-12-29,25500.0,CE,
2026-09-22 07:50:00+00:00,63.1,63.4,62.95,63.05,2145.0,40437.0,NIFTY,2026-12-29,25500.0,CE,
2026-09-22 07:55:00+00:00,63.1,63.15,62.8,62.9,7085.0,50567.0,NIFTY,2026-12-29,25500.0,CE,
2026-09-22 08:00:00+00:00,62.85,63.3,62.85,63.25,3185.0,30356.0,NIFTY,2026-12-29,25500.0,CE,
2026-09-22 08:05:00+00:00,63.45,63.5,63.15,63.15,1560.0,30363.0,NIFTY,2026-12-29,25500.0,CE,
2026-09-22 08:10:00+00:00,64.8,64.8,63.5,63.5,8450.0,30232.0,NIFTY,2026-12-29,25500.0,CE,
2026-09-22 08:15:00+00:00,63.1,63.2,62.5,62.55,2600.0,50295.0,NIFTY,2026-12-29,25500.0,CE,
2026-09-22 08:20:00+00:00,62.8,63.05,62.0,62.5,3250.0,60256.0,NIFTY,2026-12-29,25500.0,CE,
2026-09-22 08:25:00+00:00,62.15,62.7,61.9,62.15,4290.0,50078.0,NIFTY,2026-12-29,25500.0,CE,
2026-09-22 08:30:00+00:00,61.95,62.0,61.35,61.45,6565.0,49949.0,NIFTY,2026-12-29,25500.0,CE,
2026-09-22 08:35:00+00:00,61.5,61.8,61.45,61.8,6500.0,49796.0,NIFTY,2026-12-29,25500.0,CE,
2026-09-22 08:40:00+00:00,61.85,64.85,61.85,64.85,8775.0,39607.0,NIFTY,2026-12-29,25500.0,CE,
2026-09-22 08:45:00+00:00,64.9,65.35,63.5,65.0,6890.0,29606.0,NIFTY,2026-12-29,25500.0,CE,
2026-09-22 08:50:00+00:00,64.75,65.3,64.25,64.95,7410.0,39588.0,NIFTY,2026-12-29,25500.0,CE,
2026-09-22 08:55:00+00:00,64.5,65.5,64.5,65.15,3120.0,59584.0,NIFTY,2026-12-29,25500.0,CE,
2026-09-22 09:00:00+00:00,65.3,65.3,64.35,64.45,2600.0,29810.0,NIFTY,2026-12-29,25500.0,CE,
2026-09-22 09:05:00+00:00,64.3,65.1,64.2,64.5,3055.0,39706.0,NIFTY,2026-12-29,25500.0,CE,
2026-09-22 09:10:00+00:00,64.55,64.55,62.85,62.85,2340.0,19846.0,NIFTY,2026-12-29,25500.0,CE,
2026-09-22 09:15:00+00:00,63.5,63.85,63.05,63.15,1950.0,49656.0,NIFTY,2026-12-29,25500.0,CE,
2026-09-22 09:20:00+00:00,63.1,63.5,63.1,63.5,455.0,9941.0,NIFTY,2026-12-29,25500.0,CE,
2026-09-22 09:25:00+00:00,64.0,64.0,62.85,62.85,2470.0,29820.0,NIFTY,2026-12-29,25500.0,CE,
2026-09-22 09:30:00+00:00,63.45,63.45,62.85,63.0,4225.0,39717.0,NIFTY,2026-12-29,25500.0,CE,
2026-09-22 09:35:00+00:00,63.3,63.3,62.85,63.05,3510.0,19860.0,NIFTY,2026-12-29,25500.0,CE,
2026-09-22 09:40:00+00:00,63.05,63.75,63.05,63.6,1495.0,39670.0,NIFTY,2026-12-29,25500.0,CE,
2026-09-22 09:45:00+00:00,63.5,64.4,63.3,63.55,8190.0,39565.0,NIFTY,2026-12-29,25500.0,CE,
2026-09-22 09:50:00+00:00,63.4,63.7,63.0,63.2,4095.0,39474.0,NIFTY,2026-12-29,25500.0,CE,
2026-09-22 09:55:00+00:00,62.8,63.4,62.0,63.4,7410.0,49483.0,NIFTY,2026-12-29,25500.0,CE,
2026-09-22 10:00:00+00:00,63.45,63.65,62.7,63.0,3055.0,29778.0,NIFTY,2026-12-29,25500.0,CE,
2026-09-22 10:05:00+00:00,62.9,64.2,62.9,64.0,4550.0,49671.0,NIFTY,2026-12-29,25500.0,CE,
