timestamp,open,high,low,close,volume,oi,underlying,expiry,strike,option_type,itm_rank
2026-08-24 03:45:00+00:00,90.0,90.0,87.05,88.2,3380.0,142777.0,NIFTY,2026-12-29,22500.0,PE,
2026-08-24 03:50:00+00:00,88.35,88.4,87.25,87.25,7280.0,114104.0,NIFTY,2026-12-29,22500.0,PE,
2026-08-24 03:55:00+00:00,87.2,88.0,87.2,88.0,1950.0,170293.0,NIFTY,2026-12-29,22500.0,PE,
2026-08-24 04:00:00+00:00,88.6,89.65,88.6,89.6,2080.0,37831.0,NIFTY,2026-12-29,22500.0,PE,
2026-08-24 04:05:00+00:00,89.25,89.65,89.0,89.65,1885.0,37834.0,NIFTY,2026-12-29,22500.0,PE,
2026-08-24 04:10:00+00:00,89.5,89.65,89.0,89.0,1495.0,37847.0,NIFTY,2026-12-29,22500.0,PE,
2026-08-24 04:15:00+00:00,89.0,89.5,89.0,89.5,780.0,28394.0,NIFTY,2026-12-29,22500.0,PE,
2026-08-24 04:20:00+00:00,89.55,89.9,89.55,89.9,2275.0,9464.0,NIFTY,2026-12-29,22500.0,PE,
2026-08-24 04:25:00+00:00,90.0,90.55,89.9,90.55,3770.0,28345.0,NIFTY,2026-12-29,22500.0,PE,
2026-08-24 04:30:00+00:00,91.15,91.45,90.5,90.65,1755.0,37718.0,NIFTY,2026-12-29,22500.0,PE,
2026-08-24 04:35:00+00:00,91.0,91.75,91.0,91.75,3250.0,28236.0,NIFTY,2026-12-29,22500.0,PE,
2026-08-24 04:40:00+00:00,91.05,92.5,91.0,91.0,8970.0,56295.0,NIFTY,2026-12-29,22500.0,PE,
2026-08-24 04:45:00+00:00,91.35,91.4,91.05,91.05,22620.0,46229.0,NIFTY,2026-12-29,22500.0,PE,
2026-08-24 04:50:00+00:00,90.9,90.9,90.55,90.75,3510.0,36456.0,NIFTY,2026-12-29,22500.0,PE,
2026-08-24 04:55:00+00:00,90.85,90.85,90.55,90.7,910.0,18225.0,NIFTY,2026-12-29,22500.0,PE,
2026-08-24 05:00:00+00:00,90.75,90.75,90.7,90.7,520.0,9114.0,NIFTY,2026-12-29,22500.0,PE,
2026-08-24 05:05:00+00:00,91.1,91.1,90.7,90.7,520.0,18216.0,NIFTY,2026-12-29,22500.0,PE,
2026-08-24 05:15:00+00:00,90.8,90.8,90.15,90.15,650.0,18212.0,NIFTY,2026-12-29,22500.0,PE,
2026-08-24 05:20:00+00:00,90.45,91.7,90.45,91.2,715.0,36444.0,NIFTY,2026-12-29,22500.0,PE,
2026-08-24 05:25:00+00:00,91.2,94.0,91.2,94.0,2015.0,18227.0,NIFTY,2026-12-29,22500.0,PE,
2026-08-24 05:30:00+00:00,93.95,95.0,93.0,95.0,3575.0,27390.0,NIFTY,2026-12-29,22500.0,PE,
2026-08-24 05:35:00+00:00,95.35,96.45,95.35,96.0,2860.0,36611.0,NIFTY,2026-12-29,22500.0,PE,
2026-08-24 05:40:00+00:00,95.95,97.0,95.95,96.85,3380.0,36615.0,NIFTY,2026-12-29,22500.0,PE,
2026-08-24 05:45:00+00:00,96.9,97.0,96.2,96.2,3315.0,36582.0,NIFTY,2026-12-29,22500.0,PE,
2026-08-24 05:50:00+00:00,96.15,97.8,96.15,97.8,1235.0,27450.0,NIFTY,2026-12-29,22500.0,PE,
2026-08-24 05:55:00+00:00,98.0,98.5,97.5,98.2,1040.0,36619.0,NIFTY,2026-12-29,22500.0,PE,
2026-08-24 06:00:00+00:00,98.0,100.25,98.0,99.85,5265.0,27539.0,NIFTY,2026-12-29,22500.0,PE,
2026-08-24 06:05:00+00:00,99.65,100.6,99.1,99.3,2015.0,45985.0,NIFTY,2026-12-29,22500.0,PE,
2026-08-24 06:10:00+00:00,99.5,99.5,98.45,98.9,1755.0,36823.0,NIFTY,2026-12-29,22500.0,PE,
2026-08-24 06:15:00+00:00,99.2,99.2,97.35,97.35,4420.0,27626.0,NIFTY,2026-12-29,22500.0,PE,
2026-08-24 06:20:00+00:00,97.6,97.6,97.4,97.45,715.0,,NIFTY,2026-12-29,22500.0,PE,
2026-08-24 06:25:00+00:00,98.2,99.1,97.8,98.65,3120.0,46099.0,NIFTY,2026-12-29,22500.0,PE,
2026-08-24 06:30:00+00:00,98.8,98.95,97.6,97.85,5655.0,36970.0,NIFTY,2026-12-29,22500.0,PE,
2026-08-24 06:35:00+00:00,97.8,97.9,97.8,97.9,4095.0,9266.0,NIFTY,2026-12-29,22500.0,PE,
2026-08-24 06:40:00+00:00,97.3,97.45,97.3,97.35,585.0,18545.0,NIFTY,2026-12-29,22500.0,PE,
2026-08-24 06:45:00+00:00,97.4,97.85,97.4,97.55,5915.0,18570.0,NIFTY,2026-12-29,22500.0,PE,
2026-08-24 06:50:00+00:00,97.75,97.9,97.6,97.75,650.0,27865.0,NIFTY,2026-12-29,22500.0,PE,
2026-08-24 06:55:00+00:00,97.7,97.8,97.05,97.15,780.0,9291.0,NIFTY,2026-12-29,22500.0,PE,
2026-08-24 07:00:00+00:00,97.8,98.5,97.6,98.5,520.0,27884.0,NIFTY,2026-12-29,22500.0,PE,
2026-08-24 07:05:00+00:00,98.0,98.0,97.6,97.6,650.0,9295.0,NIFTY,2026-12-29,22500.0,PE,
2026-08-24 07:10:00+00:00,97.8,99.0,97.8,98.95,6500.0,18599.0,NIFTY,2026-12-29,22500.0,PE,
2026-08-24 07:15:00+00:00,98.95,98.95,98.95,98.95,715.0,,NIFTY,2026-12-29,22500.0,PE,
2026-08-24 07:20:00+00:00,98.9,98.9,98.9,98.9,130.0,,NIFTY,2026-12-29,22500.0,PE,
2026-08-24 07:25:00+00:00,98.9,99.0,98.9,99.0,585.0,18603.0,NIFTY,2026-12-29,22500.0,PE,
2026-08-24 07:30:00+00:00,99.0,99.0,98.95,99.0,2665.0,18601.0,NIFTY,2026-12-29,22500.0,PE,
2026-08-24 07:35:00+00:00,99.9,101.35,99.85,100.85,1560.0,27968.0,NIFTY,2026-12-29,22500.0,PE,
2026-08-24 07:40:00+00:00,101.15,102.05,101.15,101.85,975.0,18647.0,NIFTY,2026-12-29,22500.0,PE,
2026-08-24 07:45:00+00:00,102.0,103.0,100.8,101.45,1040.0,18668.0,NIFTY,2026-12-29,22500.0,PE,
2026-08-24 07:50:00+00:00,101.2,101.55,101.1,101.1,1365.0,18679.0,NIFTY,2026-12-29,22500.0,PE,
2026-08-24 07:55:00+00:00,101.95,101.95,100.55,100.55,1495.0,18673.0,NIFTY,2026-12-29,22500.0,PE,
2026-08-24 08:00:00+00:00,101.5,102.1,101.5,102.1,715.0,37349.0,NIFTY,2026-12-29,22500.0,PE,
2026-08-24 08:05:00+00:00,102.05,102.05,100.55,100.85,7930.0,18677.0,NIFTY,2026-12-29,22500.0,PE,
2026-08-24 08:10:00+00:00,101.15,101.15,100.8,100.9,4680.0,37378.0,NIFTY,2026-12-29,22500.0,PE,
2026-08-24 08:15:00+00:00,100.65,101.3,100.45,101.3,3705.0,37395.0,NIFTY,2026-12-29,22500.0,PE,
2026-08-24 08:20:00+00:00,101.1,101.45,101.0,101.45,975.0,9365.0,NIFTY,2026-12-29,22500.0,PE,
2026-08-24 08:25:00+00:00,101.5,102.1,100.8,101.0,4615.0,18751.0,NIFTY,2026-12-29,22500.0,PE,
2026-08-24 08:30:00+00:00,101.25,101.4,100.6,100.9,3510.0,28141.0,NIFTY,2026-12-29,22500.0,PE,
2026-08-24 08:35:00+00:00,100.15,100.6,100.15,100.25,3315.0,28182.0,NIFTY,2026-12-29,22500.0,PE,
2026-08-24 08:40:00+00:00,100.4,101.4,100.3,100.6,2210.0,28228.0,NIFTY,2026-12-29,22500.0,PE,
2026-08-24 08:45:00+00:00,101.25,101.45,100.15,100.2,2145.0,37635.0,NIFTY,2026-12-29,22500.0,PE,
2026-08-24 08:50:00+00:00,100.45,100.45,99.9,100.05,2015.0,37656.0,NIFTY,2026-12-29,22500.0,PE,
2026-08-24 08:55:00+00:00,100.1,100.1,99.5,99.55,1885.0,28249.0,NIFTY,2026-12-29,22500.0,PE,
2026-08-24 09:00:00+00:00,99.3,99.55,98.95,99.35,5785.0,47083.0,NIFTY,2026-12-29,22500.0,PE,
2026-08-24 09:05:00+00:00,98.9,98.95,98.6,98.65,4225.0,9408.0,NIFTY,2026-12-29,22500.0,PE,
2026-08-24 09:10:00+00:00,98.6,98.85,98.55,98.85,975.0,18814.0,NIFTY,2026-12-29,22500.0,PE,
2026-08-24 09:15:00+00:00,99.0,99.0,98.9,98.9,455.0,9412.0,NIFTY,2026-12-29,22500.0,PE,
2026-08-24 09:20:00+00:00,98.55,98.6,98.55,98.55,585.0,18831.0,NIFTY,2026-12-29,22500.0,PE,
2026-08-24 09:25:00+00:00,98.55,98.6,98.55,98.6,130.0,18837.0,NIFTY,2026-12-29,22500.0,PE,
2026-08-24 09:30:00+00:00,98.6,98.6,98.6,98.6,455.0,18840.0,NIFTY,2026-12-29,22500.0,PE,
2026-08-24 09:35:00+00:00,98.6,99.05,98.6,98.7,1690.0,28258.0,NIFTY,2026-12-29,22500.0,PE,
2026-08-24 09:40:00+00:00,98.65,98.7,98.55,98.55,7865.0,28248.0,NIFTY,2026-12-29,22500.0,PE,
2026-08-24 09:45:00+00:00,98.8,99.05,98.25,99.05,4355.0,37694.0,NIFTY,2026-12-29,22500.0,PE,
2026-08-24 09:50:00+00:00,99.3,99.5,97.95,98.05,1820.0,28295.0,NIFTY,2026-12-29,22500.0,PE,
2026-08-24 09:55:00+00:00,98.2,99.05,97.9,98.4,3250.0,47146.0,NIFTY,2026-12-29,22500.0,PE,
2026-08-24 10:00:00+00:00,98.9,99.0,97.45,98.1,2535.0,37727.0,NIFTY,2026-12-29,22500.0,PE,
2026-08-24 10:05:00+00:00,98.45,100.85,98.45,100.45,3900.0,28321.0,NIFTY,2026-12-29,22500.0,PE,
2026-08-25 03:45:00+00:00,102.95,102.95,98.25,98.25,5915.0,47015.0,NIFTY,2026-12-29,22500.0,PE,
2026-08-25 03:50:00+00:00,96.65,97.0,95.4,95.9,2405.0,37581.0,NIFTY,2026-12-29,22500.0,PE,
2026-08-25 03:55:00+00:00,96.45,97.05,96.15,96.35,1430.0,28163.0,NIFTY,2026-12-29,22500.0,PE,
2026-08-25 04:00:00+00:00,96.35,96.35,95.7,95.7,4095.0,28156.0,NIFTY,2026-12-29,22500.0,PE,
2026-08-25 04:05:00+00:00,95.35,96.35,95.35,96.15,780.0,37524.0,NIFTY,2026-12-29,22500.0,PE,
2026-08-25 04:10:00+00:00,96.4,98.1,96.1,98.1,1950.0,37519.0,NIFTY,2026-12-29,22500.0,PE,
2026-08-25 04:15:00+00:00,98.45,98.95,96.65,97.25,390.0,18756.0,NIFTY,2026-12-29,22500.0,PE,
2026-08-25 04:20:00+00:00,97.35,99.25,97.35,99.05,2210.0,37519.0,NIFTY,2026-12-29,22500.0,PE,
2026-08-25 04:25:00+00:00,99.0,99.1,98.2,98.5,1235.0,18768.0,NIFTY,2026-12-29,22500.0,PE,
2026-08-25 04:30:00+00:00,99.0,99.8,99.0,99.55,325.0,28157.0,NIFTY,2026-12-29,22500.0,PE,
2026-08-25 04:35:00+00:00,99.6,99.6,99.0,99.5,715.0,9387.0,NIFTY,2026-12-29,22500.0,PE,
2026-08-25 04:40:00+00:00,99.7,100.35,99.1,99.1,1755.0,150189.0,NIFTY,2026-12-29,22500.0,PE,
2026-08-25 04:45:00+00:00,99.35,99.65,98.6,99.65,1690.0,75147.0,NIFTY,2026-12-29,22500.0,PE,
2026-08-25 04:50:00+00:00,99.4,99.8,99.4,99.8,910.0,37611.0,NIFTY,2026-12-29,22500.0,PE,
2026-08-25 04:55:00+00:00,99.85,100.9,99.85,100.9,780.0,75267.0,NIFTY,2026-12-29,22500.0,PE,
2026-08-25 05:00:00+00:00,100.8,100.8,99.7,99.7,1170.0,188128.0,NIFTY,2026-12-29,22500.0,PE,
2026-08-25 05:05:00+00:00,100.45,100.45,100.35,100.35,195.0,75210.0,NIFTY,2026-12-29,22500.0,PE,
2026-08-25 05:10:00+00:00,99.9,99.9,99.65,99.75,520.0,75205.0,NIFTY,2026-12-29,22500.0,PE,
2026-08-25 05:20:00+00:00,98.45,98.45,96.95,97.0,585.0,9402.0,NIFTY,2026-12-29,22500.0,PE,
2026-08-25 05:25:00+00:00,98.0,98.0,98.0,98.0,325.0,,NIFTY,2026-12-29,22500.0,PE,
2026-08-25 05:30:00+00:00,98.85,98.85,98.85,98.85,65.0,,NIFTY,2026-12-29,22500.0,PE,
2026-08-25 05:40:00+00:00,98.5,98.5,98.15,98.15,195.0,9405.0,NIFTY,2026-12-29,22500.0,PE,
2026-08-25 05:45:00+00:00,98.25,98.25,98.25,98.25,260.0,9406.0,NIFTY,2026-12-29,22500.0,PE,
2026-08-25 05:50:00+00:00,96.55,97.85,96.55,97.65,1365.0,18811.0,NIFTY,2026-12-29,22500.0,PE,
2026-08-25 06:00:00+00:00,97.85,97.85,97.5,97.5,195.0,18793.0,NIFTY,2026-12-29,22500.0,PE,
2026-08-25 06:05:00+00:00,97.75,97.85,97.75,97.85,130.0,9397.0,NIFTY,2026-12-29,22500.0,PE,
2026-08-25 06:15:00+00:00,97.5,97.7,95.0,97.2,1950.0,18792.0,NIFTY,2026-12-29,22500.0,PE,
2026-08-25 06:20:00+00:00,97.25,97.55,96.9,97.05,1040.0,28228.0,NIFTY,2026-12-29,22500.0,PE,
2026-08-25 06:25:00+00:00,96.0,96.0,94.05,95.3,4940.0,28206.0,NIFTY,2026-12-29,22500.0,PE,
2026-08-25 06:30:00+00:00,95.85,96.15,95.75,96.15,325.0,9396.0,NIFTY,2026-12-29,22500.0,PE,
2026-08-25 06:35:00+00:00,96.15,96.15,95.7,95.9,1040.0,28192.0,NIFTY,2026-12-29,22500.0,PE,
2026-08-25 06:40:00+00:00,95.9,96.35,95.9,96.0,390.0,56395.0,NIFTY,2026-12-29,22500.0,PE,
2026-08-25 06:50:00+00:00,96.45,96.45,96.45,96.45,195.0,,NIFTY,2026-12-29,22500.0,PE,
2026-08-25 06:55:00+00:00,96.75,96.8,96.75,96.8,130.0,18796.0,NIFTY,2026-12-29,22500.0,PE,
2026-08-25 07:00:00+00:00,96.5,96.75,96.5,96.75,130.0,,NIFTY,2026-12-29,22500.0,PE,
2026-08-25 07:05:00+00:00,96.15,96.2,95.75,96.2,1495.0,56396.0,NIFTY,2026-12-29,22500.0,PE,
2026-08-25 07:10:00+00:00,96.1,97.35,95.9,97.1,3380.0,75337.0,NIFTY,2026-12-29,22500.0,PE,
2026-08-25 07:15:00+00:00,97.2,97.75,96.4,97.65,1040.0,75455.0,NIFTY,2026-12-29,22500.0,PE,
2026-08-25 07:20:00+00:00,97.9,97.9,97.55,97.55,1040.0,18868.0,NIFTY,2026-12-29,22500.0,PE,
2026-08-25 07:25:00+00:00,96.9,97.5,96.9,97.5,1430.0,28322.0,NIFTY,2026-12-29,22500.0,PE,
2026-08-25 07:30:00+00:00,96.75,98.0,96.75,97.9,2080.0,18916.0,NIFTY,2026-12-29,22500.0,PE,
2026-08-25 07:35:00+00:00,98.25,98.25,98.15,98.15,325.0,9461.0,NIFTY,2026-12-29,22500.0,PE,
2026-08-25 07:40:00+00:00,98.15,99.0,98.15,99.0,780.0,28402.0,NIFTY,2026-12-29,22500.0,PE,
2026-08-25 07:45:00+00:00,99.0,99.6,98.95,99.0,845.0,28397.0,NIFTY,2026-12-29,22500.0,PE,
2026-08-25 07:50:00+00:00,99.5,99.95,98.85,99.35,1625.0,28393.0,NIFTY,2026-12-29,22500.0,PE,
2026-08-25 07:55:00+00:00,99.95,99.95,99.95,99.95,65.0,9467.0,NIFTY,2026-12-29,22500.0,PE,
2026-08-25 08:05:00+00:00,98.2,98.2,97.95,97.95,325.0,28402.0,NIFTY,2026-12-29,22500.0,PE,
2026-08-25 08:10:00+00:00,97.5,97.95,97.5,97.95,1365.0,9471.0,NIFTY,2026-12-29,22500.0,PE,
2026-08-25 08:15:00+00:00,98.05,98.15,98.05,98.05,390.0,18945.0,NIFTY,2026-12-29,22500.0,PE,
2026-08-25 08:20:00+00:00,97.95,98.6,94.65,95.1,4875.0,28440.0,NIFTY,2026-12-29,22500.0,PE,
2026-08-25 08:25:00+00:00,95.4,96.75,95.4,95.9,3575.0,18971.0,NIFTY,2026-12-29,22500.0,PE,
2026-08-25 08:30:00+00:00,97.5,97.7,96.55,97.7,2340.0,37922.0,NIFTY,2026-12-29,22500.0,PE,
2026-08-25 08:35:00+00:00,96.55,97.0,96.55,97.0,455.0,18953.0,NIFTY,2026-12-29,22500.0,PE,
2026-08-25 08:40:00+00:00,96.5,96.8,96.5,96.8,520.0,18953.0,NIFTY,2026-12-29,22500.0,PE,
2026-08-25 08:45:00+00:00,96.15,96.15,96.15,96.15,65.0,,NIFTY,2026-12-29,22500.0,PE,
2026-08-25 08:50:00+00:00,95.5,95.5,95.05,95.05,1105.0,9476.0,NIFTY,2026-12-29,22500.0,PE,
2026-08-25 08:55:00+00:00,94.2,94.2,94.0,94.0,845.0,18968.0,NIFTY,2026-12-29,22500.0,PE,
2026-08-25 09:00:00+00:00,94.05,94.05,90.85,91.1,2990.0,37940.0,NIFTY,2026-12-29,22500.0,PE,
2026-08-25 09:05:00+00:00,91.0,91.6,90.85,91.6,4680.0,19004.0,NIFTY,2026-12-29,22500.0,PE,
2026-08-25 09:10:00+00:00,91.35,91.35,90.8,91.15,2145.0,28515.0,NIFTY,2026-12-29,22500.0,PE,
2026-08-25 09:15:00+00:00,90.9,90.95,90.0,90.0,7085.0,47453.0,NIFTY,2026-12-29,22500.0,PE,
2026-08-25 09:20:00+00:00,90.1,90.1,89.05,89.1,10855.0,37799.0,NIFTY,2026-12-29,22500.0,PE,
2026-08-25 09:25:00+00:00,89.5,89.5,88.2,89.0,9295.0,47330.0,NIFTY,2026-12-29,22500.0,PE,
2026-08-25 09:30:00+00:00,88.45,88.8,88.4,88.8,845.0,18979.0,NIFTY,2026-12-29,22500.0,PE,
2026-08-25 09:35:00+00:00,88.5,90.3,88.5,90.25,4810.0,47386.0,NIFTY,2026-12-29,22500.0,PE,
2026-08-25 09:40:00+00:00,90.4,90.45,89.2,90.0,3640.0,28388.0,NIFTY,2026-12-29,22500.0,PE,
2026-08-25 09:45:00+00:00,89.85,89.85,89.05,89.1,1690.0,9464.0,NIFTY,2026-12-29,22500.0,PE,
2026-08-25 09:50:00+00:00,89.2,89.2,88.4,88.4,4680.0,37831.0,NIFTY,2026-12-29,22500.0,PE,
2026-08-25 09:55:00+00:00,88.3,89.0,88.0,88.0,4810.0,56742.0,NIFTY,2026-12-29,22500.0,PE,
2026-08-25 10:00:00+00:00,87.1,87.2,85.45,85.45,7475.0,28200.0,NIFTY,2026-12-29,22500.0,PE,
2026-08-25 10:05:00+00:00,85.6,87.25,85.6,86.95,4225.0,37508.0,NIFTY,2026-12-29,22500.0,PE,
2026-08-26 03:45:00+00:00,86.0,86.0,83.4,83.5,6435.0,37215.0,NIFTY,2026-12-29,22500.0,PE,
2026-08-26 03:50:00+00:00,83.35,83.4,81.65,81.65,7085.0,46452.0,NIFTY,2026-12-29,22500.0,PE,
2026-08-26 03:55:00+00:00,81.6,82.2,81.2,81.7,3640.0,27870.0,NIFTY,2026-12-29,22500.0,PE,
2026-08-26 04:00:00+00:00,81.5,82.3,80.8,80.8,7150.0,37172.0,NIFTY,2026-12-29,22500.0,PE,
2026-08-26 04:05:00+00:00,81.0,81.15,80.2,80.2,5135.0,37233.0,NIFTY,2026-12-29,22500.0,PE,
2026-08-26 04:10:00+00:00,80.0,80.0,78.0,78.15,15275.0,46729.0,NIFTY,2026-12-29,22500.0,PE,
2026-08-26 04:15:00+00:00,79.15,79.15,78.7,79.0,5720.0,46898.0,NIFTY,2026-12-29,22500.0,PE,
2026-08-26 04:20:00+00:00,79.0,79.3,79.0,79.3,2795.0,37560.0,NIFTY,2026-12-29,22500.0,PE,
2026-08-26 04:25:00+00:00,79.0,79.45,79.0,79.0,2015.0,37588.0,NIFTY,2026-12-29,22500.0,PE,
2026-08-26 04:30:00+00:00,78.95,79.9,78.9,79.9,2210.0,46962.0,NIFTY,2026-12-29,22500.0,PE,
2026-08-26 04:35:00+00:00,80.0,81.2,80.0,81.2,8515.0,37365.0,NIFTY,2026-12-29,22500.0,PE,
2026-08-26 04:40:00+00:00,81.35,82.5,81.2,82.15,31070.0,36798.0,NIFTY,2026-12-29,22500.0,PE,
2026-08-26 04:45:00+00:00,82.1,84.0,82.05,82.55,16575.0,45216.0,NIFTY,2026-12-29,22500.0,PE,
2026-08-26 04:50:00+00:00,82.8,85.4,82.5,84.65,13260.0,44776.0,NIFTY,2026-12-29,22500.0,PE,
2026-08-26 04:55:00+00:00,84.45,85.5,84.45,84.7,7930.0,26832.0,NIFTY,2026-12-29,22500.0,PE,
2026-08-26 05:00:00+00:00,84.75,85.0,83.0,83.0,62920.0,44029.0,NIFTY,2026-12-29,22500.0,PE,
2026-08-26 05:05:00+00:00,82.0,82.25,81.05,81.05,22230.0,44123.0,NIFTY,2026-12-29,22500.0,PE,
2026-08-26 05:10:00+00:00,81.0,81.35,80.0,80.85,6110.0,35287.0,NIFTY,2026-12-29,22500.0,PE,
2026-08-26 05:15:00+00:00,80.7,82.0,80.6,81.0,4160.0,35307.0,NIFTY,2026-12-29,22500.0,PE,
2026-08-26 05:20:00+00:00,80.95,82.65,80.95,81.85,7735.0,44105.0,NIFTY,2026-12-29,22500.0,PE,
2026-08-26 05:25:00+00:00,81.5,82.05,81.15,81.5,3250.0,35211.0,NIFTY,2026-12-29,22500.0,PE,
2026-08-26 05:30:00+00:00,81.2,82.85,81.2,82.55,5200.0,26397.0,NIFTY,2026-12-29,22500.0,PE,
2026-08-26 05:35:00+00:00,82.4,83.0,81.35,81.5,3510.0,35170.0,NIFTY,2026-12-29,22500.0,PE,
2026-08-26 05:40:00+00:00,82.2,83.0,81.7,82.4,16640.0,43595.0,NIFTY,2026-12-29,22500.0,PE,
2026-08-26 05:45:00+00:00,81.5,82.85,81.5,82.5,5850.0,34775.0,NIFTY,2026-12-29,22500.0,PE,
2026-08-26 05:50:00+00:00,84.05,84.05,82.5,83.5,9230.0,17365.0,NIFTY,2026-12-29,22500.0,PE,
2026-08-26 05:55:00+00:00,82.75,83.25,82.6,82.8,2535.0,25976.0,NIFTY,2026-12-29,22500.0,PE,
2026-08-26 06:00:00+00:00,83.1,83.75,83.1,83.75,3250.0,17320.0,NIFTY,2026-12-29,22500.0,PE,
2026-08-26 06:05:00+00:00,82.75,83.75,81.9,81.95,5590.0,43250.0,NIFTY,2026-12-29,22500.0,PE,
2026-08-26 06:10:00+00:00,81.7,82.4,81.7,82.05,1040.0,17281.0,NIFTY,2026-12-29,22500.0,PE,
2026-08-26 06:15:00+00:00,82.0,82.75,82.0,82.75,2015.0,8639.0,NIFTY,2026-12-29,22500.0,PE,
2026-08-26 06:20:00+00:00,82.4,83.9,82.4,83.9,910.0,25919.0,NIFTY,2026-12-29,22500.0,PE,
2026-08-26 06:25:00+00:00,84.5,84.5,84.35,84.35,130.0,,NIFTY,2026-12-29,22500.0,PE,
2026-08-26 06:30:00+00:00,83.2,86.35,83.2,85.8,11765.0,34484.0,NIFTY,2026-12-29,22500.0,PE,
2026-08-26 06:35:00+00:00,85.5,86.85,84.95,86.45,7085.0,42876.0,NIFTY,2026-12-29,22500.0,PE,
2026-08-26 06:40:00+00:00,86.3,86.7,85.75,85.8,9035.0,25767.0,NIFTY,2026-12-29,22500.0,PE,
2026-08-26 06:45:00+00:00,85.9,86.35,85.15,85.3,5915.0,25743.0,NIFTY,2026-12-29,22500.0,PE,
2026-08-26 06:50:00+00:00,85.55,86.0,85.25,85.25,390.0,17127.0,NIFTY,2026-12-29,22500.0,PE,
2026-08-26 06:55:00+00:00,85.15,85.5,85.15,85.5,1625.0,17140.0,NIFTY,2026-12-29,22500.0,PE,
2026-08-26 07:00:00+00:00,86.45,86.5,86.35,86.35,1690.0,8576.0,NIFTY,2026-12-29,22500.0,PE,
2026-08-26 07:05:00+00:00,85.5,86.0,85.5,86.0,845.0,17186.0,NIFTY,2026-12-29,22500.0,PE,
2026-08-26 07:10:00+00:00,86.35,86.35,85.35,85.4,5980.0,17208.0,NIFTY,2026-12-29,22500.0,PE,
2026-08-26 07:15:00+00:00,85.0,85.9,85.0,85.9,975.0,34487.0,NIFTY,2026-12-29,22500.0,PE,
2026-08-26 07:20:00+00:00,86.1,86.1,85.6,85.6,975.0,25860.0,NIFTY,2026-12-29,22500.0,PE,
2026-08-26 07:25:00+00:00,85.3,85.4,85.2,85.3,1625.0,25866.0,NIFTY,2026-12-29,22500.0,PE,
2026-08-26 07:30:00+00:00,86.2,86.2,85.95,85.95,455.0,8625.0,NIFTY,2026-12-29,22500.0,PE,
2026-08-26 07:35:00+00:00,85.2,85.95,84.35,85.95,845.0,34512.0,NIFTY,2026-12-29,22500.0,PE,
2026-08-26 07:40:00+00:00,86.1,86.15,85.8,86.0,455.0,,NIFTY,2026-12-29,22500.0,PE,
2026-08-26 07:45:00+00:00,86.0,86.5,86.0,86.5,3510.0,17271.0,NIFTY,2026-12-29,22500.0,PE,
2026-08-26 07:50:00+00:00,86.05,86.6,85.4,85.4,1560.0,34658.0,NIFTY,2026-12-29,22500.0,PE,
2026-08-26 07:55:00+00:00,85.9,85.95,85.45,85.45,650.0,34637.0,NIFTY,2026-12-29,22500.0,PE,
2026-08-26 08:00:00+00:00,85.4,85.4,85.4,85.4,65.0,,NIFTY,2026-12-29,22500.0,PE,
2026-08-26 08:05:00+00:00,85.5,85.75,85.5,85.75,390.0,17320.0,NIFTY,2026-12-29,22500.0,PE,
2026-08-26 08:10:00+00:00,85.4,85.5,84.9,85.5,585.0,17325.0,NIFTY,2026-12-29,22500.0,PE,
2026-08-26 08:15:00+00:00,85.8,85.8,85.8,85.8,325.0,8665.0,NIFTY,2026-12-29,22500.0,PE,
2026-08-26 08:20:00+00:00,85.55,85.85,85.4,85.85,2210.0,25991.0,NIFTY,2026-12-29,22500.0,PE,
2026-08-26 08:25:00+00:00,85.9,85.9,85.4,85.4,2210.0,17327.0,NIFTY,2026-12-29,22500.0,PE,
2026-08-26 08:30:00+00:00,85.6,85.85,85.1,85.3,1105.0,8665.0,NIFTY,2026-12-29,22500.0,PE,
2026-08-26 08:35:00+00:00,85.2,85.4,85.2,85.3,2730.0,8663.0,NIFTY,2026-12-29,22500.0,PE,
2026-08-26 08:40:00+00:00,85.25,86.0,83.6,84.1,29575.0,34143.0,NIFTY,2026-12-29,22500.0,PE,
2026-08-26 08:45:00+00:00,84.2,84.2,83.1,83.15,1365.0,25324.0,NIFTY,2026-12-29,22500.0,PE,
2026-08-26 08:50:00+00:00,83.4,83.75,83.1,83.25,1300.0,33765.0,NIFTY,2026-12-29,22500.0,PE,
2026-08-26 08:55:00+00:00,83.3,83.95,83.25,83.95,2210.0,33749.0,NIFTY,2026-12-29,22500.0,PE,
2026-08-26 09:00:00+00:00,83.1,83.4,83.0,83.15,2080.0,33738.0,NIFTY,2026-12-29,22500.0,PE,
2026-08-26 09:05:00+00:00,83.05,83.15,83.0,83.15,390.0,25307.0,NIFTY,2026-12-29,22500.0,PE,
2026-08-26 09:10:00+00:00,83.0,83.1,83.0,83.0,1170.0,,NIFTY,2026-12-29,22500.0,PE,
2026-08-26 09:15:00+00:00,83.25,83.25,82.0,82.4,4420.0,42141.0,NIFTY,2026-12-29,22500.0,PE,
2026-08-26 09:20:00+00:00,82.1,82.2,82.0,82.2,975.0,33707.0,NIFTY,2026-12-29,22500.0,PE,
2026-08-26 09:25:00+00:00,81.8,81.9,81.45,81.9,715.0,16847.0,NIFTY,2026-12-29,22500.0,PE,
2026-08-26 09:30:00+00:00,82.15,82.55,81.0,81.0,780.0,25281.0,NIFTY,2026-12-29,22500.0,PE,
2026-08-26 09:35:00+00:00,81.0,82.55,81.0,81.4,2925.0,33696.0,NIFTY,2026-12-29,22500.0,PE,
2026-08-26 09:40:00+00:00,81.2,82.0,81.0,82.0,715.0,16844.0,NIFTY,2026-12-29,22500.0,PE,
2026-08-26 09:45:00+00:00,82.0,82.9,82.0,82.9,1365.0,,NIFTY,2026-12-29,22500.0,PE,
2026-08-26 09:50:00+00:00,82.9,83.05,82.45,82.75,1690.0,25225.0,NIFTY,2026-12-29,22500.0,PE,
2026-08-26 09:55:00+00:00,83.2,83.9,83.0,83.9,715.0,25220.0,NIFTY,2026-12-29,22500.0,PE,
2026-08-26 10:00:00+00:00,85.95,86.0,84.25,85.0,1560.0,16823.0,NIFTY,2026-12-29,22500.0,PE,
2026-08-26 10:05:00+00:00,84.95,84.95,83.65,84.55,1690.0,25253.0,NIFTY,2026-12-29,22500.0,PE,
2026-08-27 03:45:00+00:00,84.1,87.8,83.15,85.55,2730.0,25238.0,NIFTY,2026-12-29,22500.0,PE,
2026-08-27 03:50:00+00:00,85.5,86.25,84.6,85.5,1430.0,16826.0,NIFTY,2026-12-29,22500.0,PE,
2026-08-27 03:55:00+00:00,86.0,87.95,85.1,87.7,9035.0,42188.0,NIFTY,2026-12-29,22500.0,PE,
2026-08-27 04:00:00+00:00,87.95,89.1,87.45,88.3,3510.0,42437.0,NIFTY,2026-12-29,22500.0,PE,
2026-08-27 04:05:00+00:00,87.8,88.6,87.3,88.6,3120.0,25472.0,NIFTY,2026-12-29,22500.0,PE,
2026-08-27 04:10:00+00:00,88.0,88.4,87.8,87.8,1690.0,25506.0,NIFTY,2026-12-29,22500.0,PE,
2026-08-27 04:15:00+00:00,87.3,87.3,85.0,85.75,2080.0,17026.0,NIFTY,2026-12-29,22500.0,PE,
2026-08-27 04:20:00+00:00,85.4,86.1,84.9,85.8,780.0,17039.0,NIFTY,2026-12-29,22500.0,PE,
2026-08-27 04:25:00+00:00,87.05,87.8,86.25,87.8,2925.0,25565.0,NIFTY,2026-12-29,22500.0,PE,
2026-08-27 04:30:00+00:00,89.25,89.75,88.3,88.3,9360.0,33920.0,NIFTY,2026-12-29,22500.0,PE,
2026-08-27 04:35:00+00:00,88.95,89.1,88.85,88.95,1495.0,25424.0,NIFTY,2026-12-29,22500.0,PE,
2026-08-27 04:40:00+00:00,88.55,89.0,88.3,89.0,1105.0,25445.0,NIFTY,2026-12-29,22500.0,PE,
2026-08-27 04:45:00+00:00,89.3,89.5,89.15,89.5,715.0,16972.0,NIFTY,2026-12-29,22500.0,PE,
2026-08-27 04:50:00+00:00,89.5,89.5,89.0,89.5,390.0,8487.0,NIFTY,2026-12-29,22500.0,PE,
2026-08-27 04:55:00+00:00,89.9,89.95,89.4,89.9,1040.0,25482.0,NIFTY,2026-12-29,22500.0,PE,
2026-08-27 05:00:00+00:00,89.45,89.95,89.3,89.3,585.0,16992.0,NIFTY,2026-12-29,22500.0,PE,
2026-08-27 05:05:00+00:00,89.65,89.75,89.6,89.6,455.0,16995.0,NIFTY,2026-12-29,22500.0,PE,
2026-08-27 05:10:00+00:00,89.8,91.55,89.8,91.55,2860.0,25506.0,NIFTY,2026-12-29,22500.0,PE,
2026-08-27 05:15:00+00:00,90.45,90.9,90.45,90.85,1560.0,34036.0,NIFTY,2026-12-29,22500.0,PE,
2026-08-27 05:20:00+00:00,90.8,91.9,90.8,91.6,2210.0,34096.0,NIFTY,2026-12-29,22500.0,PE,
2026-08-27 05:25:00+00:00,91.9,92.9,91.8,92.75,1625.0,25624.0,NIFTY,2026-12-29,22500.0,PE,
2026-08-27 05:30:00+00:00,92.2,92.2,91.8,91.8,1690.0,25652.0,NIFTY,2026-12-29,22500.0,PE,
2026-08-27 05:35:00+00:00,91.5,91.5,91.25,91.4,1560.0,25671.0,NIFTY,2026-12-29,22500.0,PE,
2026-08-27 05:40:00+00:00,91.55,91.6,91.1,91.5,1820.0,34233.0,NIFTY,2026-12-29,22500.0,PE,
2026-08-27 05:45:00+00:00,91.65,93.1,91.4,92.95,2730.0,42853.0,NIFTY,2026-12-29,22500.0,PE,
2026-08-27 05:50:00+00:00,93.0,95.0,93.0,95.0,6175.0,42894.0,NIFTY,2026-12-29,22500.0,PE,
2026-08-27 05:55:00+00:00,94.95,95.65,94.95,95.15,2535.0,17215.0,NIFTY,2026-12-29,22500.0,PE,
2026-08-27 06:00:00+00:00,94.95,94.95,93.2,93.2,715.0,43060.0,NIFTY,2026-12-29,22500.0,PE,
2026-08-27 06:05:00+00:00,92.9,92.9,92.15,92.15,1170.0,17230.0,NIFTY,2026-12-29,22500.0,PE,
2026-08-27 06:10:00+00:00,92.85,93.4,92.45,93.4,975.0,17234.0,NIFTY,2026-12-29,22500.0,PE,
2026-08-27 06:15:00+00:00,93.3,93.3,93.0,93.0,650.0,8618.0,NIFTY,2026-12-29,22500.0,PE,
2026-08-27 06:20:00+00:00,92.35,92.35,92.35,92.35,260.0,8615.0,NIFTY,2026-12-29,22500.0,PE,
2026-08-27 06:25:00+00:00,92.35,92.7,92.05,92.4,585.0,25847.0,NIFTY,2026-12-29,22500.0,PE,
2026-08-27 06:30:00+00:00,92.0,92.85,91.65,92.35,325.0,8615.0,NIFTY,2026-12-29,22500.0,PE,
2026-08-27 06:35:00+00:00,93.0,93.35,92.85,92.85,325.0,17229.0,NIFTY,2026-12-29,22500.0,PE,
2026-08-27 06:40:00+00:00,93.0,93.0,92.1,92.1,1040.0,17239.0,NIFTY,2026-12-29,22500.0,PE,
2026-08-27 06:45:00+00:00,91.55,91.9,91.55,91.9,260.0,17237.0,NIFTY,2026-12-29,22500.0,PE,
2026-08-27 06:50:00+00:00,92.55,92.55,92.45,92.5,195.0,8619.0,NIFTY,2026-12-29,22500.0,PE,
2026-08-27 06:55:00+00:00,92.45,92.45,92.45,92.45,65.0,8619.0,NIFTY,2026-12-29,22500.0,PE,
2026-08-27 07:00:00+00:00,90.85,91.85,90.85,91.75,975.0,17242.0,NIFTY,2026-12-29,22500.0,PE,
2026-08-27 07:05:00+00:00,91.0,91.0,88.1,88.15,585.0,8619.0,NIFTY,2026-12-29,22500.0,PE,
2026-08-27 07:10:00+00:00,87.95,88.45,87.95,88.15,910.0,8620.0,NIFTY,2026-12-29,22500.0,PE,
2026-08-27 07:15:00+00:00,88.05,88.8,88.05,88.8,325.0,8625.0,NIFTY,2026-12-29,22500.0,PE,
2026-08-27 07:20:00+00:00,88.65,88.65,87.15,87.15,4745.0,25873.0,NIFTY,2026-12-29,22500.0,PE,
2026-08-27 07:25:00+00:00,87.55,87.55,87.4,87.4,195.0,8639.0,NIFTY,2026-12-29,22500.0,PE,
2026-08-27 07:30:00+00:00,87.5,87.6,87.35,87.45,1235.0,25896.0,NIFTY,2026-12-29,22500.0,PE,
2026-08-27 07:35:00+00:00,88.0,88.0,87.95,87.95,455.0,8631.0,NIFTY,2026-12-29,22500.0,PE,
2026-08-27 07:40:00+00:00,87.5,87.5,87.5,87.5,130.0,17263.0,NIFTY,2026-12-29,22500.0,PE,
2026-08-27 07:45:00+00:00,88.0,88.0,88.0,88.0,260.0,8632.0,NIFTY,2026-12-29,22500.0,PE,
2026-08-27 07:50:00+00:00,88.0,88.0,88.0,88.0,780.0,8634.0,NIFTY,2026-12-29,22500.0,PE,
2026-08-27 07:55:00+00:00,88.0,88.45,88.0,88.0,3055.0,8637.0,NIFTY,2026-12-29,22500.0,PE,
2026-08-27 08:00:00+00:00,87.55,87.9,87.2,87.4,2990.0,43154.0,NIFTY,2026-12-29,22500.0,PE,
2026-08-27 08:05:00+00:00,87.0,87.0,85.45,85.5,26260.0,43608.0,NIFTY,2026-12-29,22500.0,PE,
2026-08-27 08:10:00+00:00,85.45,85.5,85.35,85.35,23010.0,44773.0,NIFTY,2026-12-29,22500.0,PE,
2026-08-27 08:15:00+00:00,85.5,87.9,85.5,87.9,43225.0,36905.0,NIFTY,2026-12-29,22500.0,PE,
2026-08-27 08:20:00+00:00,88.45,88.55,87.9,88.0,10075.0,46555.0,NIFTY,2026-12-29,22500.0,PE,
2026-08-27 08:25:00+00:00,88.0,89.05,88.0,89.0,19760.0,47135.0,NIFTY,2026-12-29,22500.0,PE,
2026-08-27 08:30:00+00:00,88.95,89.65,88.4,89.65,2860.0,47474.0,NIFTY,2026-12-29,22500.0,PE,
2026-08-27 08:35:00+00:00,89.75,90.0,89.35,89.85,1820.0,37983.0,NIFTY,2026-12-29,22500.0,PE,
2026-08-27 08:40:00+00:00,89.65,89.95,88.75,88.95,1495.0,28489.0,NIFTY,2026-12-29,22500.0,PE,
2026-08-27 08:45:00+00:00,88.65,88.95,88.5,88.5,1040.0,28499.0,NIFTY,2026-12-29,22500.0,PE,
2026-08-27 08:50:00+00:00,88.4,88.5,87.35,87.65,1170.0,28504.0,NIFTY,2026-12-29,22500.0,PE,
2026-08-27 09:00:00+00:00,86.5,87.95,86.5,86.5,1885.0,47503.0,NIFTY,2026-12-29,22500.0,PE,
2026-08-27 09:05:00+00:00,87.5,88.55,87.4,88.4,3640.0,19013.0,NIFTY,2026-12-29,22500.0,PE,
2026-08-27 09:10:00+00:00,88.0,88.8,87.0,88.6,14495.0,28837.0,NIFTY,2026-12-29,22500.0,PE,
2026-08-27 09:15:00+00:00,88.65,89.1,87.85,88.0,17745.0,48493.0,NIFTY,2026-12-29,22500.0,PE,
2026-08-27 09:20:00+00:00,88.25,88.85,88.0,88.75,13260.0,29576.0,NIFTY,2026-12-29,22500.0,PE,
2026-08-27 09:25:00+00:00,88.0,88.0,87.0,87.0,14560.0,49603.0,NIFTY,2026-12-29,22500.0,PE,
2026-08-27 09:30:00+00:00,87.15,88.0,86.95,87.0,14625.0,40103.0,NIFTY,2026-12-29,22500.0,PE,
2026-08-27 09:35:00+00:00,87.45,88.1,87.0,87.65,32045.0,41351.0,NIFTY,2026-12-29,22500.0,PE,
2026-08-27 09:40:00+00:00,87.8,88.6,87.15,88.35,4485.0,31161.0,NIFTY,2026-12-29,22500.0,PE,
2026-08-27 09:45:00+00:00,88.4,88.4,87.0,87.55,6955.0,52144.0,NIFTY,2026-12-29,22500.0,PE,
2026-08-27 09:50:00+00:00,88.7,89.75,88.1,89.5,4680.0,41810.0,NIFTY,2026-12-29,22500.0,PE,
2026-08-27 09:55:00+00:00,90.55,91.4,89.9,90.95,3835.0,31347.0,NIFTY,2026-12-29,22500.0,PE,
2026-08-27 10:00:00+00:00,90.5,91.55,89.4,90.75,2015.0,41793.0,NIFTY,2026-12-29,22500.0,PE,
2026-08-27 10:05:00+00:00,90.95,91.75,89.4,91.75,3835.0,52238.0,NIFTY,2026-12-29,22500.0,PE,
2026-08-28 03:45:00+00:00,89.0,89.8,87.95,89.0,3575.0,41726.0,NIFTY,2026-12-29,22500.0,PE,
2026-08-28 03:50:00+00:00,90.0,90.0,88.6,88.8,3510.0,41739.0,NIFTY,2026-12-29,22500.0,PE,
2026-08-28 03:55:00+00:00,88.85,88.85,85.9,86.45,6175.0,41793.0,NIFTY,2026-12-29,22500.0,PE,
2026-08-28 04:00:00+00:00,86.95,87.9,86.45,86.5,5330.0,41902.0,NIFTY,2026-12-29,22500.0,PE,
2026-08-28 04:05:00+00:00,86.85,87.9,86.85,87.55,5005.0,41947.0,NIFTY,2026-12-29,22500.0,PE,
2026-08-28 04:10:00+00:00,87.1,87.1,85.4,85.8,4940.0,52580.0,NIFTY,2026-12-29,22500.0,PE,
2026-08-28 04:15:00+00:00,86.15,86.2,85.9,86.15,1950.0,42129.0,NIFTY,2026-12-29,22500.0,PE,
2026-08-28 04:20:00+00:00,86.4,87.15,86.4,86.4,5330.0,42146.0,NIFTY,2026-12-29,22500.0,PE,
2026-08-28 04:25:00+00:00,86.0,86.45,85.5,85.5,455.0,42110.0,NIFTY,2026-12-29,22500.0,PE,
2026-08-28 04:30:00+00:00,85.4,86.15,85.4,86.0,1105.0,10530.0,NIFTY,2026-12-29,22500.0,PE,
2026-08-28 04:35:00+00:00,85.75,86.05,84.9,84.9,5590.0,52659.0,NIFTY,2026-12-29,22500.0,PE,
2026-08-28 04:40:00+00:00,84.95,84.95,84.7,84.7,650.0,10531.0,NIFTY,2026-12-29,22500.0,PE,
2026-08-28 04:45:00+00:00,83.65,83.65,82.5,83.4,2535.0,42120.0,NIFTY,2026-12-29,22500.0,PE,
2026-08-28 04:50:00+00:00,84.1,84.1,83.95,84.05,1300.0,10530.0,NIFTY,2026-12-29,22500.0,PE,
2026-08-28 04:55:00+00:00,84.75,84.85,84.05,84.7,1950.0,31610.0,NIFTY,2026-12-29,22500.0,PE,
2026-08-28 05:00:00+00:00,84.5,84.8,84.3,84.5,2145.0,21085.0,NIFTY,2026-12-29,22500.0,PE,
2026-08-28 05:05:00+00:00,84.55,84.65,84.0,84.4,2405.0,42187.0,NIFTY,2026-12-29,22500.0,PE,
2026-08-28 05:10:00+00:00,83.8,84.7,83.8,84.7,585.0,21093.0,NIFTY,2026-12-29,22500.0,PE,
2026-08-28 05:15:00+00:00,84.8,84.85,84.0,84.0,585.0,10546.0,NIFTY,2026-12-29,22500.0,PE,
2026-08-28 05:20:00+00:00,84.05,84.35,83.8,84.35,1235.0,31630.0,NIFTY,2026-12-29,22500.0,PE,
2026-08-28 05:25:00+00:00,84.7,84.85,84.3,84.5,650.0,31634.0,NIFTY,2026-12-29,22500.0,PE,
2026-08-28 05:30:00+00:00,84.85,85.0,84.4,84.75,1495.0,31639.0,NIFTY,2026-12-29,22500.0,PE,
2026-08-28 05:35:00+00:00,85.0,85.5,84.95,85.5,1105.0,21095.0,NIFTY,2026-12-29,22500.0,PE,
2026-08-28 05:40:00+00:00,86.3,86.3,84.7,84.9,3900.0,21090.0,NIFTY,2026-12-29,22500.0,PE,
2026-08-28 05:45:00+00:00,84.85,86.35,84.85,86.3,650.0,10543.0,NIFTY,2026-12-29,22500.0,PE,
2026-08-28 05:50:00+00:00,86.8,86.8,86.8,86.8,65.0,10543.0,NIFTY,2026-12-29,22500.0,PE,
2026-08-28 05:55:00+00:00,87.7,89.0,87.7,89.0,585.0,21085.0,NIFTY,2026-12-29,22500.0,PE,
2026-08-28 06:00:00+00:00,89.9,91.8,89.2,90.8,5330.0,52748.0,NIFTY,2026-12-29,22500.0,PE,
2026-08-28 06:05:00+00:00,92.0,92.3,91.0,91.0,3575.0,42199.0,NIFTY,2026-12-29,22500.0,PE,
2026-08-28 06:10:00+00:00,91.0,91.0,90.0,91.0,5655.0,31750.0,NIFTY,2026-12-29,22500.0,PE,
2026-08-28 06:15:00+00:00,91.5,91.5,90.2,90.95,4615.0,42555.0,NIFTY,2026-12-29,22500.0,PE,
2026-08-28 06:20:00+00:00,90.65,91.55,90.5,91.4,780.0,31941.0,NIFTY,2026-12-29,22500.0,PE,
2026-08-28 06:25:00+00:00,91.9,94.4,91.9,93.9,2730.0,21305.0,NIFTY,2026-12-29,22500.0,PE,
2026-08-28 06:30:00+00:00,93.8,93.8,92.7,92.7,1950.0,53277.0,NIFTY,2026-12-29,22500.0,PE,
2026-08-28 06:35:00+00:00,92.75,93.25,92.5,93.0,2600.0,31994.0,NIFTY,2026-12-29,22500.0,PE,
2026-08-28 06:40:00+00:00,93.2,94.0,93.2,93.35,2990.0,32071.0,NIFTY,2026-12-29,22500.0,PE,
2026-08-28 06:45:00+00:00,93.25,93.6,93.25,93.4,650.0,32065.0,NIFTY,2026-12-29,22500.0,PE,
2026-08-28 06:50:00+00:00,93.1,93.95,92.65,93.4,3835.0,42781.0,NIFTY,2026-12-29,22500.0,PE,
2026-08-28 06:55:00+00:00,93.4,93.4,92.95,92.95,1560.0,21448.0,NIFTY,2026-12-29,22500.0,PE,
2026-08-28 07:00:00+00:00,92.85,92.85,92.05,92.25,1950.0,42907.0,NIFTY,2026-12-29,22500.0,PE,
2026-08-28 07:05:00+00:00,91.95,92.7,91.95,92.6,1430.0,42950.0,NIFTY,2026-12-29,22500.0,PE,
2026-08-28 07:10:00+00:00,92.55,92.8,92.55,92.65,1235.0,32232.0,NIFTY,2026-12-29,22500.0,PE,
2026-08-28 07:15:00+00:00,92.9,92.9,92.2,92.2,585.0,32225.0,NIFTY,2026-12-29,22500.0,PE,
2026-08-28 07:20:00+00:00,92.2,92.45,91.55,92.45,845.0,21484.0,NIFTY,2026-12-29,22500.0,PE,
2026-08-28 07:25:00+00:00,92.9,92.9,92.4,92.9,2275.0,43003.0,NIFTY,2026-12-29,22500.0,PE,
2026-08-28 07:30:00+00:00,92.9,92.9,92.45,92.9,3640.0,43106.0,NIFTY,2026-12-29,22500.0,PE,
2026-08-28 07:35:00+00:00,92.9,92.9,92.9,92.9,715.0,10801.0,NIFTY,2026-12-29,22500.0,PE,
2026-08-28 07:40:00+00:00,91.95,91.95,91.95,91.95,65.0,10808.0,NIFTY,2026-12-29,22500.0,PE,
2026-08-28 07:45:00+00:00,92.1,92.1,92.1,92.1,910.0,10808.0,NIFTY,2026-12-29,22500.0,PE,
2026-08-28 07:55:00+00:00,91.5,92.95,91.0,92.95,325.0,32441.0,NIFTY,2026-12-29,22500.0,PE,
2026-08-28 08:00:00+00:00,93.0,93.0,91.1,91.1,1625.0,32444.0,NIFTY,2026-12-29,22500.0,PE,
2026-08-28 08:05:00+00:00,91.1,91.1,91.1,91.1,65.0,10815.0,NIFTY,2026-12-29,22500.0,PE,
2026-08-28 08:10:00+00:00,91.05,91.05,90.75,90.85,845.0,21628.0,NIFTY,2026-12-29,22500.0,PE,
2026-08-28 08:15:00+00:00,91.5,92.05,91.5,92.05,715.0,32436.0,NIFTY,2026-12-29,22500.0,PE,
2026-08-28 08:20:00+00:00,92.4,92.4,92.0,92.0,195.0,21632.0,NIFTY,2026-12-29,22500.0,PE,
2026-08-28 08:25:00+00:00,92.05,92.85,91.7,91.7,18135.0,43583.0,NIFTY,2026-12-29,22500.0,PE,
2026-08-28 08:30:00+00:00,91.8,92.55,91.8,91.9,4095.0,21929.0,NIFTY,2026-12-29,22500.0,PE,
2026-08-28 08:35:00+00:00,91.85,91.9,91.7,91.7,455.0,21930.0,NIFTY,2026-12-29,22500.0,PE,
2026-08-28 08:40:00+00:00,91.85,91.85,90.9,91.0,7150.0,32962.0,NIFTY,2026-12-29,22500.0,PE,
2026-08-28 08:45:00+00:00,90.8,91.0,90.8,91.0,6370.0,33099.0,NIFTY,2026-12-29,22500.0,PE,
2026-08-28 08:50:00+00:00,90.5,90.5,90.4,90.5,11440.0,22173.0,NIFTY,2026-12-29,22500.0,PE,
2026-08-28 08:55:00+00:00,90.45,90.45,90.3,90.3,325.0,11113.0,NIFTY,2026-12-29,22500.0,PE,
2026-08-28 09:00:00+00:00,89.75,90.5,89.75,90.05,650.0,11109.0,NIFTY,2026-12-29,22500.0,PE,
2026-08-28 09:05:00+00:00,89.8,89.8,88.85,88.85,845.0,22221.0,NIFTY,2026-12-29,22500.0,PE,
2026-08-28 09:10:00+00:00,89.55,90.05,89.55,90.05,1430.0,33364.0,NIFTY,2026-12-29,22500.0,PE,
2026-08-28 09:15:00+00:00,90.6,90.6,88.7,89.0,13455.0,44734.0,NIFTY,2026-12-29,22500.0,PE,
2026-08-28 09:20:00+00:00,88.8,90.05,87.5,89.3,27560.0,68038.0,NIFTY,2026-12-29,22500.0,PE,
2026-08-28 09:25:00+00:00,89.1,89.8,89.1,89.5,5720.0,45752.0,NIFTY,2026-12-29,22500.0,PE,
2026-08-28 09:30:00+00:00,89.5,91.2,89.5,91.2,3380.0,45941.0,NIFTY,2026-12-29,22500.0,PE,
2026-08-28 09:35:00+00:00,91.45,91.55,89.85,90.0,4485.0,45979.0,NIFTY,2026-12-29,22500.0,PE,
2026-08-28 09:40:00+00:00,90.05,90.3,87.0,87.25,3900.0,,NIFTY,2026-12-29,22500.0,PE,
2026-08-28 09:45:00+00:00,87.9,87.95,86.9,87.95,1235.0,22945.0,NIFTY,2026-12-29,22500.0,PE,
2026-08-28 09:50:00+00:00,86.3,86.6,85.05,86.6,2795.0,45876.0,NIFTY,2026-12-29,22500.0,PE,
2026-08-28 09:55:00+00:00,85.4,86.55,85.0,86.3,2145.0,22932.0,NIFTY,2026-12-29,22500.0,PE,
2026-08-28 10:00:00+00:00,85.3,85.4,85.05,85.05,780.0,34390.0,NIFTY,2026-12-29,22500.0,PE,
2026-08-28 10:05:00+00:00,85.35,86.05,85.3,85.3,2340.0,45837.0,NIFTY,2026-12-29,22500.0,PE,
2026-08-31 03:45:00+00:00,95.25,98.65,95.25,97.95,5135.0,34360.0,NIFTY,2026-12-29,22500.0,PE,
2026-08-31 03:50:00+00:00,97.0,97.25,94.85,96.7,5655.0,45810.0,NIFTY,2026-12-29,22500.0,PE,
2026-08-31 03:55:00+00:00,96.1,98.0,96.1,97.7,4095.0,34336.0,NIFTY,2026-12-29,22500.0,PE,
2026-08-31 04:00:00+00:00,97.5,98.65,96.95,96.95,2470.0,11442.0,NIFTY,2026-12-29,22500.0,PE,
2026-08-31 04:05:00+00:00,97.95,98.15,97.2,98.15,4225.0,57273.0,NIFTY,2026-12-29,22500.0,PE,
2026-08-31 04:10:00+00:00,98.5,99.6,98.2,99.4,3380.0,45929.0,NIFTY,2026-12-29,22500.0,PE,
2026-08-31 04:15:00+00:00,99.5,100.05,98.55,98.55,6435.0,34454.0,NIFTY,2026-12-29,22500.0,PE,
2026-08-31 04:20:00+00:00,99.25,99.5,98.7,99.45,1950.0,34468.0,NIFTY,2026-12-29,22500.0,PE,
2026-08-31 04:25:00+00:00,99.5,100.5,99.5,100.0,5070.0,46066.0,NIFTY,2026-12-29,22500.0,PE,
2026-08-31 04:30:00+00:00,100.0,100.45,99.9,99.9,910.0,34620.0,NIFTY,2026-12-29,22500.0,PE,
2026-08-31 04:35:00+00:00,99.55,99.9,98.65,99.0,1495.0,34613.0,NIFTY,2026-12-29,22500.0,PE,
2026-08-31 04:40:00+00:00,99.5,100.0,99.5,99.8,1040.0,23065.0,NIFTY,2026-12-29,22500.0,PE,
2026-08-31 04:45:00+00:00,99.4,99.8,99.4,99.8,780.0,34620.0,NIFTY,2026-12-29,22500.0,PE,
2026-08-31 04:50:00+00:00,100.0,100.4,99.6,99.7,3575.0,34669.0,NIFTY,2026-12-29,22500.0,PE,
2026-08-31 04:55:00+00:00,100.15,100.15,99.0,99.0,1560.0,34687.0,NIFTY,2026-12-29,22500.0,PE,
2026-08-31 05:00:00+00:00,99.7,99.7,99.35,99.7,1885.0,34706.0,NIFTY,2026-12-29,22500.0,PE,
2026-08-31 05:05:00+00:00,99.4,100.4,99.4,100.0,3900.0,57994.0,NIFTY,2026-12-29,22500.0,PE,
2026-08-31 05:10:00+00:00,100.4,100.45,100.0,100.25,1040.0,34858.0,NIFTY,2026-12-29,22500.0,PE,
2026-08-31 05:15:00+00:00,99.35,99.35,99.3,99.3,390.0,23247.0,NIFTY,2026-12-29,22500.0,PE,
2026-08-31 05:20:00+00:00,100.0,100.0,99.3,99.6,520.0,11625.0,NIFTY,2026-12-29,22500.0,PE,
2026-08-31 05:25:00+00:00,98.35,98.95,98.05,98.05,910.0,23254.0,NIFTY,2026-12-29,22500.0,PE,
2026-08-31 05:30:00+00:00,98.6,98.6,98.6,98.6,65.0,11625.0,NIFTY,2026-12-29,22500.0,PE,
2026-08-31 05:35:00+00:00,98.5,99.7,98.5,99.6,2145.0,46494.0,NIFTY,2026-12-29,22500.0,PE,
2026-08-31 05:40:00+00:00,99.05,99.55,99.0,99.0,585.0,23245.0,NIFTY,2026-12-29,22500.0,PE,
2026-08-31 05:45:00+00:00,98.85,98.85,98.7,98.8,1885.0,23255.0,NIFTY,2026-12-29,22500.0,PE,
2026-08-31 05:50:00+00:00,99.0,99.55,98.65,98.95,8450.0,34953.0,NIFTY,2026-12-29,22500.0,PE,
2026-08-31 05:55:00+00:00,99.45,99.55,99.4,99.55,1170.0,,NIFTY,2026-12-29,22500.0,PE,
2026-08-31 06:00:00+00:00,98.5,98.5,97.9,98.1,520.0,11664.0,NIFTY,2026-12-29,22500.0,PE,
2026-08-31 06:05:00+00:00,97.2,97.9,96.65,97.5,975.0,11662.0,NIFTY,2026-12-29,22500.0,PE,
2026-08-31 06:10:00+00:00,97.2,97.2,97.2,97.2,65.0,11666.0,NIFTY,2026-12-29,22500.0,PE,
2026-08-31 06:15:00+00:00,96.0,96.0,96.0,96.0,65.0,,NIFTY,2026-12-29,22500.0,PE,
2026-08-31 06:20:00+00:00,95.55,96.05,92.55,92.9,15925.0,46534.0,NIFTY,2026-12-29,22500.0,PE,
2026-08-31 06:25:00+00:00,92.95,94.3,91.8,94.3,2015.0,11618.0,NIFTY,2026-12-29,22500.0,PE,
2026-08-31 06:30:00+00:00,94.75,94.85,93.95,94.4,520.0,34856.0,NIFTY,2026-12-29,22500.0,PE,
2026-08-31 06:35:00+00:00,94.2,94.8,93.7,94.3,4615.0,23234.0,NIFTY,2026-12-29,22500.0,PE,
2026-08-31 06:40:00+00:00,94.45,94.45,93.9,93.9,1170.0,34854.0,NIFTY,2026-12-29,22500.0,PE,
2026-08-31 06:45:00+00:00,94.65,94.65,94.65,94.65,650.0,,NIFTY,2026-12-29,22500.0,PE,
2026-08-31 06:50:00+00:00,93.45,93.5,93.4,93.5,3185.0,34894.0,NIFTY,2026-12-29,22500.0,PE,
2026-08-31 06:55:00+00:00,93.95,94.0,93.7,94.0,260.0,11646.0,NIFTY,2026-12-29,22500.0,PE,
2026-08-31 07:00:00+00:00,94.0,94.0,94.0,94.0,65.0,,NIFTY,2026-12-29,22500.0,PE,
2026-08-31 07:05:00+00:00,93.75,93.75,93.5,93.75,3185.0,46571.0,NIFTY,2026-12-29,22500.0,PE,
2026-08-31 07:10:00+00:00,93.5,93.5,93.5,93.5,2080.0,34841.0,NIFTY,2026-12-29,22500.0,PE,
2026-08-31 07:15:00+00:00,94.1,94.9,94.1,94.45,9555.0,23272.0,NIFTY,2026-12-29,22500.0,PE,
2026-08-31 07:20:00+00:00,93.6,93.7,93.6,93.7,260.0,11644.0,NIFTY,2026-12-29,22500.0,PE,
2026-08-31 07:25:00+00:00,94.4,94.4,94.4,94.4,65.0,11645.0,NIFTY,2026-12-29,22500.0,PE,
2026-08-31 07:35:00+00:00,94.4,94.4,94.4,94.4,325.0,11646.0,NIFTY,2026-12-29,22500.0,PE,
2026-08-31 07:40:00+00:00,93.6,93.6,93.55,93.55,325.0,23286.0,NIFTY,2026-12-29,22500.0,PE,
2026-08-31 07:45:00+00:00,93.5,93.5,93.25,93.25,390.0,11640.0,NIFTY,2026-12-29,22500.0,PE,
2026-08-31 07:50:00+00:00,93.6,94.35,93.6,93.95,845.0,23286.0,NIFTY,2026-12-29,22500.0,PE,
2026-08-31 07:55:00+00:00,93.35,93.75,93.2,93.75,845.0,34929.0,NIFTY,2026-12-29,22500.0,PE,
2026-08-31 08:00:00+00:00,93.6,93.6,93.2,93.2,260.0,23282.0,NIFTY,2026-12-29,22500.0,PE,
2026-08-31 08:05:00+00:00,93.3,93.3,93.3,93.3,65.0,11640.0,NIFTY,2026-12-29,22500.0,PE,
2026-08-31 08:10:00+00:00,93.55,93.6,93.55,93.6,130.0,11640.0,NIFTY,2026-12-29,22500.0,PE,
2026-08-31 08:15:00+00:00,93.7,93.7,93.0,93.0,260.0,11641.0,NIFTY,2026-12-29,22500.0,PE,
2026-08-31 08:20:00+00:00,93.1,93.1,93.1,93.1,130.0,11640.0,NIFTY,2026-12-29,22500.0,PE,
2026-08-31 08:25:00+00:00,93.75,94.0,93.75,94.0,260.0,11641.0,NIFTY,2026-12-29,22500.0,PE,
2026-08-31 08:30:00+00:00,94.75,96.1,94.75,96.1,2470.0,23290.0,NIFTY,2026-12-29,22500.0,PE,
2026-08-31 08:35:00+00:00,96.1,96.1,96.0,96.0,455.0,23322.0,NIFTY,2026-12-29,22500.0,PE,
2026-08-31 08:45:00+00:00,96.4,96.4,95.7,95.7,195.0,23316.0,NIFTY,2026-12-29,22500.0,PE,
2026-08-31 08:50:00+00:00,96.5,96.85,96.5,96.5,325.0,34979.0,NIFTY,2026-12-29,22500.0,PE,
2026-08-31 09:00:00+00:00,98.2,98.2,96.25,96.25,650.0,23314.0,NIFTY,2026-12-29,22500.0,PE,
2026-08-31 09:05:00+00:00,96.2,96.45,95.35,95.95,2405.0,34971.0,NIFTY,2026-12-29,22500.0,PE,
2026-08-31 09:10:00+00:00,95.3,95.3,94.0,94.0,2860.0,23315.0,NIFTY,2026-12-29,22500.0,PE,
2026-08-31 09:15:00+00:00,92.2,92.85,90.0,92.85,4810.0,34927.0,NIFTY,2026-12-29,22500.0,PE,
2026-08-31 09:20:00+00:00,92.15,92.85,91.7,91.7,4745.0,58128.0,NIFTY,2026-12-29,22500.0,PE,
2026-08-31 09:25:00+00:00,92.8,92.8,92.8,92.8,195.0,11598.0,NIFTY,2026-12-29,22500.0,PE,
2026-08-31 09:30:00+00:00,93.45,94.15,92.9,94.15,1170.0,23192.0,NIFTY,2026-12-29,22500.0,PE,
2026-08-31 09:35:00+00:00,94.2,94.2,93.0,93.0,4485.0,46303.0,NIFTY,2026-12-29,22500.0,PE,
2026-08-31 09:40:00+00:00,93.85,94.65,93.85,94.2,1170.0,34664.0,NIFTY,2026-12-29,22500.0,PE,
2026-08-31 09:45:00+00:00,95.2,95.85,94.4,94.7,1040.0,46226.0,NIFTY,2026-12-29,22500.0,PE,
2026-08-31 09:50:00+00:00,92.05,95.35,91.5,95.1,5265.0,57759.0,NIFTY,2026-12-29,22500.0,PE,
2026-08-31 09:55:00+00:00,94.6,95.25,94.1,94.1,910.0,34639.0,NIFTY,2026-12-29,22500.0,PE,
2026-08-31 10:00:00+00:00,93.7,93.7,93.25,93.6,325.0,23094.0,NIFTY,2026-12-29,22500.0,PE,
2026-08-31 10:05:00+00:00,95.1,95.1,94.0,95.0,2210.0,46193.0,NIFTY,2026-12-29,22500.0,PE,
2026-09-01 03:45:00+00:00,95.0,98.8,95.0,96.65,7085.0,46167.0,NIFTY,2026-12-29,22500.0,PE,
2026-09-01 03:50:00+00:00,97.35,98.0,96.65,98.0,1235.0,57831.0,NIFTY,2026-12-29,22500.0,PE,
2026-09-01 03:55:00+00:00,97.75,97.8,95.3,95.3,3770.0,34676.0,NIFTY,2026-12-29,22500.0,PE,
2026-09-01 04:00:00+00:00,95.75,96.5,94.7,95.0,3250.0,57769.0,NIFTY,2026-12-29,22500.0,PE,
2026-09-01 04:05:00+00:00,95.9,97.45,95.9,96.7,1820.0,46224.0,NIFTY,2026-12-29,22500.0,PE,
2026-09-01 04:10:00+00:00,97.5,97.85,96.4,97.3,715.0,34669.0,NIFTY,2026-12-29,22500.0,PE,
2026-09-01 04:15:00+00:00,97.85,98.6,97.35,98.3,2145.0,34723.0,NIFTY,2026-12-29,22500.0,PE,
2026-09-01 04:20:00+00:00,98.75,99.7,97.7,99.7,3575.0,34765.0,NIFTY,2026-12-29,22500.0,PE,
2026-09-01 04:25:00+00:00,98.6,99.6,98.45,99.6,1560.0,23186.0,NIFTY,2026-12-29,22500.0,PE,
2026-09-01 04:30:00+00:00,99.3,99.65,98.6,98.6,1690.0,11601.0,NIFTY,2026-12-29,22500.0,PE,
2026-09-01 04:35:00+00:00,98.1,99.0,98.1,99.0,715.0,23199.0,NIFTY,2026-12-29,22500.0,PE,
2026-09-01 04:40:00+00:00,98.15,98.15,98.15,98.15,130.0,11596.0,NIFTY,2026-12-29,22500.0,PE,
2026-09-01 04:45:00+00:00,98.05,98.05,96.1,96.1,520.0,23191.0,NIFTY,2026-12-29,22500.0,PE,
2026-09-01 04:50:00+00:00,95.8,95.8,95.1,95.2,1820.0,23194.0,NIFTY,2026-12-29,22500.0,PE,
2026-09-01 04:55:00+00:00,95.05,95.05,94.85,94.95,780.0,23204.0,NIFTY,2026-12-29,22500.0,PE,
2026-09-01 05:00:00+00:00,95.0,95.0,93.9,94.15,1885.0,34823.0,NIFTY,2026-12-29,22500.0,PE,
2026-09-01 05:05:00+00:00,94.0,94.0,93.8,93.8,390.0,23234.0,NIFTY,2026-12-29,22500.0,PE,
2026-09-01 05:10:00+00:00,94.45,94.55,94.45,94.55,130.0,11618.0,NIFTY,2026-12-29,22500.0,PE,
2026-09-01 05:15:00+00:00,94.95,95.1,93.95,94.55,3510.0,34858.0,NIFTY,2026-12-29,22500.0,PE,
2026-09-01 05:20:00+00:00,94.6,94.6,92.35,93.05,1105.0,46458.0,NIFTY,2026-12-29,22500.0,PE,
2026-09-01 05:25:00+00:00,92.6,92.9,92.05,92.15,1885.0,23231.0,NIFTY,2026-12-29,22500.0,PE,
2026-09-01 05:30:00+00:00,92.2,92.8,92.1,92.4,1885.0,34867.0,NIFTY,2026-12-29,22500.0,PE,
2026-09-01 05:35:00+00:00,92.65,92.65,91.3,91.3,2665.0,34801.0,NIFTY,2026-12-29,22500.0,PE,
2026-09-01 05:40:00+00:00,91.0,91.0,88.5,89.55,4680.0,46252.0,NIFTY,2026-12-29,22500.0,PE,
2026-09-01 05:45:00+00:00,89.6,89.7,88.6,88.6,3380.0,46196.0,NIFTY,2026-12-29,22500.0,PE,
2026-09-01 05:50:00+00:00,88.5,89.35,88.5,89.35,1950.0,46131.0,NIFTY,2026-12-29,22500.0,PE,
2026-09-01 05:55:00+00:00,88.8,88.95,88.55,88.55,845.0,46099.0,NIFTY,2026-12-29,22500.0,PE,
2026-09-01 06:00:00+00:00,88.5,88.55,88.05,88.1,1820.0,34531.0,NIFTY,2026-12-29,22500.0,PE,
2026-09-01 06:05:00+00:00,89.4,89.4,88.7,88.8,1235.0,23017.0,NIFTY,2026-12-29,22500.0,PE,
2026-09-01 06:10:00+00:00,89.6,89.85,89.6,89.85,1235.0,34513.0,NIFTY,2026-12-29,22500.0,PE,
2026-09-01 06:15:00+00:00,89.85,89.85,89.85,89.85,520.0,,NIFTY,2026-12-29,22500.0,PE,
2026-09-01 06:20:00+00:00,90.2,90.25,89.85,89.85,260.0,11497.0,NIFTY,2026-12-29,22500.0,PE,
2026-09-01 06:25:00+00:00,89.35,89.85,88.95,89.85,5330.0,23004.0,NIFTY,2026-12-29,22500.0,PE,
2026-09-01 06:30:00+00:00,89.3,89.95,89.3,89.95,130.0,23041.0,NIFTY,2026-12-29,22500.0,PE,
2026-09-01 06:35:00+00:00,88.8,88.8,88.8,88.8,65.0,11520.0,NIFTY,2026-12-29,22500.0,PE,
2026-09-01 06:40:00+00:00,88.65,88.65,88.65,88.65,65.0,11521.0,NIFTY,2026-12-29,22500.0,PE,
2026-09-01 06:45:00+00:00,89.0,89.7,89.0,89.7,520.0,11524.0,NIFTY,2026-12-29,22500.0,PE,
2026-09-01 06:50:00+00:00,90.25,90.25,90.25,90.25,130.0,11525.0,NIFTY,2026-12-29,22500.0,PE,
2026-09-01 06:55:00+00:00,90.05,90.05,90.05,90.05,715.0,11525.0,NIFTY,2026-12-29,22500.0,PE,
2026-09-01 07:00:00+00:00,89.7,90.05,89.7,90.05,325.0,11527.0,NIFTY,2026-12-29,22500.0,PE,
2026-09-01 07:05:00+00:00,90.15,90.6,89.9,90.6,910.0,11527.0,NIFTY,2026-12-29,22500.0,PE,
2026-09-01 07:10:00+00:00,90.5,90.5,89.85,89.85,780.0,11528.0,NIFTY,2026-12-29,22500.0,PE,
2026-09-01 07:15:00+00:00,89.85,90.0,89.85,90.0,195.0,23047.0,NIFTY,2026-12-29,22500.0,PE,
2026-09-01 07:20:00+00:00,89.7,90.3,89.7,90.3,130.0,23047.0,NIFTY,2026-12-29,22500.0,PE,
2026-09-01 07:25:00+00:00,90.55,90.85,90.55,90.7,715.0,34569.0,NIFTY,2026-12-29,22500.0,PE,
2026-09-01 07:30:00+00:00,91.2,91.55,91.2,91.55,325.0,11524.0,NIFTY,2026-12-29,22500.0,PE,
2026-09-01 07:35:00+00:00,92.0,92.1,92.0,92.1,130.0,23053.0,NIFTY,2026-12-29,22500.0,PE,
2026-09-01 07:40:00+00:00,92.7,94.55,92.7,94.55,1105.0,23049.0,NIFTY,2026-12-29,22500.0,PE,
2026-09-01 07:45:00+00:00,95.1,96.15,94.3,94.3,1300.0,34546.0,NIFTY,2026-12-29,22500.0,PE,
2026-09-01 07:50:00+00:00,94.3,94.3,93.2,93.5,1430.0,23036.0,NIFTY,2026-12-29,22500.0,PE,
2026-09-01 07:55:00+00:00,93.95,94.5,93.95,94.5,2730.0,23045.0,NIFTY,2026-12-29,22500.0,PE,
2026-09-01 08:05:00+00:00,93.0,96.0,93.0,96.0,4095.0,46216.0,NIFTY,2026-12-29,22500.0,PE,
2026-09-01 08:10:00+00:00,96.45,98.0,96.45,98.0,1820.0,23143.0,NIFTY,2026-12-29,22500.0,PE,
2026-09-01 08:15:00+00:00,97.15,98.0,97.15,98.0,1885.0,34738.0,NIFTY,2026-12-29,22500.0,PE,
2026-09-01 08:20:00+00:00,98.2,101.8,98.2,101.8,7930.0,46465.0,NIFTY,2026-12-29,22500.0,PE,
2026-09-01 08:25:00+00:00,101.8,101.8,99.8,100.85,7475.0,23273.0,NIFTY,2026-12-29,22500.0,PE,
2026-09-01 08:30:00+00:00,101.0,103.95,101.0,103.95,6630.0,46729.0,NIFTY,2026-12-29,22500.0,PE,
2026-09-01 08:35:00+00:00,104.0,107.8,103.6,107.8,4160.0,46863.0,NIFTY,2026-12-29,22500.0,PE,
2026-09-01 08:40:00+00:00,107.2,108.0,106.1,106.95,3770.0,46909.0,NIFTY,2026-12-29,22500.0,PE,
2026-09-01 08:45:00+00:00,106.35,107.1,106.35,106.5,2795.0,58683.0,NIFTY,2026-12-29,22500.0,PE,
2026-09-01 08:50:00+00:00,106.35,108.0,106.35,107.95,3770.0,46994.0,NIFTY,2026-12-29,22500.0,PE,
2026-09-01 08:55:00+00:00,107.9,108.0,105.1,105.1,2340.0,35272.0,NIFTY,2026-12-29,22500.0,PE,
2026-09-01 09:00:00+00:00,104.85,106.05,102.5,103.6,9490.0,47023.0,NIFTY,2026-12-29,22500.0,PE,
2026-09-01 09:05:00+00:00,103.0,104.95,103.0,104.7,1495.0,35261.0,NIFTY,2026-12-29,22500.0,PE,
2026-09-01 09:10:00+00:00,105.15,106.1,104.65,106.1,1300.0,35271.0,NIFTY,2026-12-29,22500.0,PE,
2026-09-01 09:15:00+00:00,106.5,106.95,105.25,106.3,5980.0,47023.0,NIFTY,2026-12-29,22500.0,PE,
2026-09-01 09:20:00+00:00,105.75,105.75,103.85,104.5,8320.0,59026.0,NIFTY,2026-12-29,22500.0,PE,
2026-09-01 09:25:00+00:00,104.4,105.05,103.45,104.65,27365.0,35629.0,NIFTY,2026-12-29,22500.0,PE,
2026-09-01 09:30:00+00:00,105.7,107.3,104.75,106.85,2080.0,47602.0,NIFTY,2026-12-29,22500.0,PE,
2026-09-01 09:35:00+00:00,107.15,108.85,106.15,108.55,14040.0,59192.0,NIFTY,2026-12-29,22500.0,PE,
2026-09-01 09:40:00+00:00,108.35,108.45,104.8,107.1,19890.0,47225.0,NIFTY,2026-12-29,22500.0,PE,
2026-09-01 09:45:00+00:00,107.05,108.0,105.55,105.55,10855.0,59300.0,NIFTY,2026-12-29,22500.0,PE,
2026-09-01 09:50:00+00:00,106.85,107.55,105.05,105.4,4875.0,47544.0,NIFTY,2026-12-29,22500.0,PE,
2026-09-01 09:55:00+00:00,105.75,107.15,103.3,103.3,3770.0,59386.0,NIFTY,2026-12-29,22500.0,PE,
2026-09-01 10:00:00+00:00,105.0,106.0,104.8,105.0,3575.0,59419.0,NIFTY,2026-12-29,22500.0,PE,
2026-09-01 10:05:00+00:00,104.5,106.0,104.1,105.5,4160.0,47651.0,NIFTY,2026-12-29,22500.0,PE,
2026-09-02 03:45:00+00:00,121.95,126.15,119.0,122.6,24895.0,35813.0,NIFTY,2026-12-29,22500.0,PE,
2026-09-02 03:50:00+00:00,122.55,125.3,121.2,125.05,6500.0,59725.0,NIFTY,2026-12-29,22500.0,PE,
2026-09-02 03:55:00+00:00,124.5,125.0,123.05,124.55,8060.0,59718.0,NIFTY,2026-12-29,22500.0,PE,
2026-09-02 04:00:00+00:00,124.7,125.35,122.9,123.1,1495.0,35861.0,NIFTY,2026-12-29,22500.0,PE,
2026-09-02 04:05:00+00:00,122.95,123.3,122.0,123.3,3835.0,59822.0,NIFTY,2026-12-29,22500.0,PE,
2026-09-02 04:10:00+00:00,123.95,124.0,121.4,122.0,6045.0,59882.0,NIFTY,2026-12-29,22500.0,PE,
2026-09-02 04:15:00+00:00,122.1,124.05,122.1,122.6,6955.0,47970.0,NIFTY,2026-12-29,22500.0,PE,
2026-09-02 04:20:00+00:00,122.7,124.2,121.4,124.2,5590.0,47968.0,NIFTY,2026-12-29,22500.0,PE,
2026-09-02 04:25:00+00:00,124.3,124.3,119.6,121.2,6305.0,47983.0,NIFTY,2026-12-29,22500.0,PE,
2026-09-02 04:30:00+00:00,120.05,121.55,120.05,120.4,910.0,24016.0,NIFTY,2026-12-29,22500.0,PE,
2026-09-02 04:35:00+00:00,121.1,121.85,120.35,121.05,2145.0,36035.0,NIFTY,2026-12-29,22500.0,PE,
2026-09-02 04:40:00+00:00,121.1,121.4,120.0,120.0,2470.0,36027.0,NIFTY,2026-12-29,22500.0,PE,
2026-09-02 04:45:00+00:00,120.4,121.15,120.4,120.8,1430.0,48030.0,NIFTY,2026-12-29,22500.0,PE,
2026-09-02 04:50:00+00:00,119.4,119.85,118.3,118.5,3120.0,48036.0,NIFTY,2026-12-29,22500.0,PE,
2026-09-02 04:55:00+00:00,118.7,118.7,117.2,117.2,1820.0,48031.0,NIFTY,2026-12-29,22500.0,PE,
2026-09-02 05:00:00+00:00,117.25,117.25,115.2,117.25,4355.0,60053.0,NIFTY,2026-12-29,22500.0,PE,
2026-09-02 05:05:00+00:00,117.2,118.9,117.2,118.9,845.0,36036.0,NIFTY,2026-12-29,22500.0,PE,
2026-09-02 05:10:00+00:00,118.8,119.75,118.8,119.75,845.0,24022.0,NIFTY,2026-12-29,22500.0,PE,
2026-09-02 05:15:00+00:00,118.95,119.75,118.5,119.25,455.0,24023.0,NIFTY,2026-12-29,22500.0,PE,
2026-09-02 05:20:00+00:00,118.3,121.0,118.3,120.75,1755.0,48073.0,NIFTY,2026-12-29,22500.0,PE,
2026-09-02 05:25:00+00:00,119.4,119.7,118.0,119.25,1365.0,60143.0,NIFTY,2026-12-29,22500.0,PE,
2026-09-02 05:30:00+00:00,119.0,123.1,119.0,123.0,2990.0,36108.0,NIFTY,2026-12-29,22500.0,PE,
2026-09-02 05:35:00+00:00,123.5,123.85,122.35,122.95,2145.0,48161.0,NIFTY,2026-12-29,22500.0,PE,
2026-09-02 05:40:00+00:00,123.1,123.3,122.0,123.3,10010.0,48382.0,NIFTY,2026-12-29,22500.0,PE,
2026-09-02 05:45:00+00:00,123.0,123.5,121.75,121.75,7020.0,36422.0,NIFTY,2026-12-29,22500.0,PE,
2026-09-02 05:50:00+00:00,122.0,123.5,121.55,123.5,4160.0,60774.0,NIFTY,2026-12-29,22500.0,PE,
2026-09-02 05:55:00+00:00,123.0,123.55,122.15,122.65,3510.0,36562.0,NIFTY,2026-12-29,22500.0,PE,
2026-09-02 06:00:00+00:00,123.45,125.0,123.0,125.0,12675.0,36620.0,NIFTY,2026-12-29,22500.0,PE,
2026-09-02 06:05:00+00:00,124.35,124.9,123.4,123.4,2080.0,48932.0,NIFTY,2026-12-29,22500.0,PE,
2026-09-02 06:10:00+00:00,123.0,124.7,122.95,124.0,1950.0,48967.0,NIFTY,2026-12-29,22500.0,PE,
2026-09-02 06:15:00+00:00,124.4,124.75,124.15,124.15,715.0,24485.0,NIFTY,2026-12-29,22500.0,PE,
2026-09-02 06:20:00+00:00,124.1,124.15,122.25,122.35,2730.0,48933.0,NIFTY,2026-12-29,22500.0,PE,
2026-09-02 06:25:00+00:00,121.3,124.6,121.3,124.2,3900.0,36733.0,NIFTY,2026-12-29,22500.0,PE,
2026-09-02 06:30:00+00:00,124.5,125.6,124.0,125.6,4290.0,36754.0,NIFTY,2026-12-29,22500.0,PE,
2026-09-02 06:35:00+00:00,125.25,126.35,124.55,126.2,2860.0,61379.0,NIFTY,2026-12-29,22500.0,PE,
2026-09-02 06:40:00+00:00,126.5,126.5,122.35,123.5,4745.0,61427.0,NIFTY,2026-12-29,22500.0,PE,
2026-09-02 06:45:00+00:00,123.0,123.6,122.35,123.15,2535.0,36898.0,NIFTY,2026-12-29,22500.0,PE,
2026-09-02 06:50:00+00:00,125.0,125.0,123.7,123.7,2015.0,49247.0,NIFTY,2026-12-29,22500.0,PE,
2026-09-02 06:55:00+00:00,124.0,124.0,122.3,122.3,1365.0,36946.0,NIFTY,2026-12-29,22500.0,PE,
2026-09-02 07:00:00+00:00,122.6,122.6,120.25,121.0,3575.0,61613.0,NIFTY,2026-12-29,22500.0,PE,
2026-09-02 07:05:00+00:00,121.5,121.5,120.6,121.0,6045.0,24681.0,NIFTY,2026-12-29,22500.0,PE,
2026-09-02 07:10:00+00:00,121.0,121.0,118.6,119.5,6370.0,24697.0,NIFTY,2026-12-29,22500.0,PE,
2026-09-02 07:15:00+00:00,119.95,120.3,119.75,119.75,1040.0,24700.0,NIFTY,2026-12-29,22500.0,PE,
2026-09-02 07:20:00+00:00,119.95,119.95,118.9,118.9,1820.0,49412.0,NIFTY,2026-12-29,22500.0,PE,
2026-09-02 07:25:00+00:00,119.05,120.25,119.05,119.2,3315.0,61787.0,NIFTY,2026-12-29,22500.0,PE,
2026-09-02 07:30:00+00:00,119.55,119.55,117.6,117.6,5590.0,61843.0,NIFTY,2026-12-29,22500.0,PE,
2026-09-02 07:35:00+00:00,117.9,119.75,117.9,119.45,845.0,37127.0,NIFTY,2026-12-29,22500.0,PE,
2026-09-02 07:40:00+00:00,119.95,119.95,117.4,117.4,1560.0,24770.0,NIFTY,2026-12-29,22500.0,PE,
2026-09-02 07:45:00+00:00,117.55,118.75,117.5,118.5,4225.0,37174.0,NIFTY,2026-12-29,22500.0,PE,
2026-09-02 07:50:00+00:00,118.75,119.15,118.5,119.0,12220.0,49596.0,NIFTY,2026-12-29,22500.0,PE,
2026-09-02 07:55:00+00:00,119.05,119.55,118.85,119.55,12350.0,49810.0,NIFTY,2026-12-29,22500.0,PE,
2026-09-02 08:00:00+00:00,119.65,122.0,119.55,121.3,26000.0,49869.0,NIFTY,2026-12-29,22500.0,PE,
2026-09-02 08:05:00+00:00,121.5,122.5,121.05,122.5,11895.0,49897.0,NIFTY,2026-12-29,22500.0,PE,
2026-09-02 08:10:00+00:00,122.7,124.0,122.25,123.85,18135.0,62375.0,NIFTY,2026-12-29,22500.0,PE,
2026-09-02 08:15:00+00:00,124.0,124.0,122.85,123.9,15925.0,49925.0,NIFTY,2026-12-29,22500.0,PE,
2026-09-02 08:20:00+00:00,124.5,127.1,124.45,127.0,49595.0,62442.0,NIFTY,2026-12-29,22500.0,PE,
2026-09-02 08:25:00+00:00,127.05,128.85,126.15,127.95,109590.0,63022.0,NIFTY,2026-12-29,22500.0,PE,
2026-09-02 08:30:00+00:00,128.0,128.6,125.55,128.6,28600.0,63272.0,NIFTY,2026-12-29,22500.0,PE,
2026-09-02 08:35:00+00:00,128.75,128.75,125.0,126.85,36140.0,63389.0,NIFTY,2026-12-29,22500.0,PE,
2026-09-02 08:40:00+00:00,126.25,127.4,125.9,125.95,19955.0,63598.0,NIFTY,2026-12-29,22500.0,PE,
2026-09-02 08:45:00+00:00,126.05,128.35,126.05,126.15,10465.0,63458.0,NIFTY,2026-12-29,22500.0,PE,
2026-09-02 08:50:00+00:00,126.0,127.8,126.0,127.8,2470.0,38045.0,NIFTY,2026-12-29,22500.0,PE,
2026-09-02 08:55:00+00:00,127.5,127.7,125.1,125.75,3380.0,50718.0,NIFTY,2026-12-29,22500.0,PE,
2026-09-02 09:00:00+00:00,124.65,124.65,122.65,123.5,7150.0,63265.0,NIFTY,2026-12-29,22500.0,PE,
2026-09-02 09:05:00+00:00,123.45,123.75,122.5,123.25,3185.0,50437.0,NIFTY,2026-12-29,22500.0,PE,
2026-09-02 09:10:00+00:00,123.1,124.9,122.8,124.9,3705.0,37806.0,NIFTY,2026-12-29,22500.0,PE,
2026-09-02 09:15:00+00:00,124.4,125.2,122.8,122.8,3120.0,62975.0,NIFTY,2026-12-29,22500.0,PE,
2026-09-02 09:20:00+00:00,124.3,125.05,124.3,125.0,455.0,12587.0,NIFTY,2026-12-29,22500.0,PE,
2026-09-02 09:25:00+00:00,125.7,126.5,125.7,126.1,2015.0,62912.0,NIFTY,2026-12-29,22500.0,PE,
2026-09-02 09:30:00+00:00,126.65,129.55,126.65,129.15,2015.0,25154.0,NIFTY,2026-12-29,22500.0,PE,
2026-09-02 09:35:00+00:00,130.0,130.0,127.2,127.55,10335.0,62817.0,NIFTY,2026-12-29,22500.0,PE,
2026-09-02 09:40:00+00:00,127.7,127.7,125.2,126.4,7735.0,50032.0,NIFTY,2026-12-29,22500.0,PE,
2026-09-02 09:45:00+00:00,126.15,126.5,125.05,126.25,6695.0,74919.0,NIFTY,2026-12-29,22500.0,PE,
2026-09-02 09:50:00+00:00,125.4,126.05,125.05,125.1,3510.0,37339.0,NIFTY,2026-12-29,22500.0,PE,
2026-09-02 09:55:00+00:00,125.35,127.1,125.15,125.75,2405.0,49747.0,NIFTY,2026-12-29,22500.0,PE,
2026-09-02 10:00:00+00:00,126.05,127.5,126.05,127.35,2860.0,37272.0,NIFTY,2026-12-29,22500.0,PE,
2026-09-02 10:05:00+00:00,127.0,127.8,125.05,125.05,2080.0,62019.0,NIFTY,2026-12-29,22500.0,PE,
2026-09-03 03:45:00+00:00,115.65,115.65,108.4,111.0,8905.0,74359.0,NIFTY,2026-12-29,22500.0,PE,
2026-09-03 03:50:00+00:00,111.25,112.05,110.05,112.05,1820.0,24802.0,NIFTY,2026-12-29,22500.0,PE,
2026-09-03 03:55:00+00:00,113.2,113.2,111.0,111.0,1040.0,49608.0,NIFTY,2026-12-29,22500.0,PE,
2026-09-03 04:00:00+00:00,110.05,110.65,108.75,108.75,5850.0,61948.0,NIFTY,2026-12-29,22500.0,PE,
2026-09-03 04:05:00+00:00,108.35,108.55,107.05,107.05,6110.0,61850.0,NIFTY,2026-12-29,22500.0,PE,
2026-09-03 04:10:00+00:00,106.55,106.55,104.7,105.2,7930.0,49399.0,NIFTY,2026-12-29,22500.0,PE,
2026-09-03 04:15:00+00:00,104.6,105.75,104.4,105.05,3250.0,36996.0,NIFTY,2026-12-29,22500.0,PE,
2026-09-03 04:20:00+00:00,105.0,105.4,104.55,104.8,16380.0,49338.0,NIFTY,2026-12-29,22500.0,PE,
2026-09-03 04:25:00+00:00,106.05,106.25,105.75,106.25,2275.0,37220.0,NIFTY,2026-12-29,22500.0,PE,
2026-09-03 04:30:00+00:00,106.4,106.65,105.5,105.85,1365.0,62004.0,NIFTY,2026-12-29,22500.0,PE,
2026-09-03 04:35:00+00:00,105.5,106.2,105.5,106.05,1495.0,24792.0,NIFTY,2026-12-29,22500.0,PE,
2026-09-03 04:40:00+00:00,106.25,106.35,105.6,106.1,1365.0,49537.0,NIFTY,2026-12-29,22500.0,PE,
2026-09-03 04:45:00+00:00,106.9,106.9,105.85,106.0,3185.0,61876.0,NIFTY,2026-12-29,22500.0,PE,
2026-09-03 04:50:00+00:00,106.05,106.05,105.7,105.7,455.0,24742.0,NIFTY,2026-12-29,22500.0,PE,
2026-09-03 04:55:00+00:00,106.95,107.0,106.35,106.95,1040.0,37110.0,NIFTY,2026-12-29,22500.0,PE,
2026-09-03 05:00:00+00:00,107.0,108.3,106.8,107.5,1820.0,37119.0,NIFTY,2026-12-29,22500.0,PE,
2026-09-03 05:05:00+00:00,108.0,109.45,107.8,109.45,1040.0,37116.0,NIFTY,2026-12-29,22500.0,PE,
2026-09-03 05:10:00+00:00,110.0,110.5,109.95,110.5,2405.0,12373.0,NIFTY,2026-12-29,22500.0,PE,
2026-09-03 05:15:00+00:00,109.5,109.95,108.55,108.55,1820.0,24778.0,NIFTY,2026-12-29,22500.0,PE,
2026-09-03 05:20:00+00:00,108.65,110.15,108.65,110.15,715.0,37185.0,NIFTY,2026-12-29,22500.0,PE,
2026-09-03 05:25:00+00:00,111.55,111.55,109.85,109.85,130.0,12396.0,NIFTY,2026-12-29,22500.0,PE,
2026-09-03 05:30:00+00:00,110.95,111.0,110.95,111.0,325.0,12397.0,NIFTY,2026-12-29,22500.0,PE,
2026-09-03 05:35:00+00:00,111.7,113.75,111.7,113.75,1105.0,37204.0,NIFTY,2026-12-29,22500.0,PE,
2026-09-03 05:40:00+00:00,113.95,113.95,113.15,113.8,1625.0,49626.0,NIFTY,2026-12-29,22500.0,PE,
2026-09-03 05:45:00+00:00,114.7,115.35,112.2,112.2,2080.0,37252.0,NIFTY,2026-12-29,22500.0,PE,
2026-09-03 05:50:00+00:00,111.75,111.75,111.2,111.2,195.0,12417.0,NIFTY,2026-12-29,22500.0,PE,
2026-09-03 05:55:00+00:00,111.25,111.25,109.95,110.0,455.0,24838.0,NIFTY,2026-12-29,22500.0,PE,
2026-09-03 06:00:00+00:00,109.65,109.65,109.2,109.3,2990.0,37206.0,NIFTY,2026-12-29,22500.0,PE,
2026-09-03 06:05:00+00:00,109.25,109.45,109.0,109.45,2600.0,37174.0,NIFTY,2026-12-29,22500.0,PE,
2026-09-03 06:10:00+00:00,110.65,110.65,110.65,110.65,65.0,,NIFTY,2026-12-29,22500.0,PE,
2026-09-03 06:15:00+00:00,109.35,110.0,109.3,109.55,650.0,37165.0,NIFTY,2026-12-29,22500.0,PE,
2026-09-03 06:20:00+00:00,110.25,110.25,110.25,110.25,325.0,24781.0,NIFTY,2026-12-29,22500.0,PE,
2026-09-03 06:25:00+00:00,110.25,110.8,110.25,110.75,260.0,24785.0,NIFTY,2026-12-29,22500.0,PE,
2026-09-03 06:30:00+00:00,110.85,113.0,110.85,113.0,715.0,12390.0,NIFTY,2026-12-29,22500.0,PE,
2026-09-03 06:35:00+00:00,114.95,114.95,114.95,114.95,130.0,24791.0,NIFTY,2026-12-29,22500.0,PE,
2026-09-03 06:40:00+00:00,114.0,115.0,114.0,114.1,325.0,37193.0,NIFTY,2026-12-29,22500.0,PE,
2026-09-03 06:45:00+00:00,114.85,115.2,114.6,115.15,3185.0,12399.0,NIFTY,2026-12-29,22500.0,PE,
2026-09-03 06:50:00+00:00,115.0,116.1,114.75,115.35,5265.0,37209.0,NIFTY,2026-12-29,22500.0,PE,
2026-09-03 06:55:00+00:00,115.4,115.5,114.45,115.1,1755.0,12401.0,NIFTY,2026-12-29,22500.0,PE,
2026-09-03 07:00:00+00:00,114.55,114.6,114.55,114.6,130.0,,NIFTY,2026-12-29,22500.0,PE,
2026-09-03 07:05:00+00:00,114.55,114.55,113.45,113.45,2990.0,37206.0,NIFTY,2026-12-29,22500.0,PE,
2026-09-03 07:10:00+00:00,113.8,114.85,113.8,114.25,455.0,24804.0,NIFTY,2026-12-29,22500.0,PE,
2026-09-03 07:25:00+00:00,113.1,113.1,113.1,113.1,325.0,,NIFTY,2026-12-29,22500.0,PE,
2026-09-03 07:30:00+00:00,112.85,113.9,112.85,113.9,195.0,12406.0,NIFTY,2026-12-29,22500.0,PE,
2026-09-03 07:35:00+00:00,113.15,113.25,113.15,113.25,325.0,,NIFTY,2026-12-29,22500.0,PE,
2026-09-03 07:40:00+00:00,113.0,113.0,113.0,113.0,65.0,12408.0,NIFTY,2026-12-29,22500.0,PE,
2026-09-03 07:45:00+00:00,111.6,111.6,111.6,111.6,65.0,12407.0,NIFTY,2026-12-29,22500.0,PE,
2026-09-03 07:50:00+00:00,112.15,113.0,112.15,113.0,1950.0,37239.0,NIFTY,2026-12-29,22500.0,PE,
2026-09-03 07:55:00+00:00,114.9,115.0,112.9,112.9,5070.0,49780.0,NIFTY,2026-12-29,22500.0,PE,
2026-09-03 08:00:00+00:00,113.4,113.4,110.9,110.9,1040.0,24935.0,NIFTY,2026-12-29,22500.0,PE,
2026-09-03 08:05:00+00:00,111.95,113.85,111.95,113.85,325.0,12465.0,NIFTY,2026-12-29,22500.0,PE,
2026-09-03 08:10:00+00:00,113.1,113.8,113.1,113.5,585.0,24931.0,NIFTY,2026-12-29,22500.0,PE,
2026-09-03 08:15:00+00:00,114.05,114.75,114.05,114.75,325.0,24934.0,NIFTY,2026-12-29,22500.0,PE,
2026-09-03 08:20:00+00:00,113.0,113.65,112.35,113.65,585.0,37407.0,NIFTY,2026-12-29,22500.0,PE,
2026-09-03 08:25:00+00:00,113.0,113.0,112.0,112.0,195.0,12470.0,NIFTY,2026-12-29,22500.0,PE,
2026-09-03 08:30:00+00:00,112.35,112.35,112.35,112.35,65.0,,NIFTY,2026-12-29,22500.0,PE,
2026-09-03 08:35:00+00:00,112.0,112.7,112.0,112.7,195.0,37416.0,NIFTY,2026-12-29,22500.0,PE,
2026-09-03 08:40:00+00:00,113.0,113.35,112.5,113.35,845.0,12473.0,NIFTY,2026-12-29,22500.0,PE,
2026-09-03 08:45:00+00:00,113.35,113.35,113.35,113.35,65.0,12467.0,NIFTY,2026-12-29,22500.0,PE,
2026-09-03 08:55:00+00:00,113.1,113.1,113.0,113.0,910.0,12467.0,NIFTY,2026-12-29,22500.0,PE,
2026-09-03 09:00:00+00:00,112.15,112.15,112.15,112.15,65.0,12460.0,NIFTY,2026-12-29,22500.0,PE,
2026-09-03 09:05:00+00:00,112.2,112.45,112.2,112.45,130.0,,NIFTY,2026-12-29,22500.0,PE,
2026-09-03 09:10:00+00:00,114.15,114.15,114.15,114.15,65.0,12461.0,NIFTY,2026-12-29,22500.0,PE,
2026-09-03 09:15:00+00:00,114.1,115.1,114.0,115.0,7215.0,12461.0,NIFTY,2026-12-29,22500.0,PE,
2026-09-03 09:20:00+00:00,115.15,115.2,114.95,115.05,2600.0,49860.0,NIFTY,2026-12-29,22500.0,PE,
2026-09-03 09:25:00+00:00,115.65,117.1,115.65,117.1,3835.0,24930.0,NIFTY,2026-12-29,22500.0,PE,
2026-09-03 09:30:00+00:00,117.8,117.8,116.5,116.9,1105.0,12463.0,NIFTY,2026-12-29,22500.0,PE,
2026-09-03 09:35:00+00:00,117.0,117.55,117.0,117.0,1300.0,49863.0,NIFTY,2026-12-29,22500.0,PE,
2026-09-03 09:40:00+00:00,117.05,117.2,116.5,116.5,4615.0,49869.0,NIFTY,2026-12-29,22500.0,PE,
2026-09-03 09:45:00+00:00,116.05,117.0,116.0,116.3,2665.0,37406.0,NIFTY,2026-12-29,22500.0,PE,
2026-09-03 09:50:00+00:00,116.25,118.05,116.0,118.05,9620.0,62437.0,NIFTY,2026-12-29,22500.0,PE,
2026-09-03 09:55:00+00:00,118.25,120.0,117.25,119.55,2015.0,12511.0,NIFTY,2026-12-29,22500.0,PE,
2026-09-03 10:00:00+00:00,119.4,121.05,118.3,121.05,2860.0,37541.0,NIFTY,2026-12-29,22500.0,PE,
2026-09-03 10:05:00+00:00,120.55,123.25,120.55,123.25,2990.0,37491.0,NIFTY,2026-12-29,22500.0,PE,
2026-09-04 03:45:00+00:00,123.75,123.75,108.8,111.55,6240.0,37454.0,NIFTY,2026-12-29,22500.0,PE,
2026-09-04 03:50:00+00:00,111.5,113.5,111.5,112.95,5395.0,62504.0,NIFTY,2026-12-29,22500.0,PE,
2026-09-04 03:55:00+00:00,112.7,113.5,112.65,112.65,9490.0,50216.0,NIFTY,2026-12-29,22500.0,PE,
2026-09-04 04:00:00+00:00,112.75,113.4,111.9,112.0,5720.0,50513.0,NIFTY,2026-12-29,22500.0,PE,
2026-09-04 04:05:00+00:00,113.25,113.25,112.3,112.85,1885.0,25264.0,NIFTY,2026-12-29,22500.0,PE,
2026-09-04 04:10:00+00:00,112.8,113.0,112.5,113.0,2015.0,50537.0,NIFTY,2026-12-29,22500.0,PE,
2026-09-04 04:15:00+00:00,112.65,112.65,110.65,110.65,2340.0,37874.0,NIFTY,2026-12-29,22500.0,PE,
2026-09-04 04:20:00+00:00,110.25,110.25,109.05,109.05,780.0,50540.0,NIFTY,2026-12-29,22500.0,PE,
2026-09-04 04:25:00+00:00,108.05,108.05,107.35,107.35,1755.0,63179.0,NIFTY,2026-12-29,22500.0,PE,
2026-09-04 04:30:00+00:00,107.8,107.8,107.2,107.5,2210.0,25272.0,NIFTY,2026-12-29,22500.0,PE,
2026-09-04 04:35:00+00:00,107.2,108.0,107.2,108.0,1625.0,25252.0,NIFTY,2026-12-29,22500.0,PE,
2026-09-04 04:40:00+00:00,108.5,109.05,107.75,108.5,1365.0,37872.0,NIFTY,2026-12-29,22500.0,PE,
2026-09-04 04:45:00+00:00,108.7,108.7,107.0,107.35,3185.0,37837.0,NIFTY,2026-12-29,22500.0,PE,
2026-09-04 04:50:00+00:00,107.35,107.5,106.4,107.3,4485.0,50376.0,NIFTY,2026-12-29,22500.0,PE,
2026-09-04 04:55:00+00:00,106.8,106.8,105.25,105.25,4810.0,37687.0,NIFTY,2026-12-29,22500.0,PE,
2026-09-04 05:00:00+00:00,105.0,105.25,104.25,105.25,2340.0,25116.0,NIFTY,2026-12-29,22500.0,PE,
2026-09-04 05:05:00+00:00,105.75,106.65,104.55,104.55,1820.0,37698.0,NIFTY,2026-12-29,22500.0,PE,
2026-09-04 05:10:00+00:00,104.5,106.05,104.5,106.0,2405.0,25137.0,NIFTY,2026-12-29,22500.0,PE,
2026-09-04 05:15:00+00:00,106.0,106.3,104.5,104.5,1755.0,25112.0,NIFTY,2026-12-29,22500.0,PE,
2026-09-04 05:20:00+00:00,105.7,105.7,105.0,105.05,845.0,37662.0,NIFTY,2026-12-29,22500.0,PE,
2026-09-04 05:25:00+00:00,105.35,105.5,105.35,105.5,1885.0,37677.0,NIFTY,2026-12-29,22500.0,PE,
2026-09-04 05:30:00+00:00,105.0,105.0,104.3,104.75,1625.0,37692.0,NIFTY,2026-12-29,22500.0,PE,
2026-09-04 05:35:00+00:00,104.75,104.95,104.75,104.75,2080.0,37687.0,NIFTY,2026-12-29,22500.0,PE,
2026-09-04 05:40:00+00:00,104.7,104.7,104.6,104.6,910.0,37640.0,NIFTY,2026-12-29,22500.0,PE,
2026-09-04 05:45:00+00:00,104.65,105.45,104.65,105.0,5395.0,62771.0,NIFTY,2026-12-29,22500.0,PE,
2026-09-04 05:50:00+00:00,104.95,105.0,104.0,104.35,4160.0,50238.0,NIFTY,2026-12-29,22500.0,PE,
2026-09-04 05:55:00+00:00,104.4,104.95,104.0,104.0,1885.0,37713.0,NIFTY,2026-12-29,22500.0,PE,
2026-09-04 06:00:00+00:00,103.85,103.9,103.0,103.9,2665.0,37706.0,NIFTY,2026-12-29,22500.0,PE,
2026-09-04 06:05:00+00:00,103.2,103.5,103.0,103.5,8515.0,25180.0,NIFTY,2026-12-29,22500.0,PE,
2026-09-04 06:10:00+00:00,102.55,103.3,102.55,103.2,4615.0,37804.0,NIFTY,2026-12-29,22500.0,PE,
2026-09-04 06:15:00+00:00,103.55,103.8,103.05,103.05,5850.0,37907.0,NIFTY,2026-12-29,22500.0,PE,
2026-09-04 06:20:00+00:00,103.1,103.1,103.0,103.05,3445.0,50587.0,NIFTY,2026-12-29,22500.0,PE,
2026-09-04 06:25:00+00:00,103.0,103.2,102.0,102.35,14690.0,63188.0,NIFTY,2026-12-29,22500.0,PE,
2026-09-04 06:30:00+00:00,103.35,104.25,103.35,104.25,3055.0,37833.0,NIFTY,2026-12-29,22500.0,PE,
2026-09-04 06:35:00+00:00,104.25,105.0,104.25,104.3,1820.0,50421.0,NIFTY,2026-12-29,22500.0,PE,
2026-09-04 06:40:00+00:00,104.4,104.7,104.4,104.7,325.0,25207.0,NIFTY,2026-12-29,22500.0,PE,
2026-09-04 06:45:00+00:00,105.35,106.4,105.35,106.35,2405.0,25184.0,NIFTY,2026-12-29,22500.0,PE,
2026-09-04 06:50:00+00:00,106.3,107.7,106.0,107.0,2795.0,37788.0,NIFTY,2026-12-29,22500.0,PE,
2026-09-04 06:55:00+00:00,108.4,108.45,106.65,106.8,4160.0,50408.0,NIFTY,2026-12-29,22500.0,PE,
2026-09-04 07:00:00+00:00,107.25,108.25,107.25,107.25,520.0,37833.0,NIFTY,2026-12-29,22500.0,PE,
2026-09-04 07:05:00+00:00,106.95,108.2,106.95,107.9,6890.0,12604.0,NIFTY,2026-12-29,22500.0,PE,
2026-09-04 07:10:00+00:00,107.75,108.15,107.25,107.8,1300.0,25208.0,NIFTY,2026-12-29,22500.0,PE,
2026-09-04 07:15:00+00:00,108.1,108.4,107.15,107.65,3380.0,63027.0,NIFTY,2026-12-29,22500.0,PE,
2026-09-04 07:20:00+00:00,107.05,108.95,107.05,108.0,1040.0,62980.0,NIFTY,2026-12-29,22500.0,PE,
2026-09-04 07:25:00+00:00,108.45,109.05,108.3,109.0,2470.0,12598.0,NIFTY,2026-12-29,22500.0,PE,
2026-09-04 07:30:00+00:00,108.0,108.55,107.4,108.55,455.0,25179.0,NIFTY,2026-12-29,22500.0,PE,
2026-09-04 07:35:00+00:00,108.75,108.75,108.0,108.0,1300.0,50332.0,NIFTY,2026-12-29,22500.0,PE,
2026-09-04 07:40:00+00:00,107.1,107.1,106.15,107.0,2535.0,37718.0,NIFTY,2026-12-29,22500.0,PE,
2026-09-04 07:45:00+00:00,107.45,107.45,105.4,105.45,2860.0,37664.0,NIFTY,2026-12-29,22500.0,PE,
2026-09-04 07:50:00+00:00,105.75,105.75,105.75,105.75,1040.0,25093.0,NIFTY,2026-12-29,22500.0,PE,
2026-09-04 07:55:00+00:00,106.4,106.5,106.3,106.3,1495.0,12546.0,NIFTY,2026-12-29,22500.0,PE,
2026-09-04 08:00:00+00:00,107.15,108.15,107.15,108.15,2015.0,25066.0,NIFTY,2026-12-29,22500.0,PE,
2026-09-04 08:05:00+00:00,107.9,108.0,107.45,107.55,1495.0,37547.0,NIFTY,2026-12-29,22500.0,PE,
2026-09-04 08:10:00+00:00,107.3,107.3,107.25,107.25,975.0,12507.0,NIFTY,2026-12-29,22500.0,PE,
2026-09-04 08:15:00+00:00,106.25,106.25,106.25,106.25,65.0,12507.0,NIFTY,2026-12-29,22500.0,PE,
2026-09-04 08:20:00+00:00,106.45,107.5,106.45,107.5,1300.0,12508.0,NIFTY,2026-12-29,22500.0,PE,
2026-09-04 08:25:00+00:00,108.25,108.4,107.75,107.75,1885.0,37532.0,NIFTY,2026-12-29,22500.0,PE,
2026-09-04 08:30:00+00:00,107.75,108.15,107.75,107.9,3835.0,49972.0,NIFTY,2026-12-29,22500.0,PE,
2026-09-04 08:35:00+00:00,107.0,107.0,106.6,107.0,1885.0,49922.0,NIFTY,2026-12-29,22500.0,PE,
2026-09-04 08:40:00+00:00,106.35,106.35,106.0,106.25,975.0,24976.0,NIFTY,2026-12-29,22500.0,PE,
2026-09-04 08:50:00+00:00,107.1,107.1,107.0,107.0,3445.0,49912.0,NIFTY,2026-12-29,22500.0,PE,
2026-09-04 08:55:00+00:00,105.65,105.65,105.45,105.6,1300.0,37383.0,NIFTY,2026-12-29,22500.0,PE,
2026-09-04 09:00:00+00:00,105.05,105.1,104.0,105.1,3055.0,37381.0,NIFTY,2026-12-29,22500.0,PE,
2026-09-04 09:05:00+00:00,104.65,106.35,104.3,105.7,1495.0,24927.0,NIFTY,2026-12-29,22500.0,PE,
2026-09-04 09:10:00+00:00,106.1,106.85,105.4,106.85,3380.0,37400.0,NIFTY,2026-12-29,22500.0,PE,
2026-09-04 09:15:00+00:00,106.85,107.35,106.6,106.65,5720.0,49770.0,NIFTY,2026-12-29,22500.0,PE,
2026-09-04 09:20:00+00:00,106.55,106.75,106.5,106.75,2015.0,37237.0,NIFTY,2026-12-29,22500.0,PE,
2026-09-04 09:25:00+00:00,107.0,107.3,106.8,106.8,2990.0,49567.0,NIFTY,2026-12-29,22500.0,PE,
2026-09-04 09:30:00+00:00,107.0,107.0,106.7,106.75,715.0,24776.0,NIFTY,2026-12-29,22500.0,PE,
2026-09-04 09:35:00+00:00,107.05,107.1,105.85,106.75,4680.0,24774.0,NIFTY,2026-12-29,22500.0,PE,
2026-09-04 09:40:00+00:00,107.2,107.25,106.0,107.1,3055.0,49527.0,NIFTY,2026-12-29,22500.0,PE,
2026-09-04 09:45:00+00:00,107.2,107.2,105.6,106.55,4355.0,37110.0,NIFTY,2026-12-29,22500.0,PE,
2026-09-04 09:50:00+00:00,107.75,108.45,107.4,108.0,1560.0,49471.0,NIFTY,2026-12-29,22500.0,PE,
2026-09-04 09:55:00+00:00,108.0,108.0,106.0,106.8,4355.0,49465.0,NIFTY,2026-12-29,22500.0,PE,
2026-09-04 10:00:00+00:00,107.15,107.65,107.1,107.65,1755.0,24730.0,NIFTY,2026-12-29,22500.0,PE,
2026-09-04 10:05:00+00:00,107.8,108.15,106.5,107.15,5395.0,49459.0,NIFTY,2026-12-29,22500.0,PE,
2026-09-07 03:45:00+00:00,102.0,117.05,102.0,112.75,7995.0,49456.0,NIFTY,2026-12-29,22500.0,PE,
2026-09-07 03:50:00+00:00,113.3,114.2,112.7,114.0,6370.0,61796.0,NIFTY,2026-12-29,22500.0,PE,
2026-09-07 03:55:00+00:00,114.3,115.0,113.95,114.05,3315.0,61740.0,NIFTY,2026-12-29,22500.0,PE,
2026-09-07 04:00:00+00:00,114.15,114.45,112.65,112.65,15730.0,61577.0,NIFTY,2026-12-29,22500.0,PE,
2026-09-07 04:05:00+00:00,112.9,113.0,111.85,112.25,11180.0,61162.0,NIFTY,2026-12-29,22500.0,PE,
2026-09-07 04:10:00+00:00,111.6,112.5,111.55,112.5,7085.0,60928.0,NIFTY,2026-12-29,22500.0,PE,
2026-09-07 04:15:00+00:00,112.85,113.4,112.0,112.85,3575.0,48731.0,NIFTY,2026-12-29,22500.0,PE,
2026-09-07 04:20:00+00:00,113.4,114.1,113.3,114.1,3835.0,48667.0,NIFTY,2026-12-29,22500.0,PE,
2026-09-07 04:25:00+00:00,114.0,115.0,114.0,115.0,2405.0,36501.0,NIFTY,2026-12-29,22500.0,PE,
2026-09-07 04:30:00+00:00,114.9,115.2,114.15,114.45,7020.0,60707.0,NIFTY,2026-12-29,22500.0,PE,
2026-09-07 04:35:00+00:00,114.5,115.0,114.5,114.85,1625.0,48458.0,NIFTY,2026-12-29,22500.0,PE,
2026-09-07 04:40:00+00:00,115.0,115.3,114.85,115.3,1235.0,24235.0,NIFTY,2026-12-29,22500.0,PE,
2026-09-07 04:45:00+00:00,115.55,118.8,115.55,117.7,7345.0,60596.0,NIFTY,2026-12-29,22500.0,PE,
2026-09-07 04:50:00+00:00,117.45,117.75,117.15,117.2,3445.0,48479.0,NIFTY,2026-12-29,22500.0,PE,
2026-09-07 04:55:00+00:00,117.25,118.0,117.1,117.65,2405.0,36288.0,NIFTY,2026-12-29,22500.0,PE,
2026-09-07 05:00:00+00:00,117.65,117.9,117.35,117.35,5655.0,60340.0,NIFTY,2026-12-29,22500.0,PE,
2026-09-07 05:05:00+00:00,117.85,117.9,117.3,117.3,650.0,36164.0,NIFTY,2026-12-29,22500.0,PE,
2026-09-07 05:10:00+00:00,117.95,118.0,117.3,117.7,2600.0,60313.0,NIFTY,2026-12-29,22500.0,PE,
2026-09-07 05:15:00+00:00,117.7,118.1,117.7,118.1,1170.0,24155.0,NIFTY,2026-12-29,22500.0,PE,
2026-09-07 05:20:00+00:00,118.75,119.9,118.75,119.9,585.0,24162.0,NIFTY,2026-12-29,22500.0,PE,
2026-09-07 05:25:00+00:00,120.0,120.05,119.3,119.3,4225.0,48286.0,NIFTY,2026-12-29,22500.0,PE,
2026-09-07 05:30:00+00:00,120.1,122.0,119.7,122.0,1365.0,24128.0,NIFTY,2026-12-29,22500.0,PE,
2026-09-07 05:35:00+00:00,122.4,122.9,121.95,122.6,10920.0,60565.0,NIFTY,2026-12-29,22500.0,PE,
2026-09-07 05:40:00+00:00,123.0,123.05,121.9,122.8,6435.0,48484.0,NIFTY,2026-12-29,22500.0,PE,
2026-09-07 05:45:00+00:00,122.9,123.75,122.85,123.0,2080.0,24203.0,NIFTY,2026-12-29,22500.0,PE,
2026-09-07 05:50:00+00:00,123.15,123.15,122.35,122.4,1170.0,36282.0,NIFTY,2026-12-29,22500.0,PE,
2026-09-07 05:55:00+00:00,122.75,123.15,122.5,122.85,3055.0,36301.0,NIFTY,2026-12-29,22500.0,PE,
2026-09-07 06:00:00+00:00,123.15,123.6,122.9,122.9,1820.0,36296.0,NIFTY,2026-12-29,22500.0,PE,
2026-09-07 06:05:00+00:00,122.85,123.3,122.85,123.3,585.0,24198.0,NIFTY,2026-12-29,22500.0,PE,
2026-09-07 06:10:00+00:00,124.05,124.95,123.25,123.25,2080.0,24212.0,NIFTY,2026-12-29,22500.0,PE,
2026-09-07 06:15:00+00:00,122.8,123.1,122.35,122.8,2535.0,36318.0,NIFTY,2026-12-29,22500.0,PE,
2026-09-07 06:20:00+00:00,122.8,122.8,121.55,121.55,195.0,12105.0,NIFTY,2026-12-29,22500.0,PE,
2026-09-07 06:25:00+00:00,121.25,122.35,121.25,121.9,520.0,24213.0,NIFTY,2026-12-29,22500.0,PE,
2026-09-07 06:30:00+00:00,122.25,122.65,122.05,122.05,520.0,12109.0,NIFTY,2026-12-29,22500.0,PE,
2026-09-07 06:35:00+00:00,121.3,122.05,121.3,122.0,3380.0,12130.0,NIFTY,2026-12-29,22500.0,PE,
2026-09-07 06:40:00+00:00,121.6,121.6,120.45,120.45,845.0,24271.0,NIFTY,2026-12-29,22500.0,PE,
2026-09-07 06:45:00+00:00,119.9,121.1,119.7,121.1,1040.0,12138.0,NIFTY,2026-12-29,22500.0,PE,
2026-09-07 06:50:00+00:00,121.35,122.2,121.35,122.2,780.0,36425.0,NIFTY,2026-12-29,22500.0,PE,
2026-09-07 06:55:00+00:00,122.8,122.8,122.75,122.75,455.0,24288.0,NIFTY,2026-12-29,22500.0,PE,
2026-09-07 07:00:00+00:00,122.8,123.6,122.55,122.55,910.0,36437.0,NIFTY,2026-12-29,22500.0,PE,
2026-09-07 07:05:00+00:00,122.65,123.5,122.45,122.45,2015.0,36440.0,NIFTY,2026-12-29,22500.0,PE,
2026-09-07 07:10:00+00:00,122.45,122.45,122.45,122.45,65.0,12141.0,NIFTY,2026-12-29,22500.0,PE,
2026-09-07 07:15:00+00:00,122.95,123.5,122.85,123.5,650.0,24289.0,NIFTY,2026-12-29,22500.0,PE,
2026-09-07 07:20:00+00:00,123.35,126.7,123.35,126.0,3055.0,48600.0,NIFTY,2026-12-29,22500.0,PE,
2026-09-07 07:25:00+00:00,125.65,125.95,124.55,124.55,845.0,36464.0,NIFTY,2026-12-29,22500.0,PE,
2026-09-07 07:30:00+00:00,124.65,124.65,124.65,124.65,130.0,,NIFTY,2026-12-29,22500.0,PE,
2026-09-07 07:35:00+00:00,124.0,124.25,123.25,123.75,715.0,24315.0,NIFTY,2026-12-29,22500.0,PE,
2026-09-07 07:40:00+00:00,123.95,123.95,123.3,123.3,130.0,12158.0,NIFTY,2026-12-29,22500.0,PE,
2026-09-07 07:45:00+00:00,124.0,125.4,123.95,125.05,11960.0,24351.0,NIFTY,2026-12-29,22500.0,PE,
2026-09-07 07:50:00+00:00,124.85,124.85,123.35,123.35,3055.0,36485.0,NIFTY,2026-12-29,22500.0,PE,
2026-09-07 07:55:00+00:00,122.4,122.75,121.65,122.75,5850.0,36548.0,NIFTY,2026-12-29,22500.0,PE,
2026-09-07 08:00:00+00:00,121.7,122.55,121.7,122.35,975.0,12197.0,NIFTY,2026-12-29,22500.0,PE,
2026-09-07 08:05:00+00:00,122.05,122.05,120.6,120.6,1170.0,36600.0,NIFTY,2026-12-29,22500.0,PE,
2026-09-07 08:10:00+00:00,120.8,121.5,120.55,120.7,2925.0,24409.0,NIFTY,2026-12-29,22500.0,PE,
2026-09-07 08:15:00+00:00,120.25,120.25,118.8,119.95,2080.0,12218.0,NIFTY,2026-12-29,22500.0,PE,
2026-09-07 08:20:00+00:00,119.6,120.3,118.0,118.0,3315.0,48965.0,NIFTY,2026-12-29,22500.0,PE,
2026-09-07 08:25:00+00:00,117.3,118.35,117.3,117.55,1690.0,24497.0,NIFTY,2026-12-29,22500.0,PE,
2026-09-07 08:30:00+00:00,118.65,118.65,116.25,116.95,2665.0,36767.0,NIFTY,2026-12-29,22500.0,PE,
2026-09-07 08:35:00+00:00,117.55,119.6,117.45,118.45,5070.0,36773.0,NIFTY,2026-12-29,22500.0,PE,
2026-09-07 08:40:00+00:00,118.65,119.0,118.6,118.6,1040.0,49051.0,NIFTY,2026-12-29,22500.0,PE,
2026-09-07 08:45:00+00:00,118.6,118.6,118.6,118.6,520.0,12267.0,NIFTY,2026-12-29,22500.0,PE,
2026-09-07 08:50:00+00:00,118.6,118.6,118.6,118.6,1365.0,12263.0,NIFTY,2026-12-29,22500.0,PE,
2026-09-07 08:55:00+00:00,118.4,118.4,117.6,117.6,780.0,36749.0,NIFTY,2026-12-29,22500.0,PE,
2026-09-07 09:00:00+00:00,117.25,118.4,116.9,118.4,3835.0,36784.0,NIFTY,2026-12-29,22500.0,PE,
2026-09-07 09:05:00+00:00,119.55,120.6,119.55,120.6,715.0,24557.0,NIFTY,2026-12-29,22500.0,PE,
2026-09-07 09:10:00+00:00,121.0,121.95,120.5,121.25,2405.0,36839.0,NIFTY,2026-12-29,22500.0,PE,
2026-09-07 09:15:00+00:00,122.05,122.05,121.6,121.95,455.0,36864.0,NIFTY,2026-12-29,22500.0,PE,
2026-09-07 09:20:00+00:00,122.0,122.05,120.85,122.05,5070.0,24555.0,NIFTY,2026-12-29,22500.0,PE,
2026-09-07 09:25:00+00:00,122.4,124.0,122.25,122.25,2210.0,12263.0,NIFTY,2026-12-29,22500.0,PE,
2026-09-07 09:30:00+00:00,124.9,124.9,121.65,122.25,3900.0,12247.0,NIFTY,2026-12-29,22500.0,PE,
2026-09-07 09:35:00+00:00,123.25,123.4,122.5,123.4,1625.0,36752.0,NIFTY,2026-12-29,22500.0,PE,
2026-09-07 09:40:00+00:00,123.2,123.2,121.05,121.3,3120.0,24521.0,NIFTY,2026-12-29,22500.0,PE,
2026-09-07 09:45:00+00:00,122.05,124.1,121.6,124.1,4420.0,49120.0,NIFTY,2026-12-29,22500.0,PE,
2026-09-07 09:50:00+00:00,123.65,123.65,121.4,122.95,4680.0,36841.0,NIFTY,2026-12-29,22500.0,PE,
2026-09-07 09:55:00+00:00,122.65,123.25,121.7,122.45,1820.0,49002.0,NIFTY,2026-12-29,22500.0,PE,
2026-09-07 10:00:00+00:00,121.75,124.15,121.45,124.15,3640.0,24482.0,NIFTY,2026-12-29,22500.0,PE,
2026-09-07 10:05:00+00:00,122.35,125.95,122.35,123.75,5265.0,36694.0,NIFTY,2026-12-29,22500.0,PE,
2026-09-08 03:45:00+00:00,129.8,132.05,128.95,129.15,6435.0,36734.0,NIFTY,2026-12-29,22500.0,PE,
2026-09-08 03:50:00+00:00,130.0,130.6,129.0,130.5,3705.0,61294.0,NIFTY,2026-12-29,22500.0,PE,
2026-09-08 03:55:00+00:00,130.75,131.0,130.25,131.0,2795.0,36789.0,NIFTY,2026-12-29,22500.0,PE,
2026-09-08 04:00:00+00:00,131.3,131.6,130.7,131.25,4290.0,73576.0,NIFTY,2026-12-29,22500.0,PE,
2026-09-08 04:05:00+00:00,130.8,130.8,128.1,128.1,5265.0,49051.0,NIFTY,2026-12-29,22500.0,PE,
2026-09-08 04:10:00+00:00,128.15,130.55,128.15,130.5,11895.0,61386.0,NIFTY,2026-12-29,22500.0,PE,
2026-09-08 04:15:00+00:00,130.25,130.35,128.15,128.85,2535.0,36795.0,NIFTY,2026-12-29,22500.0,PE,
2026-09-08 04:20:00+00:00,128.3,129.1,127.95,129.0,2990.0,24521.0,NIFTY,2026-12-29,22500.0,PE,
2026-09-08 04:25:00+00:00,128.8,130.0,128.65,130.0,4030.0,24540.0,NIFTY,2026-12-29,22500.0,PE,
2026-09-08 04:30:00+00:00,129.35,130.7,129.35,130.7,1235.0,12277.0,NIFTY,2026-12-29,22500.0,PE,
2026-09-08 04:35:00+00:00,130.7,130.7,128.05,128.2,1560.0,49116.0,NIFTY,2026-12-29,22500.0,PE,
2026-09-08 04:40:00+00:00,127.6,127.6,125.7,125.7,325.0,24551.0,NIFTY,2026-12-29,22500.0,PE,
2026-09-08 04:45:00+00:00,125.05,126.0,123.9,125.4,4290.0,61402.0,NIFTY,2026-12-29,22500.0,PE,
2026-09-08 04:50:00+00:00,124.8,125.6,124.05,125.1,4355.0,49132.0,NIFTY,2026-12-29,22500.0,PE,
2026-09-08 05:00:00+00:00,126.75,127.45,126.65,127.45,520.0,36882.0,NIFTY,2026-12-29,22500.0,PE,
2026-09-08 05:05:00+00:00,127.65,129.35,127.4,129.25,845.0,49194.0,NIFTY,2026-12-29,22500.0,PE,
2026-09-08 05:10:00+00:00,129.45,130.45,129.2,130.45,520.0,36909.0,NIFTY,2026-12-29,22500.0,PE,
2026-09-08 05:15:00+00:00,129.2,129.2,126.75,127.35,2340.0,49194.0,NIFTY,2026-12-29,22500.0,PE,
2026-09-08 05:20:00+00:00,127.0,127.5,126.5,127.5,1040.0,36910.0,NIFTY,2026-12-29,22500.0,PE,
2026-09-08 05:25:00+00:00,127.8,128.6,127.8,128.6,1625.0,12307.0,NIFTY,2026-12-29,22500.0,PE,
2026-09-08 05:30:00+00:00,129.0,130.15,129.0,130.15,2340.0,24618.0,NIFTY,2026-12-29,22500.0,PE,
2026-09-08 05:35:00+00:00,129.9,130.25,128.85,128.85,1885.0,12309.0,NIFTY,2026-12-29,22500.0,PE,
2026-09-08 05:40:00+00:00,129.5,129.65,129.5,129.5,260.0,24621.0,NIFTY,2026-12-29,22500.0,PE,
2026-09-08 05:45:00+00:00,129.2,129.4,128.15,128.15,1495.0,61566.0,NIFTY,2026-12-29,22500.0,PE,
2026-09-08 05:50:00+00:00,128.85,129.65,128.85,129.65,585.0,24622.0,NIFTY,2026-12-29,22500.0,PE,
2026-09-08 05:55:00+00:00,128.5,128.95,128.15,128.5,390.0,36937.0,NIFTY,2026-12-29,22500.0,PE,
2026-09-08 06:00:00+00:00,128.95,129.95,128.95,129.85,2405.0,61596.0,NIFTY,2026-12-29,22500.0,PE,
2026-09-08 06:05:00+00:00,129.5,129.7,128.6,128.6,650.0,24627.0,NIFTY,2026-12-29,22500.0,PE,
2026-09-08 06:10:00+00:00,128.2,128.5,128.2,128.5,260.0,12315.0,NIFTY,2026-12-29,22500.0,PE,
2026-09-08 06:15:00+00:00,128.65,129.5,128.0,129.5,2015.0,36939.0,NIFTY,2026-12-29,22500.0,PE,
2026-09-08 06:20:00+00:00,129.95,130.4,128.55,128.7,5850.0,36994.0,NIFTY,2026-12-29,22500.0,PE,
2026-09-08 06:25:00+00:00,128.5,130.15,128.4,130.15,1170.0,,NIFTY,2026-12-29,22500.0,PE,
2026-09-08 06:30:00+00:00,130.0,130.8,129.0,130.8,8905.0,49369.0,NIFTY,2026-12-29,22500.0,PE,
2026-09-08 06:35:00+00:00,131.0,131.9,130.9,131.35,5200.0,24695.0,NIFTY,2026-12-29,22500.0,PE,
2026-09-08 06:40:00+00:00,131.65,131.65,130.4,131.0,4420.0,49346.0,NIFTY,2026-12-29,22500.0,PE,
2026-09-08 06:45:00+00:00,130.85,131.55,130.5,131.45,1235.0,61709.0,NIFTY,2026-12-29,22500.0,PE,
2026-09-08 06:50:00+00:00,131.5,131.5,129.85,129.95,9555.0,49520.0,NIFTY,2026-12-29,22500.0,PE,
2026-09-08 06:55:00+00:00,130.0,130.55,129.95,130.55,1820.0,24794.0,NIFTY,2026-12-29,22500.0,PE,
2026-09-08 07:00:00+00:00,129.0,129.1,128.35,129.1,1820.0,37235.0,NIFTY,2026-12-29,22500.0,PE,
2026-09-08 07:05:00+00:00,128.7,128.7,127.4,127.8,910.0,37261.0,NIFTY,2026-12-29,22500.0,PE,
2026-09-08 07:10:00+00:00,128.5,129.6,128.45,129.6,975.0,62135.0,NIFTY,2026-12-29,22500.0,PE,
2026-09-08 07:15:00+00:00,130.0,130.65,129.5,129.5,2210.0,37328.0,NIFTY,2026-12-29,22500.0,PE,
2026-09-08 07:20:00+00:00,129.15,129.55,128.65,129.45,1560.0,24898.0,NIFTY,2026-12-29,22500.0,PE,
2026-09-08 07:25:00+00:00,129.15,129.45,128.9,128.9,1430.0,12444.0,NIFTY,2026-12-29,22500.0,PE,
2026-09-08 07:30:00+00:00,129.4,130.15,129.3,130.0,5265.0,24883.0,NIFTY,2026-12-29,22500.0,PE,
2026-09-08 07:35:00+00:00,129.9,130.15,129.7,129.7,3380.0,24922.0,NIFTY,2026-12-29,22500.0,PE,
2026-09-08 07:40:00+00:00,129.7,130.5,129.3,129.85,9165.0,49949.0,NIFTY,2026-12-29,22500.0,PE,
2026-09-08 07:45:00+00:00,128.9,130.2,128.9,130.2,325.0,37552.0,NIFTY,2026-12-29,22500.0,PE,
2026-09-08 07:50:00+00:00,130.15,130.2,130.15,130.2,130.0,12519.0,NIFTY,2026-12-29,22500.0,PE,
2026-09-08 07:55:00+00:00,130.6,131.3,130.55,131.25,2405.0,37586.0,NIFTY,2026-12-29,22500.0,PE,
2026-09-08 08:00:00+00:00,131.2,132.8,131.2,131.75,3965.0,50195.0,NIFTY,2026-12-29,22500.0,PE,
2026-09-08 08:05:00+00:00,132.2,132.5,132.05,132.5,1235.0,25147.0,NIFTY,2026-12-29,22500.0,PE,
2026-09-08 08:10:00+00:00,133.0,133.05,132.3,133.05,390.0,25160.0,NIFTY,2026-12-29,22500.0,PE,
2026-09-08 08:15:00+00:00,133.95,133.95,132.4,133.0,1820.0,62924.0,NIFTY,2026-12-29,22500.0,PE,
2026-09-08 08:20:00+00:00,133.45,134.6,132.85,133.5,3120.0,37796.0,NIFTY,2026-12-29,22500.0,PE,
2026-09-08 08:25:00+00:00,133.45,133.5,132.75,133.0,2600.0,37872.0,NIFTY,2026-12-29,22500.0,PE,
2026-09-08 08:30:00+00:00,132.9,133.0,132.0,132.0,1235.0,63193.0,NIFTY,2026-12-29,22500.0,PE,
2026-09-08 08:35:00+00:00,131.75,131.75,130.95,131.4,1430.0,12650.0,NIFTY,2026-12-29,22500.0,PE,
2026-09-08 08:40:00+00:00,130.4,130.4,129.35,129.55,2145.0,25302.0,NIFTY,2026-12-29,22500.0,PE,
2026-09-08 08:45:00+00:00,130.25,130.25,129.4,129.4,390.0,,NIFTY,2026-12-29,22500.0,PE,
2026-09-08 08:50:00+00:00,129.35,130.0,129.35,130.0,3120.0,25297.0,NIFTY,2026-12-29,22500.0,PE,
2026-09-08 08:55:00+00:00,129.85,130.0,129.15,129.15,1820.0,38019.0,NIFTY,2026-12-29,22500.0,PE,
2026-09-08 09:00:00+00:00,129.45,129.45,127.8,128.2,6695.0,50761.0,NIFTY,2026-12-29,22500.0,PE,
2026-09-08 09:05:00+00:00,128.4,130.0,128.2,130.0,3380.0,50909.0,NIFTY,2026-12-29,22500.0,PE,
2026-09-08 09:10:00+00:00,130.25,130.25,128.2,128.2,3055.0,25482.0,NIFTY,2026-12-29,22500.0,PE,
2026-09-08 09:15:00+00:00,129.05,129.7,128.65,128.65,1885.0,38250.0,NIFTY,2026-12-29,22500.0,PE,
2026-09-08 09:20:00+00:00,130.0,130.55,130.0,130.5,975.0,38266.0,NIFTY,2026-12-29,22500.0,PE,
2026-09-08 09:25:00+00:00,130.15,130.8,129.45,130.2,780.0,38259.0,NIFTY,2026-12-29,22500.0,PE,
2026-09-08 09:30:00+00:00,130.4,130.85,130.15,130.75,3120.0,63744.0,NIFTY,2026-12-29,22500.0,PE,
2026-09-08 09:35:00+00:00,130.7,131.2,130.6,131.0,2145.0,38210.0,NIFTY,2026-12-29,22500.0,PE,
2026-09-08 09:40:00+00:00,129.75,130.7,128.15,130.2,2080.0,38198.0,NIFTY,2026-12-29,22500.0,PE,
2026-09-08 09:45:00+00:00,129.9,131.55,129.8,131.2,2470.0,63636.0,NIFTY,2026-12-29,22500.0,PE,
2026-09-08 09:50:00+00:00,131.15,132.25,130.0,130.2,9555.0,38225.0,NIFTY,2026-12-29,22500.0,PE,
2026-09-08 09:55:00+00:00,130.45,131.1,130.25,130.4,2080.0,51125.0,NIFTY,2026-12-29,22500.0,PE,
2026-09-08 10:00:00+00:00,131.65,131.65,129.0,129.5,5655.0,63865.0,NIFTY,2026-12-29,22500.0,PE,
2026-09-08 10:05:00+00:00,129.85,129.85,126.4,127.55,8710.0,51226.0,NIFTY,2026-12-29,22500.0,PE,
2026-09-09 03:45:00+00:00,129.2,148.85,129.2,145.3,24765.0,51723.0,NIFTY,2026-12-29,22500.0,PE,
2026-09-09 03:50:00+00:00,145.55,146.45,144.2,145.6,6825.0,65007.0,NIFTY,2026-12-29,22500.0,PE,
2026-09-09 03:55:00+00:00,144.95,147.45,144.75,146.2,8385.0,65039.0,NIFTY,2026-12-29,22500.0,PE,
2026-09-09 04:00:00+00:00,146.3,147.8,145.7,145.9,19890.0,64634.0,NIFTY,2026-12-29,22500.0,PE,
2026-09-09 04:05:00+00:00,145.7,147.0,143.75,143.75,21840.0,51330.0,NIFTY,2026-12-29,22500.0,PE,
2026-09-09 04:10:00+00:00,142.65,145.05,142.65,143.8,34970.0,50839.0,NIFTY,2026-12-29,22500.0,PE,
2026-09-09 04:15:00+00:00,144.5,148.1,143.8,148.1,8385.0,50466.0,NIFTY,2026-12-29,22500.0,PE,
2026-09-09 04:20:00+00:00,149.0,151.5,148.3,149.1,59280.0,61614.0,NIFTY,2026-12-29,22500.0,PE,
2026-09-09 04:25:00+00:00,149.0,150.85,148.65,150.2,13325.0,60932.0,NIFTY,2026-12-29,22500.0,PE,
2026-09-09 04:30:00+00:00,150.7,155.0,150.7,155.0,16250.0,60327.0,NIFTY,2026-12-29,22500.0,PE,
2026-09-09 04:35:00+00:00,153.95,157.0,153.95,155.45,36270.0,59603.0,NIFTY,2026-12-29,22500.0,PE,
2026-09-09 04:40:00+00:00,155.3,157.5,155.3,156.0,11050.0,47055.0,NIFTY,2026-12-29,22500.0,PE,
2026-09-09 04:45:00+00:00,155.5,156.0,149.7,150.2,7995.0,70354.0,NIFTY,2026-12-29,22500.0,PE,
2026-09-09 04:50:00+00:00,149.75,150.0,145.45,146.35,13260.0,46759.0,NIFTY,2026-12-29,22500.0,PE,
2026-09-09 04:55:00+00:00,145.95,147.25,144.8,145.15,4745.0,46610.0,NIFTY,2026-12-29,22500.0,PE,
2026-09-09 05:00:00+00:00,145.25,146.5,144.65,146.0,2665.0,58188.0,NIFTY,2026-12-29,22500.0,PE,
2026-09-09 05:05:00+00:00,146.45,149.45,146.45,148.05,3575.0,34935.0,NIFTY,2026-12-29,22500.0,PE,
2026-09-09 05:10:00+00:00,148.9,149.4,148.9,149.25,910.0,46617.0,NIFTY,2026-12-29,22500.0,PE,
2026-09-09 05:15:00+00:00,148.75,148.85,148.15,148.55,1690.0,34969.0,NIFTY,2026-12-29,22500.0,PE,
2026-09-09 05:20:00+00:00,148.6,149.25,148.0,149.05,5460.0,46640.0,NIFTY,2026-12-29,22500.0,PE,
2026-09-09 05:25:00+00:00,147.65,148.7,147.25,148.7,7085.0,46598.0,NIFTY,2026-12-29,22500.0,PE,
2026-09-09 05:30:00+00:00,147.0,147.8,145.35,147.0,4160.0,58082.0,NIFTY,2026-12-29,22500.0,PE,
2026-09-09 05:35:00+00:00,146.1,147.55,146.1,147.25,4485.0,57975.0,NIFTY,2026-12-29,22500.0,PE,
2026-09-09 05:40:00+00:00,147.0,147.5,146.3,147.0,1690.0,34732.0,NIFTY,2026-12-29,22500.0,PE,
2026-09-09 05:45:00+00:00,147.15,148.4,146.4,147.45,5785.0,57819.0,NIFTY,2026-12-29,22500.0,PE,
2026-09-09 05:50:00+00:00,147.1,149.2,146.5,148.9,5915.0,57603.0,NIFTY,2026-12-29,22500.0,PE,
2026-09-09 05:55:00+00:00,148.45,149.25,148.35,148.55,520.0,57588.0,NIFTY,2026-12-29,22500.0,PE,
2026-09-09 06:00:00+00:00,148.75,149.2,148.25,148.9,3510.0,34530.0,NIFTY,2026-12-29,22500.0,PE,
2026-09-09 06:05:00+00:00,148.7,148.7,148.45,148.45,1495.0,23002.0,NIFTY,2026-12-29,22500.0,PE,
2026-09-09 06:10:00+00:00,149.1,149.1,147.0,147.15,1365.0,45988.0,NIFTY,2026-12-29,22500.0,PE,
2026-09-09 06:15:00+00:00,146.75,146.95,146.7,146.95,390.0,,NIFTY,2026-12-29,22500.0,PE,
2026-09-09 06:20:00+00:00,148.55,151.1,148.15,151.1,4875.0,57447.0,NIFTY,2026-12-29,22500.0,PE,
2026-09-09 06:25:00+00:00,151.3,154.5,151.2,153.45,2990.0,34406.0,NIFTY,2026-12-29,22500.0,PE,
2026-09-09 06:30:00+00:00,154.0,156.0,153.5,154.3,15795.0,45822.0,NIFTY,2026-12-29,22500.0,PE,
2026-09-09 06:35:00+00:00,154.4,156.2,153.75,155.7,7800.0,57480.0,NIFTY,2026-12-29,22500.0,PE,
2026-09-09 06:40:00+00:00,156.0,156.45,153.7,154.55,6630.0,57472.0,NIFTY,2026-12-29,22500.0,PE,
2026-09-09 06:45:00+00:00,154.45,156.6,154.45,155.95,4615.0,68877.0,NIFTY,2026-12-29,22500.0,PE,
2026-09-09 06:50:00+00:00,156.05,156.15,155.0,155.6,3120.0,22911.0,NIFTY,2026-12-29,22500.0,PE,
2026-09-09 06:55:00+00:00,155.8,155.8,151.95,152.7,6955.0,68671.0,NIFTY,2026-12-29,22500.0,PE,
2026-09-09 07:00:00+00:00,150.9,151.65,145.0,146.6,3770.0,34299.0,NIFTY,2026-12-29,22500.0,PE,
2026-09-09 07:05:00+00:00,145.9,146.3,144.5,145.95,12545.0,57231.0,NIFTY,2026-12-29,22500.0,PE,
2026-09-09 07:10:00+00:00,145.0,146.0,144.0,144.05,2535.0,45841.0,NIFTY,2026-12-29,22500.0,PE,
2026-09-09 07:15:00+00:00,144.5,145.35,143.55,144.4,1235.0,34375.0,NIFTY,2026-12-29,22500.0,PE,
2026-09-09 07:20:00+00:00,144.05,145.65,144.05,145.6,2600.0,34372.0,NIFTY,2026-12-29,22500.0,PE,
2026-09-09 07:25:00+00:00,147.0,147.45,143.35,143.5,3835.0,45860.0,NIFTY,2026-12-29,22500.0,PE,
2026-09-09 07:30:00+00:00,143.9,145.55,143.9,145.2,975.0,22910.0,NIFTY,2026-12-29,22500.0,PE,
2026-09-09 07:35:00+00:00,145.4,145.4,144.65,144.65,520.0,34357.0,NIFTY,2026-12-29,22500.0,PE,
2026-09-09 07:40:00+00:00,144.7,146.5,144.7,146.5,1690.0,22935.0,NIFTY,2026-12-29,22500.0,PE,
2026-09-09 07:45:00+00:00,146.35,147.15,146.35,147.15,5980.0,22933.0,NIFTY,2026-12-29,22500.0,PE,
2026-09-09 07:50:00+00:00,146.7,147.0,144.9,147.0,2015.0,57490.0,NIFTY,2026-12-29,22500.0,PE,
2026-09-09 07:55:00+00:00,146.55,146.55,145.0,145.0,1560.0,34487.0,NIFTY,2026-12-29,22500.0,PE,
2026-09-09 08:00:00+00:00,144.85,146.4,144.5,146.0,7475.0,57451.0,NIFTY,2026-12-29,22500.0,PE,
2026-09-09 08:05:00+00:00,146.75,147.0,145.0,145.0,845.0,22976.0,NIFTY,2026-12-29,22500.0,PE,
2026-09-09 08:10:00+00:00,144.8,144.9,144.6,144.9,260.0,22974.0,NIFTY,2026-12-29,22500.0,PE,
2026-09-09 08:15:00+00:00,145.55,145.55,144.85,144.85,455.0,11488.0,NIFTY,2026-12-29,22500.0,PE,
2026-09-09 08:20:00+00:00,144.8,145.75,144.1,145.65,4615.0,57462.0,NIFTY,2026-12-29,22500.0,PE,
2026-09-09 08:25:00+00:00,145.65,146.25,145.55,145.85,390.0,22978.0,NIFTY,2026-12-29,22500.0,PE,
2026-09-09 08:30:00+00:00,143.85,144.2,143.0,143.65,1300.0,34453.0,NIFTY,2026-12-29,22500.0,PE,
2026-09-09 08:35:00+00:00,144.3,146.0,143.95,144.85,4615.0,45876.0,NIFTY,2026-12-29,22500.0,PE,
2026-09-09 08:40:00+00:00,147.0,147.0,145.9,146.0,2795.0,57240.0,NIFTY,2026-12-29,22500.0,PE,
2026-09-09 08:45:00+00:00,147.3,147.7,146.45,147.7,2275.0,45779.0,NIFTY,2026-12-29,22500.0,PE,
2026-09-09 08:50:00+00:00,146.8,147.5,145.9,147.35,14365.0,57107.0,NIFTY,2026-12-29,22500.0,PE,
2026-09-09 08:55:00+00:00,147.55,147.95,144.6,147.95,8710.0,34236.0,NIFTY,2026-12-29,22500.0,PE,
2026-09-09 09:00:00+00:00,148.4,150.0,148.15,150.0,650.0,34206.0,NIFTY,2026-12-29,22500.0,PE,
2026-09-09 09:05:00+00:00,150.6,152.95,150.4,152.5,2275.0,68369.0,NIFTY,2026-12-29,22500.0,PE,
2026-09-09 09:10:00+00:00,152.55,154.25,152.45,153.85,4095.0,45543.0,NIFTY,2026-12-29,22500.0,PE,
2026-09-09 09:15:00+00:00,154.55,156.6,154.15,155.25,8190.0,56809.0,NIFTY,2026-12-29,22500.0,PE,
2026-09-09 09:20:00+00:00,156.0,156.0,153.15,153.75,4745.0,56484.0,NIFTY,2026-12-29,22500.0,PE,
2026-09-09 09:25:00+00:00,153.1,155.0,153.1,154.5,1755.0,45173.0,NIFTY,2026-12-29,22500.0,PE,
2026-09-09 09:30:00+00:00,154.95,160.2,154.95,160.2,15210.0,45063.0,NIFTY,2026-12-29,22500.0,PE,
2026-09-09 09:35:00+00:00,160.4,163.5,160.15,161.75,15795.0,55701.0,NIFTY,2026-12-29,22500.0,PE,
2026-09-09 09:40:00+00:00,161.8,163.1,161.05,162.75,4745.0,44520.0,NIFTY,2026-12-29,22500.0,PE,
2026-09-09 09:45:00+00:00,163.05,164.0,161.8,163.9,7085.0,44523.0,NIFTY,2026-12-29,22500.0,PE,
2026-09-09 09:50:00+00:00,162.95,166.65,162.85,165.6,7605.0,55829.0,NIFTY,2026-12-29,22500.0,PE,
2026-09-09 09:55:00+00:00,166.05,169.1,165.85,168.0,4940.0,55855.0,NIFTY,2026-12-29,22500.0,PE,
2026-09-09 10:00:00+00:00,166.95,170.9,166.95,170.85,7865.0,55852.0,NIFTY,2026-12-29,22500.0,PE,
2026-09-09 10:05:00+00:00,170.9,175.25,170.45,175.25,5980.0,55856.0,NIFTY,2026-12-29,22500.0,PE,
2026-09-10 03:45:00+00:00,183.3,183.3,164.15,167.5,11050.0,44491.0,NIFTY,2026-12-29,22500.0,PE,
2026-09-10 03:50:00+00:00,167.9,172.45,165.4,171.0,7085.0,44513.0,NIFTY,2026-12-29,22500.0,PE,
2026-09-10 03:55:00+00:00,171.5,172.8,167.55,168.8,6370.0,44539.0,NIFTY,2026-12-29,22500.0,PE,
2026-09-10 04:00:00+00:00,168.55,172.1,168.4,170.8,9555.0,55677.0,NIFTY,2026-12-29,22500.0,PE,
2026-09-10 04:05:00+00:00,172.6,173.65,171.55,173.65,5395.0,44504.0,NIFTY,2026-12-29,22500.0,PE,
2026-09-10 04:10:00+00:00,173.7,173.7,170.05,171.5,4095.0,55757.0,NIFTY,2026-12-29,22500.0,PE,
2026-09-10 04:15:00+00:00,172.4,172.4,169.95,169.95,7605.0,55742.0,NIFTY,2026-12-29,22500.0,PE,
2026-09-10 04:20:00+00:00,168.7,169.4,167.65,168.0,3640.0,44557.0,NIFTY,2026-12-29,22500.0,PE,
2026-09-10 04:25:00+00:00,168.6,169.95,168.35,169.5,2665.0,44560.0,NIFTY,2026-12-29,22500.0,PE,
2026-09-10 04:30:00+00:00,170.15,171.95,170.15,171.0,5330.0,44621.0,NIFTY,2026-12-29,22500.0,PE,
2026-09-10 04:35:00+00:00,170.5,173.7,170.05,171.9,2990.0,55926.0,NIFTY,2026-12-29,22500.0,PE,
2026-09-10 04:40:00+00:00,172.05,174.1,172.05,173.9,1430.0,44736.0,NIFTY,2026-12-29,22500.0,PE,
2026-09-10 04:45:00+00:00,173.4,173.4,169.0,170.75,2405.0,33529.0,NIFTY,2026-12-29,22500.0,PE,
2026-09-10 04:50:00+00:00,170.55,172.5,170.55,171.0,715.0,33531.0,NIFTY,2026-12-29,22500.0,PE,
2026-09-10 04:55:00+00:00,171.45,172.3,171.45,172.3,1300.0,33538.0,NIFTY,2026-12-29,22500.0,PE,
2026-09-10 05:00:00+00:00,172.0,172.7,171.0,171.1,1690.0,33521.0,NIFTY,2026-12-29,22500.0,PE,
2026-09-10 05:05:00+00:00,171.5,172.0,171.0,171.0,1495.0,33514.0,NIFTY,2026-12-29,22500.0,PE,
2026-09-10 05:10:00+00:00,170.15,170.4,169.5,169.5,390.0,11171.0,NIFTY,2026-12-29,22500.0,PE,
2026-09-10 05:15:00+00:00,169.0,172.4,168.9,172.4,4160.0,44719.0,NIFTY,2026-12-29,22500.0,PE,
2026-09-10 05:20:00+00:00,172.55,174.0,171.5,174.0,10140.0,56123.0,NIFTY,2026-12-29,22500.0,PE,
2026-09-10 05:25:00+00:00,174.05,175.3,174.05,175.3,7540.0,33711.0,NIFTY,2026-12-29,22500.0,PE,
2026-09-10 05:30:00+00:00,174.6,175.0,173.1,173.1,8190.0,44776.0,NIFTY,2026-12-29,22500.0,PE,
2026-09-10 05:35:00+00:00,173.4,174.9,172.75,173.55,5265.0,33454.0,NIFTY,2026-12-29,22500.0,PE,
2026-09-10 05:40:00+00:00,172.1,172.1,168.35,168.35,1235.0,33364.0,NIFTY,2026-12-29,22500.0,PE,
2026-09-10 05:45:00+00:00,167.4,170.4,166.9,168.85,6240.0,44480.0,NIFTY,2026-12-29,22500.0,PE,
2026-09-10 05:50:00+00:00,169.8,171.25,169.3,169.5,6045.0,44389.0,NIFTY,2026-12-29,22500.0,PE,
2026-09-10 05:55:00+00:00,170.55,171.8,169.8,171.5,1755.0,55401.0,NIFTY,2026-12-29,22500.0,PE,
2026-09-10 06:00:00+00:00,172.0,172.0,170.0,171.3,1690.0,11068.0,NIFTY,2026-12-29,22500.0,PE,
2026-09-10 06:05:00+00:00,172.5,172.5,170.65,170.65,3120.0,22118.0,NIFTY,2026-12-29,22500.0,PE,
2026-09-10 06:10:00+00:00,171.15,172.5,171.1,171.1,1170.0,33172.0,NIFTY,2026-12-29,22500.0,PE,
2026-09-10 06:15:00+00:00,170.15,170.5,168.9,168.9,910.0,33154.0,NIFTY,2026-12-29,22500.0,PE,
2026-09-10 06:20:00+00:00,169.0,169.55,168.05,168.1,585.0,33153.0,NIFTY,2026-12-29,22500.0,PE,
2026-09-10 06:25:00+00:00,168.05,168.05,167.7,167.75,2990.0,33125.0,NIFTY,2026-12-29,22500.0,PE,
2026-09-10 06:30:00+00:00,166.8,167.4,166.5,166.85,1430.0,33119.0,NIFTY,2026-12-29,22500.0,PE,
2026-09-10 06:35:00+00:00,167.45,169.25,167.0,168.95,2210.0,55237.0,NIFTY,2026-12-29,22500.0,PE,
2026-09-10 06:40:00+00:00,169.45,169.45,166.5,166.95,5655.0,55284.0,NIFTY,2026-12-29,22500.0,PE,
2026-09-10 06:45:00+00:00,166.3,168.25,166.3,167.25,6630.0,33165.0,NIFTY,2026-12-29,22500.0,PE,
2026-09-10 06:50:00+00:00,167.05,167.5,165.05,167.4,4225.0,33135.0,NIFTY,2026-12-29,22500.0,PE,
2026-09-10 06:55:00+00:00,166.0,166.5,166.0,166.0,195.0,11048.0,NIFTY,2026-12-29,22500.0,PE,
2026-09-10 07:00:00+00:00,166.0,166.6,166.0,166.55,1560.0,33150.0,NIFTY,2026-12-29,22500.0,PE,
2026-09-10 07:05:00+00:00,166.6,168.3,166.2,167.65,8125.0,55469.0,NIFTY,2026-12-29,22500.0,PE,
2026-09-10 07:10:00+00:00,166.85,167.5,166.7,167.5,780.0,11111.0,NIFTY,2026-12-29,22500.0,PE,
2026-09-10 07:15:00+00:00,166.2,168.0,166.2,168.0,455.0,11106.0,NIFTY,2026-12-29,22500.0,PE,
2026-09-10 07:20:00+00:00,166.7,167.65,166.7,166.85,520.0,33313.0,NIFTY,2026-12-29,22500.0,PE,
2026-09-10 07:25:00+00:00,167.05,167.95,167.05,167.95,390.0,22205.0,NIFTY,2026-12-29,22500.0,PE,
2026-09-10 07:30:00+00:00,169.8,172.0,169.8,171.1,1235.0,22208.0,NIFTY,2026-12-29,22500.0,PE,
2026-09-10 07:35:00+00:00,173.15,174.25,171.4,171.65,845.0,11103.0,NIFTY,2026-12-29,22500.0,PE,
2026-09-10 07:40:00+00:00,171.6,171.6,170.25,170.7,520.0,22207.0,NIFTY,2026-12-29,22500.0,PE,
2026-09-10 07:45:00+00:00,169.15,171.25,169.15,170.25,650.0,33317.0,NIFTY,2026-12-29,22500.0,PE,
2026-09-10 07:50:00+00:00,171.55,171.55,171.25,171.45,1235.0,,NIFTY,2026-12-29,22500.0,PE,
2026-09-10 07:55:00+00:00,171.25,173.45,171.25,173.45,3575.0,11115.0,NIFTY,2026-12-29,22500.0,PE,
2026-09-10 08:00:00+00:00,173.4,175.15,173.15,175.15,5200.0,55591.0,NIFTY,2026-12-29,22500.0,PE,
2026-09-10 08:05:00+00:00,174.4,174.6,173.75,173.8,3185.0,22241.0,NIFTY,2026-12-29,22500.0,PE,
2026-09-10 08:10:00+00:00,173.5,174.55,173.5,174.55,455.0,11137.0,NIFTY,2026-12-29,22500.0,PE,
2026-09-10 08:15:00+00:00,174.1,175.45,174.1,174.5,780.0,33410.0,NIFTY,2026-12-29,22500.0,PE,
2026-09-10 08:20:00+00:00,175.0,175.0,174.05,174.05,130.0,11137.0,NIFTY,2026-12-29,22500.0,PE,
2026-09-10 08:25:00+00:00,175.1,175.8,174.55,175.0,1170.0,44535.0,NIFTY,2026-12-29,22500.0,PE,
2026-09-10 08:30:00+00:00,174.6,177.95,174.6,177.95,975.0,33405.0,NIFTY,2026-12-29,22500.0,PE,
2026-09-10 08:35:00+00:00,177.55,178.5,176.0,177.5,7345.0,33402.0,NIFTY,2026-12-29,22500.0,PE,
2026-09-10 08:40:00+00:00,178.0,178.0,178.0,178.0,1040.0,22159.0,NIFTY,2026-12-29,22500.0,PE,
2026-09-10 08:45:00+00:00,178.25,179.5,177.25,179.5,5720.0,44297.0,NIFTY,2026-12-29,22500.0,PE,
2026-09-10 08:50:00+00:00,179.0,179.0,177.5,177.5,14365.0,43951.0,NIFTY,2026-12-29,22500.0,PE,
2026-09-10 08:55:00+00:00,177.55,180.0,177.55,180.0,30875.0,54033.0,NIFTY,2026-12-29,22500.0,PE,
2026-09-10 09:00:00+00:00,179.15,179.95,178.75,179.8,2795.0,42722.0,NIFTY,2026-12-29,22500.0,PE,
2026-09-10 09:05:00+00:00,179.6,180.15,179.4,180.1,3705.0,53391.0,NIFTY,2026-12-29,22500.0,PE,
2026-09-10 09:10:00+00:00,180.15,180.95,178.3,178.3,5915.0,53383.0,NIFTY,2026-12-29,22500.0,PE,
2026-09-10 09:15:00+00:00,178.2,178.2,176.0,176.0,3380.0,53261.0,NIFTY,2026-12-29,22500.0,PE,
2026-09-10 09:20:00+00:00,175.5,177.0,174.5,177.0,10400.0,53146.0,NIFTY,2026-12-29,22500.0,PE,
2026-09-10 09:25:00+00:00,176.65,178.95,176.0,178.8,7215.0,53105.0,NIFTY,2026-12-29,22500.0,PE,
2026-09-10 09:30:00+00:00,178.75,184.95,178.75,182.25,8515.0,52986.0,NIFTY,2026-12-29,22500.0,PE,
2026-09-10 09:35:00+00:00,182.6,185.05,182.15,182.85,10205.0,52995.0,NIFTY,2026-12-29,22500.0,PE,
2026-09-10 09:40:00+00:00,182.9,184.0,182.65,183.05,2860.0,42364.0,NIFTY,2026-12-29,22500.0,PE,
2026-09-10 09:45:00+00:00,182.55,183.0,181.25,182.3,5590.0,31814.0,NIFTY,2026-12-29,22500.0,PE,
2026-09-10 09:50:00+00:00,181.0,181.0,177.85,177.85,4160.0,31792.0,NIFTY,2026-12-29,22500.0,PE,
2026-09-10 09:55:00+00:00,177.4,178.2,173.55,174.35,2600.0,52925.0,NIFTY,2026-12-29,22500.0,PE,
2026-09-10 10:00:00+00:00,174.5,177.05,172.35,177.05,1365.0,42319.0,NIFTY,2026-12-29,22500.0,PE,
2026-09-10 10:05:00+00:00,176.55,176.55,174.65,174.65,4095.0,42273.0,NIFTY,2026-12-29,22500.0,PE,
2026-09-11 03:45:00+00:00,206.0,224.4,200.35,218.9,32370.0,41828.0,NIFTY,2026-12-29,22500.0,PE,
2026-09-11 03:50:00+00:00,219.2,225.0,219.2,223.35,33605.0,51746.0,NIFTY,2026-12-29,22500.0,PE,
2026-09-11 03:55:00+00:00,223.95,224.0,223.6,223.9,13390.0,51074.0,NIFTY,2026-12-29,22500.0,PE,
2026-09-11 04:00:00+00:00,224.0,225.0,223.05,224.4,20410.0,51599.0,NIFTY,2026-12-29,22500.0,PE,
2026-09-11 04:05:00+00:00,224.35,224.4,222.3,224.0,8515.0,41341.0,NIFTY,2026-12-29,22500.0,PE,
2026-09-11 04:10:00+00:00,224.15,226.3,224.0,225.0,11700.0,51613.0,NIFTY,2026-12-29,22500.0,PE,
2026-09-11 04:15:00+00:00,225.5,226.45,222.6,224.0,34515.0,41249.0,NIFTY,2026-12-29,22500.0,PE,
2026-09-11 04:20:00+00:00,223.0,223.0,220.0,222.5,29770.0,50868.0,NIFTY,2026-12-29,22500.0,PE,
2026-09-11 04:25:00+00:00,221.45,221.45,218.4,218.85,8450.0,50542.0,NIFTY,2026-12-29,22500.0,PE,
2026-09-11 04:30:00+00:00,218.75,220.35,217.0,217.95,4485.0,50400.0,NIFTY,2026-12-29,22500.0,PE,
2026-09-11 04:35:00+00:00,217.25,217.8,213.4,215.1,4745.0,20121.0,NIFTY,2026-12-29,22500.0,PE,
2026-09-11 04:40:00+00:00,215.8,216.35,214.0,214.0,4485.0,20105.0,NIFTY,2026-12-29,22500.0,PE,
2026-09-11 04:45:00+00:00,214.5,215.1,213.8,213.8,3705.0,40253.0,NIFTY,2026-12-29,22500.0,PE,
2026-09-11 04:50:00+00:00,214.0,214.6,211.35,212.5,7865.0,40304.0,NIFTY,2026-12-29,22500.0,PE,
2026-09-11 04:55:00+00:00,212.05,215.8,212.05,215.8,3705.0,40320.0,NIFTY,2026-12-29,22500.0,PE,
2026-09-11 05:00:00+00:00,215.5,215.5,212.0,212.0,4030.0,30229.0,NIFTY,2026-12-29,22500.0,PE,
2026-09-11 05:05:00+00:00,212.85,212.85,210.65,211.0,2145.0,40301.0,NIFTY,2026-12-29,22500.0,PE,
2026-09-11 05:10:00+00:00,211.05,213.15,210.5,210.5,3055.0,40370.0,NIFTY,2026-12-29,22500.0,PE,
2026-09-11 05:15:00+00:00,210.1,211.05,208.8,210.0,2925.0,40305.0,NIFTY,2026-12-29,22500.0,PE,
2026-09-11 05:20:00+00:00,211.0,213.25,210.85,211.8,650.0,30237.0,NIFTY,2026-12-29,22500.0,PE,
2026-09-11 05:25:00+00:00,211.55,213.55,210.75,210.75,975.0,30239.0,NIFTY,2026-12-29,22500.0,PE,
2026-09-11 05:30:00+00:00,212.0,212.5,210.1,211.0,3185.0,40327.0,NIFTY,2026-12-29,22500.0,PE,
2026-09-11 05:35:00+00:00,212.15,212.15,208.05,208.05,3380.0,50370.0,NIFTY,2026-12-29,22500.0,PE,
2026-09-11 05:40:00+00:00,209.9,210.0,200.0,200.0,7215.0,50194.0,NIFTY,2026-12-29,22500.0,PE,
2026-09-11 05:45:00+00:00,200.25,202.4,197.3,198.0,6435.0,50040.0,NIFTY,2026-12-29,22500.0,PE,
2026-09-11 05:50:00+00:00,197.7,199.15,196.25,196.25,2470.0,39939.0,NIFTY,2026-12-29,22500.0,PE,
2026-09-11 05:55:00+00:00,196.8,199.05,195.3,198.5,5980.0,59998.0,NIFTY,2026-12-29,22500.0,PE,
2026-09-11 06:00:00+00:00,198.05,199.95,197.85,197.85,2210.0,40030.0,NIFTY,2026-12-29,22500.0,PE,
2026-09-11 06:05:00+00:00,199.0,199.0,195.95,197.75,1235.0,60068.0,NIFTY,2026-12-29,22500.0,PE,
2026-09-11 06:10:00+00:00,197.15,197.95,194.75,195.75,2210.0,40081.0,NIFTY,2026-12-29,22500.0,PE,
2026-09-11 06:15:00+00:00,195.75,198.25,195.0,198.25,1690.0,50127.0,NIFTY,2026-12-29,22500.0,PE,
2026-09-11 06:20:00+00:00,197.7,198.75,197.15,198.2,910.0,30087.0,NIFTY,2026-12-29,22500.0,PE,
2026-09-11 06:25:00+00:00,197.9,198.0,196.65,197.0,1170.0,30082.0,NIFTY,2026-12-29,22500.0,PE,
2026-09-11 06:30:00+00:00,197.5,197.5,196.8,196.9,3380.0,50202.0,NIFTY,2026-12-29,22500.0,PE,
2026-09-11 06:35:00+00:00,197.5,197.5,196.85,197.15,910.0,40240.0,NIFTY,2026-12-29,22500.0,PE,
2026-09-11 06:40:00+00:00,199.0,200.65,198.65,200.2,845.0,30196.0,NIFTY,2026-12-29,22500.0,PE,
2026-09-11 06:45:00+00:00,200.5,202.2,199.0,199.95,650.0,20128.0,NIFTY,2026-12-29,22500.0,PE,
2026-09-11 06:50:00+00:00,198.65,199.5,198.65,198.95,910.0,10070.0,NIFTY,2026-12-29,22500.0,PE,
2026-09-11 06:55:00+00:00,198.25,199.5,197.9,199.05,845.0,30213.0,NIFTY,2026-12-29,22500.0,PE,
2026-09-11 07:00:00+00:00,200.0,200.0,198.5,198.5,845.0,30218.0,NIFTY,2026-12-29,22500.0,PE,
2026-09-11 07:05:00+00:00,197.1,198.55,197.0,198.5,3185.0,40305.0,NIFTY,2026-12-29,22500.0,PE,
2026-09-11 07:10:00+00:00,198.85,199.45,196.25,198.0,2210.0,40345.0,NIFTY,2026-12-29,22500.0,PE,
2026-09-11 07:15:00+00:00,199.95,200.0,198.9,199.5,1300.0,30272.0,NIFTY,2026-12-29,22500.0,PE,
2026-09-11 07:20:00+00:00,200.95,200.95,200.35,200.35,130.0,20190.0,NIFTY,2026-12-29,22500.0,PE,
2026-09-11 07:30:00+00:00,199.45,202.05,199.45,202.05,1300.0,50481.0,NIFTY,2026-12-29,22500.0,PE,
2026-09-11 07:35:00+00:00,201.75,204.0,201.75,204.0,390.0,20207.0,NIFTY,2026-12-29,22500.0,PE,
2026-09-11 07:40:00+00:00,204.3,204.75,202.35,202.8,715.0,30318.0,NIFTY,2026-12-29,22500.0,PE,
2026-09-11 07:45:00+00:00,204.75,204.75,202.8,202.8,325.0,10107.0,NIFTY,2026-12-29,22500.0,PE,
2026-09-11 07:50:00+00:00,204.7,206.55,204.7,204.75,2925.0,30306.0,NIFTY,2026-12-29,22500.0,PE,
2026-09-11 07:55:00+00:00,203.65,203.65,203.0,203.0,260.0,20184.0,NIFTY,2026-12-29,22500.0,PE,
2026-09-11 08:00:00+00:00,201.15,201.6,199.05,201.6,260.0,20180.0,NIFTY,2026-12-29,22500.0,PE,
2026-09-11 08:05:00+00:00,203.2,205.0,203.2,205.0,3640.0,,NIFTY,2026-12-29,22500.0,PE,
2026-09-11 08:10:00+00:00,203.8,209.5,203.8,204.8,1560.0,30228.0,NIFTY,2026-12-29,22500.0,PE,
2026-09-11 08:15:00+00:00,205.5,205.85,204.15,204.7,390.0,10076.0,NIFTY,2026-12-29,22500.0,PE,
2026-09-11 08:20:00+00:00,203.0,203.0,198.0,198.0,3510.0,50413.0,NIFTY,2026-12-29,22500.0,PE,
2026-09-11 08:25:00+00:00,197.85,198.55,194.85,195.2,910.0,20195.0,NIFTY,2026-12-29,22500.0,PE,
2026-09-11 08:30:00+00:00,194.25,195.75,180.4,183.25,9360.0,30297.0,NIFTY,2026-12-29,22500.0,PE,
2026-09-11 08:35:00+00:00,183.0,189.9,182.9,186.3,18590.0,50841.0,NIFTY,2026-12-29,22500.0,PE,
2026-09-11 08:40:00+00:00,186.0,187.7,186.0,186.45,1430.0,20521.0,NIFTY,2026-12-29,22500.0,PE,
2026-09-11 08:45:00+00:00,188.35,188.85,187.5,188.8,1365.0,30767.0,NIFTY,2026-12-29,22500.0,PE,
2026-09-11 08:50:00+00:00,188.7,189.05,185.3,185.3,11180.0,51391.0,NIFTY,2026-12-29,22500.0,PE,
2026-09-11 08:55:00+00:00,186.5,187.65,185.1,185.1,4875.0,51341.0,NIFTY,2026-12-29,22500.0,PE,
2026-09-11 09:00:00+00:00,185.15,186.6,182.1,186.6,3965.0,40952.0,NIFTY,2026-12-29,22500.0,PE,
2026-09-11 09:05:00+00:00,185.0,185.95,184.15,185.15,2925.0,40940.0,NIFTY,2026-12-29,22500.0,PE,
2026-09-11 09:10:00+00:00,185.0,185.0,183.85,183.85,455.0,10247.0,NIFTY,2026-12-29,22500.0,PE,
2026-09-11 09:15:00+00:00,185.0,188.3,185.0,186.3,8190.0,30683.0,NIFTY,2026-12-29,22500.0,PE,
2026-09-11 09:20:00+00:00,187.4,189.3,187.4,189.3,1105.0,30709.0,NIFTY,2026-12-29,22500.0,PE,
2026-09-11 09:25:00+00:00,189.55,190.0,187.45,190.0,4420.0,40976.0,NIFTY,2026-12-29,22500.0,PE,
2026-09-11 09:30:00+00:00,189.2,191.95,188.35,190.2,1625.0,40976.0,NIFTY,2026-12-29,22500.0,PE,
2026-09-11 09:35:00+00:00,191.95,193.6,189.3,189.65,4030.0,30743.0,NIFTY,2026-12-29,22500.0,PE,
2026-09-11 09:40:00+00:00,189.95,190.0,185.0,185.0,5850.0,10255.0,NIFTY,2026-12-29,22500.0,PE,
2026-09-11 09:45:00+00:00,186.1,186.1,183.1,184.2,5070.0,30726.0,NIFTY,2026-12-29,22500.0,PE,
2026-09-11 09:50:00+00:00,183.2,187.15,181.05,185.0,2990.0,30693.0,NIFTY,2026-12-29,22500.0,PE,
2026-09-11 09:55:00+00:00,186.25,188.4,185.55,185.85,1950.0,51192.0,NIFTY,2026-12-29,22500.0,PE,
2026-09-11 10:00:00+00:00,185.8,187.6,184.55,185.45,2925.0,30707.0,NIFTY,2026-12-29,22500.0,PE,
2026-09-11 10:05:00+00:00,185.0,187.85,182.7,185.65,1430.0,51187.0,NIFTY,2026-12-29,22500.0,PE,
2026-09-15 03:45:00+00:00,174.8,177.35,170.7,176.0,6695.0,40809.0,NIFTY,2026-12-29,22500.0,PE,
2026-09-15 03:50:00+00:00,175.95,180.7,175.95,178.7,5070.0,51022.0,NIFTY,2026-12-29,22500.0,PE,
2026-09-15 03:55:00+00:00,180.5,181.95,180.1,180.55,2535.0,30639.0,NIFTY,2026-12-29,22500.0,PE,
2026-09-15 04:00:00+00:00,181.05,182.4,179.9,181.9,3185.0,40848.0,NIFTY,2026-12-29,22500.0,PE,
2026-09-15 04:05:00+00:00,182.25,184.95,181.6,183.4,7540.0,51041.0,NIFTY,2026-12-29,22500.0,PE,
2026-09-15 04:10:00+00:00,182.05,184.5,182.05,183.7,2080.0,51009.0,NIFTY,2026-12-29,22500.0,PE,
2026-09-15 04:15:00+00:00,185.0,191.25,185.0,191.25,9880.0,30629.0,NIFTY,2026-12-29,22500.0,PE,
2026-09-15 04:20:00+00:00,190.65,195.95,189.25,195.95,13845.0,51089.0,NIFTY,2026-12-29,22500.0,PE,
2026-09-15 04:25:00+00:00,197.45,206.15,197.45,200.0,5915.0,40890.0,NIFTY,2026-12-29,22500.0,PE,
2026-09-15 04:30:00+00:00,201.5,203.15,200.0,201.95,13910.0,40874.0,NIFTY,2026-12-29,22500.0,PE,
2026-09-15 04:35:00+00:00,201.45,203.0,199.8,203.0,5265.0,51046.0,NIFTY,2026-12-29,22500.0,PE,
2026-09-15 04:40:00+00:00,203.5,204.1,198.3,201.9,3250.0,40775.0,NIFTY,2026-12-29,22500.0,PE,
2026-09-15 04:45:00+00:00,203.75,204.35,200.5,200.55,12805.0,40831.0,NIFTY,2026-12-29,22500.0,PE,
2026-09-15 04:50:00+00:00,203.2,206.7,203.2,203.95,9750.0,40865.0,NIFTY,2026-12-29,22500.0,PE,
2026-09-15 04:55:00+00:00,204.0,208.8,204.0,208.45,20280.0,41000.0,NIFTY,2026-12-29,22500.0,PE,
2026-09-15 05:00:00+00:00,209.6,210.05,208.0,210.0,14430.0,51295.0,NIFTY,2026-12-29,22500.0,PE,
2026-09-15 05:05:00+00:00,210.05,211.0,207.8,207.95,18135.0,40976.0,NIFTY,2026-12-29,22500.0,PE,
2026-09-15 05:10:00+00:00,208.8,212.35,208.1,212.35,1170.0,40972.0,NIFTY,2026-12-29,22500.0,PE,
2026-09-15 05:15:00+00:00,213.0,215.75,212.2,213.95,2340.0,40970.0,NIFTY,2026-12-29,22500.0,PE,
2026-09-15 05:20:00+00:00,213.85,216.2,213.15,215.05,2535.0,20469.0,NIFTY,2026-12-29,22500.0,PE,
2026-09-15 05:25:00+00:00,216.55,216.95,214.7,214.8,2405.0,40935.0,NIFTY,2026-12-29,22500.0,PE,
2026-09-15 05:30:00+00:00,214.0,214.25,211.05,212.6,3380.0,51157.0,NIFTY,2026-12-29,22500.0,PE,
2026-09-15 05:35:00+00:00,212.6,217.0,212.6,217.0,4095.0,30733.0,NIFTY,2026-12-29,22500.0,PE,
2026-09-15 05:40:00+00:00,217.75,219.0,215.0,215.0,3120.0,41032.0,NIFTY,2026-12-29,22500.0,PE,
2026-09-15 05:45:00+00:00,214.05,216.1,213.0,216.1,2275.0,30807.0,NIFTY,2026-12-29,22500.0,PE,
2026-09-15 05:50:00+00:00,217.25,218.9,213.75,214.0,1560.0,41100.0,NIFTY,2026-12-29,22500.0,PE,
2026-09-15 05:55:00+00:00,213.95,217.8,213.95,217.3,1235.0,20558.0,NIFTY,2026-12-29,22500.0,PE,
2026-09-15 06:00:00+00:00,217.0,217.25,215.05,215.05,520.0,10281.0,NIFTY,2026-12-29,22500.0,PE,
2026-09-15 06:05:00+00:00,215.0,215.0,211.3,211.3,1495.0,10281.0,NIFTY,2026-12-29,22500.0,PE,
2026-09-15 06:10:00+00:00,211.0,212.4,211.0,212.35,5785.0,30867.0,NIFTY,2026-12-29,22500.0,PE,
2026-09-15 06:15:00+00:00,212.05,212.4,212.05,212.4,455.0,10258.0,NIFTY,2026-12-29,22500.0,PE,
2026-09-15 06:20:00+00:00,212.5,212.5,211.6,211.6,975.0,,NIFTY,2026-12-29,22500.0,PE,
2026-09-15 06:25:00+00:00,214.0,215.25,213.0,213.0,845.0,10258.0,NIFTY,2026-12-29,22500.0,PE,
2026-09-15 06:30:00+00:00,213.0,213.2,212.0,213.0,1690.0,30795.0,NIFTY,2026-12-29,22500.0,PE,
2026-09-15 06:35:00+00:00,213.1,213.1,211.0,211.0,2015.0,30806.0,NIFTY,2026-12-29,22500.0,PE,
2026-09-15 06:40:00+00:00,212.0,213.85,212.0,213.05,5070.0,40999.0,NIFTY,2026-12-29,22500.0,PE,
2026-09-15 06:45:00+00:00,213.0,213.05,212.5,213.05,1235.0,20493.0,NIFTY,2026-12-29,22500.0,PE,
2026-09-15 06:50:00+00:00,213.25,213.95,213.0,213.95,1690.0,30756.0,NIFTY,2026-12-29,22500.0,PE,
2026-09-15 06:55:00+00:00,213.15,213.15,213.15,213.15,130.0,20522.0,NIFTY,2026-12-29,22500.0,PE,
2026-09-15 07:00:00+00:00,214.3,216.7,214.3,216.55,1235.0,30789.0,NIFTY,2026-12-29,22500.0,PE,
2026-09-15 07:05:00+00:00,216.5,217.0,214.0,217.0,2795.0,30799.0,NIFTY,2026-12-29,22500.0,PE,
2026-09-15 07:10:00+00:00,217.0,217.7,216.95,217.65,2600.0,30808.0,NIFTY,2026-12-29,22500.0,PE,
2026-09-15 07:15:00+00:00,217.55,218.5,216.35,216.35,2470.0,30876.0,NIFTY,2026-12-29,22500.0,PE,
2026-09-15 07:20:00+00:00,214.55,216.65,214.05,216.65,3705.0,41250.0,NIFTY,2026-12-29,22500.0,PE,
2026-09-15 07:25:00+00:00,216.95,219.7,216.0,219.0,4095.0,41271.0,NIFTY,2026-12-29,22500.0,PE,
2026-09-15 07:30:00+00:00,219.2,222.0,218.3,220.95,10075.0,51518.0,NIFTY,2026-12-29,22500.0,PE,
2026-09-15 07:35:00+00:00,220.1,222.35,218.95,222.3,1495.0,41174.0,NIFTY,2026-12-29,22500.0,PE,
2026-09-15 07:40:00+00:00,222.3,224.95,222.0,222.0,8710.0,41193.0,NIFTY,2026-12-29,22500.0,PE,
2026-09-15 07:45:00+00:00,222.1,227.0,222.1,226.0,8125.0,51785.0,NIFTY,2026-12-29,22500.0,PE,
2026-09-15 07:50:00+00:00,225.95,228.55,225.25,228.0,5590.0,51867.0,NIFTY,2026-12-29,22500.0,PE,
2026-09-15 07:55:00+00:00,228.05,228.05,226.55,226.6,7410.0,41393.0,NIFTY,2026-12-29,22500.0,PE,
2026-09-15 08:00:00+00:00,228.0,232.55,228.0,232.55,2730.0,30984.0,NIFTY,2026-12-29,22500.0,PE,
2026-09-15 08:05:00+00:00,230.0,231.75,229.5,231.55,520.0,10327.0,NIFTY,2026-12-29,22500.0,PE,
2026-09-15 08:10:00+00:00,232.2,237.05,232.1,235.8,9360.0,51596.0,NIFTY,2026-12-29,22500.0,PE,
2026-09-15 08:15:00+00:00,235.75,235.9,233.65,233.65,2275.0,41135.0,NIFTY,2026-12-29,22500.0,PE,
2026-09-15 08:20:00+00:00,232.0,232.8,231.6,231.95,650.0,41137.0,NIFTY,2026-12-29,22500.0,PE,
2026-09-15 08:25:00+00:00,231.9,232.9,230.3,230.7,1235.0,20573.0,NIFTY,2026-12-29,22500.0,PE,
2026-09-15 08:30:00+00:00,230.1,232.0,230.1,232.0,1820.0,51483.0,NIFTY,2026-12-29,22500.0,PE,
2026-09-15 08:35:00+00:00,232.15,236.3,232.0,234.8,2665.0,41204.0,NIFTY,2026-12-29,22500.0,PE,
2026-09-15 08:40:00+00:00,235.95,243.7,235.95,243.7,4290.0,51493.0,NIFTY,2026-12-29,22500.0,PE,
2026-09-15 08:45:00+00:00,245.7,250.2,245.15,246.45,8775.0,51400.0,NIFTY,2026-12-29,22500.0,PE,
2026-09-15 08:50:00+00:00,245.45,245.45,241.65,244.4,2210.0,41107.0,NIFTY,2026-12-29,22500.0,PE,
2026-09-15 08:55:00+00:00,244.35,249.3,244.35,248.1,2210.0,51421.0,NIFTY,2026-12-29,22500.0,PE,
2026-09-15 09:00:00+00:00,249.3,250.9,247.1,248.35,4745.0,51451.0,NIFTY,2026-12-29,22500.0,PE,
2026-09-15 09:05:00+00:00,248.45,250.65,247.05,248.5,2730.0,41175.0,NIFTY,2026-12-29,22500.0,PE,
2026-09-15 09:10:00+00:00,248.0,249.8,247.05,249.45,1560.0,41191.0,NIFTY,2026-12-29,22500.0,PE,
2026-09-15 09:15:00+00:00,249.7,264.4,249.7,260.0,7800.0,51532.0,NIFTY,2026-12-29,22500.0,PE,
2026-09-15 09:20:00+00:00,260.95,261.9,255.35,260.25,3705.0,51630.0,NIFTY,2026-12-29,22500.0,PE,
2026-09-15 09:25:00+00:00,261.95,261.95,256.2,259.35,5460.0,41399.0,NIFTY,2026-12-29,22500.0,PE,
2026-09-15 09:30:00+00:00,259.4,261.75,255.2,255.75,13455.0,41491.0,NIFTY,2026-12-29,22500.0,PE,
2026-09-15 09:35:00+00:00,256.8,258.2,253.25,255.0,20605.0,41477.0,NIFTY,2026-12-29,22500.0,PE,
2026-09-15 09:40:00+00:00,254.8,255.75,250.5,253.7,5005.0,51880.0,NIFTY,2026-12-29,22500.0,PE,
2026-09-15 09:45:00+00:00,253.3,255.55,249.1,249.1,4875.0,20770.0,NIFTY,2026-12-29,22500.0,PE,
2026-09-15 09:50:00+00:00,249.2,255.0,249.2,255.0,2730.0,31164.0,NIFTY,2026-12-29,22500.0,PE,
2026-09-15 09:55:00+00:00,254.0,254.0,247.0,251.6,7215.0,51760.0,NIFTY,2026-12-29,22500.0,PE,
2026-09-15 10:00:00+00:00,253.0,258.7,251.45,256.0,6305.0,20688.0,NIFTY,2026-12-29,22500.0,PE,
2026-09-15 10:05:00+00:00,255.4,257.85,252.6,254.4,18850.0,62270.0,NIFTY,2026-12-29,22500.0,PE,
2026-09-16 03:45:00+00:00,238.95,238.95,223.6,231.45,11505.0,41738.0,NIFTY,2026-12-29,22500.0,PE,
2026-09-16 03:50:00+00:00,230.95,236.2,230.95,235.6,4290.0,52167.0,NIFTY,2026-12-29,22500.0,PE,
2026-09-16 03:55:00+00:00,235.55,245.8,235.55,243.95,7670.0,52225.0,NIFTY,2026-12-29,22500.0,PE,
2026-09-16 04:00:00+00:00,243.7,250.15,240.8,240.8,11570.0,52176.0,NIFTY,2026-12-29,22500.0,PE,
2026-09-16 04:05:00+00:00,244.0,254.85,244.0,254.85,8970.0,52286.0,NIFTY,2026-12-29,22500.0,PE,
2026-09-16 04:10:00+00:00,254.95,259.4,253.4,259.4,7475.0,52288.0,NIFTY,2026-12-29,22500.0,PE,
2026-09-16 04:15:00+00:00,259.6,261.9,253.35,253.35,10205.0,52536.0,NIFTY,2026-12-29,22500.0,PE,
2026-09-16 04:20:00+00:00,252.4,253.35,241.5,241.5,10465.0,42018.0,NIFTY,2026-12-29,22500.0,PE,
2026-09-16 04:25:00+00:00,240.0,244.0,237.0,241.45,5265.0,52373.0,NIFTY,2026-12-29,22500.0,PE,
2026-09-16 04:30:00+00:00,241.5,247.1,241.1,247.1,4615.0,41877.0,NIFTY,2026-12-29,22500.0,PE,
2026-09-16 04:35:00+00:00,248.0,251.8,246.75,248.9,4420.0,52343.0,NIFTY,2026-12-29,22500.0,PE,
2026-09-16 04:40:00+00:00,249.05,250.0,244.6,249.95,5525.0,41819.0,NIFTY,2026-12-29,22500.0,PE,
2026-09-16 04:45:00+00:00,250.75,250.75,243.3,246.7,9555.0,52233.0,NIFTY,2026-12-29,22500.0,PE,
2026-09-16 04:50:00+00:00,246.95,246.95,240.8,240.8,17485.0,52563.0,NIFTY,2026-12-29,22500.0,PE,
2026-09-16 04:55:00+00:00,240.95,241.4,238.25,238.5,17485.0,53068.0,NIFTY,2026-12-29,22500.0,PE,
2026-09-16 05:00:00+00:00,238.3,239.7,233.85,234.35,23595.0,53903.0,NIFTY,2026-12-29,22500.0,PE,
2026-09-16 05:05:00+00:00,236.25,237.15,234.0,235.4,20735.0,54681.0,NIFTY,2026-12-29,22500.0,PE,
2026-09-16 05:10:00+00:00,233.2,235.15,233.0,233.0,3510.0,44062.0,NIFTY,2026-12-29,22500.0,PE,
2026-09-16 05:15:00+00:00,232.55,232.65,227.5,227.5,8775.0,44168.0,NIFTY,2026-12-29,22500.0,PE,
2026-09-16 05:20:00+00:00,228.8,232.0,227.85,232.0,4290.0,44290.0,NIFTY,2026-12-29,22500.0,PE,
2026-09-16 05:25:00+00:00,232.65,234.95,232.65,234.35,4810.0,44272.0,NIFTY,2026-12-29,22500.0,PE,
2026-09-16 05:30:00+00:00,232.55,232.55,225.5,227.0,11440.0,66440.0,NIFTY,2026-12-29,22500.0,PE,
2026-09-16 05:35:00+00:00,228.25,231.6,227.75,231.15,11700.0,55983.0,NIFTY,2026-12-29,22500.0,PE,
2026-09-16 05:40:00+00:00,230.8,233.6,229.45,232.5,3770.0,56056.0,NIFTY,2026-12-29,22500.0,PE,
2026-09-16 05:45:00+00:00,232.4,232.95,229.6,232.9,2275.0,44854.0,NIFTY,2026-12-29,22500.0,PE,
2026-09-16 05:50:00+00:00,233.9,236.0,231.6,234.75,2600.0,67312.0,NIFTY,2026-12-29,22500.0,PE,
2026-09-16 05:55:00+00:00,234.15,240.9,234.15,240.9,4355.0,56126.0,NIFTY,2026-12-29,22500.0,PE,
2026-09-16 06:00:00+00:00,240.0,240.0,236.25,237.5,1820.0,33628.0,NIFTY,2026-12-29,22500.0,PE,
2026-09-16 06:05:00+00:00,238.5,239.95,234.4,237.3,2535.0,67230.0,NIFTY,2026-12-29,22500.0,PE,
2026-09-16 06:10:00+00:00,238.4,238.4,235.25,235.75,5590.0,56000.0,NIFTY,2026-12-29,22500.0,PE,
2026-09-16 06:15:00+00:00,236.55,240.05,236.25,238.05,4160.0,44802.0,NIFTY,2026-12-29,22500.0,PE,
2026-09-16 06:20:00+00:00,238.9,239.65,234.65,237.35,6175.0,55986.0,NIFTY,2026-12-29,22500.0,PE,
2026-09-16 06:25:00+00:00,240.3,241.25,240.25,241.25,520.0,22387.0,NIFTY,2026-12-29,22500.0,PE,
2026-09-16 06:30:00+00:00,240.8,243.3,240.8,243.2,2145.0,11196.0,NIFTY,2026-12-29,22500.0,PE,
2026-09-16 06:35:00+00:00,240.8,241.3,238.25,240.5,3315.0,33601.0,NIFTY,2026-12-29,22500.0,PE,
2026-09-16 06:40:00+00:00,238.2,239.4,234.8,236.0,2405.0,44793.0,NIFTY,2026-12-29,22500.0,PE,
2026-09-16 06:45:00+00:00,238.6,238.6,234.35,235.55,3705.0,33596.0,NIFTY,2026-12-29,22500.0,PE,
2026-09-16 06:50:00+00:00,234.75,237.05,234.65,236.0,3835.0,22436.0,NIFTY,2026-12-29,22500.0,PE,
2026-09-16 06:55:00+00:00,236.15,237.05,235.55,236.0,1430.0,33706.0,NIFTY,2026-12-29,22500.0,PE,
2026-09-16 07:00:00+00:00,236.6,236.6,227.95,230.25,16835.0,67592.0,NIFTY,2026-12-29,22500.0,PE,
2026-09-16 07:05:00+00:00,229.75,232.1,229.2,231.55,8060.0,34136.0,NIFTY,2026-12-29,22500.0,PE,
2026-09-16 07:10:00+00:00,231.0,231.9,227.3,227.35,5720.0,56958.0,NIFTY,2026-12-29,22500.0,PE,
2026-09-16 07:15:00+00:00,227.1,229.5,227.1,228.5,4420.0,34335.0,NIFTY,2026-12-29,22500.0,PE,
2026-09-16 07:20:00+00:00,228.2,230.45,228.05,228.1,1105.0,34340.0,NIFTY,2026-12-29,22500.0,PE,
2026-09-16 07:25:00+00:00,227.15,229.05,226.05,229.05,2795.0,45782.0,NIFTY,2026-12-29,22500.0,PE,
2026-09-16 07:30:00+00:00,228.5,229.5,227.0,228.8,585.0,34336.0,NIFTY,2026-12-29,22500.0,PE,
2026-09-16 07:35:00+00:00,226.6,226.6,217.9,221.75,12740.0,45840.0,NIFTY,2026-12-29,22500.0,PE,
2026-09-16 07:40:00+00:00,220.0,222.85,217.5,220.9,18135.0,57965.0,NIFTY,2026-12-29,22500.0,PE,
2026-09-16 07:45:00+00:00,221.9,221.9,217.25,218.25,8775.0,58310.0,NIFTY,2026-12-29,22500.0,PE,
2026-09-16 07:50:00+00:00,219.3,223.8,219.3,223.8,7410.0,47009.0,NIFTY,2026-12-29,22500.0,PE,
2026-09-16 07:55:00+00:00,223.55,233.0,223.55,233.0,7215.0,47120.0,NIFTY,2026-12-29,22500.0,PE,
2026-09-16 08:00:00+00:00,231.8,232.5,230.3,232.0,3640.0,35310.0,NIFTY,2026-12-29,22500.0,PE,
2026-09-16 08:05:00+00:00,230.5,235.6,230.15,235.35,6435.0,47136.0,NIFTY,2026-12-29,22500.0,PE,
2026-09-16 08:10:00+00:00,236.6,238.0,234.85,238.0,2210.0,11791.0,NIFTY,2026-12-29,22500.0,PE,
2026-09-16 08:15:00+00:00,236.8,236.8,233.9,235.1,1430.0,11791.0,NIFTY,2026-12-29,22500.0,PE,
2026-09-16 08:20:00+00:00,234.35,236.4,232.3,232.35,2340.0,23587.0,NIFTY,2026-12-29,22500.0,PE,
2026-09-16 08:25:00+00:00,232.6,233.3,232.6,233.3,195.0,23583.0,NIFTY,2026-12-29,22500.0,PE,
2026-09-16 08:30:00+00:00,230.55,230.55,226.8,226.8,2925.0,11792.0,NIFTY,2026-12-29,22500.0,PE,
2026-09-16 08:35:00+00:00,226.9,232.25,226.15,229.05,14300.0,47399.0,NIFTY,2026-12-29,22500.0,PE,
2026-09-16 08:40:00+00:00,231.0,232.15,229.45,229.8,9230.0,47659.0,NIFTY,2026-12-29,22500.0,PE,
2026-09-16 08:45:00+00:00,230.0,230.15,228.2,228.65,7800.0,47349.0,NIFTY,2026-12-29,22500.0,PE,
2026-09-16 08:50:00+00:00,232.6,232.6,232.6,232.6,130.0,11826.0,NIFTY,2026-12-29,22500.0,PE,
2026-09-16 08:55:00+00:00,231.0,232.5,229.95,231.2,8905.0,59140.0,NIFTY,2026-12-29,22500.0,PE,
2026-09-16 09:00:00+00:00,229.95,234.0,229.9,234.0,5915.0,35674.0,NIFTY,2026-12-29,22500.0,PE,
2026-09-16 09:05:00+00:00,231.05,234.45,231.05,232.4,5850.0,47627.0,NIFTY,2026-12-29,22500.0,PE,
2026-09-16 09:10:00+00:00,231.95,234.85,231.35,232.4,6890.0,35753.0,NIFTY,2026-12-29,22500.0,PE,
2026-09-16 09:15:00+00:00,232.95,235.2,232.4,235.2,2665.0,11935.0,NIFTY,2026-12-29,22500.0,PE,
2026-09-16 09:20:00+00:00,234.0,234.0,233.0,233.75,650.0,23854.0,NIFTY,2026-12-29,22500.0,PE,
2026-09-16 09:25:00+00:00,233.8,233.8,229.0,232.75,10270.0,47436.0,NIFTY,2026-12-29,22500.0,PE,
2026-09-16 09:30:00+00:00,234.75,236.95,233.65,235.5,1885.0,35519.0,NIFTY,2026-12-29,22500.0,PE,
2026-09-16 09:35:00+00:00,236.5,237.05,234.95,235.95,4225.0,59269.0,NIFTY,2026-12-29,22500.0,PE,
2026-09-16 09:40:00+00:00,234.85,236.95,234.85,235.85,2145.0,47489.0,NIFTY,2026-12-29,22500.0,PE,
2026-09-16 09:45:00+00:00,236.25,237.7,234.15,237.2,3185.0,59446.0,NIFTY,2026-12-29,22500.0,PE,
2026-09-16 09:50:00+00:00,237.5,237.65,234.0,235.2,5330.0,35694.0,NIFTY,2026-12-29,22500.0,PE,
2026-09-16 09:55:00+00:00,235.95,238.1,234.95,237.35,10790.0,59521.0,NIFTY,2026-12-29,22500.0,PE,
2026-09-16 10:00:00+00:00,237.85,239.65,237.2,238.0,11310.0,47617.0,NIFTY,2026-12-29,22500.0,PE,
2026-09-16 10:05:00+00:00,238.0,239.4,235.8,235.8,3965.0,47620.0,NIFTY,2026-12-29,22500.0,PE,
2026-09-17 03:45:00+00:00,237.0,237.0,223.65,223.65,5850.0,59536.0,NIFTY,2026-12-29,22500.0,PE,
2026-09-17 03:50:00+00:00,219.85,230.0,219.85,230.0,6370.0,47660.0,NIFTY,2026-12-29,22500.0,PE,
2026-09-17 03:55:00+00:00,227.5,228.3,222.1,224.0,14625.0,60014.0,NIFTY,2026-12-29,22500.0,PE,
2026-09-17 04:00:00+00:00,223.95,224.0,215.7,215.95,13260.0,60347.0,NIFTY,2026-12-29,22500.0,PE,
2026-09-17 04:05:00+00:00,214.55,216.5,211.35,216.5,18265.0,60923.0,NIFTY,2026-12-29,22500.0,PE,
2026-09-17 04:10:00+00:00,217.1,225.5,215.85,224.15,6565.0,61295.0,NIFTY,2026-12-29,22500.0,PE,
2026-09-17 04:15:00+00:00,222.55,222.9,217.0,217.0,2600.0,49121.0,NIFTY,2026-12-29,22500.0,PE,
2026-09-17 04:20:00+00:00,217.2,217.3,215.9,215.9,2210.0,12305.0,NIFTY,2026-12-29,22500.0,PE,
2026-09-17 04:25:00+00:00,213.45,215.8,213.0,213.0,5915.0,49292.0,NIFTY,2026-12-29,22500.0,PE,
2026-09-17 04:30:00+00:00,213.95,214.0,211.95,211.95,2470.0,49407.0,NIFTY,2026-12-29,22500.0,PE,
2026-09-17 04:35:00+00:00,211.1,211.1,208.35,208.95,4355.0,49457.0,NIFTY,2026-12-29,22500.0,PE,
2026-09-17 04:40:00+00:00,208.9,209.0,205.0,206.95,4485.0,37131.0,NIFTY,2026-12-29,22500.0,PE,
2026-09-17 04:45:00+00:00,205.3,207.0,205.3,207.0,8515.0,62105.0,NIFTY,2026-12-29,22500.0,PE,
2026-09-17 04:50:00+00:00,207.6,208.1,205.7,208.1,8515.0,62548.0,NIFTY,2026-12-29,22500.0,PE,
2026-09-17 04:55:00+00:00,209.25,210.0,208.05,208.85,2015.0,62631.0,NIFTY,2026-12-29,22500.0,PE,
2026-09-17 05:00:00+00:00,209.95,212.0,209.95,212.0,2795.0,50146.0,NIFTY,2026-12-29,22500.0,PE,
2026-09-17 05:05:00+00:00,213.75,213.75,209.6,211.25,1625.0,50213.0,NIFTY,2026-12-29,22500.0,PE,
2026-09-17 05:10:00+00:00,212.5,214.0,211.5,214.0,5590.0,62781.0,NIFTY,2026-12-29,22500.0,PE,
2026-09-17 05:15:00+00:00,215.0,215.5,214.0,215.5,1365.0,37689.0,NIFTY,2026-12-29,22500.0,PE,
2026-09-17 05:20:00+00:00,215.5,216.0,214.55,215.9,650.0,37708.0,NIFTY,2026-12-29,22500.0,PE,
2026-09-17 05:25:00+00:00,214.65,216.0,212.6,216.0,1235.0,25140.0,NIFTY,2026-12-29,22500.0,PE,
2026-09-17 05:30:00+00:00,216.3,224.6,216.0,224.6,3575.0,62938.0,NIFTY,2026-12-29,22500.0,PE,
2026-09-17 05:35:00+00:00,225.0,231.55,224.8,230.75,5135.0,37824.0,NIFTY,2026-12-29,22500.0,PE,
2026-09-17 05:40:00+00:00,231.3,231.45,227.1,228.0,1820.0,50468.0,NIFTY,2026-12-29,22500.0,PE,
2026-09-17 05:45:00+00:00,228.35,228.35,222.0,222.0,3900.0,37866.0,NIFTY,2026-12-29,22500.0,PE,
2026-09-17 05:50:00+00:00,220.6,222.0,219.95,222.0,4095.0,50620.0,NIFTY,2026-12-29,22500.0,PE,
2026-09-17 05:55:00+00:00,221.65,222.15,219.1,222.15,7215.0,38166.0,NIFTY,2026-12-29,22500.0,PE,
2026-09-17 06:00:00+00:00,221.95,222.0,218.95,219.0,7995.0,63883.0,NIFTY,2026-12-29,22500.0,PE,
2026-09-17 06:05:00+00:00,220.0,220.0,217.0,217.0,7670.0,51398.0,NIFTY,2026-12-29,22500.0,PE,
2026-09-17 06:10:00+00:00,216.5,217.0,210.0,210.0,15730.0,51842.0,NIFTY,2026-12-29,22500.0,PE,
2026-09-17 06:15:00+00:00,210.05,213.1,210.0,211.0,17030.0,65540.0,NIFTY,2026-12-29,22500.0,PE,
2026-09-17 06:20:00+00:00,211.05,211.95,206.65,208.0,13195.0,52963.0,NIFTY,2026-12-29,22500.0,PE,
2026-09-17 06:25:00+00:00,206.6,207.0,202.95,203.0,15275.0,80108.0,NIFTY,2026-12-29,22500.0,PE,
2026-09-17 06:30:00+00:00,202.0,204.3,201.0,202.95,23985.0,67702.0,NIFTY,2026-12-29,22500.0,PE,
2026-09-17 06:35:00+00:00,203.0,203.0,195.0,195.0,15925.0,54717.0,NIFTY,2026-12-29,22500.0,PE,
2026-09-17 06:40:00+00:00,194.75,195.6,193.0,194.0,26455.0,83120.0,NIFTY,2026-12-29,22500.0,PE,
2026-09-17 06:45:00+00:00,194.35,195.0,191.0,192.75,26975.0,56247.0,NIFTY,2026-12-29,22500.0,PE,
2026-09-17 06:50:00+00:00,192.5,192.55,188.0,190.35,21970.0,70832.0,NIFTY,2026-12-29,22500.0,PE,
2026-09-17 06:55:00+00:00,189.0,192.6,189.0,192.0,23660.0,71526.0,NIFTY,2026-12-29,22500.0,PE,
2026-09-17 07:00:00+00:00,191.95,193.0,191.4,192.0,17225.0,72491.0,NIFTY,2026-12-29,22500.0,PE,
2026-09-17 07:05:00+00:00,191.5,192.0,190.0,191.35,9230.0,73040.0,NIFTY,2026-12-29,22500.0,PE,
2026-09-17 07:10:00+00:00,190.35,192.9,188.85,192.9,4940.0,43839.0,NIFTY,2026-12-29,22500.0,PE,
2026-09-17 07:15:00+00:00,192.5,195.3,192.5,195.3,1950.0,43823.0,NIFTY,2026-12-29,22500.0,PE,
2026-09-17 07:20:00+00:00,195.6,195.6,193.3,194.35,3185.0,73009.0,NIFTY,2026-12-29,22500.0,PE,
2026-09-17 07:25:00+00:00,194.2,197.05,194.2,195.75,1625.0,43815.0,NIFTY,2026-12-29,22500.0,PE,
2026-09-17 07:30:00+00:00,195.85,198.25,195.3,197.75,5655.0,73017.0,NIFTY,2026-12-29,22500.0,PE,
2026-09-17 07:35:00+00:00,197.5,199.25,197.3,197.65,7800.0,58415.0,NIFTY,2026-12-29,22500.0,PE,
2026-09-17 07:40:00+00:00,198.15,200.35,197.85,200.35,6760.0,29209.0,NIFTY,2026-12-29,22500.0,PE,
2026-09-17 07:45:00+00:00,200.1,202.35,200.1,201.5,5395.0,43820.0,NIFTY,2026-12-29,22500.0,PE,
2026-09-17 07:50:00+00:00,201.35,203.7,201.3,203.7,3055.0,43832.0,NIFTY,2026-12-29,22500.0,PE,
2026-09-17 07:55:00+00:00,204.15,216.0,204.0,216.0,5265.0,43826.0,NIFTY,2026-12-29,22500.0,PE,
2026-09-17 08:00:00+00:00,218.2,218.65,214.55,216.7,2145.0,43824.0,NIFTY,2026-12-29,22500.0,PE,
2026-09-17 08:05:00+00:00,218.95,219.45,215.5,216.85,2600.0,29233.0,NIFTY,2026-12-29,22500.0,PE,
2026-09-17 08:10:00+00:00,215.0,215.0,211.8,214.5,2275.0,43860.0,NIFTY,2026-12-29,22500.0,PE,
2026-09-17 08:15:00+00:00,214.5,216.1,212.55,216.1,845.0,29248.0,NIFTY,2026-12-29,22500.0,PE,
2026-09-17 08:20:00+00:00,214.45,214.45,211.25,212.65,910.0,58495.0,NIFTY,2026-12-29,22500.0,PE,
2026-09-17 08:25:00+00:00,212.4,212.7,211.0,212.7,1885.0,14621.0,NIFTY,2026-12-29,22500.0,PE,
2026-09-17 08:30:00+00:00,211.95,213.8,211.75,212.85,5265.0,43828.0,NIFTY,2026-12-29,22500.0,PE,
2026-09-17 08:35:00+00:00,211.55,212.85,208.35,209.75,2210.0,58400.0,NIFTY,2026-12-29,22500.0,PE,
2026-09-17 08:40:00+00:00,211.2,212.65,211.2,212.1,325.0,14602.0,NIFTY,2026-12-29,22500.0,PE,
2026-09-17 08:45:00+00:00,211.85,214.25,211.05,212.15,16445.0,43825.0,NIFTY,2026-12-29,22500.0,PE,
2026-09-17 08:50:00+00:00,212.65,212.65,209.1,210.0,7670.0,58425.0,NIFTY,2026-12-29,22500.0,PE,
2026-09-17 08:55:00+00:00,210.9,214.3,210.25,212.3,4940.0,58420.0,NIFTY,2026-12-29,22500.0,PE,
2026-09-17 09:00:00+00:00,211.0,212.5,210.6,212.5,1170.0,43784.0,NIFTY,2026-12-29,22500.0,PE,
2026-09-17 09:05:00+00:00,213.4,213.4,205.4,206.8,5525.0,87547.0,NIFTY,2026-12-29,22500.0,PE,
2026-09-17 09:10:00+00:00,208.4,212.7,208.25,212.15,12740.0,58389.0,NIFTY,2026-12-29,22500.0,PE,
2026-09-17 09:15:00+00:00,212.2,212.25,207.0,207.0,17420.0,58587.0,NIFTY,2026-12-29,22500.0,PE,
2026-09-17 09:20:00+00:00,207.5,210.2,207.4,210.1,6370.0,73674.0,NIFTY,2026-12-29,22500.0,PE,
2026-09-17 09:25:00+00:00,210.75,212.8,210.5,212.0,2080.0,58969.0,NIFTY,2026-12-29,22500.0,PE,
2026-09-17 09:30:00+00:00,212.5,213.2,209.0,209.0,1040.0,29480.0,NIFTY,2026-12-29,22500.0,PE,
2026-09-17 09:35:00+00:00,210.6,210.6,208.6,208.9,1170.0,58975.0,NIFTY,2026-12-29,22500.0,PE,
2026-09-17 09:40:00+00:00,209.0,210.75,207.0,207.4,1885.0,73693.0,NIFTY,2026-12-29,22500.0,PE,
2026-09-17 09:45:00+00:00,208.05,208.05,205.95,207.5,650.0,14731.0,NIFTY,2026-12-29,22500.0,PE,
2026-09-17 09:50:00+00:00,207.6,208.1,206.0,206.85,2795.0,58936.0,NIFTY,2026-12-29,22500.0,PE,
2026-09-17 09:55:00+00:00,206.05,207.95,205.0,207.95,2795.0,58988.0,NIFTY,2026-12-29,22500.0,PE,
2026-09-17 10:00:00+00:00,207.9,207.9,206.75,206.75,1040.0,29508.0,NIFTY,2026-12-29,22500.0,PE,
2026-09-17 10:05:00+00:00,206.15,206.6,201.35,203.35,2730.0,73762.0,NIFTY,2026-12-29,22500.0,PE,
2026-09-18 03:45:00+00:00,199.95,202.55,195.1,199.3,6110.0,58706.0,NIFTY,2026-12-29,22500.0,PE,
2026-09-18 03:50:00+00:00,200.45,204.15,198.95,198.95,2535.0,44080.0,NIFTY,2026-12-29,22500.0,PE,
2026-09-18 03:55:00+00:00,200.55,205.85,200.55,204.25,2405.0,58806.0,NIFTY,2026-12-29,22500.0,PE,
2026-09-18 04:00:00+00:00,205.05,207.75,204.35,207.75,2860.0,58827.0,NIFTY,2026-12-29,22500.0,PE,
2026-09-18 04:05:00+00:00,207.55,208.55,202.7,203.0,8970.0,58842.0,NIFTY,2026-12-29,22500.0,PE,
2026-09-18 04:10:00+00:00,203.65,205.2,201.4,203.2,2925.0,44153.0,NIFTY,2026-12-29,22500.0,PE,
2026-09-18 04:15:00+00:00,204.9,204.9,202.25,203.3,2535.0,14719.0,NIFTY,2026-12-29,22500.0,PE,
2026-09-18 04:20:00+00:00,204.0,204.0,200.3,200.75,2860.0,58899.0,NIFTY,2026-12-29,22500.0,PE,
2026-09-18 04:25:00+00:00,199.95,201.95,198.6,198.7,3315.0,73708.0,NIFTY,2026-12-29,22500.0,PE,
2026-09-18 04:30:00+00:00,200.3,200.55,198.8,200.2,2080.0,59034.0,NIFTY,2026-12-29,22500.0,PE,
2026-09-18 04:35:00+00:00,200.45,200.45,197.9,198.85,3380.0,73814.0,NIFTY,2026-12-29,22500.0,PE,
2026-09-18 04:40:00+00:00,198.4,199.05,196.7,197.7,3965.0,73830.0,NIFTY,2026-12-29,22500.0,PE,
2026-09-18 04:45:00+00:00,197.45,199.4,197.45,199.4,910.0,29543.0,NIFTY,2026-12-29,22500.0,PE,
2026-09-18 04:50:00+00:00,197.6,200.4,197.6,200.4,910.0,29534.0,NIFTY,2026-12-29,22500.0,PE,
2026-09-18 04:55:00+00:00,200.05,201.95,199.55,200.15,1560.0,59064.0,NIFTY,2026-12-29,22500.0,PE,
2026-09-18 05:00:00+00:00,199.7,201.95,199.7,201.95,585.0,29534.0,NIFTY,2026-12-29,22500.0,PE,
2026-09-18 05:05:00+00:00,201.45,202.35,200.95,202.35,1235.0,44304.0,NIFTY,2026-12-29,22500.0,PE,
2026-09-18 05:10:00+00:00,203.65,204.45,201.15,201.5,2145.0,73809.0,NIFTY,2026-12-29,22500.0,PE,
2026-09-18 05:15:00+00:00,202.4,203.2,201.9,202.4,2860.0,59015.0,NIFTY,2026-12-29,22500.0,PE,
2026-09-18 05:20:00+00:00,202.35,202.35,200.0,200.15,2340.0,29501.0,NIFTY,2026-12-29,22500.0,PE,
2026-09-18 05:25:00+00:00,201.05,201.05,200.15,200.7,585.0,29523.0,NIFTY,2026-12-29,22500.0,PE,
2026-09-18 05:30:00+00:00,200.55,202.2,200.15,201.2,1950.0,59067.0,NIFTY,2026-12-29,22500.0,PE,
2026-09-18 05:35:00+00:00,204.25,204.75,200.5,201.3,2015.0,29534.0,NIFTY,2026-12-29,22500.0,PE,
2026-09-18 05:40:00+00:00,200.95,202.25,199.85,200.65,3185.0,73863.0,NIFTY,2026-12-29,22500.0,PE,
2026-09-18 05:45:00+00:00,200.45,202.05,200.45,201.7,15795.0,74198.0,NIFTY,2026-12-29,22500.0,PE,
2026-09-18 05:50:00+00:00,202.0,202.0,199.0,199.8,17745.0,75077.0,NIFTY,2026-12-29,22500.0,PE,
2026-09-18 05:55:00+00:00,200.0,201.3,200.0,200.4,18980.0,60752.0,NIFTY,2026-12-29,22500.0,PE,
2026-09-18 06:00:00+00:00,199.8,201.5,198.5,200.25,16575.0,92171.0,NIFTY,2026-12-29,22500.0,PE,
2026-09-18 06:05:00+00:00,200.0,200.0,199.0,199.0,10270.0,77378.0,NIFTY,2026-12-29,22500.0,PE,
2026-09-18 06:10:00+00:00,199.5,199.5,198.15,199.25,12805.0,62383.0,NIFTY,2026-12-29,22500.0,PE,
2026-09-18 06:15:00+00:00,198.0,198.0,195.65,196.0,11505.0,78466.0,NIFTY,2026-12-29,22500.0,PE,
2026-09-18 06:20:00+00:00,195.45,195.5,192.0,192.15,29120.0,79459.0,NIFTY,2026-12-29,22500.0,PE,
2026-09-18 06:25:00+00:00,192.9,193.0,190.25,191.35,22360.0,64428.0,NIFTY,2026-12-29,22500.0,PE,
2026-09-18 06:30:00+00:00,191.5,191.5,189.35,191.1,17030.0,81377.0,NIFTY,2026-12-29,22500.0,PE,
2026-09-18 06:35:00+00:00,192.0,193.1,190.8,192.2,5460.0,81979.0,NIFTY,2026-12-29,22500.0,PE,
2026-09-18 06:40:00+00:00,192.4,192.4,190.95,191.0,6760.0,82158.0,NIFTY,2026-12-29,22500.0,PE,
2026-09-18 06:45:00+00:00,191.05,192.2,190.75,191.5,25870.0,83119.0,NIFTY,2026-12-29,22500.0,PE,
2026-09-18 06:50:00+00:00,191.75,192.1,191.0,191.0,9425.0,67113.0,NIFTY,2026-12-29,22500.0,PE,
2026-09-18 06:55:00+00:00,190.65,191.35,189.45,189.5,13325.0,67446.0,NIFTY,2026-12-29,22500.0,PE,
2026-09-18 07:00:00+00:00,189.0,189.75,188.6,188.6,6370.0,50814.0,NIFTY,2026-12-29,22500.0,PE,
2026-09-18 07:05:00+00:00,189.7,189.7,188.0,188.75,520.0,33952.0,NIFTY,2026-12-29,22500.0,PE,
2026-09-18 07:10:00+00:00,188.55,189.25,187.4,187.4,2275.0,67903.0,NIFTY,2026-12-29,22500.0,PE,
2026-09-18 07:15:00+00:00,187.7,188.65,187.7,188.5,1495.0,33949.0,NIFTY,2026-12-29,22500.0,PE,
2026-09-18 07:20:00+00:00,188.85,189.3,187.4,187.4,3575.0,67889.0,NIFTY,2026-12-29,22500.0,PE,
2026-09-18 07:25:00+00:00,187.75,188.25,187.75,188.1,390.0,33948.0,NIFTY,2026-12-29,22500.0,PE,
2026-09-18 07:30:00+00:00,186.45,186.45,185.0,185.6,4875.0,50947.0,NIFTY,2026-12-29,22500.0,PE,
2026-09-18 07:35:00+00:00,185.9,186.0,184.6,185.45,3315.0,67923.0,NIFTY,2026-12-29,22500.0,PE,
2026-09-18 07:40:00+00:00,185.1,185.55,184.9,185.55,1625.0,33982.0,NIFTY,2026-12-29,22500.0,PE,
2026-09-18 07:45:00+00:00,186.2,187.75,186.0,187.75,585.0,50974.0,NIFTY,2026-12-29,22500.0,PE,
2026-09-18 07:50:00+00:00,187.2,187.5,186.5,186.75,780.0,50971.0,NIFTY,2026-12-29,22500.0,PE,
2026-09-18 07:55:00+00:00,186.75,186.75,185.0,186.7,7475.0,85133.0,NIFTY,2026-12-29,22500.0,PE,
2026-09-18 08:00:00+00:00,186.0,187.55,185.6,186.2,6370.0,68369.0,NIFTY,2026-12-29,22500.0,PE,
2026-09-18 08:05:00+00:00,186.95,188.4,186.0,186.8,8190.0,68391.0,NIFTY,2026-12-29,22500.0,PE,
2026-09-18 08:10:00+00:00,187.0,189.05,186.95,189.05,8710.0,85568.0,NIFTY,2026-12-29,22500.0,PE,
2026-09-18 08:15:00+00:00,189.8,189.95,188.0,189.15,3445.0,51463.0,NIFTY,2026-12-29,22500.0,PE,
2026-09-18 08:20:00+00:00,188.0,188.0,186.65,187.4,520.0,17169.0,NIFTY,2026-12-29,22500.0,PE,
2026-09-18 08:25:00+00:00,186.85,187.25,185.0,186.8,5980.0,51619.0,NIFTY,2026-12-29,22500.0,PE,
2026-09-18 08:30:00+00:00,186.35,186.35,186.0,186.0,585.0,17217.0,NIFTY,2026-12-29,22500.0,PE,
2026-09-18 08:35:00+00:00,185.65,185.65,183.9,183.9,1170.0,51671.0,NIFTY,2026-12-29,22500.0,PE,
2026-09-18 08:40:00+00:00,183.4,184.7,183.0,183.95,780.0,34458.0,NIFTY,2026-12-29,22500.0,PE,
2026-09-18 08:45:00+00:00,185.0,185.1,181.7,182.65,8060.0,86265.0,NIFTY,2026-12-29,22500.0,PE,
2026-09-18 08:50:00+00:00,182.55,182.55,181.6,181.6,390.0,34585.0,NIFTY,2026-12-29,22500.0,PE,
2026-09-18 08:55:00+00:00,183.25,183.3,180.0,180.0,5395.0,51921.0,NIFTY,2026-12-29,22500.0,PE,
2026-09-18 09:00:00+00:00,180.25,180.25,176.3,177.35,9685.0,86616.0,NIFTY,2026-12-29,22500.0,PE,
2026-09-18 09:05:00+00:00,177.65,178.6,177.55,178.6,1755.0,52109.0,NIFTY,2026-12-29,22500.0,PE,
2026-09-18 09:10:00+00:00,178.5,179.85,178.25,179.85,1625.0,86874.0,NIFTY,2026-12-29,22500.0,PE,
2026-09-18 09:15:00+00:00,180.1,180.1,178.05,178.05,6435.0,69408.0,NIFTY,2026-12-29,22500.0,PE,
2026-09-18 09:20:00+00:00,178.1,178.1,175.0,175.3,4615.0,86660.0,NIFTY,2026-12-29,22500.0,PE,
2026-09-18 09:25:00+00:00,175.65,176.1,173.25,174.25,1300.0,34649.0,NIFTY,2026-12-29,22500.0,PE,
2026-09-18 09:30:00+00:00,173.8,176.8,173.8,176.8,2340.0,51974.0,NIFTY,2026-12-29,22500.0,PE,
2026-09-18 09:35:00+00:00,175.95,181.25,175.8,181.25,3445.0,34663.0,NIFTY,2026-12-29,22500.0,PE,
2026-09-18 09:40:00+00:00,181.05,184.05,179.75,184.05,6760.0,52032.0,NIFTY,2026-12-29,22500.0,PE,
2026-09-18 09:45:00+00:00,182.0,182.0,180.65,181.45,2470.0,52022.0,NIFTY,2026-12-29,22500.0,PE,
2026-09-18 09:50:00+00:00,181.5,182.5,180.7,180.7,2210.0,86706.0,NIFTY,2026-12-29,22500.0,PE,
2026-09-18 09:55:00+00:00,180.75,182.0,179.5,180.4,18265.0,69339.0,NIFTY,2026-12-29,22500.0,PE,
2026-09-18 10:00:00+00:00,180.45,182.5,180.45,181.15,1755.0,69295.0,NIFTY,2026-12-29,22500.0,PE,
2026-09-18 10:05:00+00:00,181.2,185.3,181.2,185.3,3380.0,51976.0,NIFTY,2026-12-29,22500.0,PE,
2026-09-21 03:45:00+00:00,179.75,185.35,173.4,176.85,18200.0,86423.0,NIFTY,2026-12-29,22500.0,PE,
2026-09-21 03:50:00+00:00,177.05,178.5,176.6,177.1,3640.0,86070.0,NIFTY,2026-12-29,22500.0,PE,
2026-09-21 03:55:00+00:00,177.05,177.9,174.0,175.0,5135.0,86024.0,NIFTY,2026-12-29,22500.0,PE,
2026-09-21 04:00:00+00:00,174.6,176.4,174.05,176.4,10205.0,85974.0,NIFTY,2026-12-29,22500.0,PE,
2026-09-21 04:05:00+00:00,176.0,177.0,175.3,176.9,7475.0,85759.0,NIFTY,2026-12-29,22500.0,PE,
2026-09-21 04:10:00+00:00,176.85,179.6,176.85,177.6,4745.0,51396.0,NIFTY,2026-12-29,22500.0,PE,
2026-09-21 04:15:00+00:00,177.45,178.35,175.55,176.15,20605.0,85813.0,NIFTY,2026-12-29,22500.0,PE,
2026-09-21 04:20:00+00:00,176.8,176.8,176.0,176.05,6370.0,86012.0,NIFTY,2026-12-29,22500.0,PE,
2026-09-21 04:25:00+00:00,176.5,179.15,176.5,178.05,11050.0,85715.0,NIFTY,2026-12-29,22500.0,PE,
2026-09-21 04:30:00+00:00,179.0,179.65,178.25,178.95,3835.0,68528.0,NIFTY,2026-12-29,22500.0,PE,
2026-09-21 04:35:00+00:00,179.15,179.75,178.6,179.6,6825.0,51453.0,NIFTY,2026-12-29,22500.0,PE,
2026-09-21 04:40:00+00:00,179.65,180.25,177.5,179.05,8320.0,68456.0,NIFTY,2026-12-29,22500.0,PE,
2026-09-21 04:45:00+00:00,179.1,181.05,179.05,179.55,4875.0,68415.0,NIFTY,2026-12-29,22500.0,PE,
2026-09-21 04:50:00+00:00,181.1,181.1,179.0,179.85,5330.0,51321.0,NIFTY,2026-12-29,22500.0,PE,
2026-09-21 04:55:00+00:00,180.0,182.35,179.2,182.0,11115.0,51358.0,NIFTY,2026-12-29,22500.0,PE,
2026-09-21 05:00:00+00:00,180.3,182.1,180.3,182.1,780.0,51181.0,NIFTY,2026-12-29,22500.0,PE,
2026-09-21 05:05:00+00:00,181.5,181.5,179.9,180.35,1235.0,85293.0,NIFTY,2026-12-29,22500.0,PE,
2026-09-21 05:10:00+00:00,180.5,180.5,179.2,179.9,520.0,34124.0,NIFTY,2026-12-29,22500.0,PE,
2026-09-21 05:15:00+00:00,179.1,179.1,177.55,178.3,7540.0,51242.0,NIFTY,2026-12-29,22500.0,PE,
2026-09-21 05:20:00+00:00,178.45,178.45,177.35,177.35,2405.0,51288.0,NIFTY,2026-12-29,22500.0,PE,
2026-09-21 05:25:00+00:00,178.05,178.5,177.9,178.05,1170.0,34195.0,NIFTY,2026-12-29,22500.0,PE,
2026-09-21 05:30:00+00:00,178.3,178.35,177.3,177.95,3185.0,51313.0,NIFTY,2026-12-29,22500.0,PE,
2026-09-21 05:35:00+00:00,177.75,178.0,177.1,177.25,2860.0,68398.0,NIFTY,2026-12-29,22500.0,PE,
2026-09-21 05:40:00+00:00,177.6,177.95,176.05,176.2,6760.0,85471.0,NIFTY,2026-12-29,22500.0,PE,
2026-09-21 05:45:00+00:00,176.35,177.65,175.1,176.95,5915.0,51316.0,NIFTY,2026-12-29,22500.0,PE,
2026-09-21 05:50:00+00:00,177.2,177.3,175.7,176.6,6435.0,68435.0,NIFTY,2026-12-29,22500.0,PE,
2026-09-21 05:55:00+00:00,176.3,176.8,175.5,175.5,1365.0,51350.0,NIFTY,2026-12-29,22500.0,PE,
2026-09-21 06:00:00+00:00,175.3,175.4,173.6,173.95,2990.0,68462.0,NIFTY,2026-12-29,22500.0,PE,
2026-09-21 06:05:00+00:00,173.85,175.3,173.85,174.7,1820.0,51356.0,NIFTY,2026-12-29,22500.0,PE,
2026-09-21 06:10:00+00:00,175.4,175.4,174.0,174.0,4225.0,85533.0,NIFTY,2026-12-29,22500.0,PE,
2026-09-21 06:15:00+00:00,173.95,173.95,173.95,173.95,65.0,17080.0,NIFTY,2026-12-29,22500.0,PE,
2026-09-21 06:20:00+00:00,173.5,173.5,171.6,171.6,8125.0,17013.0,NIFTY,2026-12-29,22500.0,PE,
2026-09-21 06:25:00+00:00,171.0,171.15,170.0,171.15,2210.0,67990.0,NIFTY,2026-12-29,22500.0,PE,
2026-09-21 06:30:00+00:00,170.25,170.95,170.1,170.1,715.0,16989.0,NIFTY,2026-12-29,22500.0,PE,
2026-09-21 06:35:00+00:00,170.45,170.75,169.35,170.75,4875.0,84933.0,NIFTY,2026-12-29,22500.0,PE,
2026-09-21 06:40:00+00:00,171.1,171.1,170.4,171.1,390.0,33935.0,NIFTY,2026-12-29,22500.0,PE,
2026-09-21 06:45:00+00:00,170.7,170.7,169.95,170.0,1430.0,50900.0,NIFTY,2026-12-29,22500.0,PE,
2026-09-21 06:50:00+00:00,170.6,170.6,169.35,170.1,1235.0,50934.0,NIFTY,2026-12-29,22500.0,PE,
2026-09-21 06:55:00+00:00,170.0,170.0,169.75,169.75,1235.0,33974.0,NIFTY,2026-12-29,22500.0,PE,
2026-09-21 07:00:00+00:00,169.8,170.2,168.35,168.35,3835.0,16991.0,NIFTY,2026-12-29,22500.0,PE,
2026-09-21 07:05:00+00:00,170.3,170.3,169.35,169.35,325.0,33989.0,NIFTY,2026-12-29,22500.0,PE,
2026-09-21 07:10:00+00:00,169.95,169.95,169.25,169.25,455.0,67987.0,NIFTY,2026-12-29,22500.0,PE,
2026-09-21 07:15:00+00:00,169.85,169.85,169.0,169.0,130.0,,NIFTY,2026-12-29,22500.0,PE,
2026-09-21 07:20:00+00:00,169.4,170.5,169.4,170.5,1300.0,17004.0,NIFTY,2026-12-29,22500.0,PE,
2026-09-21 07:25:00+00:00,170.45,170.5,170.0,170.5,1430.0,51021.0,NIFTY,2026-12-29,22500.0,PE,
2026-09-21 07:30:00+00:00,171.0,171.0,171.0,171.0,65.0,,NIFTY,2026-12-29,22500.0,PE,
2026-09-21 07:35:00+00:00,171.6,172.5,171.6,172.5,130.0,34013.0,NIFTY,2026-12-29,22500.0,PE,
2026-09-21 07:40:00+00:00,172.45,172.45,170.95,170.95,455.0,17006.0,NIFTY,2026-12-29,22500.0,PE,
2026-09-21 07:45:00+00:00,170.65,170.95,170.0,170.9,455.0,68027.0,NIFTY,2026-12-29,22500.0,PE,
2026-09-21 07:50:00+00:00,168.95,169.0,168.75,169.0,260.0,34017.0,NIFTY,2026-12-29,22500.0,PE,
2026-09-21 07:55:00+00:00,168.55,169.35,167.2,167.25,2080.0,34008.0,NIFTY,2026-12-29,22500.0,PE,
2026-09-21 08:00:00+00:00,168.25,168.35,167.1,167.1,1950.0,34017.0,NIFTY,2026-12-29,22500.0,PE,
2026-09-21 08:05:00+00:00,167.7,167.8,167.4,167.75,2080.0,34000.0,NIFTY,2026-12-29,22500.0,PE,
2026-09-21 08:10:00+00:00,166.7,168.4,166.7,168.4,260.0,16981.0,NIFTY,2026-12-29,22500.0,PE,
2026-09-21 08:15:00+00:00,168.15,168.15,167.15,167.15,1820.0,67932.0,NIFTY,2026-12-29,22500.0,PE,
2026-09-21 08:20:00+00:00,166.7,166.9,165.4,166.0,4290.0,50933.0,NIFTY,2026-12-29,22500.0,PE,
2026-09-21 08:25:00+00:00,165.5,166.2,161.9,162.0,3120.0,101907.0,NIFTY,2026-12-29,22500.0,PE,
2026-09-21 08:30:00+00:00,162.0,162.7,161.45,162.7,4745.0,85007.0,NIFTY,2026-12-29,22500.0,PE,
2026-09-21 08:35:00+00:00,163.05,163.35,162.2,162.65,1040.0,50976.0,NIFTY,2026-12-29,22500.0,PE,
2026-09-21 08:40:00+00:00,164.5,165.0,161.75,164.35,11960.0,67897.0,NIFTY,2026-12-29,22500.0,PE,
2026-09-21 08:45:00+00:00,165.2,165.95,164.0,164.4,3770.0,16950.0,NIFTY,2026-12-29,22500.0,PE,
2026-09-21 08:50:00+00:00,164.7,165.45,164.35,165.45,1755.0,50847.0,NIFTY,2026-12-29,22500.0,PE,
2026-09-21 08:55:00+00:00,165.65,165.65,165.5,165.5,845.0,16943.0,NIFTY,2026-12-29,22500.0,PE,
2026-09-21 09:00:00+00:00,166.6,167.75,166.1,167.75,1625.0,50828.0,NIFTY,2026-12-29,22500.0,PE,
2026-09-21 09:05:00+00:00,167.0,167.3,166.7,166.75,1300.0,50840.0,NIFTY,2026-12-29,22500.0,PE,
2026-09-21 09:10:00+00:00,166.15,167.4,166.15,167.4,3380.0,67776.0,NIFTY,2026-12-29,22500.0,PE,
2026-09-21 09:15:00+00:00,167.2,167.45,165.6,165.8,2730.0,33874.0,NIFTY,2026-12-29,22500.0,PE,
2026-09-21 09:20:00+00:00,165.55,166.55,165.1,165.15,1950.0,16937.0,NIFTY,2026-12-29,22500.0,PE,
2026-09-21 09:25:00+00:00,165.05,165.5,164.5,165.45,2795.0,50796.0,NIFTY,2026-12-29,22500.0,PE,
2026-09-21 09:30:00+00:00,165.4,166.7,164.85,166.6,3055.0,67692.0,NIFTY,2026-12-29,22500.0,PE,
2026-09-21 09:35:00+00:00,165.6,166.65,165.0,166.35,6760.0,50763.0,NIFTY,2026-12-29,22500.0,PE,
2026-09-21 09:40:00+00:00,166.05,166.45,164.5,166.0,10335.0,67925.0,NIFTY,2026-12-29,22500.0,PE,
2026-09-21 09:45:00+00:00,165.25,165.5,164.5,164.55,3315.0,102044.0,NIFTY,2026-12-29,22500.0,PE,
2026-09-21 09:50:00+00:00,165.3,165.3,164.0,164.0,1950.0,68015.0,NIFTY,2026-12-29,22500.0,PE,
2026-09-21 09:55:00+00:00,164.05,165.0,164.0,164.95,2015.0,34001.0,NIFTY,2026-12-29,22500.0,PE,
2026-09-21 10:00:00+00:00,164.35,165.45,163.8,164.5,2795.0,84994.0,NIFTY,2026-12-29,22500.0,PE,
2026-09-21 10:05:00+00:00,164.95,165.35,163.0,163.0,7865.0,68003.0,NIFTY,2026-12-29,22500.0,PE,
2026-09-22 03:45:00+00:00,159.0,163.6,158.0,160.65,10270.0,67721.0,NIFTY,2026-12-29,22500.0,PE,
2026-09-22 03:50:00+00:00,160.85,163.0,160.3,161.3,10465.0,50690.0,NIFTY,2026-12-29,22500.0,PE,
2026-09-22 03:55:00+00:00,162.2,163.65,161.95,162.5,6500.0,84504.0,NIFTY,2026-12-29,22500.0,PE,
2026-09-22 04:00:00+00:00,162.3,163.15,162.0,162.2,8580.0,50663.0,NIFTY,2026-12-29,22500.0,PE,
2026-09-22 04:05:00+00:00,162.35,163.85,160.0,160.75,7930.0,67504.0,NIFTY,2026-12-29,22500.0,PE,
2026-09-22 04:10:00+00:00,160.7,160.7,159.4,159.4,3900.0,33777.0,NIFTY,2026-12-29,22500.0,PE,
2026-09-22 04:15:00+00:00,159.35,159.45,157.95,158.05,23530.0,68283.0,NIFTY,2026-12-29,22500.0,PE,
2026-09-22 04:20:00+00:00,158.1,158.1,158.0,158.0,2665.0,34206.0,NIFTY,2026-12-29,22500.0,PE,
2026-09-22 04:25:00+00:00,158.15,159.3,157.3,157.3,3510.0,51333.0,NIFTY,2026-12-29,22500.0,PE,
2026-09-22 04:30:00+00:00,155.95,157.15,155.7,156.35,2145.0,51341.0,NIFTY,2026-12-29,22500.0,PE,
2026-09-22 04:35:00+00:00,156.1,156.1,153.45,154.0,5200.0,85629.0,NIFTY,2026-12-29,22500.0,PE,
2026-09-22 04:40:00+00:00,153.85,154.55,153.5,153.6,4420.0,68568.0,NIFTY,2026-12-29,22500.0,PE,
2026-09-22 04:45:00+00:00,154.3,154.85,153.55,154.05,2535.0,68571.0,NIFTY,2026-12-29,22500.0,PE,
2026-09-22 04:50:00+00:00,154.95,156.45,154.15,156.3,6045.0,68606.0,NIFTY,2026-12-29,22500.0,PE,
2026-09-22 04:55:00+00:00,156.2,157.0,155.4,155.9,2210.0,51435.0,NIFTY,2026-12-29,22500.0,PE,
2026-09-22 05:00:00+00:00,155.6,161.15,155.6,160.0,3250.0,68588.0,NIFTY,2026-12-29,22500.0,PE,
2026-09-22 05:05:00+00:00,160.5,164.1,160.5,163.45,3250.0,34333.0,NIFTY,2026-12-29,22500.0,PE,
2026-09-22 05:10:00+00:00,162.7,172.6,162.7,170.05,5850.0,68619.0,NIFTY,2026-12-29,22500.0,PE,
2026-09-22 05:15:00+00:00,170.6,172.45,170.4,170.45,5135.0,34316.0,NIFTY,2026-12-29,22500.0,PE,
2026-09-22 05:20:00+00:00,171.0,172.6,171.0,172.45,3315.0,51478.0,NIFTY,2026-12-29,22500.0,PE,
2026-09-22 05:25:00+00:00,171.1,171.2,168.1,168.1,1820.0,102870.0,NIFTY,2026-12-29,22500.0,PE,
2026-09-22 05:30:00+00:00,168.35,170.85,168.35,170.55,2535.0,51428.0,NIFTY,2026-12-29,22500.0,PE,
2026-09-22 05:35:00+00:00,169.65,171.2,169.15,169.15,1105.0,51392.0,NIFTY,2026-12-29,22500.0,PE,
2026-09-22 05:40:00+00:00,169.2,169.2,166.15,166.4,3185.0,85568.0,NIFTY,2026-12-29,22500.0,PE,
2026-09-22 05:45:00+00:00,166.6,167.25,165.75,166.4,1365.0,17109.0,NIFTY,2026-12-29,22500.0,PE,
2026-09-22 05:50:00+00:00,167.15,167.6,165.5,165.5,845.0,51325.0,NIFTY,2026-12-29,22500.0,PE,
2026-09-22 05:55:00+00:00,165.5,165.9,165.1,165.9,1950.0,51318.0,NIFTY,2026-12-29,22500.0,PE,
2026-09-22 06:00:00+00:00,166.6,169.6,166.6,169.6,910.0,51328.0,NIFTY,2026-12-29,22500.0,PE,
2026-09-22 06:05:00+00:00,169.55,171.5,169.55,171.5,3640.0,68476.0,NIFTY,2026-12-29,22500.0,PE,
2026-09-22 06:10:00+00:00,171.4,172.3,170.0,170.75,2535.0,68537.0,NIFTY,2026-12-29,22500.0,PE,
2026-09-22 06:15:00+00:00,171.65,173.4,170.95,172.25,2535.0,68555.0,NIFTY,2026-12-29,22500.0,PE,
2026-09-22 06:20:00+00:00,172.45,173.95,172.45,173.75,1560.0,34280.0,NIFTY,2026-12-29,22500.0,PE,
2026-09-22 06:25:00+00:00,174.6,175.6,173.55,173.65,2210.0,68571.0,NIFTY,2026-12-29,22500.0,PE,
2026-09-22 06:30:00+00:00,172.9,173.25,172.3,172.75,1560.0,68570.0,NIFTY,2026-12-29,22500.0,PE,
2026-09-22 06:35:00+00:00,172.0,172.0,171.4,171.5,325.0,51433.0,NIFTY,2026-12-29,22500.0,PE,
2026-09-22 06:40:00+00:00,171.35,173.2,171.35,173.2,9295.0,17135.0,NIFTY,2026-12-29,22500.0,PE,
2026-09-22 06:45:00+00:00,173.85,174.2,171.2,171.2,2145.0,51502.0,NIFTY,2026-12-29,22500.0,PE,
2026-09-22 06:50:00+00:00,171.35,172.0,171.0,171.65,2275.0,51452.0,NIFTY,2026-12-29,22500.0,PE,
2026-09-22 06:55:00+00:00,171.05,171.1,170.4,171.1,2080.0,34276.0,NIFTY,2026-12-29,22500.0,PE,
2026-09-22 07:00:00+00:00,171.6,172.5,171.05,171.05,780.0,51397.0,NIFTY,2026-12-29,22500.0,PE,
2026-09-22 07:05:00+00:00,170.6,171.0,170.2,171.0,2145.0,34279.0,NIFTY,2026-12-29,22500.0,PE,
2026-09-22 07:10:00+00:00,170.1,171.2,170.1,171.2,845.0,34263.0,NIFTY,2026-12-29,22500.0,PE,
2026-09-22 07:15:00+00:00,172.3,173.0,171.6,173.0,1040.0,34265.0,NIFTY,2026-12-29,22500.0,PE,
2026-09-22 07:20:00+00:00,173.2,175.0,173.2,175.0,715.0,34271.0,NIFTY,2026-12-29,22500.0,PE,
2026-09-22 07:25:00+00:00,175.2,175.8,174.85,175.0,3120.0,68537.0,NIFTY,2026-12-29,22500.0,PE,
2026-09-22 07:30:00+00:00,174.5,176.8,174.5,176.8,3965.0,68751.0,NIFTY,2026-12-29,22500.0,PE,
2026-09-22 07:35:00+00:00,176.95,176.95,174.25,174.8,1625.0,51572.0,NIFTY,2026-12-29,22500.0,PE,
2026-09-22 07:40:00+00:00,174.15,174.8,174.15,174.55,455.0,51573.0,NIFTY,2026-12-29,22500.0,PE,
2026-09-22 07:45:00+00:00,174.3,177.0,174.3,175.8,845.0,17193.0,NIFTY,2026-12-29,22500.0,PE,
2026-09-22 07:50:00+00:00,176.35,176.7,176.35,176.7,195.0,34380.0,NIFTY,2026-12-29,22500.0,PE,
2026-09-22 07:55:00+00:00,176.0,176.25,175.3,175.3,1300.0,17189.0,NIFTY,2026-12-29,22500.0,PE,
2026-09-22 08:00:00+00:00,174.5,174.8,174.5,174.7,715.0,51578.0,NIFTY,2026-12-29,22500.0,PE,
2026-09-22 08:05:00+00:00,174.15,174.7,174.15,174.7,455.0,51578.0,NIFTY,2026-12-29,22500.0,PE,
2026-09-22 08:10:00+00:00,176.25,176.25,173.8,175.8,6955.0,85839.0,NIFTY,2026-12-29,22500.0,PE,
2026-09-22 08:15:00+00:00,176.25,180.25,176.25,179.05,8515.0,51444.0,NIFTY,2026-12-29,22500.0,PE,
2026-09-22 08:20:00+00:00,179.0,186.3,179.0,184.25,5200.0,51383.0,NIFTY,2026-12-29,22500.0,PE,
2026-09-22 08:25:00+00:00,184.4,186.0,182.55,185.9,5005.0,68434.0,NIFTY,2026-12-29,22500.0,PE,
2026-09-22 08:30:00+00:00,186.45,189.7,186.45,187.6,8255.0,85523.0,NIFTY,2026-12-29,22500.0,PE,
2026-09-22 08:35:00+00:00,187.1,189.95,185.95,185.95,12545.0,68513.0,NIFTY,2026-12-29,22500.0,PE,
2026-09-22 08:40:00+00:00,185.45,186.0,168.5,171.6,10010.0,85546.0,NIFTY,2026-12-29,22500.0,PE,
2026-09-22 08:45:00+00:00,169.4,171.95,163.2,166.9,9880.0,68422.0,NIFTY,2026-12-29,22500.0,PE,
2026-09-22 08:50:00+00:00,167.05,167.05,162.95,165.55,9425.0,102646.0,NIFTY,2026-12-29,22500.0,PE,
2026-09-22 08:55:00+00:00,165.6,165.6,163.1,165.0,2015.0,85632.0,NIFTY,2026-12-29,22500.0,PE,
2026-09-22 09:00:00+00:00,164.5,166.0,163.75,166.0,2990.0,68536.0,NIFTY,2026-12-29,22500.0,PE,
2026-09-22 09:05:00+00:00,166.4,168.7,165.15,168.65,2340.0,68547.0,NIFTY,2026-12-29,22500.0,PE,
2026-09-22 09:10:00+00:00,168.45,172.75,168.0,171.45,3185.0,51400.0,NIFTY,2026-12-29,22500.0,PE,
2026-09-22 09:15:00+00:00,170.9,170.9,168.8,170.8,3835.0,68490.0,NIFTY,2026-12-29,22500.0,PE,
2026-09-22 09:20:00+00:00,170.0,170.65,169.4,170.0,975.0,34242.0,NIFTY,2026-12-29,22500.0,PE,
2026-09-22 09:25:00+00:00,169.3,172.75,169.3,172.65,1365.0,17124.0,NIFTY,2026-12-29,22500.0,PE,
2026-09-22 09:30:00+00:00,171.9,172.5,171.2,171.8,1235.0,51368.0,NIFTY,2026-12-29,22500.0,PE,
2026-09-22 09:35:00+00:00,171.95,172.35,171.8,171.95,1040.0,17120.0,NIFTY,2026-12-29,22500.0,PE,
2026-09-22 09:40:00+00:00,171.65,171.65,169.0,169.85,2275.0,51369.0,NIFTY,2026-12-29,22500.0,PE,
2026-09-22 09:45:00+00:00,170.95,171.3,166.9,171.15,2600.0,68482.0,NIFTY,2026-12-29,22500.0,PE,
2026-09-22 09:50:00+00:00,171.3,171.3,170.0,170.1,5005.0,51374.0,NIFTY,2026-12-29,22500.0,PE,
2026-09-22 09:55:00+00:00,169.65,169.65,166.75,166.75,1560.0,51335.0,NIFTY,2026-12-29,22500.0,PE,
2026-09-22 10:00:00+00:00,166.65,168.0,165.2,165.2,3835.0,85593.0,NIFTY,2026-12-29,22500.0,PE,
2026-09-22 10:05:00+00:00,165.2,165.2,162.6,162.95,5265.0,51440.0,NIFTY,2026-12-29,22500.0,PE,
