timestamp,open,high,low,close,volume,oi,underlying,expiry,strike,option_type,itm_rank
2026-08-24 03:45:00+00:00,150.1,150.1,145.2,147.8,2990.0,2072.0,NIFTY,2026-09-29,24050.0,PE,3
2026-08-24 03:50:00+00:00,146.3,146.3,145.0,145.15,1105.0,3059.0,NIFTY,2026-09-29,24050.0,PE,3
2026-08-24 03:55:00+00:00,144.8,146.8,144.8,146.8,2275.0,1000.0,NIFTY,2026-09-29,24050.0,PE,3
2026-08-24 04:00:00+00:00,147.95,150.3,147.95,150.3,195.0,334.0,NIFTY,2026-09-29,24050.0,PE,3
2026-08-24 04:05:00+00:00,151.0,151.3,149.0,149.1,845.0,1340.0,NIFTY,2026-09-29,24050.0,PE,3
2026-08-24 04:10:00+00:00,150.2,150.4,150.2,150.4,390.0,334.0,NIFTY,2026-09-29,24050.0,PE,3
2026-08-24 04:15:00+00:00,150.4,151.0,150.4,151.0,455.0,334.0,NIFTY,2026-09-29,24050.0,PE,3
2026-08-24 04:20:00+00:00,150.4,150.4,150.4,150.4,195.0,671.0,NIFTY,2026-09-29,24050.0,PE,3
2026-08-24 04:25:00+00:00,151.2,151.2,150.55,151.2,195.0,1012.0,NIFTY,2026-09-29,24050.0,PE,3
2026-08-24 04:30:00+00:00,153.25,154.55,153.25,154.55,845.0,1018.0,NIFTY,2026-09-29,24050.0,PE,3
2026-08-24 04:35:00+00:00,154.95,154.95,153.4,153.4,325.0,683.0,NIFTY,2026-09-29,24050.0,PE,3
2026-08-24 04:40:00+00:00,152.6,152.6,152.6,152.6,65.0,,NIFTY,2026-09-29,24050.0,PE,3
2026-08-24 04:45:00+00:00,152.0,152.0,152.0,152.0,325.0,342.0,NIFTY,2026-09-29,24050.0,PE,3
2026-08-24 04:50:00+00:00,151.2,151.8,151.2,151.7,195.0,340.0,NIFTY,2026-09-29,24050.0,PE,3
2026-08-24 04:55:00+00:00,152.15,153.8,151.85,152.2,3575.0,1753.0,NIFTY,2026-09-29,24050.0,PE,3
2026-08-24 05:00:00+00:00,152.65,152.65,152.65,152.65,325.0,,NIFTY,2026-09-29,24050.0,PE,3
2026-08-24 05:05:00+00:00,151.85,151.85,150.0,150.0,260.0,366.0,NIFTY,2026-09-29,24050.0,PE,3
2026-08-24 05:10:00+00:00,151.4,151.4,151.4,151.4,65.0,364.0,NIFTY,2026-09-29,24050.0,PE,3
2026-08-24 05:15:00+00:00,150.5,150.5,150.5,150.5,130.0,,NIFTY,2026-09-29,24050.0,PE,3
2026-08-24 05:20:00+00:00,152.9,157.75,152.9,156.5,910.0,729.0,NIFTY,2026-09-29,24050.0,PE,3
2026-08-24 05:25:00+00:00,155.05,165.05,155.05,165.05,650.0,1465.0,NIFTY,2026-09-29,24050.0,PE,3
2026-08-24 05:30:00+00:00,164.5,174.95,164.15,174.95,1040.0,730.0,NIFTY,2026-09-29,24050.0,PE,3
2026-08-24 05:35:00+00:00,175.1,175.15,175.1,175.15,390.0,736.0,NIFTY,2026-09-29,24050.0,PE,3
2026-08-24 05:40:00+00:00,179.35,179.35,179.35,179.35,65.0,369.0,NIFTY,2026-09-29,24050.0,PE,3
2026-08-24 05:45:00+00:00,182.2,182.2,178.55,178.55,390.0,372.0,NIFTY,2026-09-29,24050.0,PE,3
2026-08-24 05:55:00+00:00,182.6,184.9,182.05,182.05,325.0,371.0,NIFTY,2026-09-29,24050.0,PE,3
2026-08-24 06:00:00+00:00,188.0,193.35,188.0,191.75,585.0,744.0,NIFTY,2026-09-29,24050.0,PE,3
2026-08-24 06:05:00+00:00,193.1,196.95,192.9,192.9,845.0,374.0,NIFTY,2026-09-29,24050.0,PE,3
2026-08-24 06:10:00+00:00,189.95,190.0,189.95,190.0,715.0,373.0,NIFTY,2026-09-29,24050.0,PE,3
2026-08-24 06:15:00+00:00,188.55,189.85,184.95,184.95,1105.0,1502.0,NIFTY,2026-09-29,24050.0,PE,3
2026-08-24 06:25:00+00:00,187.95,187.95,187.95,187.95,65.0,,NIFTY,2026-09-29,24050.0,PE,3
2026-08-24 06:30:00+00:00,191.1,191.1,188.2,189.0,1040.0,1121.0,NIFTY,2026-09-29,24050.0,PE,3
2026-08-24 06:35:00+00:00,187.95,187.95,187.95,187.95,65.0,371.0,NIFTY,2026-09-29,24050.0,PE,3
2026-08-24 06:45:00+00:00,189.85,189.85,189.85,189.85,65.0,,NIFTY,2026-09-29,24050.0,PE,3
2026-08-24 06:50:00+00:00,189.45,189.45,189.45,189.45,65.0,370.0,NIFTY,2026-09-29,24050.0,PE,3
2026-08-24 06:55:00+00:00,192.0,192.0,192.0,192.0,65.0,371.0,NIFTY,2026-09-29,24050.0,PE,3
2026-08-24 07:10:00+00:00,192.0,192.0,192.0,192.0,65.0,,NIFTY,2026-09-29,24050.0,PE,3
2026-08-24 07:15:00+00:00,191.55,191.55,191.35,191.35,325.0,371.0,NIFTY,2026-09-29,24050.0,PE,3
2026-08-24 07:30:00+00:00,194.25,194.25,193.6,194.0,260.0,373.0,NIFTY,2026-09-29,24050.0,PE,3
2026-08-24 07:35:00+00:00,197.0,202.45,197.0,200.65,325.0,374.0,NIFTY,2026-09-29,24050.0,PE,3
2026-08-24 07:40:00+00:00,200.75,200.75,200.2,200.2,195.0,375.0,NIFTY,2026-09-29,24050.0,PE,3
2026-08-24 07:45:00+00:00,199.0,199.0,195.2,195.2,260.0,752.0,NIFTY,2026-09-29,24050.0,PE,3
2026-08-24 07:55:00+00:00,195.0,195.0,193.05,193.05,455.0,379.0,NIFTY,2026-09-29,24050.0,PE,3
2026-08-24 08:00:00+00:00,192.9,199.95,192.9,199.95,910.0,1142.0,NIFTY,2026-09-29,24050.0,PE,3
2026-08-24 08:05:00+00:00,197.7,198.55,196.65,196.9,1235.0,781.0,NIFTY,2026-09-29,24050.0,PE,3
2026-08-24 08:10:00+00:00,196.1,198.1,196.1,196.1,325.0,395.0,NIFTY,2026-09-29,24050.0,PE,3
2026-08-24 08:15:00+00:00,197.65,197.7,197.65,197.7,390.0,395.0,NIFTY,2026-09-29,24050.0,PE,3
2026-08-24 08:20:00+00:00,198.0,198.0,198.0,198.0,130.0,397.0,NIFTY,2026-09-29,24050.0,PE,3
2026-08-24 08:25:00+00:00,198.35,198.35,198.35,198.35,195.0,,NIFTY,2026-09-29,24050.0,PE,3
2026-08-24 08:35:00+00:00,197.5,197.5,195.45,195.45,585.0,797.0,NIFTY,2026-09-29,24050.0,PE,3
2026-08-24 08:45:00+00:00,199.1,199.1,196.45,196.45,130.0,400.0,NIFTY,2026-09-29,24050.0,PE,3
2026-08-24 08:50:00+00:00,193.9,193.9,193.9,193.9,65.0,,NIFTY,2026-09-29,24050.0,PE,3
2026-08-24 08:55:00+00:00,192.55,192.55,192.55,192.55,130.0,,NIFTY,2026-09-29,24050.0,PE,3
2026-08-24 09:00:00+00:00,185.0,187.7,185.0,187.7,1235.0,1186.0,NIFTY,2026-09-29,24050.0,PE,3
2026-08-24 09:05:00+00:00,187.9,187.9,185.35,185.95,260.0,392.0,NIFTY,2026-09-29,24050.0,PE,3
2026-08-24 09:10:00+00:00,187.95,187.95,187.8,187.8,130.0,391.0,NIFTY,2026-09-29,24050.0,PE,3
2026-08-24 09:15:00+00:00,189.4,189.5,189.2,189.2,325.0,786.0,NIFTY,2026-09-29,24050.0,PE,3
2026-08-24 09:20:00+00:00,189.6,189.6,188.7,188.7,195.0,394.0,NIFTY,2026-09-29,24050.0,PE,3
2026-08-24 09:30:00+00:00,186.0,188.75,186.0,188.75,715.0,791.0,NIFTY,2026-09-29,24050.0,PE,3
2026-08-24 09:35:00+00:00,188.85,190.0,187.75,187.75,1170.0,404.0,NIFTY,2026-09-29,24050.0,PE,3
2026-08-24 09:40:00+00:00,186.75,187.75,185.85,187.75,390.0,813.0,NIFTY,2026-09-29,24050.0,PE,3
2026-08-24 09:45:00+00:00,189.1,189.1,189.1,189.1,65.0,,NIFTY,2026-09-29,24050.0,PE,3
2026-08-24 09:50:00+00:00,188.6,188.6,185.85,185.85,260.0,405.0,NIFTY,2026-09-29,24050.0,PE,3
2026-08-24 09:55:00+00:00,186.4,186.4,186.05,186.25,260.0,810.0,NIFTY,2026-09-29,24050.0,PE,3
2026-08-24 10:05:00+00:00,188.0,192.25,188.0,192.25,1170.0,1220.0,NIFTY,2026-09-29,24050.0,PE,3
2026-08-25 03:45:00+00:00,201.3,202.7,197.1,201.0,1170.0,824.0,NIFTY,2026-09-29,24050.0,PE,3
2026-08-25 03:50:00+00:00,183.1,183.35,178.3,180.65,1755.0,1213.0,NIFTY,2026-09-29,24050.0,PE,3
2026-08-25 03:55:00+00:00,181.0,182.45,181.0,182.45,390.0,399.0,NIFTY,2026-09-29,24050.0,PE,3
2026-08-25 04:00:00+00:00,174.2,174.2,174.2,174.2,130.0,402.0,NIFTY,2026-09-29,24050.0,PE,3
2026-08-25 04:05:00+00:00,178.65,178.65,178.2,178.4,845.0,805.0,NIFTY,2026-09-29,24050.0,PE,3
2026-08-25 04:10:00+00:00,181.95,186.9,181.95,186.9,520.0,405.0,NIFTY,2026-09-29,24050.0,PE,3
2026-08-25 04:15:00+00:00,188.0,189.15,184.0,189.15,195.0,807.0,NIFTY,2026-09-29,24050.0,PE,3
2026-08-25 04:20:00+00:00,187.65,195.75,187.65,193.15,1040.0,2037.0,NIFTY,2026-09-29,24050.0,PE,3
2026-08-25 04:25:00+00:00,194.55,194.55,190.8,192.55,520.0,824.0,NIFTY,2026-09-29,24050.0,PE,3
2026-08-25 04:30:00+00:00,195.4,196.55,195.4,196.5,520.0,412.0,NIFTY,2026-09-29,24050.0,PE,3
2026-08-25 04:35:00+00:00,194.45,194.45,194.45,194.45,65.0,411.0,NIFTY,2026-09-29,24050.0,PE,3
2026-08-25 04:40:00+00:00,194.2,194.2,194.2,194.2,130.0,1643.0,NIFTY,2026-09-29,24050.0,PE,3
2026-08-25 04:45:00+00:00,195.3,196.35,195.3,196.35,130.0,1648.0,NIFTY,2026-09-29,24050.0,PE,3
2026-08-25 04:50:00+00:00,198.75,201.25,198.75,200.05,260.0,1640.0,NIFTY,2026-09-29,24050.0,PE,3
2026-08-25 04:55:00+00:00,201.55,203.85,199.9,199.9,1950.0,4867.0,NIFTY,2026-09-29,24050.0,PE,3
2026-08-25 05:00:00+00:00,198.4,199.0,197.65,198.5,715.0,3252.0,NIFTY,2026-09-29,24050.0,PE,3
2026-08-25 05:05:00+00:00,198.5,198.5,197.6,197.6,260.0,3299.0,NIFTY,2026-09-29,24050.0,PE,3
2026-08-25 05:10:00+00:00,195.6,195.6,194.3,194.3,130.0,,NIFTY,2026-09-29,24050.0,PE,3
2026-08-25 05:15:00+00:00,188.3,188.3,188.3,188.3,195.0,412.0,NIFTY,2026-09-29,24050.0,PE,3
2026-08-25 05:20:00+00:00,188.75,188.75,184.45,184.45,390.0,410.0,NIFTY,2026-09-29,24050.0,PE,3
2026-08-25 05:30:00+00:00,192.7,192.7,192.7,192.7,65.0,,NIFTY,2026-09-29,24050.0,PE,3
2026-08-25 05:35:00+00:00,191.85,191.85,191.85,191.85,195.0,,NIFTY,2026-09-29,24050.0,PE,3
2026-08-25 05:45:00+00:00,187.5,187.5,187.5,187.5,325.0,411.0,NIFTY,2026-09-29,24050.0,PE,3
2026-08-25 05:50:00+00:00,186.45,186.45,182.8,183.15,1040.0,827.0,NIFTY,2026-09-29,24050.0,PE,3
2026-08-25 05:55:00+00:00,183.0,183.75,183.0,183.75,325.0,412.0,NIFTY,2026-09-29,24050.0,PE,3
2026-08-25 06:05:00+00:00,184.3,184.3,184.3,184.3,65.0,412.0,NIFTY,2026-09-29,24050.0,PE,3
2026-08-25 06:20:00+00:00,175.65,175.65,175.65,175.65,65.0,,NIFTY,2026-09-29,24050.0,PE,3
2026-08-25 06:25:00+00:00,175.0,175.0,166.8,166.8,2340.0,815.0,NIFTY,2026-09-29,24050.0,PE,3
2026-08-25 06:30:00+00:00,170.2,170.2,170.2,170.2,195.0,,NIFTY,2026-09-29,24050.0,PE,3
2026-08-25 06:35:00+00:00,171.15,172.6,171.15,172.25,195.0,408.0,NIFTY,2026-09-29,24050.0,PE,3
2026-08-25 06:45:00+00:00,173.15,173.15,173.0,173.0,260.0,1639.0,NIFTY,2026-09-29,24050.0,PE,3
2026-08-25 06:50:00+00:00,174.8,174.8,174.8,174.8,130.0,,NIFTY,2026-09-29,24050.0,PE,3
2026-08-25 06:55:00+00:00,174.85,176.9,174.85,176.9,325.0,822.0,NIFTY,2026-09-29,24050.0,PE,3
2026-08-25 07:00:00+00:00,174.25,174.25,174.25,174.25,65.0,,NIFTY,2026-09-29,24050.0,PE,3
2026-08-25 07:05:00+00:00,177.25,177.25,177.25,177.25,195.0,,NIFTY,2026-09-29,24050.0,PE,3
2026-08-25 07:10:00+00:00,176.15,180.4,176.15,180.4,650.0,821.0,NIFTY,2026-09-29,24050.0,PE,3
2026-08-25 07:20:00+00:00,180.4,180.4,180.4,180.4,65.0,412.0,NIFTY,2026-09-29,24050.0,PE,3
2026-08-25 07:30:00+00:00,182.0,183.5,182.0,183.5,130.0,,NIFTY,2026-09-29,24050.0,PE,3
2026-08-25 07:35:00+00:00,186.05,186.05,186.05,186.05,65.0,,NIFTY,2026-09-29,24050.0,PE,3
2026-08-25 07:40:00+00:00,186.65,190.75,186.1,190.75,520.0,820.0,NIFTY,2026-09-29,24050.0,PE,3
2026-08-25 07:45:00+00:00,192.55,192.55,190.7,190.7,390.0,410.0,NIFTY,2026-09-29,24050.0,PE,3
2026-08-25 07:50:00+00:00,193.35,193.35,193.35,193.35,65.0,,NIFTY,2026-09-29,24050.0,PE,3
2026-08-25 07:55:00+00:00,192.6,192.6,191.05,191.05,195.0,819.0,NIFTY,2026-09-29,24050.0,PE,3
2026-08-25 08:00:00+00:00,191.0,191.0,191.0,191.0,65.0,,NIFTY,2026-09-29,24050.0,PE,3
2026-08-25 08:15:00+00:00,188.95,188.95,188.95,188.95,65.0,410.0,NIFTY,2026-09-29,24050.0,PE,3
2026-08-25 08:20:00+00:00,183.2,183.2,175.1,175.1,780.0,818.0,NIFTY,2026-09-29,24050.0,PE,3
2026-08-25 08:30:00+00:00,180.2,180.2,180.2,180.2,195.0,407.0,NIFTY,2026-09-29,24050.0,PE,3
2026-08-25 08:35:00+00:00,178.4,178.4,178.4,178.4,65.0,408.0,NIFTY,2026-09-29,24050.0,PE,3
2026-08-25 08:40:00+00:00,178.4,178.4,178.4,178.4,130.0,,NIFTY,2026-09-29,24050.0,PE,3
2026-08-25 08:45:00+00:00,176.35,176.35,176.35,176.35,325.0,,NIFTY,2026-09-29,24050.0,PE,3
2026-08-25 08:50:00+00:00,173.75,173.75,170.8,170.8,650.0,1220.0,NIFTY,2026-09-29,24050.0,PE,3
2026-08-25 08:55:00+00:00,171.9,171.9,164.55,165.1,975.0,1234.0,NIFTY,2026-09-29,24050.0,PE,3
2026-08-25 09:00:00+00:00,157.65,157.8,152.5,155.55,3705.0,2116.0,NIFTY,2026-09-29,24050.0,PE,3
2026-08-25 09:05:00+00:00,155.55,156.5,153.25,153.5,2145.0,839.0,NIFTY,2026-09-29,24050.0,PE,3
2026-08-25 09:10:00+00:00,150.0,150.1,148.0,148.6,3575.0,1211.0,NIFTY,2026-09-29,24050.0,PE,3
2026-08-25 09:15:00+00:00,147.7,147.8,146.0,146.6,5070.0,817.0,NIFTY,2026-09-29,24050.0,PE,3
2026-08-25 09:20:00+00:00,143.0,144.2,139.0,140.5,2535.0,2486.0,NIFTY,2026-09-29,24050.0,PE,3
2026-08-25 09:25:00+00:00,140.8,140.8,137.0,138.45,3120.0,1229.0,NIFTY,2026-09-29,24050.0,PE,3
2026-08-25 09:30:00+00:00,137.05,141.35,137.05,139.55,3185.0,2510.0,NIFTY,2026-09-29,24050.0,PE,3
2026-08-25 09:35:00+00:00,140.2,140.5,138.5,138.85,6890.0,2226.0,NIFTY,2026-09-29,24050.0,PE,3
2026-08-25 09:40:00+00:00,139.4,139.95,137.0,137.0,4095.0,889.0,NIFTY,2026-09-29,24050.0,PE,3
2026-08-25 09:45:00+00:00,136.6,136.6,134.0,134.0,845.0,1314.0,NIFTY,2026-09-29,24050.0,PE,3
2026-08-25 09:50:00+00:00,134.55,134.55,131.25,133.1,1755.0,1756.0,NIFTY,2026-09-29,24050.0,PE,3
2026-08-25 09:55:00+00:00,132.6,133.7,128.55,129.25,2405.0,1752.0,NIFTY,2026-09-29,24050.0,PE,3
2026-08-25 10:00:00+00:00,128.8,128.8,122.9,122.9,2080.0,2202.0,NIFTY,2026-09-29,24050.0,PE,3
2026-08-25 10:05:00+00:00,123.0,126.35,122.8,124.35,5525.0,1820.0,NIFTY,2026-09-29,24050.0,PE,3
2026-08-26 03:45:00+00:00,111.25,118.75,111.2,116.95,4290.0,1829.0,NIFTY,2026-09-29,24050.0,PE,3
2026-08-26 03:50:00+00:00,114.05,114.05,106.05,106.05,4290.0,2325.0,NIFTY,2026-09-29,24050.0,PE,3
2026-08-26 03:55:00+00:00,107.15,108.3,105.0,106.7,11765.0,2463.0,NIFTY,2026-09-29,24050.0,PE,3
2026-08-26 04:00:00+00:00,107.35,110.1,106.35,109.6,6565.0,2782.0,NIFTY,2026-09-29,24050.0,PE,3
2026-08-26 04:05:00+00:00,109.45,109.85,106.35,106.35,780.0,2178.0,NIFTY,2026-09-29,24050.0,PE,3
2026-08-26 04:10:00+00:00,105.15,105.15,101.7,103.0,3445.0,2718.0,NIFTY,2026-09-29,24050.0,PE,3
2026-08-26 04:15:00+00:00,102.15,103.0,100.55,103.0,4550.0,2596.0,NIFTY,2026-09-29,24050.0,PE,3
2026-08-26 04:20:00+00:00,102.85,105.05,102.85,105.0,1560.0,1586.0,NIFTY,2026-09-29,24050.0,PE,3
2026-08-26 04:25:00+00:00,103.75,104.45,103.5,103.95,1495.0,1599.0,NIFTY,2026-09-29,24050.0,PE,3
2026-08-26 04:30:00+00:00,103.5,105.75,103.5,105.75,1300.0,2163.0,NIFTY,2026-09-29,24050.0,PE,3
2026-08-26 04:35:00+00:00,106.25,109.6,106.25,109.05,975.0,2189.0,NIFTY,2026-09-29,24050.0,PE,3
2026-08-26 04:40:00+00:00,111.0,112.5,108.0,108.75,1170.0,2744.0,NIFTY,2026-09-29,24050.0,PE,3
2026-08-26 04:45:00+00:00,108.5,114.6,108.5,114.2,715.0,549.0,NIFTY,2026-09-29,24050.0,PE,3
2026-08-26 04:50:00+00:00,116.15,122.75,114.75,121.15,3575.0,2192.0,NIFTY,2026-09-29,24050.0,PE,3
2026-08-26 04:55:00+00:00,122.8,124.1,121.35,121.35,585.0,1090.0,NIFTY,2026-09-29,24050.0,PE,3
2026-08-26 05:00:00+00:00,119.05,119.05,116.9,116.9,780.0,1647.0,NIFTY,2026-09-29,24050.0,PE,3
2026-08-26 05:05:00+00:00,113.4,113.4,112.8,112.8,260.0,549.0,NIFTY,2026-09-29,24050.0,PE,3
2026-08-26 05:10:00+00:00,112.35,114.1,112.0,112.35,845.0,549.0,NIFTY,2026-09-29,24050.0,PE,3
2026-08-26 05:15:00+00:00,112.4,116.9,112.4,116.5,845.0,1116.0,NIFTY,2026-09-29,24050.0,PE,3
2026-08-26 05:20:00+00:00,115.9,115.9,115.9,115.9,65.0,557.0,NIFTY,2026-09-29,24050.0,PE,3
2026-08-26 05:25:00+00:00,114.75,114.8,114.75,114.8,520.0,,NIFTY,2026-09-29,24050.0,PE,3
2026-08-26 05:30:00+00:00,118.0,118.45,115.8,117.8,1365.0,2822.0,NIFTY,2026-09-29,24050.0,PE,3
2026-08-26 05:35:00+00:00,118.75,118.8,116.6,116.6,195.0,,NIFTY,2026-09-29,24050.0,PE,3
2026-08-26 05:40:00+00:00,116.1,116.1,116.1,116.1,65.0,,NIFTY,2026-09-29,24050.0,PE,3
2026-08-26 05:45:00+00:00,113.65,114.7,113.65,114.4,195.0,567.0,NIFTY,2026-09-29,24050.0,PE,3
2026-08-26 05:50:00+00:00,122.7,122.7,121.1,121.1,260.0,568.0,NIFTY,2026-09-29,24050.0,PE,3
2026-08-26 05:55:00+00:00,121.1,121.45,120.0,120.0,585.0,,NIFTY,2026-09-29,24050.0,PE,3
2026-08-26 06:00:00+00:00,121.4,123.65,121.4,122.9,325.0,568.0,NIFTY,2026-09-29,24050.0,PE,3
2026-08-26 06:10:00+00:00,117.65,118.25,117.2,117.2,520.0,570.0,NIFTY,2026-09-29,24050.0,PE,3
2026-08-26 06:15:00+00:00,117.1,119.8,117.1,119.8,390.0,571.0,NIFTY,2026-09-29,24050.0,PE,3
2026-08-26 06:20:00+00:00,119.05,119.05,119.05,119.05,325.0,570.0,NIFTY,2026-09-29,24050.0,PE,3
2026-08-26 06:25:00+00:00,126.4,126.4,126.35,126.35,780.0,,NIFTY,2026-09-29,24050.0,PE,3
2026-08-26 06:30:00+00:00,126.0,131.95,126.0,131.95,325.0,1144.0,NIFTY,2026-09-29,24050.0,PE,3
2026-08-26 06:35:00+00:00,132.0,132.0,132.0,132.0,65.0,571.0,NIFTY,2026-09-29,24050.0,PE,3
2026-08-26 06:40:00+00:00,135.0,135.0,133.85,133.85,390.0,1145.0,NIFTY,2026-09-29,24050.0,PE,3
2026-08-26 06:45:00+00:00,130.8,131.3,129.7,129.7,1235.0,572.0,NIFTY,2026-09-29,24050.0,PE,3
2026-08-26 06:50:00+00:00,130.0,130.4,128.85,128.85,585.0,1721.0,NIFTY,2026-09-29,24050.0,PE,3
2026-08-26 06:55:00+00:00,128.45,131.75,128.45,131.75,715.0,575.0,NIFTY,2026-09-29,24050.0,PE,3
2026-08-26 07:00:00+00:00,133.15,134.25,129.9,129.9,910.0,1158.0,NIFTY,2026-09-29,24050.0,PE,3
2026-08-26 07:05:00+00:00,128.85,130.0,128.85,129.1,585.0,1161.0,NIFTY,2026-09-29,24050.0,PE,3
2026-08-26 07:10:00+00:00,132.2,133.4,130.45,130.45,260.0,1166.0,NIFTY,2026-09-29,24050.0,PE,3
2026-08-26 07:15:00+00:00,130.0,132.05,130.0,132.0,390.0,2329.0,NIFTY,2026-09-29,24050.0,PE,3
2026-08-26 07:20:00+00:00,133.3,133.3,133.3,133.3,65.0,581.0,NIFTY,2026-09-29,24050.0,PE,3
2026-08-26 07:30:00+00:00,134.0,134.0,133.55,133.55,195.0,1162.0,NIFTY,2026-09-29,24050.0,PE,3
2026-08-26 07:35:00+00:00,129.35,131.95,129.35,131.95,715.0,584.0,NIFTY,2026-09-29,24050.0,PE,3
2026-08-26 07:40:00+00:00,131.45,132.1,131.45,132.1,130.0,586.0,NIFTY,2026-09-29,24050.0,PE,3
2026-08-26 07:45:00+00:00,136.0,137.35,136.0,137.35,260.0,1176.0,NIFTY,2026-09-29,24050.0,PE,3
2026-08-26 07:50:00+00:00,136.35,136.7,135.0,136.7,325.0,1181.0,NIFTY,2026-09-29,24050.0,PE,3
2026-08-26 07:55:00+00:00,138.3,138.3,138.3,138.3,65.0,,NIFTY,2026-09-29,24050.0,PE,3
2026-08-26 08:00:00+00:00,135.0,135.25,135.0,135.15,520.0,1184.0,NIFTY,2026-09-29,24050.0,PE,3
2026-08-26 08:05:00+00:00,135.25,135.25,135.05,135.05,130.0,588.0,NIFTY,2026-09-29,24050.0,PE,3
2026-08-26 08:10:00+00:00,134.95,135.1,134.95,135.1,845.0,,NIFTY,2026-09-29,24050.0,PE,3
2026-08-26 08:15:00+00:00,137.3,138.1,137.3,138.1,130.0,592.0,NIFTY,2026-09-29,24050.0,PE,3
2026-08-26 08:20:00+00:00,135.0,135.4,135.0,135.4,195.0,592.0,NIFTY,2026-09-29,24050.0,PE,3
2026-08-26 08:25:00+00:00,136.05,136.05,136.05,136.05,130.0,592.0,NIFTY,2026-09-29,24050.0,PE,3
2026-08-26 08:30:00+00:00,135.0,135.0,135.0,135.0,130.0,594.0,NIFTY,2026-09-29,24050.0,PE,3
2026-08-26 08:35:00+00:00,132.6,132.6,132.6,132.6,65.0,595.0,NIFTY,2026-09-29,24050.0,PE,3
2026-08-26 08:40:00+00:00,131.1,131.1,126.4,126.4,585.0,594.0,NIFTY,2026-09-29,24050.0,PE,3
2026-08-26 08:45:00+00:00,128.85,128.85,126.45,126.85,260.0,1197.0,NIFTY,2026-09-29,24050.0,PE,3
2026-08-26 08:50:00+00:00,126.05,126.05,125.9,126.0,325.0,598.0,NIFTY,2026-09-29,24050.0,PE,3
2026-08-26 08:55:00+00:00,129.65,129.65,129.65,129.65,65.0,600.0,NIFTY,2026-09-29,24050.0,PE,3
2026-08-26 09:10:00+00:00,125.95,125.95,125.95,125.95,65.0,,NIFTY,2026-09-29,24050.0,PE,3
2026-08-26 09:15:00+00:00,125.0,125.0,125.0,125.0,65.0,,NIFTY,2026-09-29,24050.0,PE,3
2026-08-26 09:25:00+00:00,120.1,121.5,120.0,121.5,325.0,1803.0,NIFTY,2026-09-29,24050.0,PE,3
2026-08-26 09:30:00+00:00,124.0,124.0,118.7,118.85,520.0,1200.0,NIFTY,2026-09-29,24050.0,PE,3
2026-08-26 09:35:00+00:00,118.75,120.3,118.75,120.3,650.0,600.0,NIFTY,2026-09-29,24050.0,PE,3
2026-08-26 09:40:00+00:00,120.1,120.85,120.1,120.85,260.0,601.0,NIFTY,2026-09-29,24050.0,PE,3
2026-08-26 09:45:00+00:00,121.05,121.05,121.05,121.05,65.0,599.0,NIFTY,2026-09-29,24050.0,PE,3
2026-08-26 09:50:00+00:00,120.5,126.25,120.5,126.25,585.0,601.0,NIFTY,2026-09-29,24050.0,PE,3
2026-08-26 09:55:00+00:00,126.8,127.4,126.0,126.1,1365.0,1807.0,NIFTY,2026-09-29,24050.0,PE,3
2026-08-26 10:00:00+00:00,133.85,137.8,132.5,135.0,3575.0,1218.0,NIFTY,2026-09-29,24050.0,PE,3
2026-08-26 10:05:00+00:00,132.75,133.4,132.75,133.4,2145.0,1214.0,NIFTY,2026-09-29,24050.0,PE,3
2026-08-27 03:45:00+00:00,133.95,143.05,130.75,138.05,4550.0,1889.0,NIFTY,2026-09-29,24050.0,PE,3
2026-08-27 03:50:00+00:00,136.75,141.4,136.75,140.65,1105.0,2507.0,NIFTY,2026-09-29,24050.0,PE,3
2026-08-27 03:55:00+00:00,142.85,149.85,139.95,149.65,2080.0,2515.0,NIFTY,2026-09-29,24050.0,PE,3
2026-08-27 04:00:00+00:00,148.5,152.95,148.5,149.3,1170.0,2520.0,NIFTY,2026-09-29,24050.0,PE,3
2026-08-27 04:05:00+00:00,146.6,153.5,146.6,152.75,975.0,2536.0,NIFTY,2026-09-29,24050.0,PE,3
2026-08-27 04:10:00+00:00,152.85,152.85,149.25,149.25,390.0,1916.0,NIFTY,2026-09-29,24050.0,PE,3
2026-08-27 04:15:00+00:00,148.85,149.0,145.75,145.75,1170.0,1280.0,NIFTY,2026-09-29,24050.0,PE,3
2026-08-27 04:20:00+00:00,146.3,152.1,146.3,148.7,845.0,1927.0,NIFTY,2026-09-29,24050.0,PE,3
2026-08-27 04:25:00+00:00,150.05,154.95,150.05,154.15,1950.0,2607.0,NIFTY,2026-09-29,24050.0,PE,3
2026-08-27 04:30:00+00:00,157.15,158.85,156.45,158.85,1560.0,2620.0,NIFTY,2026-09-29,24050.0,PE,3
2026-08-27 04:35:00+00:00,159.75,161.6,158.95,159.6,715.0,1953.0,NIFTY,2026-09-29,24050.0,PE,3
2026-08-27 04:40:00+00:00,157.75,162.65,157.6,162.65,650.0,2609.0,NIFTY,2026-09-29,24050.0,PE,3
2026-08-27 04:45:00+00:00,162.4,162.4,158.7,159.1,1105.0,1970.0,NIFTY,2026-09-29,24050.0,PE,3
2026-08-27 04:50:00+00:00,159.75,162.5,159.75,162.5,390.0,1989.0,NIFTY,2026-09-29,24050.0,PE,3
2026-08-27 04:55:00+00:00,161.1,161.1,161.1,161.1,65.0,,NIFTY,2026-09-29,24050.0,PE,3
2026-08-27 05:00:00+00:00,162.0,163.55,160.4,160.4,8190.0,2590.0,NIFTY,2026-09-29,24050.0,PE,3
2026-08-27 05:05:00+00:00,161.25,161.8,161.25,161.8,520.0,624.0,NIFTY,2026-09-29,24050.0,PE,3
2026-08-27 05:10:00+00:00,162.05,167.7,162.05,167.7,585.0,1866.0,NIFTY,2026-09-29,24050.0,PE,3
2026-08-27 05:15:00+00:00,166.7,168.0,163.8,167.2,1105.0,1238.0,NIFTY,2026-09-29,24050.0,PE,3
2026-08-27 05:20:00+00:00,167.2,170.8,167.2,170.45,780.0,1226.0,NIFTY,2026-09-29,24050.0,PE,3
2026-08-27 05:25:00+00:00,172.0,173.35,171.9,172.5,1040.0,1218.0,NIFTY,2026-09-29,24050.0,PE,3
2026-08-27 05:30:00+00:00,170.0,170.0,169.0,169.0,130.0,609.0,NIFTY,2026-09-29,24050.0,PE,3
2026-08-27 05:35:00+00:00,167.5,167.5,167.2,167.3,195.0,1829.0,NIFTY,2026-09-29,24050.0,PE,3
2026-08-27 05:40:00+00:00,171.8,171.8,171.8,171.8,65.0,610.0,NIFTY,2026-09-29,24050.0,PE,3
2026-08-27 05:45:00+00:00,171.35,175.0,171.35,175.0,1105.0,1833.0,NIFTY,2026-09-29,24050.0,PE,3
2026-08-27 05:50:00+00:00,178.75,183.1,177.45,183.1,650.0,1223.0,NIFTY,2026-09-29,24050.0,PE,3
2026-08-27 05:55:00+00:00,183.15,185.0,180.65,181.75,1365.0,2450.0,NIFTY,2026-09-29,24050.0,PE,3
2026-08-27 06:00:00+00:00,180.3,180.3,174.8,174.8,6500.0,3107.0,NIFTY,2026-09-29,24050.0,PE,3
2026-08-27 06:05:00+00:00,174.75,176.2,173.15,174.7,4095.0,2574.0,NIFTY,2026-09-29,24050.0,PE,3
2026-08-27 06:10:00+00:00,174.7,175.4,174.1,175.4,455.0,1307.0,NIFTY,2026-09-29,24050.0,PE,3
2026-08-27 06:15:00+00:00,176.55,176.65,175.15,176.65,455.0,654.0,NIFTY,2026-09-29,24050.0,PE,3
2026-08-27 06:30:00+00:00,173.85,173.85,173.55,173.55,130.0,653.0,NIFTY,2026-09-29,24050.0,PE,3
2026-08-27 06:40:00+00:00,176.5,176.5,175.25,175.25,130.0,654.0,NIFTY,2026-09-29,24050.0,PE,3
2026-08-27 06:45:00+00:00,170.5,172.7,170.25,172.7,1105.0,1313.0,NIFTY,2026-09-29,24050.0,PE,3
2026-08-27 06:50:00+00:00,175.6,175.6,174.5,174.5,130.0,659.0,NIFTY,2026-09-29,24050.0,PE,3
2026-08-27 06:55:00+00:00,169.6,169.6,168.2,168.75,195.0,1973.0,NIFTY,2026-09-29,24050.0,PE,3
2026-08-27 07:00:00+00:00,168.6,168.6,168.6,168.6,65.0,,NIFTY,2026-09-29,24050.0,PE,3
2026-08-27 07:05:00+00:00,162.5,163.35,162.5,162.7,1040.0,654.0,NIFTY,2026-09-29,24050.0,PE,3
2026-08-27 07:10:00+00:00,157.0,159.2,156.4,156.4,2470.0,3249.0,NIFTY,2026-09-29,24050.0,PE,3
2026-08-27 07:15:00+00:00,157.5,159.35,157.4,159.0,1300.0,2611.0,NIFTY,2026-09-29,24050.0,PE,3
2026-08-27 07:20:00+00:00,156.15,156.15,150.05,150.05,780.0,1317.0,NIFTY,2026-09-29,24050.0,PE,3
2026-08-27 07:25:00+00:00,150.1,153.25,150.1,153.25,325.0,657.0,NIFTY,2026-09-29,24050.0,PE,3
2026-08-27 07:30:00+00:00,151.75,151.75,151.75,151.75,65.0,659.0,NIFTY,2026-09-29,24050.0,PE,3
2026-08-27 07:35:00+00:00,153.0,155.6,153.0,155.15,910.0,1327.0,NIFTY,2026-09-29,24050.0,PE,3
2026-08-27 07:40:00+00:00,153.35,153.4,150.15,151.1,1885.0,2003.0,NIFTY,2026-09-29,24050.0,PE,3
2026-08-27 07:45:00+00:00,150.5,154.3,149.75,154.3,2600.0,1343.0,NIFTY,2026-09-29,24050.0,PE,3
2026-08-27 07:50:00+00:00,153.5,153.5,152.4,152.4,130.0,,NIFTY,2026-09-29,24050.0,PE,3
2026-08-27 08:00:00+00:00,156.4,156.4,153.85,153.85,195.0,1342.0,NIFTY,2026-09-29,24050.0,PE,3
2026-08-27 08:05:00+00:00,153.85,153.85,153.85,153.85,520.0,666.0,NIFTY,2026-09-29,24050.0,PE,3
2026-08-27 08:10:00+00:00,157.0,157.0,157.0,157.0,390.0,665.0,NIFTY,2026-09-29,24050.0,PE,3
2026-08-27 08:15:00+00:00,157.95,167.85,157.95,165.2,715.0,1335.0,NIFTY,2026-09-29,24050.0,PE,3
2026-08-27 08:20:00+00:00,166.8,169.65,166.8,169.1,1300.0,1329.0,NIFTY,2026-09-29,24050.0,PE,3
2026-08-27 08:25:00+00:00,170.5,175.45,170.5,175.45,390.0,1987.0,NIFTY,2026-09-29,24050.0,PE,3
2026-08-27 08:30:00+00:00,173.95,175.45,172.55,174.4,780.0,1979.0,NIFTY,2026-09-29,24050.0,PE,3
2026-08-27 08:35:00+00:00,175.4,176.8,171.9,176.0,2340.0,3272.0,NIFTY,2026-09-29,24050.0,PE,3
2026-08-27 08:40:00+00:00,174.85,174.85,171.8,171.8,390.0,650.0,NIFTY,2026-09-29,24050.0,PE,3
2026-08-27 08:50:00+00:00,165.35,165.35,165.35,165.35,65.0,652.0,NIFTY,2026-09-29,24050.0,PE,3
2026-08-27 08:55:00+00:00,163.95,163.95,161.55,161.55,195.0,651.0,NIFTY,2026-09-29,24050.0,PE,3
2026-08-27 09:00:00+00:00,166.0,166.0,166.0,166.0,195.0,651.0,NIFTY,2026-09-29,24050.0,PE,3
2026-08-27 09:10:00+00:00,162.65,166.5,162.65,166.5,520.0,2607.0,NIFTY,2026-09-29,24050.0,PE,3
2026-08-27 09:20:00+00:00,165.85,168.0,165.85,168.0,390.0,648.0,NIFTY,2026-09-29,24050.0,PE,3
2026-08-27 09:25:00+00:00,162.7,162.7,162.7,162.7,195.0,649.0,NIFTY,2026-09-29,24050.0,PE,3
2026-08-27 09:30:00+00:00,161.95,162.85,161.8,162.85,455.0,648.0,NIFTY,2026-09-29,24050.0,PE,3
2026-08-27 09:35:00+00:00,168.2,169.85,167.05,168.9,1170.0,2586.0,NIFTY,2026-09-29,24050.0,PE,3
2026-08-27 09:40:00+00:00,169.35,173.4,169.35,172.9,1820.0,3271.0,NIFTY,2026-09-29,24050.0,PE,3
2026-08-27 09:45:00+00:00,168.5,168.5,167.9,167.9,260.0,1324.0,NIFTY,2026-09-29,24050.0,PE,3
2026-08-27 09:50:00+00:00,174.85,181.95,174.0,181.95,1040.0,2657.0,NIFTY,2026-09-29,24050.0,PE,3
2026-08-27 09:55:00+00:00,181.1,188.85,179.55,184.85,1690.0,1997.0,NIFTY,2026-09-29,24050.0,PE,3
2026-08-27 10:00:00+00:00,184.8,185.0,182.1,184.65,1690.0,1328.0,NIFTY,2026-09-29,24050.0,PE,3
2026-08-27 10:05:00+00:00,185.2,188.6,184.9,185.85,4485.0,3303.0,NIFTY,2026-09-29,24050.0,PE,3
2026-08-28 03:45:00+00:00,176.65,182.3,173.7,177.35,4875.0,2657.0,NIFTY,2026-09-29,24050.0,PE,3
2026-08-28 03:50:00+00:00,181.75,181.75,176.0,176.0,1365.0,3368.0,NIFTY,2026-09-29,24050.0,PE,3
2026-08-28 03:55:00+00:00,173.9,173.9,161.4,165.65,6240.0,3372.0,NIFTY,2026-09-29,24050.0,PE,3
2026-08-28 04:00:00+00:00,166.0,171.3,161.85,164.85,3705.0,3393.0,NIFTY,2026-09-29,24050.0,PE,3
2026-08-28 04:05:00+00:00,165.8,172.9,165.4,169.55,2015.0,2677.0,NIFTY,2026-09-29,24050.0,PE,3
2026-08-28 04:10:00+00:00,169.6,169.8,159.0,160.2,4420.0,3305.0,NIFTY,2026-09-29,24050.0,PE,3
2026-08-28 04:15:00+00:00,161.3,164.4,159.7,164.15,3120.0,2633.0,NIFTY,2026-09-29,24050.0,PE,3
2026-08-28 04:20:00+00:00,163.9,166.65,159.95,159.95,3055.0,3324.0,NIFTY,2026-09-29,24050.0,PE,3
2026-08-28 04:25:00+00:00,158.4,161.45,158.4,159.8,3315.0,2700.0,NIFTY,2026-09-29,24050.0,PE,3
2026-08-28 04:30:00+00:00,159.65,163.65,159.65,163.65,2535.0,2026.0,NIFTY,2026-09-29,24050.0,PE,3
2026-08-28 04:35:00+00:00,163.35,164.45,156.35,158.3,2730.0,3424.0,NIFTY,2026-09-29,24050.0,PE,3
2026-08-28 04:40:00+00:00,159.3,159.3,152.9,152.9,3835.0,2780.0,NIFTY,2026-09-29,24050.0,PE,3
2026-08-28 04:45:00+00:00,151.0,151.0,145.1,150.35,5785.0,2772.0,NIFTY,2026-09-29,24050.0,PE,3
2026-08-28 04:50:00+00:00,152.75,153.15,151.1,151.1,455.0,686.0,NIFTY,2026-09-29,24050.0,PE,3
2026-08-28 04:55:00+00:00,152.2,152.2,150.35,150.35,130.0,687.0,NIFTY,2026-09-29,24050.0,PE,3
2026-08-28 05:00:00+00:00,152.5,152.55,152.4,152.55,195.0,,NIFTY,2026-09-29,24050.0,PE,3
2026-08-28 05:05:00+00:00,152.6,152.6,152.6,152.6,325.0,685.0,NIFTY,2026-09-29,24050.0,PE,3
2026-08-28 05:10:00+00:00,150.65,150.65,150.05,150.05,585.0,685.0,NIFTY,2026-09-29,24050.0,PE,3
2026-08-28 05:15:00+00:00,155.0,155.5,150.6,150.6,650.0,2052.0,NIFTY,2026-09-29,24050.0,PE,3
2026-08-28 05:20:00+00:00,151.7,151.75,149.15,151.0,585.0,683.0,NIFTY,2026-09-29,24050.0,PE,3
2026-08-28 05:25:00+00:00,154.85,154.85,154.85,154.85,65.0,,NIFTY,2026-09-29,24050.0,PE,3
2026-08-28 05:30:00+00:00,152.0,153.6,151.65,153.6,650.0,683.0,NIFTY,2026-09-29,24050.0,PE,3
2026-08-28 05:35:00+00:00,152.35,156.0,152.35,156.0,325.0,2049.0,NIFTY,2026-09-29,24050.0,PE,3
2026-08-28 05:40:00+00:00,158.2,158.75,153.4,153.4,1170.0,2055.0,NIFTY,2026-09-29,24050.0,PE,3
2026-08-28 05:45:00+00:00,154.0,155.0,154.0,155.0,130.0,683.0,NIFTY,2026-09-29,24050.0,PE,3
2026-08-28 05:50:00+00:00,160.0,162.25,160.0,162.15,910.0,2050.0,NIFTY,2026-09-29,24050.0,PE,3
2026-08-28 05:55:00+00:00,162.95,169.15,162.95,169.15,3705.0,2057.0,NIFTY,2026-09-29,24050.0,PE,3
2026-08-28 06:00:00+00:00,172.65,180.0,169.4,176.65,7865.0,3563.0,NIFTY,2026-09-29,24050.0,PE,3
2026-08-28 06:05:00+00:00,180.9,184.0,177.15,180.35,3900.0,2187.0,NIFTY,2026-09-29,24050.0,PE,3
2026-08-28 06:10:00+00:00,179.85,181.25,179.85,180.95,2145.0,1462.0,NIFTY,2026-09-29,24050.0,PE,3
2026-08-28 06:15:00+00:00,181.4,182.45,179.8,180.0,1495.0,2198.0,NIFTY,2026-09-29,24050.0,PE,3
2026-08-28 06:20:00+00:00,178.65,179.75,178.35,179.75,390.0,2200.0,NIFTY,2026-09-29,24050.0,PE,3
2026-08-28 06:25:00+00:00,183.65,196.55,183.65,192.0,6500.0,3667.0,NIFTY,2026-09-29,24050.0,PE,3
2026-08-28 06:30:00+00:00,191.9,192.9,188.0,188.0,2015.0,2878.0,NIFTY,2026-09-29,24050.0,PE,3
2026-08-28 06:35:00+00:00,188.45,190.6,185.35,190.0,2015.0,1441.0,NIFTY,2026-09-29,24050.0,PE,3
2026-08-28 06:40:00+00:00,192.7,194.75,190.3,190.45,1235.0,2893.0,NIFTY,2026-09-29,24050.0,PE,3
2026-08-28 06:45:00+00:00,190.35,191.95,190.2,190.2,2145.0,2902.0,NIFTY,2026-09-29,24050.0,PE,3
2026-08-28 06:50:00+00:00,188.25,194.15,187.65,193.15,1040.0,734.0,NIFTY,2026-09-29,24050.0,PE,3
2026-08-28 06:55:00+00:00,192.45,193.35,188.8,189.6,2795.0,1469.0,NIFTY,2026-09-29,24050.0,PE,3
2026-08-28 07:00:00+00:00,187.35,187.6,185.4,186.6,1560.0,2910.0,NIFTY,2026-09-29,24050.0,PE,3
2026-08-28 07:05:00+00:00,186.7,189.1,186.5,186.5,13260.0,3662.0,NIFTY,2026-09-29,24050.0,PE,3
2026-08-28 07:10:00+00:00,186.9,186.95,184.8,186.45,5655.0,4009.0,NIFTY,2026-09-29,24050.0,PE,3
2026-08-28 07:15:00+00:00,186.65,186.65,184.6,185.4,4225.0,2420.0,NIFTY,2026-09-29,24050.0,PE,3
2026-08-28 07:20:00+00:00,184.4,185.6,184.4,185.6,195.0,816.0,NIFTY,2026-09-29,24050.0,PE,3
2026-08-28 07:25:00+00:00,187.2,189.6,187.2,189.6,1950.0,815.0,NIFTY,2026-09-29,24050.0,PE,3
2026-08-28 07:30:00+00:00,191.4,191.4,189.1,190.25,4355.0,3278.0,NIFTY,2026-09-29,24050.0,PE,3
2026-08-28 07:35:00+00:00,190.05,191.1,184.85,184.85,9815.0,4389.0,NIFTY,2026-09-29,24050.0,PE,3
2026-08-28 07:40:00+00:00,185.05,187.25,182.95,186.5,4745.0,4652.0,NIFTY,2026-09-29,24050.0,PE,3
2026-08-28 07:45:00+00:00,186.35,187.0,184.75,184.75,910.0,2870.0,NIFTY,2026-09-29,24050.0,PE,3
2026-08-28 07:50:00+00:00,182.1,182.1,180.1,181.3,325.0,2873.0,NIFTY,2026-09-29,24050.0,PE,3
2026-08-28 07:55:00+00:00,180.5,186.9,177.65,186.9,1235.0,3835.0,NIFTY,2026-09-29,24050.0,PE,3
2026-08-28 08:00:00+00:00,184.9,184.9,179.2,179.2,195.0,1919.0,NIFTY,2026-09-29,24050.0,PE,3
2026-08-28 08:05:00+00:00,178.7,180.0,176.7,177.55,1755.0,,NIFTY,2026-09-29,24050.0,PE,3
2026-08-28 08:10:00+00:00,174.7,177.4,174.7,177.3,325.0,2868.0,NIFTY,2026-09-29,24050.0,PE,3
2026-08-28 08:15:00+00:00,178.2,181.7,178.2,181.7,260.0,,NIFTY,2026-09-29,24050.0,PE,3
2026-08-28 08:20:00+00:00,182.3,182.3,180.6,181.35,325.0,955.0,NIFTY,2026-09-29,24050.0,PE,3
2026-08-28 08:25:00+00:00,182.3,182.7,177.1,178.0,1365.0,2868.0,NIFTY,2026-09-29,24050.0,PE,3
2026-08-28 08:40:00+00:00,177.65,177.65,177.65,177.65,65.0,,NIFTY,2026-09-29,24050.0,PE,3
2026-08-28 08:45:00+00:00,178.6,178.6,176.65,176.65,195.0,956.0,NIFTY,2026-09-29,24050.0,PE,3
2026-08-28 08:50:00+00:00,179.95,179.95,179.95,179.95,65.0,,NIFTY,2026-09-29,24050.0,PE,3
2026-08-28 08:55:00+00:00,178.0,178.0,176.6,176.65,4680.0,975.0,NIFTY,2026-09-29,24050.0,PE,3
2026-08-28 09:00:00+00:00,175.25,177.05,171.8,173.6,2860.0,2791.0,NIFTY,2026-09-29,24050.0,PE,3
2026-08-28 09:05:00+00:00,172.85,173.55,172.85,173.45,260.0,1859.0,NIFTY,2026-09-29,24050.0,PE,3
2026-08-28 09:10:00+00:00,176.65,176.65,175.55,175.55,195.0,1854.0,NIFTY,2026-09-29,24050.0,PE,3
2026-08-28 09:15:00+00:00,175.95,175.95,173.95,173.95,130.0,926.0,NIFTY,2026-09-29,24050.0,PE,3
2026-08-28 09:20:00+00:00,169.75,169.75,164.65,166.3,29315.0,5484.0,NIFTY,2026-09-29,24050.0,PE,3
2026-08-28 09:25:00+00:00,165.25,167.4,165.25,167.3,1560.0,2440.0,NIFTY,2026-09-29,24050.0,PE,3
2026-08-28 09:30:00+00:00,170.65,179.0,170.65,178.95,2145.0,3224.0,NIFTY,2026-09-29,24050.0,PE,3
2026-08-28 09:35:00+00:00,177.1,177.1,168.8,169.85,715.0,3175.0,NIFTY,2026-09-29,24050.0,PE,3
2026-08-28 09:40:00+00:00,169.35,169.35,155.5,158.7,4615.0,3935.0,NIFTY,2026-09-29,24050.0,PE,3
2026-08-28 09:45:00+00:00,158.6,159.85,158.6,159.4,2730.0,2305.0,NIFTY,2026-09-29,24050.0,PE,3
2026-08-28 09:50:00+00:00,159.1,159.1,149.65,152.05,1950.0,3038.0,NIFTY,2026-09-29,24050.0,PE,3
2026-08-28 09:55:00+00:00,151.3,152.6,148.25,149.95,2340.0,3016.0,NIFTY,2026-09-29,24050.0,PE,3
2026-08-28 10:00:00+00:00,148.65,150.8,147.5,149.3,1430.0,1482.0,NIFTY,2026-09-29,24050.0,PE,3
2026-08-28 10:05:00+00:00,151.4,152.95,150.0,152.95,780.0,1481.0,NIFTY,2026-09-29,24050.0,PE,3
2026-08-31 03:45:00+00:00,188.0,212.25,188.0,207.75,33540.0,3181.0,NIFTY,2026-09-29,24050.0,PE,3
2026-08-31 03:50:00+00:00,209.2,209.85,201.15,208.45,13780.0,4197.0,NIFTY,2026-09-29,24050.0,PE,3
2026-08-31 03:55:00+00:00,208.7,216.95,205.7,214.35,21125.0,5268.0,NIFTY,2026-09-29,24050.0,PE,3
2026-08-31 04:00:00+00:00,214.85,215.75,206.45,209.35,6240.0,3688.0,NIFTY,2026-09-29,24050.0,PE,3
2026-08-31 04:05:00+00:00,211.0,212.1,207.15,211.1,7865.0,4659.0,NIFTY,2026-09-29,24050.0,PE,3
2026-08-31 04:10:00+00:00,211.3,219.4,208.45,217.95,14040.0,3738.0,NIFTY,2026-09-29,24050.0,PE,3
2026-08-31 04:15:00+00:00,218.8,220.8,213.95,215.75,4875.0,4670.0,NIFTY,2026-09-29,24050.0,PE,3
2026-08-31 04:20:00+00:00,215.65,217.35,213.3,217.35,7475.0,3809.0,NIFTY,2026-09-29,24050.0,PE,3
2026-08-31 04:25:00+00:00,217.1,221.2,217.1,218.9,5070.0,2880.0,NIFTY,2026-09-29,24050.0,PE,3
2026-08-31 04:30:00+00:00,218.0,218.0,214.5,217.6,1560.0,3862.0,NIFTY,2026-09-29,24050.0,PE,3
2026-08-31 04:35:00+00:00,215.05,215.05,210.0,211.1,2860.0,3853.0,NIFTY,2026-09-29,24050.0,PE,3
2026-08-31 04:40:00+00:00,214.0,221.9,214.0,218.0,23270.0,4073.0,NIFTY,2026-09-29,24050.0,PE,3
2026-08-31 04:45:00+00:00,218.55,221.75,217.5,221.75,5330.0,5479.0,NIFTY,2026-09-29,24050.0,PE,3
2026-08-31 04:50:00+00:00,221.7,222.8,218.5,220.35,2470.0,4464.0,NIFTY,2026-09-29,24050.0,PE,3
2026-08-31 04:55:00+00:00,220.45,221.15,214.65,216.65,5460.0,4475.0,NIFTY,2026-09-29,24050.0,PE,3
2026-08-31 05:00:00+00:00,216.0,220.25,215.95,219.1,2470.0,2236.0,NIFTY,2026-09-29,24050.0,PE,3
2026-08-31 05:05:00+00:00,218.7,223.5,218.7,221.95,2535.0,3363.0,NIFTY,2026-09-29,24050.0,PE,3
2026-08-31 05:10:00+00:00,222.0,223.3,218.1,218.45,1950.0,5595.0,NIFTY,2026-09-29,24050.0,PE,3
2026-08-31 05:15:00+00:00,218.1,220.75,218.1,220.15,975.0,1116.0,NIFTY,2026-09-29,24050.0,PE,3
2026-08-31 05:20:00+00:00,221.1,221.1,219.8,219.8,910.0,3354.0,NIFTY,2026-09-29,24050.0,PE,3
2026-08-31 05:25:00+00:00,218.0,218.0,215.35,216.45,2340.0,5575.0,NIFTY,2026-09-29,24050.0,PE,3
2026-08-31 05:30:00+00:00,215.8,216.95,214.3,216.95,1560.0,3321.0,NIFTY,2026-09-29,24050.0,PE,3
2026-08-31 05:35:00+00:00,215.2,220.0,215.2,218.2,1300.0,1108.0,NIFTY,2026-09-29,24050.0,PE,3
2026-08-31 05:40:00+00:00,219.85,219.85,218.1,218.1,845.0,2223.0,NIFTY,2026-09-29,24050.0,PE,3
2026-08-31 05:45:00+00:00,217.5,218.65,216.9,218.05,3315.0,3331.0,NIFTY,2026-09-29,24050.0,PE,3
2026-08-31 05:50:00+00:00,219.2,219.2,216.5,217.8,325.0,1108.0,NIFTY,2026-09-29,24050.0,PE,3
2026-08-31 05:55:00+00:00,218.05,219.55,217.7,217.7,1430.0,4431.0,NIFTY,2026-09-29,24050.0,PE,3
2026-08-31 06:00:00+00:00,216.5,216.5,212.25,212.25,1690.0,3328.0,NIFTY,2026-09-29,24050.0,PE,3
2026-08-31 06:05:00+00:00,210.55,210.6,207.6,210.35,3900.0,4423.0,NIFTY,2026-09-29,24050.0,PE,3
2026-08-31 06:10:00+00:00,207.9,207.9,203.4,205.15,1625.0,2214.0,NIFTY,2026-09-29,24050.0,PE,3
2026-08-31 06:15:00+00:00,203.8,206.95,201.95,202.4,2665.0,2224.0,NIFTY,2026-09-29,24050.0,PE,3
2026-08-31 06:20:00+00:00,203.2,203.2,182.9,184.35,6695.0,5579.0,NIFTY,2026-09-29,24050.0,PE,3
2026-08-31 06:25:00+00:00,188.5,188.5,177.75,186.0,10010.0,5523.0,NIFTY,2026-09-29,24050.0,PE,3
2026-08-31 06:30:00+00:00,186.55,188.6,180.5,180.7,6565.0,4503.0,NIFTY,2026-09-29,24050.0,PE,3
2026-08-31 06:35:00+00:00,181.0,187.8,181.0,187.8,4290.0,4550.0,NIFTY,2026-09-29,24050.0,PE,3
2026-08-31 06:40:00+00:00,187.15,188.1,184.05,188.1,2535.0,5759.0,NIFTY,2026-09-29,24050.0,PE,3
2026-08-31 06:45:00+00:00,188.0,188.0,183.55,183.55,1365.0,2309.0,NIFTY,2026-09-29,24050.0,PE,3
2026-08-31 06:50:00+00:00,182.85,183.5,179.65,183.5,1365.0,3464.0,NIFTY,2026-09-29,24050.0,PE,3
2026-08-31 06:55:00+00:00,184.6,185.9,182.6,182.6,3185.0,4624.0,NIFTY,2026-09-29,24050.0,PE,3
2026-08-31 07:00:00+00:00,183.3,185.65,183.3,185.65,650.0,2325.0,NIFTY,2026-09-29,24050.0,PE,3
2026-08-31 07:05:00+00:00,184.0,184.75,181.95,182.45,1560.0,1162.0,NIFTY,2026-09-29,24050.0,PE,3
2026-08-31 07:10:00+00:00,180.1,183.4,180.0,183.0,1495.0,2325.0,NIFTY,2026-09-29,24050.0,PE,3
2026-08-31 07:15:00+00:00,181.0,184.0,181.0,182.0,2470.0,3502.0,NIFTY,2026-09-29,24050.0,PE,3
2026-08-31 07:20:00+00:00,182.0,182.1,180.0,180.0,1105.0,3518.0,NIFTY,2026-09-29,24050.0,PE,3
2026-08-31 07:25:00+00:00,179.6,182.5,179.6,181.9,845.0,,NIFTY,2026-09-29,24050.0,PE,3
2026-08-31 07:30:00+00:00,182.35,183.45,179.05,180.35,1365.0,3518.0,NIFTY,2026-09-29,24050.0,PE,3
2026-08-31 07:35:00+00:00,180.0,183.2,180.0,183.2,1105.0,2352.0,NIFTY,2026-09-29,24050.0,PE,3
2026-08-31 07:40:00+00:00,179.7,179.75,179.6,179.75,260.0,2357.0,NIFTY,2026-09-29,24050.0,PE,3
2026-08-31 07:45:00+00:00,180.75,182.55,180.75,182.55,325.0,3543.0,NIFTY,2026-09-29,24050.0,PE,3
2026-08-31 07:50:00+00:00,183.45,183.45,182.55,182.55,195.0,2364.0,NIFTY,2026-09-29,24050.0,PE,3
2026-08-31 07:55:00+00:00,182.5,183.4,181.6,183.4,975.0,2365.0,NIFTY,2026-09-29,24050.0,PE,3
2026-08-31 08:00:00+00:00,183.25,184.0,179.5,179.5,1300.0,3558.0,NIFTY,2026-09-29,24050.0,PE,3
2026-08-31 08:05:00+00:00,180.0,183.0,180.0,182.85,1950.0,3575.0,NIFTY,2026-09-29,24050.0,PE,3
2026-08-31 08:10:00+00:00,183.0,184.5,180.15,184.5,2210.0,4798.0,NIFTY,2026-09-29,24050.0,PE,3
2026-08-31 08:15:00+00:00,184.35,184.35,181.85,182.2,650.0,1203.0,NIFTY,2026-09-29,24050.0,PE,3
2026-08-31 08:20:00+00:00,181.0,183.05,180.95,183.05,1950.0,4817.0,NIFTY,2026-09-29,24050.0,PE,3
2026-08-31 08:25:00+00:00,183.0,189.05,182.85,188.1,10140.0,3632.0,NIFTY,2026-09-29,24050.0,PE,3
2026-08-31 08:30:00+00:00,188.4,193.65,186.95,193.35,4940.0,5892.0,NIFTY,2026-09-29,24050.0,PE,3
2026-08-31 08:35:00+00:00,192.4,198.9,189.3,194.2,8385.0,4655.0,NIFTY,2026-09-29,24050.0,PE,3
2026-08-31 08:40:00+00:00,194.55,195.1,193.0,193.95,1625.0,3479.0,NIFTY,2026-09-29,24050.0,PE,3
2026-08-31 08:45:00+00:00,194.3,195.05,191.2,194.05,1430.0,4626.0,NIFTY,2026-09-29,24050.0,PE,3
2026-08-31 08:50:00+00:00,193.75,196.8,193.75,195.95,2990.0,3472.0,NIFTY,2026-09-29,24050.0,PE,3
2026-08-31 08:55:00+00:00,195.0,198.25,195.0,198.0,1105.0,3473.0,NIFTY,2026-09-29,24050.0,PE,3
2026-08-31 09:00:00+00:00,198.4,199.65,193.15,195.05,5265.0,3445.0,NIFTY,2026-09-29,24050.0,PE,3
2026-08-31 09:05:00+00:00,192.35,195.6,189.4,190.85,4615.0,4599.0,NIFTY,2026-09-29,24050.0,PE,3
2026-08-31 09:10:00+00:00,190.7,190.7,182.0,183.85,8970.0,5826.0,NIFTY,2026-09-29,24050.0,PE,3
2026-08-31 09:15:00+00:00,183.6,183.6,160.8,174.15,15990.0,5950.0,NIFTY,2026-09-29,24050.0,PE,3
2026-08-31 09:20:00+00:00,173.5,174.05,168.0,168.25,4160.0,3573.0,NIFTY,2026-09-29,24050.0,PE,3
2026-08-31 09:25:00+00:00,168.8,177.0,168.8,175.95,7475.0,5952.0,NIFTY,2026-09-29,24050.0,PE,3
2026-08-31 09:30:00+00:00,177.0,181.45,172.8,179.25,11635.0,6007.0,NIFTY,2026-09-29,24050.0,PE,3
2026-08-31 09:35:00+00:00,180.55,184.4,176.25,176.8,5460.0,3593.0,NIFTY,2026-09-29,24050.0,PE,3
2026-08-31 09:40:00+00:00,176.45,183.0,176.45,183.0,4095.0,7180.0,NIFTY,2026-09-29,24050.0,PE,3
2026-08-31 09:45:00+00:00,182.3,185.0,180.0,182.45,5135.0,3559.0,NIFTY,2026-09-29,24050.0,PE,3
2026-08-31 09:50:00+00:00,180.15,184.15,166.2,180.85,12805.0,5877.0,NIFTY,2026-09-29,24050.0,PE,3
2026-08-31 09:55:00+00:00,177.0,183.0,175.2,175.9,6565.0,4650.0,NIFTY,2026-09-29,24050.0,PE,3
2026-08-31 10:00:00+00:00,175.2,179.15,173.1,179.15,5655.0,4624.0,NIFTY,2026-09-29,24050.0,PE,3
2026-08-31 10:05:00+00:00,179.65,182.6,179.6,180.45,2600.0,5783.0,NIFTY,2026-09-29,24050.0,PE,3
2026-09-01 03:45:00+00:00,198.8,210.25,198.8,206.6,16900.0,4662.0,NIFTY,2026-09-29,24050.0,PE,3
2026-09-01 03:50:00+00:00,207.2,211.5,204.8,210.9,10335.0,4636.0,NIFTY,2026-09-29,24050.0,PE,3
2026-09-01 03:55:00+00:00,209.45,211.2,194.95,195.8,8580.0,5794.0,NIFTY,2026-09-29,24050.0,PE,3
2026-09-01 04:00:00+00:00,195.95,198.85,191.9,194.6,11115.0,5799.0,NIFTY,2026-09-29,24050.0,PE,3
2026-09-01 04:05:00+00:00,195.6,204.05,195.45,204.05,8385.0,3489.0,NIFTY,2026-09-29,24050.0,PE,3
2026-09-01 04:10:00+00:00,204.25,210.6,202.8,209.85,9750.0,5941.0,NIFTY,2026-09-29,24050.0,PE,3
2026-09-01 04:15:00+00:00,210.55,215.05,209.65,210.65,11180.0,4745.0,NIFTY,2026-09-29,24050.0,PE,3
2026-09-01 04:20:00+00:00,213.8,215.1,210.6,215.1,3380.0,5887.0,NIFTY,2026-09-29,24050.0,PE,3
2026-09-01 04:25:00+00:00,215.4,218.0,213.9,218.0,2990.0,2353.0,NIFTY,2026-09-29,24050.0,PE,3
2026-09-01 04:30:00+00:00,218.75,218.75,209.05,212.25,3900.0,5885.0,NIFTY,2026-09-29,24050.0,PE,3
2026-09-01 04:35:00+00:00,212.1,216.7,211.85,214.95,845.0,3517.0,NIFTY,2026-09-29,24050.0,PE,3
2026-09-01 04:40:00+00:00,214.4,214.65,212.2,214.45,2990.0,3520.0,NIFTY,2026-09-29,24050.0,PE,3
2026-09-01 04:45:00+00:00,209.25,209.25,203.0,205.05,3575.0,5845.0,NIFTY,2026-09-29,24050.0,PE,3
2026-09-01 04:50:00+00:00,205.0,205.8,201.1,201.85,1495.0,5847.0,NIFTY,2026-09-29,24050.0,PE,3
2026-09-01 04:55:00+00:00,201.85,203.15,200.8,201.5,3250.0,4682.0,NIFTY,2026-09-29,24050.0,PE,3
2026-09-01 05:00:00+00:00,201.85,201.85,196.25,198.65,10010.0,4698.0,NIFTY,2026-09-29,24050.0,PE,3
2026-09-01 05:05:00+00:00,199.25,201.05,197.55,198.15,2990.0,7072.0,NIFTY,2026-09-29,24050.0,PE,3
2026-09-01 05:10:00+00:00,197.5,201.2,197.5,200.85,3315.0,3567.0,NIFTY,2026-09-29,24050.0,PE,3
2026-09-01 05:15:00+00:00,200.1,201.4,198.45,198.85,2990.0,7166.0,NIFTY,2026-09-29,24050.0,PE,3
2026-09-01 05:20:00+00:00,198.0,198.0,189.8,191.3,13520.0,6009.0,NIFTY,2026-09-29,24050.0,PE,3
2026-09-01 05:25:00+00:00,189.35,192.3,188.3,190.0,5070.0,4925.0,NIFTY,2026-09-29,24050.0,PE,3
2026-09-01 05:30:00+00:00,189.0,193.0,188.0,192.15,5460.0,6158.0,NIFTY,2026-09-29,24050.0,PE,3
2026-09-01 05:35:00+00:00,191.4,193.1,181.75,182.3,8580.0,6199.0,NIFTY,2026-09-29,24050.0,PE,3
2026-09-01 05:40:00+00:00,181.8,182.25,173.25,175.2,7735.0,6290.0,NIFTY,2026-09-29,24050.0,PE,3
2026-09-01 05:45:00+00:00,173.95,174.4,168.5,168.5,9490.0,5086.0,NIFTY,2026-09-29,24050.0,PE,3
2026-09-01 05:50:00+00:00,167.65,169.25,166.35,167.25,7670.0,6376.0,NIFTY,2026-09-29,24050.0,PE,3
2026-09-01 05:55:00+00:00,166.85,167.0,162.35,162.95,5980.0,5137.0,NIFTY,2026-09-29,24050.0,PE,3
2026-09-01 06:00:00+00:00,162.35,163.15,157.0,163.15,6630.0,5230.0,NIFTY,2026-09-29,24050.0,PE,3
2026-09-01 06:05:00+00:00,162.45,165.5,162.45,165.3,2535.0,3944.0,NIFTY,2026-09-29,24050.0,PE,3
2026-09-01 06:10:00+00:00,166.95,168.35,164.85,164.85,3510.0,3980.0,NIFTY,2026-09-29,24050.0,PE,3
2026-09-01 06:15:00+00:00,164.1,168.5,163.45,168.5,2080.0,5362.0,NIFTY,2026-09-29,24050.0,PE,3
2026-09-01 06:20:00+00:00,168.45,168.5,166.65,168.05,4875.0,6789.0,NIFTY,2026-09-29,24050.0,PE,3
2026-09-01 06:25:00+00:00,167.65,167.9,165.95,167.8,10725.0,5476.0,NIFTY,2026-09-29,24050.0,PE,3
2026-09-01 06:30:00+00:00,167.6,168.3,166.0,166.0,2925.0,5575.0,NIFTY,2026-09-29,24050.0,PE,3
2026-09-01 06:35:00+00:00,166.15,166.15,165.25,165.95,2080.0,1403.0,NIFTY,2026-09-29,24050.0,PE,3
2026-09-01 06:40:00+00:00,164.0,166.0,163.0,165.9,4030.0,7141.0,NIFTY,2026-09-29,24050.0,PE,3
2026-09-01 06:45:00+00:00,165.95,171.55,165.95,170.45,10920.0,5816.0,NIFTY,2026-09-29,24050.0,PE,3
2026-09-01 06:50:00+00:00,170.3,173.0,169.8,173.0,8320.0,7514.0,NIFTY,2026-09-29,24050.0,PE,3
2026-09-01 06:55:00+00:00,174.1,174.7,170.65,172.05,4290.0,7622.0,NIFTY,2026-09-29,24050.0,PE,3
2026-09-01 07:00:00+00:00,172.35,174.0,169.1,174.0,1950.0,4564.0,NIFTY,2026-09-29,24050.0,PE,3
2026-09-01 07:05:00+00:00,171.9,173.0,171.9,172.35,14560.0,2973.0,NIFTY,2026-09-29,24050.0,PE,3
2026-09-01 07:10:00+00:00,172.0,172.5,170.75,171.9,910.0,4282.0,NIFTY,2026-09-29,24050.0,PE,3
2026-09-01 07:15:00+00:00,172.0,172.15,172.0,172.15,260.0,1418.0,NIFTY,2026-09-29,24050.0,PE,3
2026-09-01 07:20:00+00:00,173.35,176.0,173.05,176.0,2275.0,5664.0,NIFTY,2026-09-29,24050.0,PE,3
2026-09-01 07:25:00+00:00,176.0,178.4,175.8,175.8,3965.0,5633.0,NIFTY,2026-09-29,24050.0,PE,3
2026-09-01 07:30:00+00:00,178.9,183.2,178.9,183.2,3380.0,5573.0,NIFTY,2026-09-29,24050.0,PE,3
2026-09-01 07:35:00+00:00,184.45,189.0,184.4,188.65,6630.0,6940.0,NIFTY,2026-09-29,24050.0,PE,3
2026-09-01 07:40:00+00:00,189.0,199.2,189.0,199.2,16445.0,5444.0,NIFTY,2026-09-29,24050.0,PE,3
2026-09-01 07:45:00+00:00,200.0,204.8,196.2,197.1,15860.0,6591.0,NIFTY,2026-09-29,24050.0,PE,3
2026-09-01 07:50:00+00:00,198.6,199.35,193.8,197.4,3770.0,3915.0,NIFTY,2026-09-29,24050.0,PE,3
2026-09-01 07:55:00+00:00,197.45,202.4,197.45,201.35,1950.0,3927.0,NIFTY,2026-09-29,24050.0,PE,3
2026-09-01 08:00:00+00:00,199.9,201.1,196.3,198.45,2275.0,3926.0,NIFTY,2026-09-29,24050.0,PE,3
2026-09-01 08:05:00+00:00,198.3,211.0,196.0,209.85,23855.0,6492.0,NIFTY,2026-09-29,24050.0,PE,3
2026-09-01 08:10:00+00:00,211.6,217.2,211.5,213.45,13975.0,5182.0,NIFTY,2026-09-29,24050.0,PE,3
2026-09-01 08:15:00+00:00,213.5,220.0,213.5,219.0,9360.0,6451.0,NIFTY,2026-09-29,24050.0,PE,3
2026-09-01 08:20:00+00:00,219.25,240.3,219.25,235.45,15600.0,6389.0,NIFTY,2026-09-29,24050.0,PE,3
2026-09-01 08:25:00+00:00,236.95,239.55,227.45,231.4,9295.0,5114.0,NIFTY,2026-09-29,24050.0,PE,3
2026-09-01 08:30:00+00:00,232.0,248.85,232.0,247.45,16770.0,5110.0,NIFTY,2026-09-29,24050.0,PE,3
2026-09-01 08:35:00+00:00,248.35,263.6,242.95,261.1,6695.0,3833.0,NIFTY,2026-09-29,24050.0,PE,3
2026-09-01 08:40:00+00:00,260.95,261.55,250.05,256.2,10010.0,6422.0,NIFTY,2026-09-29,24050.0,PE,3
2026-09-01 08:45:00+00:00,255.75,258.85,253.55,254.85,2730.0,6395.0,NIFTY,2026-09-29,24050.0,PE,3
2026-09-01 08:50:00+00:00,254.95,262.3,254.5,259.25,5005.0,6371.0,NIFTY,2026-09-29,24050.0,PE,3
2026-09-01 08:55:00+00:00,259.5,259.7,243.0,243.0,43680.0,5885.0,NIFTY,2026-09-29,24050.0,PE,3
2026-09-01 09:00:00+00:00,241.9,250.45,237.65,243.45,5460.0,3307.0,NIFTY,2026-09-29,24050.0,PE,3
2026-09-01 09:05:00+00:00,238.75,250.8,238.75,250.55,2405.0,4390.0,NIFTY,2026-09-29,24050.0,PE,3
2026-09-01 09:10:00+00:00,250.75,253.7,249.3,250.75,1105.0,4369.0,NIFTY,2026-09-29,24050.0,PE,3
2026-09-01 09:15:00+00:00,251.4,252.0,244.65,252.0,2275.0,4365.0,NIFTY,2026-09-29,24050.0,PE,3
2026-09-01 09:20:00+00:00,247.45,247.45,242.6,242.9,6370.0,6537.0,NIFTY,2026-09-29,24050.0,PE,3
2026-09-01 09:25:00+00:00,242.35,244.2,236.9,244.05,5525.0,4319.0,NIFTY,2026-09-29,24050.0,PE,3
2026-09-01 09:30:00+00:00,244.55,252.5,241.4,247.65,715.0,5366.0,NIFTY,2026-09-29,24050.0,PE,3
2026-09-01 09:35:00+00:00,246.85,251.35,243.95,251.35,1625.0,4299.0,NIFTY,2026-09-29,24050.0,PE,3
2026-09-01 09:40:00+00:00,249.5,251.75,246.1,247.25,4550.0,4295.0,NIFTY,2026-09-29,24050.0,PE,3
2026-09-01 09:45:00+00:00,247.15,252.0,247.15,252.0,2015.0,6397.0,NIFTY,2026-09-29,24050.0,PE,3
2026-09-01 09:50:00+00:00,251.35,251.35,246.1,248.25,4940.0,2089.0,NIFTY,2026-09-29,24050.0,PE,3
2026-09-01 09:55:00+00:00,246.25,247.35,235.0,235.0,3185.0,4176.0,NIFTY,2026-09-29,24050.0,PE,3
2026-09-01 10:00:00+00:00,232.15,248.0,232.15,245.6,29575.0,3088.0,NIFTY,2026-09-29,24050.0,PE,3
2026-09-01 10:05:00+00:00,243.4,252.2,242.85,252.2,21840.0,6137.0,NIFTY,2026-09-29,24050.0,PE,3
2026-09-02 03:45:00+00:00,249.95,328.85,249.95,318.05,14105.0,4893.0,NIFTY,2026-09-29,24050.0,PE,3
2026-09-02 03:50:00+00:00,318.45,335.9,318.35,332.55,7540.0,5975.0,NIFTY,2026-09-29,24050.0,PE,3
2026-09-02 03:55:00+00:00,330.1,330.7,317.9,320.0,10920.0,4726.0,NIFTY,2026-09-29,24050.0,PE,3
2026-09-02 04:00:00+00:00,320.25,326.4,309.45,309.45,17030.0,3571.0,NIFTY,2026-09-29,24050.0,PE,3
2026-09-02 04:05:00+00:00,310.2,316.2,308.55,315.7,6630.0,4751.0,NIFTY,2026-09-29,24050.0,PE,3
2026-09-02 04:10:00+00:00,319.6,319.6,309.8,310.65,2145.0,4722.0,NIFTY,2026-09-29,24050.0,PE,3
2026-09-02 04:15:00+00:00,316.1,322.4,314.85,316.0,1170.0,4717.0,NIFTY,2026-09-29,24050.0,PE,3
2026-09-02 04:20:00+00:00,317.85,320.0,308.9,320.0,2340.0,3541.0,NIFTY,2026-09-29,24050.0,PE,3
2026-09-02 04:25:00+00:00,321.2,321.4,306.1,306.1,1040.0,2357.0,NIFTY,2026-09-29,24050.0,PE,3
2026-09-02 04:30:00+00:00,308.75,309.9,306.0,309.0,520.0,1177.0,NIFTY,2026-09-29,24050.0,PE,3
2026-09-02 04:35:00+00:00,306.55,312.05,304.35,310.55,2210.0,3526.0,NIFTY,2026-09-29,24050.0,PE,3
2026-09-02 04:40:00+00:00,309.9,313.25,300.2,303.85,3835.0,2367.0,NIFTY,2026-09-29,24050.0,PE,3
2026-09-02 04:45:00+00:00,308.35,309.15,304.8,304.8,260.0,3552.0,NIFTY,2026-09-29,24050.0,PE,3
2026-09-02 04:50:00+00:00,301.7,301.7,288.6,293.05,3510.0,5895.0,NIFTY,2026-09-29,24050.0,PE,3
2026-09-02 04:55:00+00:00,292.0,293.9,289.2,289.35,2730.0,3524.0,NIFTY,2026-09-29,24050.0,PE,3
2026-09-02 05:00:00+00:00,284.85,289.95,284.4,289.95,455.0,2349.0,NIFTY,2026-09-29,24050.0,PE,3
2026-09-02 05:05:00+00:00,291.6,299.35,290.9,299.35,1625.0,2345.0,NIFTY,2026-09-29,24050.0,PE,3
2026-09-02 05:10:00+00:00,301.0,301.5,297.05,299.4,650.0,,NIFTY,2026-09-29,24050.0,PE,3
2026-09-02 05:15:00+00:00,300.5,302.7,297.0,297.35,1365.0,2341.0,NIFTY,2026-09-29,24050.0,PE,3
2026-09-02 05:20:00+00:00,299.7,308.6,299.7,306.7,1495.0,1168.0,NIFTY,2026-09-29,24050.0,PE,3
2026-09-02 05:25:00+00:00,301.25,302.85,298.5,300.45,1820.0,3476.0,NIFTY,2026-09-29,24050.0,PE,3
2026-09-02 05:30:00+00:00,298.95,317.55,298.25,317.2,3640.0,3459.0,NIFTY,2026-09-29,24050.0,PE,3
2026-09-02 05:35:00+00:00,317.95,319.0,316.0,316.45,2405.0,1151.0,NIFTY,2026-09-29,24050.0,PE,3
2026-09-02 05:40:00+00:00,317.3,317.3,315.2,316.95,1820.0,3461.0,NIFTY,2026-09-29,24050.0,PE,3
2026-09-02 05:45:00+00:00,316.0,317.0,316.0,316.6,260.0,,NIFTY,2026-09-29,24050.0,PE,3
2026-09-02 05:50:00+00:00,316.65,319.0,315.75,317.55,325.0,1155.0,NIFTY,2026-09-29,24050.0,PE,3
2026-09-02 05:55:00+00:00,318.6,319.5,317.25,317.85,650.0,1151.0,NIFTY,2026-09-29,24050.0,PE,3
2026-09-02 06:00:00+00:00,320.3,322.9,320.3,320.6,2275.0,2300.0,NIFTY,2026-09-29,24050.0,PE,3
2026-09-02 06:05:00+00:00,321.15,321.15,321.15,321.15,65.0,,NIFTY,2026-09-29,24050.0,PE,3
2026-09-02 06:10:00+00:00,316.25,322.5,315.0,322.2,845.0,,NIFTY,2026-09-29,24050.0,PE,3
2026-09-02 06:15:00+00:00,322.9,324.0,322.0,324.0,455.0,1149.0,NIFTY,2026-09-29,24050.0,PE,3
2026-09-02 06:20:00+00:00,320.85,321.65,316.5,316.5,845.0,1151.0,NIFTY,2026-09-29,24050.0,PE,3
2026-09-02 06:25:00+00:00,310.0,324.0,309.1,324.0,1365.0,1145.0,NIFTY,2026-09-29,24050.0,PE,3
2026-09-02 06:30:00+00:00,324.0,324.0,321.9,322.55,520.0,,NIFTY,2026-09-29,24050.0,PE,3
2026-09-02 06:35:00+00:00,327.0,327.0,323.9,325.8,325.0,,NIFTY,2026-09-29,24050.0,PE,3
2026-09-02 06:40:00+00:00,324.95,324.95,306.75,306.85,975.0,2288.0,NIFTY,2026-09-29,24050.0,PE,3
2026-09-02 06:45:00+00:00,305.0,309.95,302.9,307.25,975.0,3432.0,NIFTY,2026-09-29,24050.0,PE,3
2026-09-02 06:50:00+00:00,311.1,318.0,311.1,313.25,1365.0,3431.0,NIFTY,2026-09-29,24050.0,PE,3
2026-09-02 06:55:00+00:00,313.95,313.95,311.05,311.05,195.0,1142.0,NIFTY,2026-09-29,24050.0,PE,3
2026-09-02 07:00:00+00:00,306.25,306.25,293.8,299.75,455.0,3427.0,NIFTY,2026-09-29,24050.0,PE,3
2026-09-02 07:05:00+00:00,299.75,299.75,299.75,299.75,195.0,1140.0,NIFTY,2026-09-29,24050.0,PE,3
2026-09-02 07:10:00+00:00,294.7,295.35,284.05,286.1,1950.0,2277.0,NIFTY,2026-09-29,24050.0,PE,3
2026-09-02 07:15:00+00:00,293.35,293.35,292.4,292.4,390.0,,NIFTY,2026-09-29,24050.0,PE,3
2026-09-02 07:20:00+00:00,292.05,292.05,292.0,292.0,130.0,1134.0,NIFTY,2026-09-29,24050.0,PE,3
2026-09-02 07:25:00+00:00,293.5,293.5,291.1,291.1,130.0,2271.0,NIFTY,2026-09-29,24050.0,PE,3
2026-09-02 07:30:00+00:00,289.0,289.85,284.6,284.6,1625.0,2263.0,NIFTY,2026-09-29,24050.0,PE,3
2026-09-02 07:35:00+00:00,288.15,295.35,288.15,294.35,390.0,2257.0,NIFTY,2026-09-29,24050.0,PE,3
2026-09-02 07:40:00+00:00,294.35,294.35,284.55,284.55,780.0,2261.0,NIFTY,2026-09-29,24050.0,PE,3
2026-09-02 07:45:00+00:00,290.15,290.15,286.25,289.25,390.0,3389.0,NIFTY,2026-09-29,24050.0,PE,3
2026-09-02 07:50:00+00:00,288.7,288.7,288.7,288.7,65.0,1129.0,NIFTY,2026-09-29,24050.0,PE,3
2026-09-02 07:55:00+00:00,284.3,288.0,284.3,288.0,130.0,1129.0,NIFTY,2026-09-29,24050.0,PE,3
2026-09-02 08:00:00+00:00,289.1,291.95,289.1,291.95,260.0,2258.0,NIFTY,2026-09-29,24050.0,PE,3
2026-09-02 08:05:00+00:00,285.15,293.0,285.15,293.0,975.0,2253.0,NIFTY,2026-09-29,24050.0,PE,3
2026-09-02 08:10:00+00:00,296.0,296.0,292.0,292.0,520.0,1123.0,NIFTY,2026-09-29,24050.0,PE,3
2026-09-02 08:20:00+00:00,294.45,301.9,294.4,294.4,650.0,2250.0,NIFTY,2026-09-29,24050.0,PE,3
2026-09-02 08:25:00+00:00,293.75,293.75,292.0,292.0,260.0,2254.0,NIFTY,2026-09-29,24050.0,PE,3
2026-09-02 08:30:00+00:00,286.55,286.55,282.4,285.7,585.0,4511.0,NIFTY,2026-09-29,24050.0,PE,3
2026-09-02 08:35:00+00:00,289.15,289.15,275.95,277.35,4095.0,4546.0,NIFTY,2026-09-29,24050.0,PE,3
2026-09-02 08:40:00+00:00,277.25,280.0,276.7,280.0,780.0,2283.0,NIFTY,2026-09-29,24050.0,PE,3
2026-09-02 08:45:00+00:00,284.05,286.8,282.8,284.8,16055.0,3660.0,NIFTY,2026-09-29,24050.0,PE,3
2026-09-02 08:50:00+00:00,284.05,290.6,284.05,290.6,16705.0,4126.0,NIFTY,2026-09-29,24050.0,PE,3
2026-09-02 08:55:00+00:00,291.15,291.15,281.95,281.95,585.0,1426.0,NIFTY,2026-09-29,24050.0,PE,3
2026-09-02 09:00:00+00:00,281.6,281.6,267.35,271.6,3445.0,4298.0,NIFTY,2026-09-29,24050.0,PE,3
2026-09-02 09:05:00+00:00,272.0,272.0,268.95,268.95,715.0,1442.0,NIFTY,2026-09-29,24050.0,PE,3
2026-09-02 09:10:00+00:00,275.6,285.6,275.6,285.6,390.0,4332.0,NIFTY,2026-09-29,24050.0,PE,3
2026-09-02 09:15:00+00:00,286.05,286.05,277.1,277.1,455.0,4326.0,NIFTY,2026-09-29,24050.0,PE,3
2026-09-02 09:20:00+00:00,282.0,286.45,280.95,285.2,2340.0,4343.0,NIFTY,2026-09-29,24050.0,PE,3
2026-09-02 09:25:00+00:00,288.8,293.65,288.8,293.45,2535.0,4358.0,NIFTY,2026-09-29,24050.0,PE,3
2026-09-02 09:30:00+00:00,290.9,298.05,290.9,297.4,3185.0,5794.0,NIFTY,2026-09-29,24050.0,PE,3
2026-09-02 09:35:00+00:00,302.0,302.0,299.65,299.65,1040.0,1450.0,NIFTY,2026-09-29,24050.0,PE,3
2026-09-02 09:40:00+00:00,292.85,292.85,283.05,289.3,715.0,7270.0,NIFTY,2026-09-29,24050.0,PE,3
2026-09-02 09:45:00+00:00,289.35,292.85,286.2,291.9,780.0,,NIFTY,2026-09-29,24050.0,PE,3
2026-09-02 09:50:00+00:00,289.85,290.35,285.25,288.15,2145.0,4371.0,NIFTY,2026-09-29,24050.0,PE,3
2026-09-02 09:55:00+00:00,286.9,292.8,285.2,292.65,2145.0,5836.0,NIFTY,2026-09-29,24050.0,PE,3
2026-09-02 10:00:00+00:00,287.75,292.5,287.55,292.5,1235.0,2919.0,NIFTY,2026-09-29,24050.0,PE,3
2026-09-02 10:05:00+00:00,292.05,294.25,291.2,292.7,3120.0,5866.0,NIFTY,2026-09-29,24050.0,PE,3
2026-09-03 03:45:00+00:00,271.1,271.1,213.1,229.8,44720.0,9499.0,NIFTY,2026-09-29,24050.0,PE,3
2026-09-03 03:50:00+00:00,228.4,236.85,223.0,236.85,3835.0,6604.0,NIFTY,2026-09-29,24050.0,PE,3
2026-09-03 03:55:00+00:00,236.65,236.65,226.75,226.75,4485.0,8240.0,NIFTY,2026-09-29,24050.0,PE,3
2026-09-03 04:00:00+00:00,225.25,225.25,220.6,222.05,2925.0,8194.0,NIFTY,2026-09-29,24050.0,PE,3
2026-09-03 04:05:00+00:00,221.4,221.4,217.75,217.75,1690.0,4921.0,NIFTY,2026-09-29,24050.0,PE,3
2026-09-03 04:10:00+00:00,211.85,211.85,203.8,206.45,6890.0,9955.0,NIFTY,2026-09-29,24050.0,PE,3
2026-09-03 04:15:00+00:00,205.3,207.8,202.9,204.5,6175.0,8491.0,NIFTY,2026-09-29,24050.0,PE,3
2026-09-03 04:20:00+00:00,205.3,208.45,204.45,208.25,3315.0,6821.0,NIFTY,2026-09-29,24050.0,PE,3
2026-09-03 04:25:00+00:00,208.15,210.0,206.85,209.9,1820.0,8522.0,NIFTY,2026-09-29,24050.0,PE,3
2026-09-03 04:30:00+00:00,210.65,212.35,209.9,210.95,1885.0,1709.0,NIFTY,2026-09-29,24050.0,PE,3
2026-09-03 04:35:00+00:00,209.9,212.7,209.6,211.0,2860.0,3418.0,NIFTY,2026-09-29,24050.0,PE,3
2026-09-03 04:40:00+00:00,212.35,212.8,211.15,212.8,910.0,3422.0,NIFTY,2026-09-29,24050.0,PE,3
2026-09-03 04:45:00+00:00,214.9,215.2,211.7,212.9,3250.0,6832.0,NIFTY,2026-09-29,24050.0,PE,3
2026-09-03 04:50:00+00:00,212.0,215.55,212.0,215.55,260.0,1708.0,NIFTY,2026-09-29,24050.0,PE,3
2026-09-03 04:55:00+00:00,215.3,222.7,215.15,221.1,1560.0,3409.0,NIFTY,2026-09-29,24050.0,PE,3
2026-09-03 05:00:00+00:00,222.5,224.15,220.0,222.6,1430.0,5096.0,NIFTY,2026-09-29,24050.0,PE,3
2026-09-03 05:05:00+00:00,224.4,231.95,224.4,229.6,3835.0,6756.0,NIFTY,2026-09-29,24050.0,PE,3
2026-09-03 05:10:00+00:00,230.1,241.15,230.1,236.55,2600.0,6722.0,NIFTY,2026-09-29,24050.0,PE,3
2026-09-03 05:15:00+00:00,234.3,236.35,231.7,231.7,520.0,3371.0,NIFTY,2026-09-29,24050.0,PE,3
2026-09-03 05:20:00+00:00,233.35,240.0,232.85,240.0,520.0,5049.0,NIFTY,2026-09-29,24050.0,PE,3
2026-09-03 05:25:00+00:00,243.15,243.55,236.65,240.7,1950.0,5033.0,NIFTY,2026-09-29,24050.0,PE,3
2026-09-03 05:30:00+00:00,238.05,242.25,237.8,242.25,780.0,1673.0,NIFTY,2026-09-29,24050.0,PE,3
2026-09-03 05:35:00+00:00,245.1,258.75,245.1,258.75,3250.0,5014.0,NIFTY,2026-09-29,24050.0,PE,3
2026-09-03 05:40:00+00:00,258.2,263.9,253.85,260.7,8060.0,5004.0,NIFTY,2026-09-29,24050.0,PE,3
2026-09-03 05:45:00+00:00,261.45,265.55,248.75,250.3,3510.0,8368.0,NIFTY,2026-09-29,24050.0,PE,3
2026-09-03 05:50:00+00:00,246.05,247.7,244.4,245.05,1365.0,6698.0,NIFTY,2026-09-29,24050.0,PE,3
2026-09-03 05:55:00+00:00,245.3,246.95,242.35,242.35,455.0,3341.0,NIFTY,2026-09-29,24050.0,PE,3
2026-09-03 06:00:00+00:00,236.0,238.65,235.0,235.5,1885.0,5004.0,NIFTY,2026-09-29,24050.0,PE,3
2026-09-03 06:05:00+00:00,235.15,236.1,230.65,236.1,1105.0,5000.0,NIFTY,2026-09-29,24050.0,PE,3
2026-09-03 06:10:00+00:00,237.0,237.0,235.55,235.55,195.0,1664.0,NIFTY,2026-09-29,24050.0,PE,3
2026-09-03 06:15:00+00:00,233.8,242.0,233.6,235.95,1495.0,4977.0,NIFTY,2026-09-29,24050.0,PE,3
2026-09-03 06:20:00+00:00,240.3,241.0,237.5,241.0,780.0,3307.0,NIFTY,2026-09-29,24050.0,PE,3
2026-09-03 06:25:00+00:00,246.7,246.85,241.9,241.9,715.0,3308.0,NIFTY,2026-09-29,24050.0,PE,3
2026-09-03 06:30:00+00:00,241.5,255.25,241.5,255.25,3445.0,6604.0,NIFTY,2026-09-29,24050.0,PE,3
2026-09-03 06:35:00+00:00,253.45,255.0,250.8,254.85,2080.0,3298.0,NIFTY,2026-09-29,24050.0,PE,3
2026-09-03 06:40:00+00:00,254.85,254.85,254.85,254.85,65.0,1651.0,NIFTY,2026-09-29,24050.0,PE,3
2026-09-03 06:45:00+00:00,255.85,267.4,255.85,265.6,72670.0,5173.0,NIFTY,2026-09-29,24050.0,PE,3
2026-09-03 06:50:00+00:00,265.2,273.4,262.95,270.7,7410.0,10177.0,NIFTY,2026-09-29,24050.0,PE,3
2026-09-03 06:55:00+00:00,272.05,272.5,265.0,268.25,8840.0,10209.0,NIFTY,2026-09-29,24050.0,PE,3
2026-09-03 07:00:00+00:00,271.6,271.6,263.7,267.25,3640.0,10130.0,NIFTY,2026-09-29,24050.0,PE,3
2026-09-03 07:05:00+00:00,267.65,269.85,261.7,264.1,2275.0,6122.0,NIFTY,2026-09-29,24050.0,PE,3
2026-09-03 07:10:00+00:00,267.5,268.85,266.25,267.6,845.0,4076.0,NIFTY,2026-09-29,24050.0,PE,3
2026-09-03 07:15:00+00:00,266.25,266.25,262.6,262.6,845.0,6115.0,NIFTY,2026-09-29,24050.0,PE,3
2026-09-03 07:20:00+00:00,264.85,264.85,256.0,257.95,2015.0,6091.0,NIFTY,2026-09-29,24050.0,PE,3
2026-09-03 07:25:00+00:00,262.75,266.15,259.15,259.2,1365.0,6061.0,NIFTY,2026-09-29,24050.0,PE,3
2026-09-03 07:30:00+00:00,261.4,263.95,261.0,261.0,325.0,4035.0,NIFTY,2026-09-29,24050.0,PE,3
2026-09-03 07:35:00+00:00,260.7,261.75,260.0,261.75,390.0,4033.0,NIFTY,2026-09-29,24050.0,PE,3
2026-09-03 07:40:00+00:00,257.2,257.55,252.6,257.55,585.0,4030.0,NIFTY,2026-09-29,24050.0,PE,3
2026-09-03 07:45:00+00:00,258.75,258.75,250.5,254.2,1560.0,4018.0,NIFTY,2026-09-29,24050.0,PE,3
2026-09-03 07:50:00+00:00,258.0,264.5,258.0,264.5,650.0,4016.0,NIFTY,2026-09-29,24050.0,PE,3
2026-09-03 07:55:00+00:00,269.3,273.0,265.6,265.6,7410.0,7957.0,NIFTY,2026-09-29,24050.0,PE,3
2026-09-03 08:00:00+00:00,265.3,265.3,247.55,253.25,2210.0,9904.0,NIFTY,2026-09-29,24050.0,PE,3
2026-09-03 08:05:00+00:00,251.2,263.0,249.0,263.0,1495.0,7912.0,NIFTY,2026-09-29,24050.0,PE,3
2026-09-03 08:10:00+00:00,263.9,266.95,262.75,266.95,585.0,3963.0,NIFTY,2026-09-29,24050.0,PE,3
2026-09-03 08:15:00+00:00,267.5,270.2,265.5,265.5,1430.0,5927.0,NIFTY,2026-09-29,24050.0,PE,3
2026-09-03 08:20:00+00:00,259.15,266.3,259.05,266.0,1040.0,1973.0,NIFTY,2026-09-29,24050.0,PE,3
2026-09-03 08:25:00+00:00,264.0,264.0,256.3,258.2,1885.0,7870.0,NIFTY,2026-09-29,24050.0,PE,3
2026-09-03 08:30:00+00:00,258.35,261.8,256.25,256.5,1885.0,3932.0,NIFTY,2026-09-29,24050.0,PE,3
2026-09-03 08:35:00+00:00,256.9,261.7,256.9,261.4,910.0,5890.0,NIFTY,2026-09-29,24050.0,PE,3
2026-09-03 08:40:00+00:00,260.3,260.5,259.9,260.5,455.0,3927.0,NIFTY,2026-09-29,24050.0,PE,3
2026-09-03 08:45:00+00:00,261.0,263.25,261.0,261.25,2210.0,3929.0,NIFTY,2026-09-29,24050.0,PE,3
2026-09-03 08:50:00+00:00,256.15,261.85,256.15,261.85,130.0,1965.0,NIFTY,2026-09-29,24050.0,PE,3
2026-09-03 08:55:00+00:00,260.1,260.1,254.75,254.75,260.0,1964.0,NIFTY,2026-09-29,24050.0,PE,3
2026-09-03 09:00:00+00:00,258.9,259.55,257.75,257.75,325.0,5892.0,NIFTY,2026-09-29,24050.0,PE,3
2026-09-03 09:05:00+00:00,257.5,259.65,257.4,259.65,845.0,3924.0,NIFTY,2026-09-29,24050.0,PE,3
2026-09-03 09:10:00+00:00,261.5,264.5,261.5,264.5,260.0,1963.0,NIFTY,2026-09-29,24050.0,PE,3
2026-09-03 09:15:00+00:00,260.0,265.0,260.0,262.05,975.0,5891.0,NIFTY,2026-09-29,24050.0,PE,3
2026-09-03 09:20:00+00:00,260.0,264.7,259.2,264.7,1170.0,3931.0,NIFTY,2026-09-29,24050.0,PE,3
2026-09-03 09:25:00+00:00,265.0,274.75,264.4,268.2,6240.0,9794.0,NIFTY,2026-09-29,24050.0,PE,3
2026-09-03 09:30:00+00:00,271.25,272.1,268.6,271.25,520.0,3922.0,NIFTY,2026-09-29,24050.0,PE,3
2026-09-03 09:35:00+00:00,271.7,276.55,271.35,271.8,2210.0,9796.0,NIFTY,2026-09-29,24050.0,PE,3
2026-09-03 09:40:00+00:00,271.5,271.95,265.65,265.65,1560.0,7784.0,NIFTY,2026-09-29,24050.0,PE,3
2026-09-03 09:45:00+00:00,266.45,266.45,264.35,264.35,455.0,,NIFTY,2026-09-29,24050.0,PE,3
2026-09-03 09:50:00+00:00,263.85,275.0,263.85,272.25,1625.0,5852.0,NIFTY,2026-09-29,24050.0,PE,3
2026-09-03 09:55:00+00:00,272.9,285.55,270.95,285.55,16445.0,7835.0,NIFTY,2026-09-29,24050.0,PE,3
2026-09-03 10:00:00+00:00,286.6,289.15,279.9,289.15,2795.0,7887.0,NIFTY,2026-09-29,24050.0,PE,3
2026-09-03 10:05:00+00:00,290.65,301.5,285.2,297.4,29575.0,9714.0,NIFTY,2026-09-29,24050.0,PE,3
2026-09-04 03:45:00+00:00,250.35,264.75,244.8,244.8,102245.0,7698.0,NIFTY,2026-09-29,24050.0,PE,3
2026-09-04 03:50:00+00:00,244.7,252.6,243.3,249.9,10790.0,8320.0,NIFTY,2026-09-29,24050.0,PE,3
2026-09-04 03:55:00+00:00,247.7,255.95,246.75,253.75,4355.0,8347.0,NIFTY,2026-09-29,24050.0,PE,3
2026-09-04 04:00:00+00:00,253.6,260.0,249.6,252.15,5005.0,8331.0,NIFTY,2026-09-29,24050.0,PE,3
2026-09-04 04:05:00+00:00,256.7,257.8,252.3,256.0,2860.0,4988.0,NIFTY,2026-09-29,24050.0,PE,3
2026-09-04 04:10:00+00:00,253.5,255.75,252.3,252.8,1430.0,4964.0,NIFTY,2026-09-29,24050.0,PE,3
2026-09-04 04:15:00+00:00,250.8,250.8,243.4,246.45,3835.0,4937.0,NIFTY,2026-09-29,24050.0,PE,3
2026-09-04 04:20:00+00:00,246.5,246.5,232.7,233.75,10010.0,8241.0,NIFTY,2026-09-29,24050.0,PE,3
2026-09-04 04:25:00+00:00,229.85,234.35,229.85,230.95,4420.0,4904.0,NIFTY,2026-09-29,24050.0,PE,3
2026-09-04 04:30:00+00:00,233.35,233.35,227.1,228.5,9165.0,6510.0,NIFTY,2026-09-29,24050.0,PE,3
2026-09-04 04:35:00+00:00,230.85,234.7,230.85,234.7,1560.0,8115.0,NIFTY,2026-09-29,24050.0,PE,3
2026-09-04 04:40:00+00:00,237.65,239.2,234.7,236.85,1560.0,3242.0,NIFTY,2026-09-29,24050.0,PE,3
2026-09-04 04:45:00+00:00,236.55,238.0,231.2,232.8,910.0,4861.0,NIFTY,2026-09-29,24050.0,PE,3
2026-09-04 04:50:00+00:00,233.0,233.0,229.4,230.0,2860.0,6490.0,NIFTY,2026-09-29,24050.0,PE,3
2026-09-04 04:55:00+00:00,227.95,227.95,225.5,226.4,1105.0,3246.0,NIFTY,2026-09-29,24050.0,PE,3
2026-09-04 05:00:00+00:00,222.0,225.2,220.7,225.2,2340.0,6507.0,NIFTY,2026-09-29,24050.0,PE,3
2026-09-04 05:05:00+00:00,225.05,228.65,224.4,224.4,1820.0,4874.0,NIFTY,2026-09-29,24050.0,PE,3
2026-09-04 05:10:00+00:00,224.95,226.95,224.95,225.2,520.0,6468.0,NIFTY,2026-09-29,24050.0,PE,3
2026-09-04 05:15:00+00:00,226.4,227.2,224.25,224.25,780.0,6447.0,NIFTY,2026-09-29,24050.0,PE,3
2026-09-04 05:20:00+00:00,224.75,225.3,223.4,223.4,910.0,4823.0,NIFTY,2026-09-29,24050.0,PE,3
2026-09-04 05:25:00+00:00,222.55,225.25,222.55,223.05,520.0,4808.0,NIFTY,2026-09-29,24050.0,PE,3
2026-09-04 05:30:00+00:00,223.0,225.55,222.3,225.55,2535.0,7971.0,NIFTY,2026-09-29,24050.0,PE,3
2026-09-04 05:35:00+00:00,227.1,227.4,224.75,224.75,1040.0,3181.0,NIFTY,2026-09-29,24050.0,PE,3
2026-09-04 05:40:00+00:00,223.1,227.15,222.8,227.15,1365.0,3178.0,NIFTY,2026-09-29,24050.0,PE,3
2026-09-04 05:45:00+00:00,227.4,228.0,224.9,224.9,1300.0,4762.0,NIFTY,2026-09-29,24050.0,PE,3
2026-09-04 05:50:00+00:00,220.9,222.4,220.7,221.35,1235.0,4750.0,NIFTY,2026-09-29,24050.0,PE,3
2026-09-04 05:55:00+00:00,223.3,223.3,218.0,218.0,1560.0,6310.0,NIFTY,2026-09-29,24050.0,PE,3
2026-09-04 06:00:00+00:00,219.85,219.85,215.8,216.4,1300.0,4709.0,NIFTY,2026-09-29,24050.0,PE,3
2026-09-04 06:05:00+00:00,216.4,216.4,211.9,212.85,1755.0,3130.0,NIFTY,2026-09-29,24050.0,PE,3
2026-09-04 06:10:00+00:00,212.3,216.65,211.75,216.65,1950.0,6221.0,NIFTY,2026-09-29,24050.0,PE,3
2026-09-04 06:15:00+00:00,216.7,216.7,215.2,215.25,650.0,4653.0,NIFTY,2026-09-29,24050.0,PE,3
2026-09-04 06:20:00+00:00,215.0,216.4,213.45,215.6,780.0,3099.0,NIFTY,2026-09-29,24050.0,PE,3
2026-09-04 06:25:00+00:00,215.1,216.8,215.1,216.8,195.0,1548.0,NIFTY,2026-09-29,24050.0,PE,3
2026-09-04 06:30:00+00:00,217.9,226.5,217.9,226.5,1560.0,1548.0,NIFTY,2026-09-29,24050.0,PE,3
2026-09-04 06:35:00+00:00,225.75,226.35,224.6,224.6,520.0,4646.0,NIFTY,2026-09-29,24050.0,PE,3
2026-09-04 06:40:00+00:00,225.7,231.15,225.7,230.1,2080.0,6191.0,NIFTY,2026-09-29,24050.0,PE,3
2026-09-04 06:45:00+00:00,230.65,235.0,230.6,233.45,3315.0,6168.0,NIFTY,2026-09-29,24050.0,PE,3
2026-09-04 06:50:00+00:00,234.1,240.8,234.1,240.8,2470.0,7709.0,NIFTY,2026-09-29,24050.0,PE,3
2026-09-04 06:55:00+00:00,241.55,241.95,234.75,237.5,2665.0,7692.0,NIFTY,2026-09-29,24050.0,PE,3
2026-09-04 07:00:00+00:00,236.75,239.0,236.75,238.0,325.0,1539.0,NIFTY,2026-09-29,24050.0,PE,3
2026-09-04 07:05:00+00:00,238.7,242.5,238.7,242.5,1950.0,3077.0,NIFTY,2026-09-29,24050.0,PE,3
2026-09-04 07:10:00+00:00,238.95,241.1,237.95,241.1,2015.0,4615.0,NIFTY,2026-09-29,24050.0,PE,3
2026-09-04 07:15:00+00:00,240.25,242.4,237.6,237.65,2080.0,7712.0,NIFTY,2026-09-29,24050.0,PE,3
2026-09-04 07:20:00+00:00,237.6,239.1,233.4,234.9,2405.0,1550.0,NIFTY,2026-09-29,24050.0,PE,3
2026-09-04 07:25:00+00:00,236.55,244.3,235.9,239.85,6110.0,6245.0,NIFTY,2026-09-29,24050.0,PE,3
2026-09-04 07:30:00+00:00,240.05,240.05,235.25,238.85,2600.0,3167.0,NIFTY,2026-09-29,24050.0,PE,3
2026-09-04 07:35:00+00:00,237.75,238.95,234.55,234.55,585.0,3179.0,NIFTY,2026-09-29,24050.0,PE,3
2026-09-04 07:40:00+00:00,232.75,232.75,228.6,231.05,3315.0,4768.0,NIFTY,2026-09-29,24050.0,PE,3
2026-09-04 07:45:00+00:00,231.0,231.0,223.7,227.45,1950.0,3185.0,NIFTY,2026-09-29,24050.0,PE,3
2026-09-04 07:50:00+00:00,227.75,228.15,227.65,228.15,520.0,3188.0,NIFTY,2026-09-29,24050.0,PE,3
2026-09-04 07:55:00+00:00,231.95,235.85,231.95,235.15,650.0,4779.0,NIFTY,2026-09-29,24050.0,PE,3
2026-09-04 08:00:00+00:00,236.2,240.5,236.2,240.5,650.0,3188.0,NIFTY,2026-09-29,24050.0,PE,3
2026-09-04 08:05:00+00:00,240.5,240.5,235.2,235.2,1300.0,3175.0,NIFTY,2026-09-29,24050.0,PE,3
2026-09-04 08:10:00+00:00,234.85,236.45,233.35,233.35,1300.0,4769.0,NIFTY,2026-09-29,24050.0,PE,3
2026-09-04 08:15:00+00:00,234.15,234.2,229.6,231.05,1170.0,6357.0,NIFTY,2026-09-29,24050.0,PE,3
2026-09-04 08:20:00+00:00,231.05,238.2,231.05,237.7,1495.0,3181.0,NIFTY,2026-09-29,24050.0,PE,3
2026-09-04 08:25:00+00:00,237.1,238.4,234.8,235.15,1690.0,,NIFTY,2026-09-29,24050.0,PE,3
2026-09-04 08:30:00+00:00,234.95,236.35,234.65,234.8,1105.0,1597.0,NIFTY,2026-09-29,24050.0,PE,3
2026-09-04 08:35:00+00:00,232.45,234.8,232.45,233.55,715.0,1597.0,NIFTY,2026-09-29,24050.0,PE,3
2026-09-04 08:40:00+00:00,233.6,233.75,230.0,230.15,975.0,1600.0,NIFTY,2026-09-29,24050.0,PE,3
2026-09-04 08:45:00+00:00,231.0,231.0,231.0,231.0,65.0,1600.0,NIFTY,2026-09-29,24050.0,PE,3
2026-09-04 08:50:00+00:00,231.95,231.95,229.4,230.05,390.0,1601.0,NIFTY,2026-09-29,24050.0,PE,3
2026-09-04 08:55:00+00:00,231.0,231.0,224.0,224.0,3120.0,1596.0,NIFTY,2026-09-29,24050.0,PE,3
2026-09-04 09:00:00+00:00,223.5,223.65,221.55,223.65,585.0,1597.0,NIFTY,2026-09-29,24050.0,PE,3
2026-09-04 09:05:00+00:00,227.5,235.65,227.5,234.0,3185.0,4788.0,NIFTY,2026-09-29,24050.0,PE,3
2026-09-04 09:10:00+00:00,233.3,236.1,232.25,236.1,2275.0,4778.0,NIFTY,2026-09-29,24050.0,PE,3
2026-09-04 09:15:00+00:00,234.0,236.85,233.35,233.5,3770.0,4777.0,NIFTY,2026-09-29,24050.0,PE,3
2026-09-04 09:20:00+00:00,232.8,236.6,231.55,234.6,1755.0,4776.0,NIFTY,2026-09-29,24050.0,PE,3
2026-09-04 09:25:00+00:00,234.3,235.25,231.5,234.05,1495.0,1593.0,NIFTY,2026-09-29,24050.0,PE,3
2026-09-04 09:30:00+00:00,233.0,236.55,233.0,236.05,1040.0,6370.0,NIFTY,2026-09-29,24050.0,PE,3
2026-09-04 09:35:00+00:00,237.6,237.6,234.15,235.4,975.0,3183.0,NIFTY,2026-09-29,24050.0,PE,3
2026-09-04 09:40:00+00:00,235.4,235.4,230.75,233.9,1300.0,3188.0,NIFTY,2026-09-29,24050.0,PE,3
2026-09-04 09:45:00+00:00,233.8,233.9,230.8,231.3,1040.0,3179.0,NIFTY,2026-09-29,24050.0,PE,3
2026-09-04 09:50:00+00:00,231.9,242.3,231.9,241.55,9230.0,4730.0,NIFTY,2026-09-29,24050.0,PE,3
2026-09-04 09:55:00+00:00,237.65,239.3,234.3,238.55,5590.0,4650.0,NIFTY,2026-09-29,24050.0,PE,3
2026-09-04 10:00:00+00:00,238.45,238.95,236.65,237.45,4875.0,7655.0,NIFTY,2026-09-29,24050.0,PE,3
2026-09-04 10:05:00+00:00,237.3,239.1,236.45,237.0,4810.0,7666.0,NIFTY,2026-09-29,24050.0,PE,3
2026-09-07 03:45:00+00:00,270.0,299.95,263.4,287.0,32370.0,7603.0,NIFTY,2026-09-29,24050.0,PE,3
2026-09-07 03:50:00+00:00,288.3,292.7,286.0,292.7,1560.0,4475.0,NIFTY,2026-09-29,24050.0,PE,3
2026-09-07 03:55:00+00:00,295.0,300.55,294.9,299.95,2210.0,5964.0,NIFTY,2026-09-29,24050.0,PE,3
2026-09-07 04:00:00+00:00,300.25,301.15,292.4,292.4,2275.0,4447.0,NIFTY,2026-09-29,24050.0,PE,3
2026-09-07 04:05:00+00:00,291.5,291.5,288.6,289.65,845.0,2955.0,NIFTY,2026-09-29,24050.0,PE,3
2026-09-07 04:10:00+00:00,287.0,290.0,286.65,289.5,1040.0,5908.0,NIFTY,2026-09-29,24050.0,PE,3
2026-09-07 04:15:00+00:00,289.05,294.05,288.7,293.5,1625.0,5922.0,NIFTY,2026-09-29,24050.0,PE,3
2026-09-07 04:20:00+00:00,295.55,300.45,292.85,300.45,4420.0,5907.0,NIFTY,2026-09-29,24050.0,PE,3
2026-09-07 04:25:00+00:00,305.3,305.3,296.9,301.5,1170.0,4344.0,NIFTY,2026-09-29,24050.0,PE,3
2026-09-07 04:30:00+00:00,299.85,301.95,298.5,298.5,845.0,2893.0,NIFTY,2026-09-29,24050.0,PE,3
2026-09-07 04:35:00+00:00,298.6,298.6,298.6,298.6,390.0,,NIFTY,2026-09-29,24050.0,PE,3
2026-09-07 04:40:00+00:00,302.55,307.25,302.5,306.9,6305.0,7244.0,NIFTY,2026-09-29,24050.0,PE,3
2026-09-07 04:45:00+00:00,306.75,316.15,306.75,314.8,4030.0,7250.0,NIFTY,2026-09-29,24050.0,PE,3
2026-09-07 04:50:00+00:00,315.0,315.0,306.2,306.2,1495.0,2889.0,NIFTY,2026-09-29,24050.0,PE,3
2026-09-07 04:55:00+00:00,309.0,310.8,307.7,308.35,845.0,1444.0,NIFTY,2026-09-29,24050.0,PE,3
2026-09-07 05:00:00+00:00,307.8,308.9,306.85,308.25,2340.0,4312.0,NIFTY,2026-09-29,24050.0,PE,3
2026-09-07 05:05:00+00:00,310.0,310.0,310.0,310.0,780.0,,NIFTY,2026-09-29,24050.0,PE,3
2026-09-07 05:10:00+00:00,308.15,310.0,308.0,308.0,715.0,2856.0,NIFTY,2026-09-29,24050.0,PE,3
2026-09-07 05:15:00+00:00,308.25,313.0,308.25,313.0,650.0,1427.0,NIFTY,2026-09-29,24050.0,PE,3
2026-09-07 05:20:00+00:00,313.15,314.9,312.65,314.9,195.0,2852.0,NIFTY,2026-09-29,24050.0,PE,3
2026-09-07 05:25:00+00:00,317.7,317.7,314.65,314.65,715.0,1424.0,NIFTY,2026-09-29,24050.0,PE,3
2026-09-07 05:30:00+00:00,316.05,324.95,315.9,324.95,520.0,2847.0,NIFTY,2026-09-29,24050.0,PE,3
2026-09-07 05:35:00+00:00,327.9,329.85,326.9,329.5,845.0,5695.0,NIFTY,2026-09-29,24050.0,PE,3
2026-09-07 05:40:00+00:00,331.95,331.95,330.4,330.75,1560.0,1412.0,NIFTY,2026-09-29,24050.0,PE,3
2026-09-07 05:45:00+00:00,330.7,331.65,327.55,327.55,585.0,4239.0,NIFTY,2026-09-29,24050.0,PE,3
2026-09-07 05:50:00+00:00,329.1,329.1,322.65,325.65,2405.0,5681.0,NIFTY,2026-09-29,24050.0,PE,3
2026-09-07 05:55:00+00:00,326.45,329.05,326.45,328.25,975.0,4309.0,NIFTY,2026-09-29,24050.0,PE,3
2026-09-07 06:00:00+00:00,326.45,326.45,326.45,326.45,260.0,1440.0,NIFTY,2026-09-29,24050.0,PE,3
2026-09-07 06:05:00+00:00,327.9,329.4,327.9,329.4,455.0,2884.0,NIFTY,2026-09-29,24050.0,PE,3
2026-09-07 06:10:00+00:00,334.25,334.25,327.0,327.0,325.0,2882.0,NIFTY,2026-09-29,24050.0,PE,3
2026-09-07 06:15:00+00:00,324.9,324.9,324.9,324.9,65.0,1439.0,NIFTY,2026-09-29,24050.0,PE,3
2026-09-07 06:20:00+00:00,325.0,325.0,317.95,317.95,715.0,,NIFTY,2026-09-29,24050.0,PE,3
2026-09-07 06:25:00+00:00,319.2,319.2,319.2,319.2,65.0,,NIFTY,2026-09-29,24050.0,PE,3
2026-09-07 06:30:00+00:00,321.0,321.0,321.0,321.0,325.0,,NIFTY,2026-09-29,24050.0,PE,3
2026-09-07 06:35:00+00:00,317.65,317.65,314.1,314.1,130.0,2873.0,NIFTY,2026-09-29,24050.0,PE,3
2026-09-07 06:40:00+00:00,314.25,314.25,311.7,312.0,260.0,2872.0,NIFTY,2026-09-29,24050.0,PE,3
2026-09-07 06:45:00+00:00,314.0,314.0,314.0,314.0,65.0,,NIFTY,2026-09-29,24050.0,PE,3
2026-09-07 06:50:00+00:00,325.05,326.5,322.5,322.5,2145.0,4321.0,NIFTY,2026-09-29,24050.0,PE,3
2026-09-07 06:55:00+00:00,323.0,327.7,322.85,327.7,2665.0,7308.0,NIFTY,2026-09-29,24050.0,PE,3
2026-09-07 07:00:00+00:00,329.85,332.3,324.95,324.95,4810.0,5950.0,NIFTY,2026-09-29,24050.0,PE,3
2026-09-07 07:05:00+00:00,325.35,329.0,321.25,323.65,1235.0,3017.0,NIFTY,2026-09-29,24050.0,PE,3
2026-09-07 07:10:00+00:00,325.0,325.0,324.35,324.35,455.0,1511.0,NIFTY,2026-09-29,24050.0,PE,3
2026-09-07 07:15:00+00:00,323.75,329.9,323.75,328.45,5005.0,7636.0,NIFTY,2026-09-29,24050.0,PE,3
2026-09-07 07:20:00+00:00,328.95,340.15,328.95,337.0,6435.0,7791.0,NIFTY,2026-09-29,24050.0,PE,3
2026-09-07 07:25:00+00:00,336.0,338.55,331.0,331.0,2470.0,3155.0,NIFTY,2026-09-29,24050.0,PE,3
2026-09-07 07:30:00+00:00,334.0,334.0,327.75,329.05,13065.0,4550.0,NIFTY,2026-09-29,24050.0,PE,3
2026-09-07 07:35:00+00:00,326.15,327.0,326.15,327.0,195.0,1476.0,NIFTY,2026-09-29,24050.0,PE,3
2026-09-07 07:40:00+00:00,327.1,327.1,327.1,327.1,650.0,,NIFTY,2026-09-29,24050.0,PE,3
2026-09-07 07:45:00+00:00,328.95,328.95,328.95,328.95,65.0,1480.0,NIFTY,2026-09-29,24050.0,PE,3
2026-09-07 07:50:00+00:00,325.25,325.25,325.25,325.25,65.0,,NIFTY,2026-09-29,24050.0,PE,3
2026-09-07 07:55:00+00:00,320.5,323.0,320.5,323.0,130.0,1480.0,NIFTY,2026-09-29,24050.0,PE,3
2026-09-07 08:00:00+00:00,322.6,326.0,322.0,322.0,390.0,1479.0,NIFTY,2026-09-29,24050.0,PE,3
2026-09-07 08:05:00+00:00,322.75,323.5,318.95,320.15,8970.0,1435.0,NIFTY,2026-09-29,24050.0,PE,3
2026-09-07 08:10:00+00:00,320.55,322.5,320.55,322.5,195.0,1402.0,NIFTY,2026-09-29,24050.0,PE,3
2026-09-07 08:15:00+00:00,319.0,319.0,316.95,316.95,260.0,2800.0,NIFTY,2026-09-29,24050.0,PE,3
2026-09-07 08:20:00+00:00,312.0,312.0,304.05,305.4,7670.0,2858.0,NIFTY,2026-09-29,24050.0,PE,3
2026-09-07 08:25:00+00:00,307.35,307.35,303.95,305.45,2340.0,5742.0,NIFTY,2026-09-29,24050.0,PE,3
2026-09-07 08:30:00+00:00,302.1,302.1,300.7,300.95,260.0,2885.0,NIFTY,2026-09-29,24050.0,PE,3
2026-09-07 08:35:00+00:00,303.65,310.0,303.65,310.0,390.0,1441.0,NIFTY,2026-09-29,24050.0,PE,3
2026-09-07 08:40:00+00:00,307.05,307.45,305.2,307.0,2275.0,4362.0,NIFTY,2026-09-29,24050.0,PE,3
2026-09-07 08:45:00+00:00,305.9,311.5,303.0,309.8,2470.0,4397.0,NIFTY,2026-09-29,24050.0,PE,3
2026-09-07 08:55:00+00:00,302.45,304.55,302.2,303.3,3835.0,4407.0,NIFTY,2026-09-29,24050.0,PE,3
2026-09-07 09:00:00+00:00,302.0,310.05,302.0,310.05,195.0,,NIFTY,2026-09-29,24050.0,PE,3
2026-09-07 09:10:00+00:00,317.9,322.9,317.9,322.9,4420.0,7402.0,NIFTY,2026-09-29,24050.0,PE,3
2026-09-07 09:15:00+00:00,323.15,326.2,322.1,323.25,2405.0,3016.0,NIFTY,2026-09-29,24050.0,PE,3
2026-09-07 09:20:00+00:00,321.75,324.35,321.75,324.35,195.0,1515.0,NIFTY,2026-09-29,24050.0,PE,3
2026-09-07 09:25:00+00:00,323.4,324.5,323.4,324.5,390.0,1521.0,NIFTY,2026-09-29,24050.0,PE,3
2026-09-07 09:30:00+00:00,325.0,325.0,317.9,322.8,4160.0,7606.0,NIFTY,2026-09-29,24050.0,PE,3
2026-09-07 09:35:00+00:00,322.0,325.0,320.0,325.0,24700.0,5850.0,NIFTY,2026-09-29,24050.0,PE,3
2026-09-07 09:40:00+00:00,324.95,324.95,320.7,320.7,585.0,2916.0,NIFTY,2026-09-29,24050.0,PE,3
2026-09-07 09:45:00+00:00,321.75,335.2,321.35,335.2,5265.0,7302.0,NIFTY,2026-09-29,24050.0,PE,3
2026-09-07 09:50:00+00:00,335.8,335.8,325.1,328.35,1365.0,2947.0,NIFTY,2026-09-29,24050.0,PE,3
2026-09-07 09:55:00+00:00,326.0,330.35,326.0,330.0,520.0,2936.0,NIFTY,2026-09-29,24050.0,PE,3
2026-09-07 10:00:00+00:00,329.95,334.5,329.95,334.5,585.0,2928.0,NIFTY,2026-09-29,24050.0,PE,3
2026-09-07 10:05:00+00:00,335.95,336.8,335.25,335.95,2145.0,2904.0,NIFTY,2026-09-29,24050.0,PE,3
2026-09-08 03:45:00+00:00,327.55,385.75,327.55,378.8,4290.0,4359.0,NIFTY,2026-09-29,24050.0,PE,3
2026-09-08 03:50:00+00:00,379.0,385.85,378.0,381.9,4160.0,5807.0,NIFTY,2026-09-29,24050.0,PE,3
2026-09-08 03:55:00+00:00,382.6,389.85,382.6,389.85,455.0,4314.0,NIFTY,2026-09-29,24050.0,PE,3
2026-09-08 04:00:00+00:00,383.15,385.95,383.15,383.15,975.0,,NIFTY,2026-09-29,24050.0,PE,3
2026-09-08 04:05:00+00:00,384.25,384.25,374.8,374.8,1365.0,5733.0,NIFTY,2026-09-29,24050.0,PE,3
2026-09-08 04:10:00+00:00,379.4,391.0,379.0,391.0,520.0,2858.0,NIFTY,2026-09-29,24050.0,PE,3
2026-09-08 04:15:00+00:00,389.05,389.05,385.0,385.0,390.0,1427.0,NIFTY,2026-09-29,24050.0,PE,3
2026-09-08 04:20:00+00:00,374.7,383.0,374.7,380.05,1560.0,4273.0,NIFTY,2026-09-29,24050.0,PE,3
2026-09-08 04:25:00+00:00,383.0,391.75,383.0,391.75,195.0,,NIFTY,2026-09-29,24050.0,PE,3
2026-09-08 04:30:00+00:00,389.8,394.85,387.95,392.05,650.0,1422.0,NIFTY,2026-09-29,24050.0,PE,3
2026-09-08 04:35:00+00:00,387.95,387.95,378.0,378.0,455.0,2841.0,NIFTY,2026-09-29,24050.0,PE,3
2026-09-08 04:40:00+00:00,377.75,379.05,360.35,360.35,2535.0,2839.0,NIFTY,2026-09-29,24050.0,PE,3
2026-09-08 04:45:00+00:00,355.1,369.5,355.1,364.15,2210.0,1418.0,NIFTY,2026-09-29,24050.0,PE,3
2026-09-08 04:50:00+00:00,367.0,371.8,367.0,371.8,455.0,2839.0,NIFTY,2026-09-29,24050.0,PE,3
2026-09-08 04:55:00+00:00,376.9,376.9,373.75,373.75,195.0,,NIFTY,2026-09-29,24050.0,PE,3
2026-09-08 05:00:00+00:00,373.1,373.1,373.1,373.1,65.0,1419.0,NIFTY,2026-09-29,24050.0,PE,3
2026-09-08 05:05:00+00:00,379.15,388.95,379.0,386.6,520.0,2838.0,NIFTY,2026-09-29,24050.0,PE,3
2026-09-08 05:10:00+00:00,389.0,390.0,388.05,390.0,260.0,1418.0,NIFTY,2026-09-29,24050.0,PE,3
2026-09-08 05:20:00+00:00,377.0,382.35,375.45,382.35,975.0,1418.0,NIFTY,2026-09-29,24050.0,PE,3
2026-09-08 05:30:00+00:00,388.2,388.2,388.2,388.2,65.0,1411.0,NIFTY,2026-09-29,24050.0,PE,3
2026-09-08 05:35:00+00:00,380.05,380.05,380.05,380.05,130.0,,NIFTY,2026-09-29,24050.0,PE,3
2026-09-08 05:45:00+00:00,379.1,379.1,379.1,379.1,650.0,,NIFTY,2026-09-29,24050.0,PE,3
2026-09-08 06:00:00+00:00,388.55,389.55,388.55,389.55,130.0,,NIFTY,2026-09-29,24050.0,PE,3
2026-09-08 06:05:00+00:00,386.7,386.7,386.7,386.7,65.0,1411.0,NIFTY,2026-09-29,24050.0,PE,3
2026-09-08 06:10:00+00:00,383.4,385.0,383.4,385.0,2925.0,2841.0,NIFTY,2026-09-29,24050.0,PE,3
2026-09-08 06:15:00+00:00,387.0,387.0,387.0,387.0,65.0,1436.0,NIFTY,2026-09-29,24050.0,PE,3
2026-09-08 06:25:00+00:00,391.0,391.0,391.0,391.0,65.0,1435.0,NIFTY,2026-09-29,24050.0,PE,3
2026-09-08 06:30:00+00:00,396.45,403.2,396.45,402.0,5915.0,2903.0,NIFTY,2026-09-29,24050.0,PE,3
2026-09-08 06:35:00+00:00,405.0,407.95,405.0,406.65,325.0,4450.0,NIFTY,2026-09-29,24050.0,PE,3
2026-09-08 06:40:00+00:00,406.15,406.15,400.2,404.3,3120.0,4477.0,NIFTY,2026-09-29,24050.0,PE,3
2026-09-08 06:45:00+00:00,401.45,401.45,401.4,401.4,1235.0,1491.0,NIFTY,2026-09-29,24050.0,PE,3
2026-09-08 06:50:00+00:00,402.5,402.5,402.5,402.5,65.0,1504.0,NIFTY,2026-09-29,24050.0,PE,3
2026-09-08 06:55:00+00:00,396.55,396.55,396.55,396.55,65.0,,NIFTY,2026-09-29,24050.0,PE,3
2026-09-08 07:00:00+00:00,393.35,393.35,393.35,393.35,65.0,,NIFTY,2026-09-29,24050.0,PE,3
2026-09-08 07:05:00+00:00,381.55,383.25,381.55,383.25,325.0,1503.0,NIFTY,2026-09-29,24050.0,PE,3
2026-09-08 07:15:00+00:00,396.0,398.75,396.0,398.75,195.0,,NIFTY,2026-09-29,24050.0,PE,3
2026-09-08 07:20:00+00:00,395.8,398.75,395.5,398.75,5590.0,,NIFTY,2026-09-29,24050.0,PE,3
2026-09-08 07:25:00+00:00,392.9,394.2,392.9,393.95,260.0,1500.0,NIFTY,2026-09-29,24050.0,PE,3
2026-09-08 07:30:00+00:00,396.55,397.9,394.25,397.5,520.0,1500.0,NIFTY,2026-09-29,24050.0,PE,3
2026-09-08 07:35:00+00:00,397.5,397.5,397.5,397.5,130.0,1499.0,NIFTY,2026-09-29,24050.0,PE,3
2026-09-08 07:40:00+00:00,394.65,394.65,394.65,394.65,65.0,,NIFTY,2026-09-29,24050.0,PE,3
2026-09-08 07:45:00+00:00,395.85,395.85,395.15,395.15,195.0,,NIFTY,2026-09-29,24050.0,PE,3
2026-09-08 07:50:00+00:00,396.35,396.35,396.35,396.35,65.0,,NIFTY,2026-09-29,24050.0,PE,3
2026-09-08 07:55:00+00:00,401.1,404.0,401.1,402.95,975.0,,NIFTY,2026-09-29,24050.0,PE,3
2026-09-08 08:00:00+00:00,404.0,408.05,404.0,408.05,195.0,2997.0,NIFTY,2026-09-29,24050.0,PE,3
2026-09-08 08:05:00+00:00,405.6,407.05,405.6,407.05,1820.0,1498.0,NIFTY,2026-09-29,24050.0,PE,3
2026-09-08 08:10:00+00:00,406.4,406.75,405.1,406.75,1820.0,1527.0,NIFTY,2026-09-29,24050.0,PE,3
2026-09-08 08:15:00+00:00,411.85,411.85,411.75,411.75,130.0,,NIFTY,2026-09-29,24050.0,PE,3
2026-09-08 08:20:00+00:00,415.0,420.05,415.0,419.55,715.0,1524.0,NIFTY,2026-09-29,24050.0,PE,3
2026-09-08 08:25:00+00:00,413.0,413.0,413.0,413.0,130.0,1521.0,NIFTY,2026-09-29,24050.0,PE,3
2026-09-08 08:30:00+00:00,410.55,412.75,408.0,408.0,845.0,3034.0,NIFTY,2026-09-29,24050.0,PE,3
2026-09-08 08:35:00+00:00,404.0,404.0,403.8,404.0,1950.0,3047.0,NIFTY,2026-09-29,24050.0,PE,3
2026-09-08 08:40:00+00:00,401.0,401.0,396.0,401.0,325.0,3058.0,NIFTY,2026-09-29,24050.0,PE,3
2026-09-08 08:45:00+00:00,396.65,397.25,395.0,395.0,2795.0,1530.0,NIFTY,2026-09-29,24050.0,PE,3
2026-09-08 08:50:00+00:00,397.95,397.95,397.95,397.95,455.0,1548.0,NIFTY,2026-09-29,24050.0,PE,3
2026-09-08 08:55:00+00:00,405.1,406.2,405.1,406.2,325.0,1553.0,NIFTY,2026-09-29,24050.0,PE,3
2026-09-08 09:00:00+00:00,400.95,400.95,397.95,397.95,195.0,1552.0,NIFTY,2026-09-29,24050.0,PE,3
2026-09-08 09:05:00+00:00,396.2,396.2,396.2,396.2,65.0,,NIFTY,2026-09-29,24050.0,PE,3
2026-09-08 09:10:00+00:00,400.0,400.0,396.05,396.05,715.0,1553.0,NIFTY,2026-09-29,24050.0,PE,3
2026-09-08 09:15:00+00:00,399.0,399.0,399.0,399.0,195.0,1559.0,NIFTY,2026-09-29,24050.0,PE,3
2026-09-08 09:20:00+00:00,403.25,403.25,401.7,402.0,325.0,,NIFTY,2026-09-29,24050.0,PE,3
2026-09-08 09:25:00+00:00,407.7,407.7,400.8,400.8,325.0,3116.0,NIFTY,2026-09-29,24050.0,PE,3
2026-09-08 09:30:00+00:00,399.65,404.55,399.65,404.25,780.0,3112.0,NIFTY,2026-09-29,24050.0,PE,3
2026-09-08 09:35:00+00:00,403.35,403.35,403.35,403.35,65.0,,NIFTY,2026-09-29,24050.0,PE,3
2026-09-08 09:40:00+00:00,398.2,407.4,391.25,407.4,2275.0,7733.0,NIFTY,2026-09-29,24050.0,PE,3
2026-09-08 09:45:00+00:00,396.95,407.1,396.95,405.8,1300.0,1536.0,NIFTY,2026-09-29,24050.0,PE,3
2026-09-08 09:50:00+00:00,406.9,411.8,406.9,407.9,650.0,3075.0,NIFTY,2026-09-29,24050.0,PE,3
2026-09-08 09:55:00+00:00,402.75,406.0,402.75,406.0,195.0,,NIFTY,2026-09-29,24050.0,PE,3
2026-09-08 10:00:00+00:00,411.8,411.8,400.0,400.25,780.0,3066.0,NIFTY,2026-09-29,24050.0,PE,3
2026-09-08 10:05:00+00:00,403.0,409.15,403.0,403.55,455.0,3058.0,NIFTY,2026-09-29,24050.0,PE,3
2026-09-09 03:45:00+00:00,506.8,521.8,506.8,515.05,2470.0,4574.0,NIFTY,2026-09-29,24050.0,PE,3
2026-09-09 03:50:00+00:00,514.75,519.65,508.55,517.0,1560.0,3030.0,NIFTY,2026-09-29,24050.0,PE,3
2026-09-09 03:55:00+00:00,507.8,511.55,507.8,511.55,390.0,3014.0,NIFTY,2026-09-29,24050.0,PE,3
2026-09-09 04:00:00+00:00,509.95,513.7,506.45,508.2,780.0,3010.0,NIFTY,2026-09-29,24050.0,PE,3
2026-09-09 04:05:00+00:00,508.2,508.2,500.0,500.0,1560.0,1505.0,NIFTY,2026-09-29,24050.0,PE,3
2026-09-09 04:10:00+00:00,490.0,493.25,490.0,493.25,130.0,,NIFTY,2026-09-29,24050.0,PE,3
2026-09-09 04:15:00+00:00,500.55,514.95,495.0,514.95,325.0,3008.0,NIFTY,2026-09-29,24050.0,PE,3
2026-09-09 04:20:00+00:00,515.0,522.9,513.1,513.1,325.0,3004.0,NIFTY,2026-09-29,24050.0,PE,3
2026-09-09 04:25:00+00:00,518.45,521.95,514.0,521.9,1235.0,5994.0,NIFTY,2026-09-29,24050.0,PE,3
2026-09-09 04:30:00+00:00,530.0,530.0,530.0,530.0,1300.0,,NIFTY,2026-09-29,24050.0,PE,3
2026-09-09 04:35:00+00:00,531.3,531.3,531.3,531.3,130.0,,NIFTY,2026-09-29,24050.0,PE,3
2026-09-09 04:40:00+00:00,526.05,528.0,522.6,528.0,390.0,2989.0,NIFTY,2026-09-29,24050.0,PE,3
2026-09-09 04:45:00+00:00,522.45,522.45,500.15,500.15,780.0,4474.0,NIFTY,2026-09-29,24050.0,PE,3
2026-09-09 04:50:00+00:00,496.0,496.0,477.3,479.45,650.0,4459.0,NIFTY,2026-09-29,24050.0,PE,3
2026-09-09 04:55:00+00:00,476.7,482.45,476.7,482.45,390.0,,NIFTY,2026-09-29,24050.0,PE,3
2026-09-09 05:00:00+00:00,490.95,490.95,487.25,487.25,130.0,2967.0,NIFTY,2026-09-29,24050.0,PE,3
2026-09-09 05:05:00+00:00,498.6,502.85,498.6,502.85,325.0,1481.0,NIFTY,2026-09-29,24050.0,PE,3
2026-09-09 05:15:00+00:00,504.0,504.0,504.0,504.0,65.0,1480.0,NIFTY,2026-09-29,24050.0,PE,3
2026-09-09 05:20:00+00:00,499.0,499.9,499.0,499.45,260.0,1481.0,NIFTY,2026-09-29,24050.0,PE,3
2026-09-09 05:25:00+00:00,494.3,495.9,491.6,491.6,260.0,1482.0,NIFTY,2026-09-29,24050.0,PE,3
2026-09-09 05:30:00+00:00,488.15,488.15,488.15,488.15,455.0,,NIFTY,2026-09-29,24050.0,PE,3
2026-09-09 05:35:00+00:00,489.25,489.25,489.25,489.25,65.0,1478.0,NIFTY,2026-09-29,24050.0,PE,3
2026-09-09 05:40:00+00:00,488.25,490.0,486.55,486.55,17030.0,1478.0,NIFTY,2026-09-29,24050.0,PE,3
2026-09-09 05:50:00+00:00,484.8,495.4,484.8,495.25,195.0,1477.0,NIFTY,2026-09-29,24050.0,PE,3
2026-09-09 05:55:00+00:00,490.2,495.7,490.2,495.7,455.0,,NIFTY,2026-09-29,24050.0,PE,3
2026-09-09 06:00:00+00:00,494.2,494.2,494.2,494.2,65.0,1478.0,NIFTY,2026-09-29,24050.0,PE,3
2026-09-09 06:10:00+00:00,493.15,493.15,484.9,484.9,195.0,,NIFTY,2026-09-29,24050.0,PE,3
2026-09-09 06:15:00+00:00,483.1,483.1,483.1,483.1,65.0,,NIFTY,2026-09-29,24050.0,PE,3
2026-09-09 06:20:00+00:00,497.1,508.0,497.1,505.6,585.0,1477.0,NIFTY,2026-09-29,24050.0,PE,3
2026-09-09 06:25:00+00:00,511.4,526.0,511.4,526.0,130.0,1476.0,NIFTY,2026-09-29,24050.0,PE,3
2026-09-09 06:30:00+00:00,525.5,534.15,525.4,534.15,520.0,,NIFTY,2026-09-29,24050.0,PE,3
2026-09-09 06:35:00+00:00,536.7,537.0,536.7,537.0,130.0,,NIFTY,2026-09-29,24050.0,PE,3
2026-09-09 06:40:00+00:00,532.75,535.15,524.1,524.1,520.0,1477.0,NIFTY,2026-09-29,24050.0,PE,3
2026-09-09 06:45:00+00:00,524.1,531.2,524.1,531.2,195.0,,NIFTY,2026-09-29,24050.0,PE,3
2026-09-09 06:50:00+00:00,526.95,526.95,526.95,526.95,130.0,,NIFTY,2026-09-29,24050.0,PE,3
2026-09-09 06:55:00+00:00,522.0,522.0,512.05,512.05,780.0,1479.0,NIFTY,2026-09-29,24050.0,PE,3
2026-09-09 07:00:00+00:00,503.35,503.35,470.9,479.6,1105.0,1480.0,NIFTY,2026-09-29,24050.0,PE,3
2026-09-09 07:05:00+00:00,463.6,469.9,463.35,469.9,975.0,4440.0,NIFTY,2026-09-29,24050.0,PE,3
2026-09-09 07:10:00+00:00,463.35,463.35,458.95,459.25,520.0,1479.0,NIFTY,2026-09-29,24050.0,PE,3
2026-09-09 07:15:00+00:00,463.05,463.8,462.0,463.8,195.0,1480.0,NIFTY,2026-09-29,24050.0,PE,3
2026-09-09 07:20:00+00:00,469.45,474.95,465.0,473.05,780.0,2958.0,NIFTY,2026-09-29,24050.0,PE,3
2026-09-09 07:25:00+00:00,476.0,478.0,458.1,458.1,1820.0,2952.0,NIFTY,2026-09-29,24050.0,PE,3
2026-09-09 07:30:00+00:00,468.4,473.15,468.4,473.15,130.0,1473.0,NIFTY,2026-09-29,24050.0,PE,3
2026-09-09 07:35:00+00:00,466.7,466.7,466.7,466.7,65.0,,NIFTY,2026-09-29,24050.0,PE,3
2026-09-09 07:40:00+00:00,476.15,479.0,476.15,479.0,390.0,,NIFTY,2026-09-29,24050.0,PE,3
2026-09-09 07:55:00+00:00,473.95,473.95,469.4,469.4,455.0,1474.0,NIFTY,2026-09-29,24050.0,PE,3
2026-09-09 08:00:00+00:00,469.4,477.05,469.4,475.95,325.0,,NIFTY,2026-09-29,24050.0,PE,3
2026-09-09 08:15:00+00:00,476.0,476.0,470.75,470.75,390.0,1475.0,NIFTY,2026-09-29,24050.0,PE,3
2026-09-09 08:25:00+00:00,467.0,467.0,467.0,467.0,1300.0,1474.0,NIFTY,2026-09-29,24050.0,PE,3
2026-09-09 08:40:00+00:00,473.55,473.55,473.55,473.55,65.0,,NIFTY,2026-09-29,24050.0,PE,3
2026-09-09 08:45:00+00:00,480.85,485.0,480.85,485.0,1365.0,1473.0,NIFTY,2026-09-29,24050.0,PE,3
2026-09-09 08:50:00+00:00,486.0,486.0,475.1,475.1,5265.0,1476.0,NIFTY,2026-09-29,24050.0,PE,3
2026-09-09 08:55:00+00:00,475.05,475.05,475.05,475.05,65.0,1476.0,NIFTY,2026-09-29,24050.0,PE,3
2026-09-09 09:00:00+00:00,490.0,490.0,490.0,490.0,65.0,1475.0,NIFTY,2026-09-29,24050.0,PE,3
2026-09-09 09:05:00+00:00,500.35,515.05,500.35,515.0,38025.0,2949.0,NIFTY,2026-09-29,24050.0,PE,3
2026-09-09 09:10:00+00:00,514.25,519.4,511.15,518.1,650.0,3738.0,NIFTY,2026-09-29,24050.0,PE,3
2026-09-09 09:15:00+00:00,517.2,520.0,516.7,516.7,1300.0,1231.0,NIFTY,2026-09-29,24050.0,PE,3
2026-09-09 09:20:00+00:00,512.8,517.6,512.8,517.6,130.0,,NIFTY,2026-09-29,24050.0,PE,3
2026-09-09 09:25:00+00:00,516.65,520.25,516.05,517.0,975.0,4915.0,NIFTY,2026-09-29,24050.0,PE,3
2026-09-09 09:30:00+00:00,520.0,524.0,517.5,524.0,2080.0,2445.0,NIFTY,2026-09-29,24050.0,PE,3
2026-09-09 09:35:00+00:00,540.15,552.15,535.0,535.0,1625.0,3639.0,NIFTY,2026-09-29,24050.0,PE,3
2026-09-09 09:40:00+00:00,534.0,538.4,534.0,537.4,1690.0,3625.0,NIFTY,2026-09-29,24050.0,PE,3
2026-09-09 09:45:00+00:00,540.7,540.7,538.0,538.55,4550.0,2407.0,NIFTY,2026-09-29,24050.0,PE,3
2026-09-09 09:50:00+00:00,539.75,550.0,532.05,550.0,3835.0,2371.0,NIFTY,2026-09-29,24050.0,PE,3
2026-09-09 09:55:00+00:00,547.95,558.5,547.95,558.5,845.0,3484.0,NIFTY,2026-09-29,24050.0,PE,3
2026-09-09 10:00:00+00:00,560.15,560.25,559.95,559.95,455.0,1157.0,NIFTY,2026-09-29,24050.0,PE,3
2026-09-09 10:05:00+00:00,571.2,571.9,571.2,571.9,780.0,2307.0,NIFTY,2026-09-29,24050.0,PE,3
2026-09-10 03:45:00+00:00,559.0,572.2,550.0,550.0,325.0,1129.0,NIFTY,2026-09-29,24050.0,PE,3
2026-09-10 03:55:00+00:00,586.6,586.6,578.7,578.7,520.0,1128.0,NIFTY,2026-09-29,24050.0,PE,3
2026-09-10 04:00:00+00:00,587.6,587.6,586.55,586.6,260.0,1124.0,NIFTY,2026-09-29,24050.0,PE,3
2026-09-10 04:05:00+00:00,586.6,589.65,586.6,589.65,1040.0,2237.0,NIFTY,2026-09-29,24050.0,PE,3
2026-09-10 04:10:00+00:00,590.75,590.75,575.95,575.95,325.0,2227.0,NIFTY,2026-09-29,24050.0,PE,3
2026-09-10 04:15:00+00:00,582.0,582.0,582.0,582.0,65.0,1111.0,NIFTY,2026-09-29,24050.0,PE,3
2026-09-10 04:25:00+00:00,574.3,574.3,574.3,574.3,195.0,1110.0,NIFTY,2026-09-29,24050.0,PE,3
2026-09-10 04:30:00+00:00,579.55,589.75,579.55,589.75,390.0,3323.0,NIFTY,2026-09-29,24050.0,PE,3
2026-09-10 04:40:00+00:00,596.0,596.0,596.0,596.0,65.0,1105.0,NIFTY,2026-09-29,24050.0,PE,3
2026-09-10 04:45:00+00:00,579.95,579.95,572.15,572.15,260.0,1103.0,NIFTY,2026-09-29,24050.0,PE,3
2026-09-10 05:05:00+00:00,576.35,576.35,576.35,576.35,130.0,,NIFTY,2026-09-29,24050.0,PE,3
2026-09-10 05:10:00+00:00,568.0,571.05,561.8,561.8,650.0,2204.0,NIFTY,2026-09-29,24050.0,PE,3
2026-09-10 05:15:00+00:00,555.95,565.3,555.95,562.85,195.0,,NIFTY,2026-09-29,24050.0,PE,3
2026-09-10 05:20:00+00:00,581.55,581.55,581.55,581.55,130.0,,NIFTY,2026-09-29,24050.0,PE,3
2026-09-10 05:25:00+00:00,591.85,593.65,591.85,593.65,195.0,2201.0,NIFTY,2026-09-29,24050.0,PE,3
2026-09-10 05:35:00+00:00,578.4,578.65,578.4,578.65,195.0,,NIFTY,2026-09-29,24050.0,PE,3
2026-09-10 05:45:00+00:00,555.0,562.4,555.0,562.4,325.0,2202.0,NIFTY,2026-09-29,24050.0,PE,3
2026-09-10 05:50:00+00:00,566.0,566.0,566.0,566.0,65.0,,NIFTY,2026-09-29,24050.0,PE,3
2026-09-10 05:55:00+00:00,579.1,579.1,579.1,579.1,65.0,,NIFTY,2026-09-29,24050.0,PE,3
2026-09-10 06:15:00+00:00,565.75,565.75,565.75,565.75,65.0,,NIFTY,2026-09-29,24050.0,PE,3
2026-09-10 06:25:00+00:00,561.7,561.7,560.0,560.0,130.0,1101.0,NIFTY,2026-09-29,24050.0,PE,3
2026-09-10 06:35:00+00:00,561.0,561.0,561.0,561.0,195.0,,NIFTY,2026-09-29,24050.0,PE,3
2026-09-10 06:50:00+00:00,549.65,555.4,549.65,555.4,845.0,,NIFTY,2026-09-29,24050.0,PE,3
2026-09-10 06:55:00+00:00,546.85,546.85,546.85,546.85,65.0,1095.0,NIFTY,2026-09-29,24050.0,PE,3
2026-09-10 07:00:00+00:00,555.35,555.4,555.35,555.4,650.0,,NIFTY,2026-09-29,24050.0,PE,3
2026-09-10 07:20:00+00:00,553.5,554.1,553.5,554.1,130.0,1089.0,NIFTY,2026-09-29,24050.0,PE,3
2026-09-10 07:40:00+00:00,577.45,577.45,564.9,564.9,130.0,2176.0,NIFTY,2026-09-29,24050.0,PE,3
2026-09-10 08:10:00+00:00,578.2,578.2,573.9,573.9,130.0,,NIFTY,2026-09-29,24050.0,PE,3
2026-09-10 08:15:00+00:00,585.35,585.35,585.35,585.35,130.0,1088.0,NIFTY,2026-09-29,24050.0,PE,3
2026-09-10 08:35:00+00:00,592.75,592.75,592.75,592.75,65.0,1088.0,NIFTY,2026-09-29,24050.0,PE,3
2026-09-10 08:45:00+00:00,596.55,596.55,595.1,595.1,195.0,2176.0,NIFTY,2026-09-29,24050.0,PE,3
2026-09-10 08:55:00+00:00,593.7,600.0,593.7,600.0,260.0,1088.0,NIFTY,2026-09-29,24050.0,PE,3
2026-09-10 09:10:00+00:00,612.55,612.55,612.55,612.55,65.0,1087.0,NIFTY,2026-09-29,24050.0,PE,3
2026-09-10 09:25:00+00:00,602.0,602.0,602.0,602.0,390.0,1086.0,NIFTY,2026-09-29,24050.0,PE,3
2026-09-10 09:30:00+00:00,632.2,632.2,621.65,624.45,4290.0,2163.0,NIFTY,2026-09-29,24050.0,PE,3
2026-09-10 09:35:00+00:00,625.0,625.0,625.0,625.0,65.0,1056.0,NIFTY,2026-09-29,24050.0,PE,3
2026-09-10 09:50:00+00:00,618.25,618.25,605.0,605.0,325.0,2111.0,NIFTY,2026-09-29,24050.0,PE,3
2026-09-10 09:55:00+00:00,603.65,603.65,603.65,603.65,260.0,1054.0,NIFTY,2026-09-29,24050.0,PE,3
2026-09-10 10:00:00+00:00,589.1,589.1,589.1,589.1,130.0,1053.0,NIFTY,2026-09-29,24050.0,PE,3
2026-09-10 10:05:00+00:00,595.0,595.0,595.0,595.0,195.0,2099.0,NIFTY,2026-09-29,24050.0,PE,3
2026-09-11 03:45:00+00:00,693.0,784.45,693.0,782.15,650.0,2098.0,NIFTY,2026-09-29,24050.0,PE,3
2026-09-11 03:50:00+00:00,772.45,772.45,763.5,763.5,325.0,1048.0,NIFTY,2026-09-29,24050.0,PE,3
2026-09-11 03:55:00+00:00,769.05,769.05,765.1,767.25,845.0,1049.0,NIFTY,2026-09-29,24050.0,PE,3
2026-09-11 04:00:00+00:00,772.8,772.8,764.55,767.7,520.0,3143.0,NIFTY,2026-09-29,24050.0,PE,3
2026-09-11 04:05:00+00:00,763.05,766.35,762.6,763.25,325.0,2089.0,NIFTY,2026-09-29,24050.0,PE,3
2026-09-11 04:10:00+00:00,770.75,770.75,770.75,770.75,65.0,1043.0,NIFTY,2026-09-29,24050.0,PE,3
2026-09-11 04:15:00+00:00,777.15,779.7,777.1,778.0,715.0,2078.0,NIFTY,2026-09-29,24050.0,PE,3
2026-09-11 04:20:00+00:00,778.45,780.3,778.45,780.3,260.0,2070.0,NIFTY,2026-09-29,24050.0,PE,3
2026-09-11 04:25:00+00:00,767.0,767.0,767.0,767.0,65.0,1035.0,NIFTY,2026-09-29,24050.0,PE,3
2026-09-11 04:30:00+00:00,757.0,757.0,757.0,757.0,65.0,1036.0,NIFTY,2026-09-29,24050.0,PE,3
2026-09-11 04:35:00+00:00,758.7,758.7,751.2,751.2,130.0,2074.0,NIFTY,2026-09-29,24050.0,PE,3
2026-09-11 04:40:00+00:00,740.0,740.0,740.0,740.0,65.0,1038.0,NIFTY,2026-09-29,24050.0,PE,3
2026-09-11 04:45:00+00:00,736.4,736.4,736.4,736.4,65.0,,NIFTY,2026-09-29,24050.0,PE,3
2026-09-11 04:50:00+00:00,732.85,732.85,727.65,727.65,390.0,2075.0,NIFTY,2026-09-29,24050.0,PE,3
2026-09-11 04:55:00+00:00,740.05,744.2,740.05,744.2,195.0,,NIFTY,2026-09-29,24050.0,PE,3
2026-09-11 05:00:00+00:00,738.5,738.5,734.9,736.05,455.0,2072.0,NIFTY,2026-09-29,24050.0,PE,3
2026-09-11 05:10:00+00:00,721.1,721.1,721.1,721.1,130.0,1035.0,NIFTY,2026-09-29,24050.0,PE,3
2026-09-11 05:30:00+00:00,725.45,725.45,724.7,724.7,195.0,1034.0,NIFTY,2026-09-29,24050.0,PE,3
2026-09-11 05:35:00+00:00,726.4,726.4,726.4,726.4,65.0,,NIFTY,2026-09-29,24050.0,PE,3
2026-09-11 05:40:00+00:00,680.4,680.4,678.7,678.7,130.0,,NIFTY,2026-09-29,24050.0,PE,3
2026-09-11 05:45:00+00:00,667.6,667.6,667.6,667.6,65.0,1033.0,NIFTY,2026-09-29,24050.0,PE,3
2026-09-11 05:50:00+00:00,659.6,659.6,659.6,659.6,1365.0,1034.0,NIFTY,2026-09-29,24050.0,PE,3
2026-09-11 05:55:00+00:00,661.0,661.0,661.0,661.0,65.0,1027.0,NIFTY,2026-09-29,24050.0,PE,3
2026-09-11 06:05:00+00:00,676.65,676.65,664.15,672.55,520.0,2046.0,NIFTY,2026-09-29,24050.0,PE,3
2026-09-11 06:10:00+00:00,665.45,669.2,665.45,669.2,130.0,1022.0,NIFTY,2026-09-29,24050.0,PE,3
2026-09-11 06:15:00+00:00,655.0,673.15,655.0,673.15,650.0,1017.0,NIFTY,2026-09-29,24050.0,PE,3
2026-09-11 06:20:00+00:00,677.4,677.4,677.4,677.4,975.0,1016.0,NIFTY,2026-09-29,24050.0,PE,3
2026-09-11 06:25:00+00:00,671.75,671.75,671.75,671.75,65.0,,NIFTY,2026-09-29,24050.0,PE,3
2026-09-11 06:40:00+00:00,685.65,690.95,684.05,684.8,1690.0,3013.0,NIFTY,2026-09-29,24050.0,PE,3
2026-09-11 06:45:00+00:00,682.8,682.8,682.8,682.8,65.0,,NIFTY,2026-09-29,24050.0,PE,3
2026-09-11 07:20:00+00:00,673.95,673.95,673.95,673.95,130.0,995.0,NIFTY,2026-09-29,24050.0,PE,3
2026-09-11 07:25:00+00:00,672.15,672.15,672.15,672.15,65.0,996.0,NIFTY,2026-09-29,24050.0,PE,3
2026-09-11 07:40:00+00:00,699.05,699.05,692.0,692.0,130.0,994.0,NIFTY,2026-09-29,24050.0,PE,3
2026-09-11 07:45:00+00:00,693.9,693.9,693.9,693.9,130.0,993.0,NIFTY,2026-09-29,24050.0,PE,3
2026-09-11 08:00:00+00:00,677.5,677.5,677.5,677.5,65.0,992.0,NIFTY,2026-09-29,24050.0,PE,3
2026-09-11 08:10:00+00:00,695.0,695.0,695.0,695.0,650.0,991.0,NIFTY,2026-09-29,24050.0,PE,3
2026-09-11 08:15:00+00:00,697.0,697.0,697.0,697.0,130.0,985.0,NIFTY,2026-09-29,24050.0,PE,3
2026-09-11 08:20:00+00:00,674.85,674.85,647.35,670.0,2795.0,1968.0,NIFTY,2026-09-29,24050.0,PE,3
2026-09-11 08:25:00+00:00,649.4,649.4,641.05,646.85,455.0,1977.0,NIFTY,2026-09-29,24050.0,PE,3
2026-09-11 08:30:00+00:00,600.0,600.0,596.05,596.05,130.0,989.0,NIFTY,2026-09-29,24050.0,PE,3
2026-09-11 08:40:00+00:00,613.3,613.3,612.05,612.05,325.0,989.0,NIFTY,2026-09-29,24050.0,PE,3
2026-09-11 08:50:00+00:00,622.35,622.35,619.0,619.0,325.0,992.0,NIFTY,2026-09-29,24050.0,PE,3
2026-09-11 08:55:00+00:00,607.05,607.05,607.05,607.05,130.0,991.0,NIFTY,2026-09-29,24050.0,PE,3
2026-09-11 09:00:00+00:00,597.5,597.5,592.0,592.0,130.0,993.0,NIFTY,2026-09-29,24050.0,PE,3
2026-09-11 09:05:00+00:00,605.0,605.0,605.0,605.0,65.0,992.0,NIFTY,2026-09-29,24050.0,PE,3
2026-09-11 09:15:00+00:00,603.0,608.0,603.0,608.0,195.0,,NIFTY,2026-09-29,24050.0,PE,3
2026-09-11 09:20:00+00:00,612.4,612.4,612.4,612.4,520.0,993.0,NIFTY,2026-09-29,24050.0,PE,3
2026-09-11 09:25:00+00:00,610.05,610.75,610.05,610.75,1560.0,1971.0,NIFTY,2026-09-29,24050.0,PE,3
2026-09-11 09:35:00+00:00,633.3,633.3,633.15,633.15,130.0,976.0,NIFTY,2026-09-29,24050.0,PE,3
2026-09-11 09:55:00+00:00,615.2,615.2,615.2,615.2,65.0,975.0,NIFTY,2026-09-29,24050.0,PE,3
2026-09-11 10:00:00+00:00,616.45,616.5,604.0,604.0,975.0,975.0,NIFTY,2026-09-29,24050.0,PE,3
2026-09-11 10:05:00+00:00,604.7,604.7,599.9,599.9,130.0,981.0,NIFTY,2026-09-29,24050.0,PE,3
2026-09-15 03:45:00+00:00,569.05,569.05,564.9,564.9,130.0,,NIFTY,2026-09-29,24050.0,PE,3
2026-09-15 03:50:00+00:00,579.1,589.0,572.75,589.0,715.0,3901.0,NIFTY,2026-09-29,24050.0,PE,3
2026-09-15 03:55:00+00:00,590.85,598.0,590.85,591.25,1235.0,4845.0,NIFTY,2026-09-29,24050.0,PE,3
2026-09-15 04:00:00+00:00,591.75,591.75,591.75,591.75,65.0,,NIFTY,2026-09-29,24050.0,PE,3
2026-09-15 04:05:00+00:00,598.9,600.4,596.05,596.05,195.0,964.0,NIFTY,2026-09-29,24050.0,PE,3
2026-09-15 04:10:00+00:00,600.4,600.4,600.4,600.4,195.0,,NIFTY,2026-09-29,24050.0,PE,3
2026-09-15 04:15:00+00:00,607.1,607.1,603.75,606.4,195.0,1924.0,NIFTY,2026-09-29,24050.0,PE,3
2026-09-15 04:20:00+00:00,625.0,640.0,625.0,640.0,975.0,3845.0,NIFTY,2026-09-29,24050.0,PE,3
2026-09-15 04:25:00+00:00,649.0,683.05,649.0,683.05,1040.0,962.0,NIFTY,2026-09-29,24050.0,PE,3
2026-09-15 04:40:00+00:00,672.0,672.0,672.0,672.0,130.0,955.0,NIFTY,2026-09-29,24050.0,PE,3
2026-09-15 04:45:00+00:00,660.0,660.0,660.0,660.0,65.0,,NIFTY,2026-09-29,24050.0,PE,3
2026-09-15 04:55:00+00:00,668.2,668.2,668.2,668.2,65.0,956.0,NIFTY,2026-09-29,24050.0,PE,3
2026-09-15 05:00:00+00:00,682.0,682.0,682.0,682.0,65.0,,NIFTY,2026-09-29,24050.0,PE,3
2026-09-15 05:15:00+00:00,703.5,703.5,703.5,703.5,65.0,955.0,NIFTY,2026-09-29,24050.0,PE,3
2026-09-15 05:20:00+00:00,716.25,722.7,716.25,722.7,130.0,956.0,NIFTY,2026-09-29,24050.0,PE,3
2026-09-15 05:30:00+00:00,700.2,700.2,700.2,700.2,65.0,955.0,NIFTY,2026-09-29,24050.0,PE,3
2026-09-15 05:35:00+00:00,720.0,720.0,720.0,720.0,260.0,,NIFTY,2026-09-29,24050.0,PE,3
2026-09-15 05:40:00+00:00,708.0,708.0,708.0,708.0,65.0,956.0,NIFTY,2026-09-29,24050.0,PE,3
2026-09-15 05:45:00+00:00,712.0,712.0,712.0,712.0,65.0,955.0,NIFTY,2026-09-29,24050.0,PE,3
2026-09-15 06:05:00+00:00,700.0,700.0,700.0,700.0,65.0,956.0,NIFTY,2026-09-29,24050.0,PE,3
2026-09-15 06:15:00+00:00,700.0,700.0,700.0,700.0,65.0,955.0,NIFTY,2026-09-29,24050.0,PE,3
2026-09-15 06:20:00+00:00,701.0,713.0,701.0,713.0,2080.0,,NIFTY,2026-09-29,24050.0,PE,3
2026-09-15 06:25:00+00:00,715.15,717.0,715.15,717.0,1820.0,935.0,NIFTY,2026-09-29,24050.0,PE,3
2026-09-15 06:35:00+00:00,702.55,702.55,702.55,702.55,780.0,925.0,NIFTY,2026-09-29,24050.0,PE,3
2026-09-15 07:00:00+00:00,725.05,728.6,723.85,724.3,910.0,1837.0,NIFTY,2026-09-29,24050.0,PE,3
2026-09-15 07:10:00+00:00,713.7,713.7,713.7,713.7,195.0,911.0,NIFTY,2026-09-29,24050.0,PE,3
2026-09-15 07:15:00+00:00,720.4,720.4,720.4,720.4,195.0,911.0,NIFTY,2026-09-29,24050.0,PE,3
2026-09-15 07:50:00+00:00,757.25,757.25,757.25,757.25,65.0,910.0,NIFTY,2026-09-29,24050.0,PE,3
2026-09-15 07:55:00+00:00,746.5,746.5,746.5,746.5,65.0,910.0,NIFTY,2026-09-29,24050.0,PE,3
2026-09-15 08:00:00+00:00,757.25,757.25,757.25,757.25,65.0,909.0,NIFTY,2026-09-29,24050.0,PE,3
2026-09-15 08:10:00+00:00,777.0,777.0,775.8,775.8,130.0,910.0,NIFTY,2026-09-29,24050.0,PE,3
2026-09-15 08:15:00+00:00,770.0,770.0,767.5,767.5,650.0,,NIFTY,2026-09-29,24050.0,PE,3
2026-09-15 08:25:00+00:00,752.0,752.0,752.0,752.0,130.0,910.0,NIFTY,2026-09-29,24050.0,PE,3
2026-09-15 08:40:00+00:00,800.95,800.95,798.8,798.8,130.0,1823.0,NIFTY,2026-09-29,24050.0,PE,3
2026-09-15 09:00:00+00:00,822.95,822.95,822.95,822.95,65.0,910.0,NIFTY,2026-09-29,24050.0,PE,3
2026-09-15 09:15:00+00:00,898.6,898.6,889.05,889.05,520.0,911.0,NIFTY,2026-09-29,24050.0,PE,3
2026-09-15 09:20:00+00:00,843.1,850.9,843.1,850.9,130.0,910.0,NIFTY,2026-09-29,24050.0,PE,3
2026-09-15 09:25:00+00:00,846.5,846.5,846.5,846.5,390.0,909.0,NIFTY,2026-09-29,24050.0,PE,3
2026-09-15 09:30:00+00:00,853.9,853.9,853.9,853.9,65.0,906.0,NIFTY,2026-09-29,24050.0,PE,3
2026-09-15 09:35:00+00:00,855.2,855.2,849.75,849.75,130.0,905.0,NIFTY,2026-09-29,24050.0,PE,3
2026-09-15 09:40:00+00:00,832.05,832.05,832.05,832.05,130.0,904.0,NIFTY,2026-09-29,24050.0,PE,3
2026-09-15 09:45:00+00:00,850.0,850.0,839.6,839.6,585.0,905.0,NIFTY,2026-09-29,24050.0,PE,3
2026-09-15 09:55:00+00:00,827.75,827.75,827.75,827.75,65.0,903.0,NIFTY,2026-09-29,24050.0,PE,3
2026-09-15 10:05:00+00:00,839.6,839.6,839.6,839.6,65.0,902.0,NIFTY,2026-09-29,24050.0,PE,3
2026-09-16 03:45:00+00:00,754.95,755.4,735.3,755.4,325.0,901.0,NIFTY,2026-09-29,24050.0,PE,3
2026-09-16 03:50:00+00:00,759.2,777.15,757.8,777.15,845.0,2705.0,NIFTY,2026-09-29,24050.0,PE,3
2026-09-16 03:55:00+00:00,778.0,780.4,778.0,780.4,325.0,1813.0,NIFTY,2026-09-29,24050.0,PE,3
2026-09-16 04:00:00+00:00,805.0,815.85,789.8,789.8,325.0,3640.0,NIFTY,2026-09-29,24050.0,PE,3
2026-09-16 04:05:00+00:00,816.4,829.45,809.85,829.45,325.0,2738.0,NIFTY,2026-09-29,24050.0,PE,3
2026-09-16 04:10:00+00:00,844.65,844.65,844.65,844.65,65.0,914.0,NIFTY,2026-09-29,24050.0,PE,3
2026-09-16 04:15:00+00:00,845.0,845.0,845.0,845.0,65.0,915.0,NIFTY,2026-09-29,24050.0,PE,3
2026-09-16 04:20:00+00:00,822.75,822.75,807.95,807.95,1820.0,914.0,NIFTY,2026-09-29,24050.0,PE,3
2026-09-16 04:25:00+00:00,756.0,776.7,756.0,776.7,195.0,1812.0,NIFTY,2026-09-29,24050.0,PE,3
2026-09-16 04:55:00+00:00,778.8,778.8,778.8,778.8,65.0,,NIFTY,2026-09-29,24050.0,PE,3
2026-09-16 05:00:00+00:00,776.4,776.4,776.4,776.4,65.0,906.0,NIFTY,2026-09-29,24050.0,PE,3
2026-09-16 05:10:00+00:00,771.4,771.4,771.4,771.4,65.0,905.0,NIFTY,2026-09-29,24050.0,PE,3
2026-09-16 05:25:00+00:00,778.35,778.35,766.05,766.05,130.0,1808.0,NIFTY,2026-09-29,24050.0,PE,3
2026-09-16 06:35:00+00:00,799.0,799.0,799.0,799.0,325.0,904.0,NIFTY,2026-09-29,24050.0,PE,3
2026-09-16 06:55:00+00:00,783.55,783.55,783.55,783.55,130.0,,NIFTY,2026-09-29,24050.0,PE,3
2026-09-16 07:05:00+00:00,775.7,775.7,775.7,775.7,65.0,904.0,NIFTY,2026-09-29,24050.0,PE,3
2026-09-16 07:35:00+00:00,725.25,725.25,725.25,725.25,65.0,,NIFTY,2026-09-29,24050.0,PE,3
2026-09-16 07:55:00+00:00,761.75,761.75,761.75,761.75,65.0,904.0,NIFTY,2026-09-29,24050.0,PE,3
2026-09-16 08:05:00+00:00,797.0,797.0,797.0,797.0,65.0,,NIFTY,2026-09-29,24050.0,PE,3
2026-09-16 08:45:00+00:00,778.55,778.55,778.55,778.55,65.0,904.0,NIFTY,2026-09-29,24050.0,PE,3
2026-09-16 09:40:00+00:00,793.55,796.0,793.55,796.0,260.0,1808.0,NIFTY,2026-09-29,24050.0,PE,3
2026-09-16 09:45:00+00:00,791.85,791.85,791.85,791.85,65.0,,NIFTY,2026-09-29,24050.0,PE,3
2026-09-16 10:05:00+00:00,790.3,790.3,790.3,790.3,65.0,,NIFTY,2026-09-29,24050.0,PE,3
2026-09-17 03:45:00+00:00,793.2,793.2,779.9,779.9,780.0,,NIFTY,2026-09-29,24050.0,PE,3
2026-09-17 03:50:00+00:00,763.3,765.0,763.3,765.0,130.0,906.0,NIFTY,2026-09-29,24050.0,PE,3
2026-09-17 04:00:00+00:00,771.35,771.35,742.5,742.5,260.0,904.0,NIFTY,2026-09-29,24050.0,PE,3
2026-09-17 04:05:00+00:00,734.4,734.9,730.5,730.5,3055.0,2691.0,NIFTY,2026-09-29,24050.0,PE,3
2026-09-17 04:10:00+00:00,759.35,791.25,759.35,781.55,455.0,1782.0,NIFTY,2026-09-29,24050.0,PE,3
2026-09-17 04:20:00+00:00,759.4,759.4,759.4,759.4,65.0,891.0,NIFTY,2026-09-29,24050.0,PE,3
2026-09-17 04:25:00+00:00,743.0,743.0,743.0,743.0,65.0,,NIFTY,2026-09-29,24050.0,PE,3
2026-09-17 04:35:00+00:00,720.75,720.75,720.75,720.75,65.0,891.0,NIFTY,2026-09-29,24050.0,PE,3
2026-09-17 04:40:00+00:00,700.25,700.25,699.65,699.65,130.0,,NIFTY,2026-09-29,24050.0,PE,3
2026-09-17 04:45:00+00:00,716.05,716.05,714.9,714.9,195.0,1780.0,NIFTY,2026-09-29,24050.0,PE,3
2026-09-17 04:55:00+00:00,727.0,727.0,727.0,727.0,195.0,,NIFTY,2026-09-29,24050.0,PE,3
2026-09-17 05:00:00+00:00,740.6,740.6,740.6,740.6,325.0,887.0,NIFTY,2026-09-29,24050.0,PE,3
2026-09-17 05:10:00+00:00,748.55,748.55,748.55,748.55,65.0,885.0,NIFTY,2026-09-29,24050.0,PE,3
2026-09-17 05:25:00+00:00,748.55,748.55,748.55,748.55,195.0,,NIFTY,2026-09-29,24050.0,PE,3
2026-09-17 06:10:00+00:00,748.55,748.55,747.75,747.75,130.0,884.0,NIFTY,2026-09-29,24050.0,PE,3
2026-09-17 06:40:00+00:00,671.7,675.95,671.7,675.95,1105.0,1768.0,NIFTY,2026-09-29,24050.0,PE,3
2026-09-17 06:45:00+00:00,674.65,674.65,674.65,674.65,65.0,874.0,NIFTY,2026-09-29,24050.0,PE,3
2026-09-17 06:55:00+00:00,671.15,671.15,671.15,671.15,65.0,,NIFTY,2026-09-29,24050.0,PE,3
2026-09-17 07:05:00+00:00,659.0,659.0,659.0,659.0,65.0,873.0,NIFTY,2026-09-29,24050.0,PE,3
2026-09-17 07:35:00+00:00,690.0,690.0,690.0,690.0,65.0,874.0,NIFTY,2026-09-29,24050.0,PE,3
2026-09-17 08:20:00+00:00,754.3,754.3,754.3,754.3,65.0,,NIFTY,2026-09-29,24050.0,PE,3
2026-09-17 08:45:00+00:00,744.95,744.95,744.95,744.95,650.0,873.0,NIFTY,2026-09-29,24050.0,PE,3
2026-09-17 08:55:00+00:00,746.45,746.45,746.45,746.45,1690.0,875.0,NIFTY,2026-09-29,24050.0,PE,3
2026-09-17 09:15:00+00:00,738.0,738.0,738.0,738.0,65.0,884.0,NIFTY,2026-09-29,24050.0,PE,3
2026-09-17 09:25:00+00:00,738.0,738.0,738.0,738.0,260.0,,NIFTY,2026-09-29,24050.0,PE,3
2026-09-17 09:40:00+00:00,724.0,724.0,723.45,723.45,130.0,1763.0,NIFTY,2026-09-29,24050.0,PE,3
2026-09-17 09:45:00+00:00,720.0,720.0,720.0,720.0,65.0,881.0,NIFTY,2026-09-29,24050.0,PE,3
2026-09-17 10:00:00+00:00,725.6,725.6,725.6,725.6,65.0,882.0,NIFTY,2026-09-29,24050.0,PE,3
2026-09-18 03:45:00+00:00,679.85,692.55,679.85,692.55,1105.0,,NIFTY,2026-09-29,24050.0,PE,3
2026-09-18 03:50:00+00:00,721.8,721.8,714.65,714.65,455.0,892.0,NIFTY,2026-09-29,24050.0,PE,3
2026-09-18 03:55:00+00:00,714.0,714.0,714.0,714.0,130.0,895.0,NIFTY,2026-09-29,24050.0,PE,3
2026-09-18 04:35:00+00:00,711.0,711.0,711.0,711.0,65.0,896.0,NIFTY,2026-09-29,24050.0,PE,3
2026-09-18 04:40:00+00:00,702.95,702.95,702.95,702.95,65.0,,NIFTY,2026-09-29,24050.0,PE,3
2026-09-18 05:05:00+00:00,724.3,724.3,721.3,721.3,520.0,895.0,NIFTY,2026-09-29,24050.0,PE,3
2026-09-18 06:00:00+00:00,738.2,738.2,738.2,738.2,130.0,893.0,NIFTY,2026-09-29,24050.0,PE,3
2026-09-18 06:30:00+00:00,702.6,706.1,702.6,703.55,1040.0,1792.0,NIFTY,2026-09-29,24050.0,PE,3
2026-09-18 07:05:00+00:00,695.7,695.7,695.7,695.7,325.0,897.0,NIFTY,2026-09-29,24050.0,PE,3
2026-09-18 07:15:00+00:00,698.6,698.6,698.6,698.6,130.0,1797.0,NIFTY,2026-09-29,24050.0,PE,3
2026-09-18 07:45:00+00:00,700.0,700.0,700.0,700.0,65.0,,NIFTY,2026-09-29,24050.0,PE,3
2026-09-18 07:55:00+00:00,700.0,700.0,700.0,700.0,325.0,899.0,NIFTY,2026-09-29,24050.0,PE,3
2026-09-18 08:30:00+00:00,698.15,698.15,698.15,698.15,260.0,902.0,NIFTY,2026-09-29,24050.0,PE,3
2026-09-18 08:35:00+00:00,690.55,690.55,690.55,690.55,65.0,899.0,NIFTY,2026-09-29,24050.0,PE,3
2026-09-18 08:40:00+00:00,676.6,676.6,676.6,676.6,65.0,900.0,NIFTY,2026-09-29,24050.0,PE,3
2026-09-18 08:45:00+00:00,682.0,682.0,682.0,682.0,65.0,900.0,NIFTY,2026-09-29,24050.0,PE,3
2026-09-18 08:50:00+00:00,680.0,680.0,680.0,680.0,65.0,901.0,NIFTY,2026-09-29,24050.0,PE,3
2026-09-18 08:55:00+00:00,681.75,681.75,681.75,681.75,65.0,902.0,NIFTY,2026-09-29,24050.0,PE,3
2026-09-18 09:00:00+00:00,662.4,662.4,662.4,662.4,65.0,902.0,NIFTY,2026-09-29,24050.0,PE,3
2026-09-18 09:05:00+00:00,663.85,663.85,663.85,663.85,65.0,903.0,NIFTY,2026-09-29,24050.0,PE,3
2026-09-18 09:10:00+00:00,670.0,670.0,670.0,670.0,650.0,904.0,NIFTY,2026-09-29,24050.0,PE,3
2026-09-18 09:20:00+00:00,652.7,652.7,652.7,652.7,195.0,,NIFTY,2026-09-29,24050.0,PE,3
2026-09-18 09:35:00+00:00,673.3,681.0,673.3,681.0,130.0,1805.0,NIFTY,2026-09-29,24050.0,PE,3
2026-09-18 09:40:00+00:00,680.95,680.95,680.95,680.95,260.0,902.0,NIFTY,2026-09-29,24050.0,PE,3
2026-09-18 09:45:00+00:00,674.5,674.5,674.5,674.5,130.0,899.0,NIFTY,2026-09-29,24050.0,PE,3
2026-09-18 09:50:00+00:00,685.2,687.45,685.2,687.45,130.0,900.0,NIFTY,2026-09-29,24050.0,PE,3
2026-09-18 10:00:00+00:00,686.2,686.3,686.2,686.3,455.0,1802.0,NIFTY,2026-09-29,24050.0,PE,3
2026-09-21 03:45:00+00:00,650.8,678.2,650.8,665.3,1105.0,2696.0,NIFTY,2026-09-29,24050.0,PE,3
2026-09-21 03:50:00+00:00,660.0,668.45,659.8,665.35,650.0,897.0,NIFTY,2026-09-29,24050.0,PE,3
2026-09-21 04:00:00+00:00,650.0,650.0,650.0,650.0,65.0,897.0,NIFTY,2026-09-29,24050.0,PE,3
2026-09-21 04:10:00+00:00,656.3,662.85,656.3,662.85,130.0,897.0,NIFTY,2026-09-29,24050.0,PE,3
2026-09-21 04:15:00+00:00,645.85,645.85,645.85,645.85,130.0,,NIFTY,2026-09-29,24050.0,PE,3
2026-09-21 04:20:00+00:00,647.55,647.55,647.55,647.55,195.0,898.0,NIFTY,2026-09-29,24050.0,PE,3
2026-09-21 04:30:00+00:00,663.9,663.9,663.9,663.9,65.0,900.0,NIFTY,2026-09-29,24050.0,PE,3
2026-09-21 04:35:00+00:00,665.7,665.7,665.7,665.7,65.0,899.0,NIFTY,2026-09-29,24050.0,PE,3
2026-09-21 04:40:00+00:00,662.7,662.7,662.7,662.7,130.0,900.0,NIFTY,2026-09-29,24050.0,PE,3
2026-09-21 04:45:00+00:00,672.0,672.0,672.0,672.0,195.0,898.0,NIFTY,2026-09-29,24050.0,PE,3
2026-09-21 05:05:00+00:00,675.4,675.4,675.4,675.4,65.0,,NIFTY,2026-09-29,24050.0,PE,3
2026-09-21 05:15:00+00:00,657.9,657.9,657.9,657.9,65.0,898.0,NIFTY,2026-09-29,24050.0,PE,3
2026-09-21 05:20:00+00:00,660.25,660.25,660.25,660.25,195.0,,NIFTY,2026-09-29,24050.0,PE,3
2026-09-21 05:40:00+00:00,647.55,647.55,647.55,647.55,65.0,898.0,NIFTY,2026-09-29,24050.0,PE,3
2026-09-21 05:50:00+00:00,649.0,649.0,649.0,649.0,195.0,,NIFTY,2026-09-29,24050.0,PE,3
2026-09-21 06:15:00+00:00,649.0,649.0,649.0,649.0,195.0,900.0,NIFTY,2026-09-29,24050.0,PE,3
2026-09-21 06:20:00+00:00,641.7,641.7,641.7,641.7,130.0,898.0,NIFTY,2026-09-29,24050.0,PE,3
2026-09-21 06:40:00+00:00,628.05,628.05,628.05,628.05,65.0,,NIFTY,2026-09-29,24050.0,PE,3
2026-09-21 06:45:00+00:00,628.0,628.0,628.0,628.0,65.0,,NIFTY,2026-09-29,24050.0,PE,3
2026-09-21 06:50:00+00:00,628.0,628.0,628.0,628.0,65.0,898.0,NIFTY,2026-09-29,24050.0,PE,3
2026-09-21 07:30:00+00:00,640.0,640.0,640.0,640.0,65.0,,NIFTY,2026-09-29,24050.0,PE,3
2026-09-21 07:55:00+00:00,622.0,622.0,622.0,622.0,65.0,899.0,NIFTY,2026-09-29,24050.0,PE,3
2026-09-21 08:00:00+00:00,619.05,619.05,611.05,611.05,1365.0,1801.0,NIFTY,2026-09-29,24050.0,PE,3
2026-09-21 08:25:00+00:00,605.1,605.1,586.1,586.1,260.0,1784.0,NIFTY,2026-09-29,24050.0,PE,3
2026-09-21 08:30:00+00:00,591.9,591.9,591.9,591.9,130.0,892.0,NIFTY,2026-09-29,24050.0,PE,3
2026-09-21 08:35:00+00:00,599.0,601.65,597.3,597.3,325.0,893.0,NIFTY,2026-09-29,24050.0,PE,3
2026-09-21 08:40:00+00:00,602.5,606.6,598.8,600.45,520.0,1783.0,NIFTY,2026-09-29,24050.0,PE,3
2026-09-21 08:45:00+00:00,595.3,595.3,595.3,595.3,130.0,,NIFTY,2026-09-29,24050.0,PE,3
2026-09-21 08:50:00+00:00,595.5,595.5,595.5,595.5,65.0,,NIFTY,2026-09-29,24050.0,PE,3
2026-09-21 09:10:00+00:00,602.45,602.45,602.45,602.45,130.0,890.0,NIFTY,2026-09-29,24050.0,PE,3
2026-09-21 09:15:00+00:00,604.25,604.25,604.0,604.0,520.0,1785.0,NIFTY,2026-09-29,24050.0,PE,3
2026-09-21 09:20:00+00:00,605.05,605.05,605.05,605.05,65.0,897.0,NIFTY,2026-09-29,24050.0,PE,3
2026-09-21 09:25:00+00:00,607.3,607.3,607.3,607.3,65.0,897.0,NIFTY,2026-09-29,24050.0,PE,3
2026-09-21 09:30:00+00:00,612.0,612.0,608.45,608.45,195.0,1793.0,NIFTY,2026-09-29,24050.0,PE,3
2026-09-21 09:35:00+00:00,612.0,612.0,612.0,612.0,195.0,897.0,NIFTY,2026-09-29,24050.0,PE,3
2026-09-21 09:40:00+00:00,612.0,612.0,610.2,610.2,520.0,2683.0,NIFTY,2026-09-29,24050.0,PE,3
2026-09-21 09:45:00+00:00,610.2,611.1,609.25,610.0,585.0,,NIFTY,2026-09-29,24050.0,PE,3
2026-09-21 09:50:00+00:00,606.8,607.35,605.35,605.8,585.0,2689.0,NIFTY,2026-09-29,24050.0,PE,3
2026-09-21 09:55:00+00:00,607.9,613.0,607.9,613.0,390.0,2706.0,NIFTY,2026-09-29,24050.0,PE,3
2026-09-21 10:00:00+00:00,606.55,609.0,606.55,609.0,130.0,904.0,NIFTY,2026-09-29,24050.0,PE,3
2026-09-21 10:05:00+00:00,609.5,609.5,609.5,609.5,325.0,904.0,NIFTY,2026-09-29,24050.0,PE,3
2026-09-22 03:50:00+00:00,600.55,606.1,600.55,606.1,390.0,910.0,NIFTY,2026-09-29,24050.0,PE,3
2026-09-22 03:55:00+00:00,609.0,609.0,609.0,609.0,65.0,908.0,NIFTY,2026-09-29,24050.0,PE,3
2026-09-22 04:05:00+00:00,608.0,612.0,608.0,611.9,390.0,1812.0,NIFTY,2026-09-29,24050.0,PE,3
2026-09-22 04:10:00+00:00,591.0,591.0,590.0,590.0,195.0,905.0,NIFTY,2026-09-29,24050.0,PE,3
2026-09-22 04:15:00+00:00,590.0,590.8,590.0,590.25,780.0,1807.0,NIFTY,2026-09-29,24050.0,PE,3
2026-09-22 04:20:00+00:00,593.0,595.55,593.0,595.55,130.0,907.0,NIFTY,2026-09-29,24050.0,PE,3
2026-09-22 04:25:00+00:00,596.0,596.0,596.0,596.0,65.0,,NIFTY,2026-09-29,24050.0,PE,3
2026-09-22 04:35:00+00:00,590.0,590.0,590.0,590.0,130.0,,NIFTY,2026-09-29,24050.0,PE,3
2026-09-22 04:45:00+00:00,589.1,590.0,589.1,590.0,260.0,906.0,NIFTY,2026-09-29,24050.0,PE,3
2026-09-22 04:50:00+00:00,594.0,596.8,594.0,596.25,585.0,907.0,NIFTY,2026-09-29,24050.0,PE,3
2026-09-22 04:55:00+00:00,604.75,604.75,598.4,598.4,1040.0,1817.0,NIFTY,2026-09-29,24050.0,PE,3
2026-09-22 05:00:00+00:00,624.25,624.25,624.25,624.25,260.0,911.0,NIFTY,2026-09-29,24050.0,PE,3
2026-09-22 05:05:00+00:00,631.1,631.75,631.1,631.75,130.0,1828.0,NIFTY,2026-09-29,24050.0,PE,3
2026-09-22 05:10:00+00:00,638.5,667.0,638.5,657.55,715.0,1828.0,NIFTY,2026-09-29,24050.0,PE,3
2026-09-22 05:20:00+00:00,673.25,673.45,673.25,673.45,130.0,912.0,NIFTY,2026-09-29,24050.0,PE,3
2026-09-22 05:25:00+00:00,662.35,662.35,662.35,662.35,325.0,911.0,NIFTY,2026-09-29,24050.0,PE,3
2026-09-22 05:30:00+00:00,666.0,666.0,665.1,665.1,780.0,908.0,NIFTY,2026-09-29,24050.0,PE,3
2026-09-22 05:50:00+00:00,645.1,649.4,645.1,649.4,2925.0,910.0,NIFTY,2026-09-29,24050.0,PE,3
2026-09-22 06:05:00+00:00,670.0,670.0,670.0,670.0,65.0,906.0,NIFTY,2026-09-29,24050.0,PE,3
2026-09-22 06:20:00+00:00,690.5,690.5,682.25,689.0,585.0,1803.0,NIFTY,2026-09-29,24050.0,PE,3
2026-09-22 06:25:00+00:00,695.0,700.0,692.75,700.0,650.0,1799.0,NIFTY,2026-09-29,24050.0,PE,3
2026-09-22 06:40:00+00:00,675.8,684.4,675.8,684.4,585.0,897.0,NIFTY,2026-09-29,24050.0,PE,3
2026-09-22 06:45:00+00:00,689.85,691.7,675.0,675.0,1365.0,4465.0,NIFTY,2026-09-29,24050.0,PE,3
2026-09-22 06:50:00+00:00,674.8,677.9,671.3,677.9,650.0,2672.0,NIFTY,2026-09-29,24050.0,PE,3
2026-09-22 06:55:00+00:00,675.0,678.0,675.0,678.0,130.0,1776.0,NIFTY,2026-09-29,24050.0,PE,3
2026-09-22 07:05:00+00:00,678.8,679.6,678.8,679.35,260.0,,NIFTY,2026-09-29,24050.0,PE,3
2026-09-22 07:15:00+00:00,689.95,692.5,689.0,689.0,455.0,1773.0,NIFTY,2026-09-29,24050.0,PE,3
2026-09-22 07:20:00+00:00,694.0,695.0,694.0,695.0,260.0,,NIFTY,2026-09-29,24050.0,PE,3
2026-09-22 07:25:00+00:00,699.8,703.9,699.8,702.0,195.0,2655.0,NIFTY,2026-09-29,24050.0,PE,3
2026-09-22 07:40:00+00:00,697.8,697.8,694.6,694.6,260.0,884.0,NIFTY,2026-09-29,24050.0,PE,3
2026-09-22 07:55:00+00:00,698.7,698.7,698.7,698.7,65.0,,NIFTY,2026-09-29,24050.0,PE,3
2026-09-22 08:15:00+00:00,705.65,705.65,705.65,705.65,65.0,884.0,NIFTY,2026-09-29,24050.0,PE,3
2026-09-22 08:20:00+00:00,739.0,739.0,738.05,738.05,455.0,885.0,NIFTY,2026-09-29,24050.0,PE,3
2026-09-22 08:30:00+00:00,763.0,763.0,741.1,741.95,650.0,1763.0,NIFTY,2026-09-29,24050.0,PE,3
2026-09-22 08:35:00+00:00,740.5,745.1,740.5,745.1,195.0,880.0,NIFTY,2026-09-29,24050.0,PE,3
2026-09-22 08:40:00+00:00,728.0,728.0,701.35,701.35,2535.0,1757.0,NIFTY,2026-09-29,24050.0,PE,3
2026-09-22 08:45:00+00:00,645.0,654.9,641.5,645.25,1040.0,878.0,NIFTY,2026-09-29,24050.0,PE,3
2026-09-22 08:50:00+00:00,645.25,645.25,636.3,636.3,260.0,879.0,NIFTY,2026-09-29,24050.0,PE,3
2026-09-22 09:10:00+00:00,681.2,681.2,681.15,681.15,390.0,,NIFTY,2026-09-29,24050.0,PE,3
2026-09-22 09:15:00+00:00,660.3,669.0,660.3,669.0,3250.0,1746.0,NIFTY,2026-09-29,24050.0,PE,3
2026-09-22 09:25:00+00:00,669.0,669.0,669.0,669.0,65.0,858.0,NIFTY,2026-09-29,24050.0,PE,3
2026-09-22 09:30:00+00:00,677.85,677.95,675.0,675.0,1755.0,867.0,NIFTY,2026-09-29,24050.0,PE,3
2026-09-22 09:40:00+00:00,669.6,670.5,669.6,670.5,260.0,871.0,NIFTY,2026-09-29,24050.0,PE,3
2026-09-22 09:50:00+00:00,677.15,677.15,670.0,671.5,2340.0,,NIFTY,2026-09-29,24050.0,PE,3
2026-09-22 10:00:00+00:00,664.05,664.05,653.2,653.2,845.0,1766.0,NIFTY,2026-09-29,24050.0,PE,3
2026-09-22 10:05:00+00:00,652.2,652.2,641.9,641.9,650.0,3563.0,NIFTY,2026-09-29,24050.0,PE,3
