timestamp,open,high,low,close,volume,oi,underlying,expiry,strike,option_type,itm_rank
2026-08-28 03:55:00+00:00,73.45,73.45,73.45,73.45,65.0,,NIFTY,2026-09-22,23400.0,PE,2
2026-08-28 06:45:00+00:00,45.0,45.0,38.6,38.6,2990.0,7.0,NIFTY,2026-09-22,23400.0,PE,2
2026-08-28 06:50:00+00:00,38.55,38.55,38.55,38.55,325.0,27.0,NIFTY,2026-09-22,23400.0,PE,2
2026-08-28 06:55:00+00:00,39.1,39.1,38.35,38.35,585.0,96.0,NIFTY,2026-09-22,23400.0,PE,2
2026-08-28 07:00:00+00:00,38.0,38.0,37.5,37.5,780.0,120.0,NIFTY,2026-09-22,23400.0,PE,2
2026-08-28 07:10:00+00:00,37.65,38.3,37.65,37.65,520.0,93.0,NIFTY,2026-09-22,23400.0,PE,2
2026-08-28 07:15:00+00:00,37.3,37.3,37.25,37.25,585.0,49.0,NIFTY,2026-09-22,23400.0,PE,2
2026-08-28 07:55:00+00:00,37.25,37.25,37.25,37.25,65.0,54.0,NIFTY,2026-09-22,23400.0,PE,2
2026-08-28 08:10:00+00:00,35.6,36.75,35.5,36.75,650.0,118.0,NIFTY,2026-09-22,23400.0,PE,2
2026-08-28 08:20:00+00:00,36.95,36.95,36.95,36.95,65.0,,NIFTY,2026-09-22,23400.0,PE,2
2026-08-28 08:25:00+00:00,36.45,36.45,36.45,36.45,65.0,,NIFTY,2026-09-22,23400.0,PE,2
2026-08-28 08:30:00+00:00,36.45,36.45,36.45,36.45,65.0,,NIFTY,2026-09-22,23400.0,PE,2
2026-08-28 08:40:00+00:00,37.45,37.45,37.45,37.45,65.0,,NIFTY,2026-09-22,23400.0,PE,2
2026-08-28 09:20:00+00:00,33.2,33.2,32.9,32.9,2925.0,137.0,NIFTY,2026-09-22,23400.0,PE,2
2026-08-28 09:30:00+00:00,37.35,37.35,37.35,37.35,1365.0,65.0,NIFTY,2026-09-22,23400.0,PE,2
2026-08-28 09:35:00+00:00,36.95,36.95,36.95,36.95,65.0,70.0,NIFTY,2026-09-22,23400.0,PE,2
2026-08-28 09:40:00+00:00,32.55,32.55,30.5,30.5,455.0,146.0,NIFTY,2026-09-22,23400.0,PE,2
2026-08-28 09:45:00+00:00,32.85,32.85,32.6,32.6,130.0,,NIFTY,2026-09-22,23400.0,PE,2
2026-08-28 09:50:00+00:00,31.2,31.2,29.25,30.35,2015.0,152.0,NIFTY,2026-09-22,23400.0,PE,2
2026-08-28 09:55:00+00:00,29.65,29.8,28.95,29.1,1170.0,161.0,NIFTY,2026-09-22,23400.0,PE,2
2026-08-28 10:00:00+00:00,28.9,28.9,28.9,28.9,65.0,80.0,NIFTY,2026-09-22,23400.0,PE,2
2026-08-28 10:05:00+00:00,29.05,29.25,29.05,29.25,130.0,,NIFTY,2026-09-22,23400.0,PE,2
2026-08-31 03:50:00+00:00,38.9,39.5,38.9,39.5,195.0,,NIFTY,2026-09-22,23400.0,PE,2
2026-08-31 03:55:00+00:00,41.75,43.0,41.75,43.0,130.0,80.0,NIFTY,2026-09-22,23400.0,PE,2
2026-08-31 04:00:00+00:00,43.0,43.05,40.55,43.05,2275.0,83.0,NIFTY,2026-09-22,23400.0,PE,2
2026-08-31 04:05:00+00:00,40.65,41.55,40.65,41.55,325.0,180.0,NIFTY,2026-09-22,23400.0,PE,2
2026-08-31 04:15:00+00:00,44.25,44.25,43.4,43.4,455.0,,NIFTY,2026-09-22,23400.0,PE,2
2026-08-31 04:30:00+00:00,44.85,44.85,43.5,43.5,130.0,182.0,NIFTY,2026-09-22,23400.0,PE,2
2026-08-31 04:35:00+00:00,41.6,42.5,41.6,42.5,4615.0,109.0,NIFTY,2026-09-22,23400.0,PE,2
2026-08-31 04:40:00+00:00,43.65,44.25,43.65,44.0,325.0,339.0,NIFTY,2026-09-22,23400.0,PE,2
2026-08-31 04:50:00+00:00,44.55,44.6,44.25,44.25,390.0,114.0,NIFTY,2026-09-22,23400.0,PE,2
2026-08-31 04:55:00+00:00,44.15,44.15,44.1,44.1,780.0,117.0,NIFTY,2026-09-22,23400.0,PE,2
2026-08-31 05:00:00+00:00,43.55,43.9,43.55,43.9,520.0,,NIFTY,2026-09-22,23400.0,PE,2
2026-08-31 05:05:00+00:00,44.25,44.75,44.0,44.0,5005.0,511.0,NIFTY,2026-09-22,23400.0,PE,2
2026-08-31 05:10:00+00:00,44.0,44.0,43.5,43.5,520.0,164.0,NIFTY,2026-09-22,23400.0,PE,2
2026-08-31 05:15:00+00:00,44.25,44.25,44.25,44.25,65.0,,NIFTY,2026-09-22,23400.0,PE,2
2026-08-31 05:20:00+00:00,43.35,44.6,43.35,43.95,455.0,166.0,NIFTY,2026-09-22,23400.0,PE,2
2026-08-31 05:25:00+00:00,43.8,43.8,43.2,43.2,3250.0,336.0,NIFTY,2026-09-22,23400.0,PE,2
2026-08-31 05:30:00+00:00,43.15,43.15,43.15,43.15,65.0,183.0,NIFTY,2026-09-22,23400.0,PE,2
2026-08-31 05:40:00+00:00,44.5,44.5,43.7,43.7,585.0,371.0,NIFTY,2026-09-22,23400.0,PE,2
2026-08-31 05:45:00+00:00,43.5,43.5,43.5,43.5,65.0,,NIFTY,2026-09-22,23400.0,PE,2
2026-08-31 06:00:00+00:00,43.55,43.85,43.15,43.85,520.0,187.0,NIFTY,2026-09-22,23400.0,PE,2
2026-08-31 06:15:00+00:00,41.0,41.0,41.0,41.0,130.0,,NIFTY,2026-09-22,23400.0,PE,2
2026-08-31 06:20:00+00:00,40.65,40.65,38.35,38.35,585.0,559.0,NIFTY,2026-09-22,23400.0,PE,2
2026-08-31 06:25:00+00:00,37.1,37.1,36.3,36.5,2340.0,197.0,NIFTY,2026-09-22,23400.0,PE,2
2026-08-31 06:35:00+00:00,37.75,37.75,37.75,37.75,130.0,198.0,NIFTY,2026-09-22,23400.0,PE,2
2026-08-31 06:45:00+00:00,37.6,37.6,37.6,37.6,65.0,199.0,NIFTY,2026-09-22,23400.0,PE,2
2026-08-31 07:05:00+00:00,37.8,37.8,37.8,37.8,195.0,200.0,NIFTY,2026-09-22,23400.0,PE,2
2026-08-31 07:10:00+00:00,37.35,37.35,37.35,37.35,65.0,200.0,NIFTY,2026-09-22,23400.0,PE,2
2026-08-31 07:20:00+00:00,36.55,36.55,36.55,36.55,65.0,,NIFTY,2026-09-22,23400.0,PE,2
2026-08-31 07:30:00+00:00,36.35,36.35,36.35,36.35,65.0,201.0,NIFTY,2026-09-22,23400.0,PE,2
2026-08-31 07:50:00+00:00,36.2,36.2,35.9,35.9,130.0,,NIFTY,2026-09-22,23400.0,PE,2
2026-08-31 08:35:00+00:00,39.7,39.7,38.45,38.45,390.0,200.0,NIFTY,2026-09-22,23400.0,PE,2
2026-08-31 08:45:00+00:00,37.95,37.95,37.95,37.95,130.0,204.0,NIFTY,2026-09-22,23400.0,PE,2
2026-08-31 08:55:00+00:00,40.0,40.0,40.0,40.0,455.0,,NIFTY,2026-09-22,23400.0,PE,2
2026-08-31 09:00:00+00:00,39.55,39.55,38.95,38.95,195.0,204.0,NIFTY,2026-09-22,23400.0,PE,2
2026-08-31 09:05:00+00:00,38.6,38.6,37.95,37.95,195.0,413.0,NIFTY,2026-09-22,23400.0,PE,2
2026-08-31 09:10:00+00:00,36.55,36.55,36.3,36.3,325.0,,NIFTY,2026-09-22,23400.0,PE,2
2026-08-31 09:15:00+00:00,35.05,35.05,32.05,34.45,4550.0,612.0,NIFTY,2026-09-22,23400.0,PE,2
2026-08-31 09:20:00+00:00,35.6,35.6,35.6,35.6,65.0,195.0,NIFTY,2026-09-22,23400.0,PE,2
2026-08-31 09:40:00+00:00,36.45,36.6,36.1,36.1,780.0,,NIFTY,2026-09-22,23400.0,PE,2
2026-08-31 09:45:00+00:00,37.0,37.75,36.9,37.75,195.0,590.0,NIFTY,2026-09-22,23400.0,PE,2
2026-08-31 09:50:00+00:00,36.05,36.05,35.55,35.55,650.0,196.0,NIFTY,2026-09-22,23400.0,PE,2
2026-08-31 09:55:00+00:00,35.85,35.85,35.05,35.4,1235.0,395.0,NIFTY,2026-09-22,23400.0,PE,2
2026-08-31 10:05:00+00:00,36.15,36.15,34.0,34.0,130.0,385.0,NIFTY,2026-09-22,23400.0,PE,2
2026-09-01 03:45:00+00:00,38.85,39.4,38.7,38.7,1950.0,382.0,NIFTY,2026-09-22,23400.0,PE,2
2026-09-01 03:50:00+00:00,38.95,38.95,38.45,38.45,390.0,191.0,NIFTY,2026-09-22,23400.0,PE,2
2026-09-01 03:55:00+00:00,38.05,38.05,35.85,35.85,455.0,579.0,NIFTY,2026-09-22,23400.0,PE,2
2026-09-01 04:00:00+00:00,35.5,35.5,35.0,35.0,130.0,,NIFTY,2026-09-22,23400.0,PE,2
2026-09-01 04:10:00+00:00,38.4,38.4,38.4,38.4,650.0,194.0,NIFTY,2026-09-22,23400.0,PE,2
2026-09-01 04:15:00+00:00,38.95,39.0,38.7,39.0,455.0,592.0,NIFTY,2026-09-22,23400.0,PE,2
2026-09-01 04:20:00+00:00,38.1,38.1,37.75,37.85,195.0,198.0,NIFTY,2026-09-22,23400.0,PE,2
2026-09-01 04:25:00+00:00,39.2,39.25,38.75,38.75,520.0,401.0,NIFTY,2026-09-22,23400.0,PE,2
2026-09-01 04:30:00+00:00,38.85,38.85,38.85,38.85,260.0,204.0,NIFTY,2026-09-22,23400.0,PE,2
2026-09-01 04:35:00+00:00,38.85,39.0,38.85,39.0,975.0,421.0,NIFTY,2026-09-22,23400.0,PE,2
2026-09-01 04:45:00+00:00,38.0,38.0,37.0,37.0,715.0,435.0,NIFTY,2026-09-22,23400.0,PE,2
2026-09-01 04:50:00+00:00,35.95,36.2,35.95,36.2,780.0,443.0,NIFTY,2026-09-22,23400.0,PE,2
2026-09-01 05:00:00+00:00,35.35,35.35,35.3,35.3,780.0,229.0,NIFTY,2026-09-22,23400.0,PE,2
2026-09-01 05:10:00+00:00,35.0,35.55,34.35,34.35,1170.0,468.0,NIFTY,2026-09-22,23400.0,PE,2
2026-09-01 05:15:00+00:00,35.0,35.0,35.0,35.0,130.0,,NIFTY,2026-09-22,23400.0,PE,2
2026-09-01 05:35:00+00:00,32.6,32.65,32.6,32.65,910.0,484.0,NIFTY,2026-09-22,23400.0,PE,2
2026-09-01 05:40:00+00:00,30.2,30.6,30.0,30.0,2665.0,520.0,NIFTY,2026-09-22,23400.0,PE,2
2026-09-01 05:50:00+00:00,28.65,28.65,28.5,28.5,1690.0,264.0,NIFTY,2026-09-22,23400.0,PE,2
2026-09-01 05:55:00+00:00,28.5,28.5,28.5,28.5,65.0,259.0,NIFTY,2026-09-22,23400.0,PE,2
2026-09-01 06:00:00+00:00,27.2,28.2,27.2,27.2,325.0,520.0,NIFTY,2026-09-22,23400.0,PE,2
2026-09-01 06:05:00+00:00,29.25,29.55,28.7,28.7,1560.0,519.0,NIFTY,2026-09-22,23400.0,PE,2
2026-09-01 06:10:00+00:00,29.85,29.85,28.75,28.8,455.0,517.0,NIFTY,2026-09-22,23400.0,PE,2
2026-09-01 06:25:00+00:00,28.85,28.85,28.8,28.8,130.0,260.0,NIFTY,2026-09-22,23400.0,PE,2
2026-09-01 06:35:00+00:00,28.2,28.4,28.2,28.4,715.0,785.0,NIFTY,2026-09-22,23400.0,PE,2
2026-09-01 06:40:00+00:00,28.1,28.45,27.75,28.45,1625.0,263.0,NIFTY,2026-09-22,23400.0,PE,2
2026-09-01 06:45:00+00:00,28.5,28.5,28.5,28.5,975.0,262.0,NIFTY,2026-09-22,23400.0,PE,2
2026-09-01 06:50:00+00:00,29.0,29.0,29.0,29.0,65.0,,NIFTY,2026-09-22,23400.0,PE,2
2026-09-01 06:55:00+00:00,29.2,29.2,29.0,29.0,195.0,263.0,NIFTY,2026-09-22,23400.0,PE,2
2026-09-01 07:40:00+00:00,33.3,33.5,33.3,33.5,780.0,,NIFTY,2026-09-22,23400.0,PE,2
2026-09-01 07:45:00+00:00,33.95,34.05,33.95,34.0,195.0,541.0,NIFTY,2026-09-22,23400.0,PE,2
2026-09-01 07:55:00+00:00,34.0,34.0,34.0,34.0,260.0,272.0,NIFTY,2026-09-22,23400.0,PE,2
2026-09-01 08:00:00+00:00,33.25,33.25,33.15,33.15,585.0,551.0,NIFTY,2026-09-22,23400.0,PE,2
2026-09-01 08:05:00+00:00,35.4,35.4,35.4,35.4,325.0,280.0,NIFTY,2026-09-22,23400.0,PE,2
2026-09-01 08:10:00+00:00,37.95,38.0,36.55,37.6,975.0,852.0,NIFTY,2026-09-22,23400.0,PE,2
2026-09-01 08:15:00+00:00,37.65,37.65,37.65,37.65,65.0,,NIFTY,2026-09-22,23400.0,PE,2
2026-09-01 08:20:00+00:00,39.95,43.65,39.95,43.65,8255.0,1564.0,NIFTY,2026-09-22,23400.0,PE,2
2026-09-01 08:25:00+00:00,42.7,43.75,40.85,40.85,3120.0,1005.0,NIFTY,2026-09-22,23400.0,PE,2
2026-09-01 08:30:00+00:00,42.15,46.0,42.15,46.0,390.0,658.0,NIFTY,2026-09-22,23400.0,PE,2
2026-09-01 08:35:00+00:00,47.2,50.8,47.0,50.75,1300.0,1314.0,NIFTY,2026-09-22,23400.0,PE,2
2026-09-01 08:40:00+00:00,48.3,48.3,48.3,48.3,65.0,334.0,NIFTY,2026-09-22,23400.0,PE,2
2026-09-01 08:45:00+00:00,50.0,50.6,50.0,50.55,325.0,670.0,NIFTY,2026-09-22,23400.0,PE,2
2026-09-01 08:50:00+00:00,50.2,52.95,50.2,52.95,1365.0,662.0,NIFTY,2026-09-22,23400.0,PE,2
2026-09-01 08:55:00+00:00,51.35,51.35,47.85,47.85,845.0,335.0,NIFTY,2026-09-22,23400.0,PE,2
2026-09-01 09:00:00+00:00,49.2,49.2,45.25,46.65,6695.0,699.0,NIFTY,2026-09-22,23400.0,PE,2
2026-09-01 09:05:00+00:00,46.6,48.8,46.25,48.8,325.0,,NIFTY,2026-09-22,23400.0,PE,2
2026-09-01 09:10:00+00:00,49.05,49.05,48.55,48.7,650.0,360.0,NIFTY,2026-09-22,23400.0,PE,2
2026-09-01 09:15:00+00:00,48.35,48.35,48.35,48.35,65.0,357.0,NIFTY,2026-09-22,23400.0,PE,2
2026-09-01 09:20:00+00:00,48.95,48.95,47.65,47.75,650.0,360.0,NIFTY,2026-09-22,23400.0,PE,2
2026-09-01 09:25:00+00:00,47.15,47.15,46.15,46.15,130.0,360.0,NIFTY,2026-09-22,23400.0,PE,2
2026-09-01 09:30:00+00:00,47.95,48.65,47.4,48.65,1300.0,1066.0,NIFTY,2026-09-22,23400.0,PE,2
2026-09-01 09:35:00+00:00,48.4,50.3,48.4,50.3,1040.0,1385.0,NIFTY,2026-09-22,23400.0,PE,2
2026-09-01 09:40:00+00:00,50.75,51.3,49.5,50.2,3835.0,1043.0,NIFTY,2026-09-22,23400.0,PE,2
2026-09-01 09:45:00+00:00,49.5,50.5,48.9,49.5,2535.0,747.0,NIFTY,2026-09-22,23400.0,PE,2
2026-09-01 09:50:00+00:00,48.65,49.0,47.6,48.95,3900.0,767.0,NIFTY,2026-09-22,23400.0,PE,2
2026-09-01 09:55:00+00:00,48.0,48.8,46.65,46.65,845.0,795.0,NIFTY,2026-09-22,23400.0,PE,2
2026-09-01 10:00:00+00:00,46.5,46.5,46.25,46.25,650.0,798.0,NIFTY,2026-09-22,23400.0,PE,2
2026-09-01 10:05:00+00:00,46.8,48.95,46.8,48.95,715.0,404.0,NIFTY,2026-09-22,23400.0,PE,2
2026-09-02 03:45:00+00:00,74.8,74.9,70.95,73.0,7345.0,1227.0,NIFTY,2026-09-22,23400.0,PE,2
2026-09-02 03:50:00+00:00,72.95,82.05,71.95,80.0,7735.0,1300.0,NIFTY,2026-09-22,23400.0,PE,2
2026-09-02 03:55:00+00:00,78.15,78.75,75.05,77.05,3575.0,2250.0,NIFTY,2026-09-22,23400.0,PE,2
2026-09-02 04:00:00+00:00,76.0,78.0,75.0,75.4,2340.0,1834.0,NIFTY,2026-09-22,23400.0,PE,2
2026-09-02 04:05:00+00:00,73.7,75.35,72.6,75.35,1560.0,1387.0,NIFTY,2026-09-22,23400.0,PE,2
2026-09-02 04:10:00+00:00,75.45,75.45,72.6,72.6,1365.0,1409.0,NIFTY,2026-09-22,23400.0,PE,2
2026-09-02 04:15:00+00:00,74.45,77.8,74.45,77.8,1040.0,1898.0,NIFTY,2026-09-22,23400.0,PE,2
2026-09-02 04:20:00+00:00,73.7,75.75,73.5,75.55,1625.0,2402.0,NIFTY,2026-09-22,23400.0,PE,2
2026-09-02 04:25:00+00:00,75.15,75.15,75.15,75.15,65.0,480.0,NIFTY,2026-09-22,23400.0,PE,2
2026-09-02 04:30:00+00:00,71.25,72.8,70.8,71.85,1495.0,2410.0,NIFTY,2026-09-22,23400.0,PE,2
2026-09-02 04:35:00+00:00,70.45,71.9,69.55,71.35,1040.0,1454.0,NIFTY,2026-09-22,23400.0,PE,2
2026-09-02 04:40:00+00:00,71.6,71.6,68.3,68.3,975.0,1938.0,NIFTY,2026-09-22,23400.0,PE,2
2026-09-02 04:45:00+00:00,70.3,70.6,68.95,68.95,520.0,979.0,NIFTY,2026-09-22,23400.0,PE,2
2026-09-02 04:50:00+00:00,67.15,68.2,64.3,65.9,4940.0,1974.0,NIFTY,2026-09-22,23400.0,PE,2
2026-09-02 04:55:00+00:00,65.8,66.05,64.45,64.7,845.0,495.0,NIFTY,2026-09-22,23400.0,PE,2
2026-09-02 05:00:00+00:00,63.8,64.9,63.8,64.9,650.0,989.0,NIFTY,2026-09-22,23400.0,PE,2
2026-09-02 05:05:00+00:00,65.2,68.2,65.2,68.2,325.0,986.0,NIFTY,2026-09-22,23400.0,PE,2
2026-09-02 05:10:00+00:00,66.95,67.6,66.95,67.6,585.0,986.0,NIFTY,2026-09-22,23400.0,PE,2
2026-09-02 05:15:00+00:00,68.55,68.55,67.3,68.05,455.0,988.0,NIFTY,2026-09-22,23400.0,PE,2
2026-09-02 05:20:00+00:00,67.5,71.75,66.45,68.8,2990.0,1483.0,NIFTY,2026-09-22,23400.0,PE,2
2026-09-02 05:25:00+00:00,68.7,69.1,66.9,69.1,1235.0,495.0,NIFTY,2026-09-22,23400.0,PE,2
2026-09-02 05:30:00+00:00,68.45,72.8,68.45,72.8,585.0,1479.0,NIFTY,2026-09-22,23400.0,PE,2
2026-09-02 05:35:00+00:00,73.35,74.6,73.35,73.5,455.0,979.0,NIFTY,2026-09-22,23400.0,PE,2
2026-09-02 05:40:00+00:00,73.65,73.65,73.65,73.65,130.0,490.0,NIFTY,2026-09-22,23400.0,PE,2
2026-09-02 05:45:00+00:00,73.75,75.3,73.75,75.3,650.0,490.0,NIFTY,2026-09-22,23400.0,PE,2
2026-09-02 05:50:00+00:00,74.25,74.25,74.25,74.25,65.0,,NIFTY,2026-09-22,23400.0,PE,2
2026-09-02 05:55:00+00:00,74.85,74.85,74.85,74.85,260.0,980.0,NIFTY,2026-09-22,23400.0,PE,2
2026-09-02 06:00:00+00:00,75.35,76.0,74.65,76.0,715.0,1480.0,NIFTY,2026-09-22,23400.0,PE,2
2026-09-02 06:05:00+00:00,76.05,76.05,76.0,76.0,130.0,496.0,NIFTY,2026-09-22,23400.0,PE,2
2026-09-02 06:10:00+00:00,74.4,75.8,74.4,75.2,650.0,2002.0,NIFTY,2026-09-22,23400.0,PE,2
2026-09-02 06:15:00+00:00,77.35,77.4,76.55,76.55,1235.0,1008.0,NIFTY,2026-09-22,23400.0,PE,2
2026-09-02 06:20:00+00:00,76.25,76.25,74.35,74.9,975.0,1529.0,NIFTY,2026-09-22,23400.0,PE,2
2026-09-02 06:25:00+00:00,71.05,75.25,70.9,75.25,1040.0,1025.0,NIFTY,2026-09-22,23400.0,PE,2
2026-09-02 06:30:00+00:00,76.7,79.75,76.7,78.7,2340.0,1537.0,NIFTY,2026-09-22,23400.0,PE,2
2026-09-02 06:35:00+00:00,78.8,78.8,77.8,78.3,910.0,1012.0,NIFTY,2026-09-22,23400.0,PE,2
2026-09-02 06:40:00+00:00,77.6,77.6,70.45,71.35,5980.0,2042.0,NIFTY,2026-09-22,23400.0,PE,2
2026-09-02 06:45:00+00:00,72.4,73.6,70.05,73.6,3965.0,2635.0,NIFTY,2026-09-22,23400.0,PE,2
2026-09-02 06:50:00+00:00,73.8,76.15,73.8,74.35,520.0,,NIFTY,2026-09-22,23400.0,PE,2
2026-09-02 06:55:00+00:00,73.4,73.4,70.95,70.95,455.0,,NIFTY,2026-09-22,23400.0,PE,2
2026-09-02 07:00:00+00:00,71.45,71.45,66.85,67.55,715.0,1626.0,NIFTY,2026-09-22,23400.0,PE,2
2026-09-02 07:05:00+00:00,68.55,68.55,68.2,68.2,130.0,541.0,NIFTY,2026-09-22,23400.0,PE,2
2026-09-02 07:10:00+00:00,68.6,68.6,64.5,65.15,780.0,1086.0,NIFTY,2026-09-22,23400.0,PE,2
2026-09-02 07:15:00+00:00,67.45,67.45,67.45,67.45,65.0,546.0,NIFTY,2026-09-22,23400.0,PE,2
2026-09-02 07:20:00+00:00,66.2,66.45,65.5,66.2,1365.0,546.0,NIFTY,2026-09-22,23400.0,PE,2
2026-09-02 07:25:00+00:00,67.35,67.35,65.7,65.7,390.0,546.0,NIFTY,2026-09-22,23400.0,PE,2
2026-09-02 07:30:00+00:00,64.55,64.55,63.95,64.0,1690.0,1099.0,NIFTY,2026-09-22,23400.0,PE,2
2026-09-02 07:45:00+00:00,64.2,65.0,64.2,65.0,390.0,562.0,NIFTY,2026-09-22,23400.0,PE,2
2026-09-02 07:50:00+00:00,64.45,64.65,64.45,64.65,195.0,564.0,NIFTY,2026-09-22,23400.0,PE,2
2026-09-02 07:55:00+00:00,64.4,64.4,64.3,64.3,130.0,560.0,NIFTY,2026-09-22,23400.0,PE,2
2026-09-02 08:00:00+00:00,64.9,64.9,64.9,64.9,325.0,,NIFTY,2026-09-22,23400.0,PE,2
2026-09-02 08:05:00+00:00,64.3,65.0,64.25,65.0,780.0,1124.0,NIFTY,2026-09-22,23400.0,PE,2
2026-09-02 08:15:00+00:00,67.35,67.35,67.35,67.35,195.0,,NIFTY,2026-09-22,23400.0,PE,2
2026-09-02 08:20:00+00:00,66.9,68.85,66.9,68.85,455.0,,NIFTY,2026-09-22,23400.0,PE,2
2026-09-02 08:35:00+00:00,64.9,64.9,61.25,61.25,520.0,2255.0,NIFTY,2026-09-22,23400.0,PE,2
2026-09-02 08:40:00+00:00,61.25,61.25,61.25,61.25,520.0,566.0,NIFTY,2026-09-22,23400.0,PE,2
2026-09-02 08:45:00+00:00,64.0,64.0,64.0,64.0,130.0,,NIFTY,2026-09-22,23400.0,PE,2
2026-09-02 08:50:00+00:00,64.8,64.8,64.8,64.8,65.0,,NIFTY,2026-09-22,23400.0,PE,2
2026-09-02 08:55:00+00:00,64.95,64.95,64.95,64.95,65.0,,NIFTY,2026-09-22,23400.0,PE,2
2026-09-02 09:00:00+00:00,62.2,62.2,59.0,59.0,520.0,565.0,NIFTY,2026-09-22,23400.0,PE,2
2026-09-02 09:05:00+00:00,59.0,60.2,59.0,60.2,520.0,1694.0,NIFTY,2026-09-22,23400.0,PE,2
2026-09-02 09:10:00+00:00,59.15,59.15,59.15,59.15,65.0,564.0,NIFTY,2026-09-22,23400.0,PE,2
2026-09-02 09:15:00+00:00,61.3,61.3,61.25,61.25,1430.0,,NIFTY,2026-09-22,23400.0,PE,2
2026-09-02 09:20:00+00:00,61.25,63.45,61.25,63.45,130.0,1129.0,NIFTY,2026-09-22,23400.0,PE,2
2026-09-02 09:25:00+00:00,65.5,65.75,63.95,63.95,260.0,1689.0,NIFTY,2026-09-22,23400.0,PE,2
2026-09-02 09:30:00+00:00,65.0,67.6,64.95,67.6,3120.0,1674.0,NIFTY,2026-09-22,23400.0,PE,2
2026-09-02 09:35:00+00:00,67.65,68.2,65.25,65.25,1235.0,1641.0,NIFTY,2026-09-22,23400.0,PE,2
2026-09-02 09:40:00+00:00,64.1,64.1,64.0,64.0,130.0,,NIFTY,2026-09-22,23400.0,PE,2
2026-09-02 09:45:00+00:00,63.95,63.95,63.7,63.7,195.0,545.0,NIFTY,2026-09-22,23400.0,PE,2
2026-09-02 09:50:00+00:00,64.1,64.1,64.1,64.1,65.0,,NIFTY,2026-09-22,23400.0,PE,2
2026-09-02 09:55:00+00:00,64.1,64.7,63.95,64.7,520.0,1090.0,NIFTY,2026-09-22,23400.0,PE,2
2026-09-02 10:00:00+00:00,63.15,64.45,63.15,64.45,390.0,1091.0,NIFTY,2026-09-22,23400.0,PE,2
2026-09-02 10:05:00+00:00,65.3,65.3,63.6,64.95,1235.0,1630.0,NIFTY,2026-09-22,23400.0,PE,2
2026-09-03 03:45:00+00:00,41.0,41.35,38.75,41.35,19695.0,2904.0,NIFTY,2026-09-22,23400.0,PE,2
2026-09-03 03:50:00+00:00,40.55,42.8,39.8,42.8,7345.0,2410.0,NIFTY,2026-09-22,23400.0,PE,2
2026-09-03 03:55:00+00:00,42.85,43.0,41.35,41.9,2145.0,2404.0,NIFTY,2026-09-22,23400.0,PE,2
2026-09-03 04:00:00+00:00,40.55,41.05,39.65,39.8,2990.0,3684.0,NIFTY,2026-09-22,23400.0,PE,2
2026-09-03 04:05:00+00:00,39.7,39.8,38.5,38.5,2145.0,1864.0,NIFTY,2026-09-22,23400.0,PE,2
2026-09-03 04:10:00+00:00,37.75,37.75,36.3,36.75,8515.0,2564.0,NIFTY,2026-09-22,23400.0,PE,2
2026-09-03 04:15:00+00:00,36.65,36.95,36.25,36.8,6175.0,2540.0,NIFTY,2026-09-22,23400.0,PE,2
2026-09-03 04:20:00+00:00,36.8,37.4,36.6,37.3,1690.0,1928.0,NIFTY,2026-09-22,23400.0,PE,2
2026-09-03 04:25:00+00:00,37.25,37.65,37.2,37.4,1105.0,1925.0,NIFTY,2026-09-22,23400.0,PE,2
2026-09-03 04:30:00+00:00,37.4,37.4,37.4,37.4,65.0,639.0,NIFTY,2026-09-22,23400.0,PE,2
2026-09-03 04:35:00+00:00,37.85,37.9,37.85,37.9,780.0,638.0,NIFTY,2026-09-22,23400.0,PE,2
2026-09-03 04:40:00+00:00,38.0,38.0,38.0,38.0,65.0,638.0,NIFTY,2026-09-22,23400.0,PE,2
2026-09-03 04:45:00+00:00,38.45,38.45,38.0,38.15,1950.0,1933.0,NIFTY,2026-09-22,23400.0,PE,2
2026-09-03 04:50:00+00:00,38.2,38.55,38.2,38.55,65.0,653.0,NIFTY,2026-09-22,23400.0,PE,2
2026-09-03 04:55:00+00:00,38.55,39.45,38.55,39.35,1885.0,658.0,NIFTY,2026-09-22,23400.0,PE,2
2026-09-03 05:00:00+00:00,39.45,40.0,39.3,39.6,2860.0,2653.0,NIFTY,2026-09-22,23400.0,PE,2
2026-09-03 05:05:00+00:00,40.0,42.05,40.0,41.45,3900.0,2700.0,NIFTY,2026-09-22,23400.0,PE,2
2026-09-03 05:10:00+00:00,41.7,44.35,41.7,42.6,7150.0,2741.0,NIFTY,2026-09-22,23400.0,PE,2
2026-09-03 05:15:00+00:00,42.3,43.2,41.6,41.75,2405.0,2744.0,NIFTY,2026-09-22,23400.0,PE,2
2026-09-03 05:20:00+00:00,41.9,44.05,41.85,44.05,2600.0,2079.0,NIFTY,2026-09-22,23400.0,PE,2
2026-09-03 05:25:00+00:00,45.25,45.3,43.5,43.65,1755.0,1401.0,NIFTY,2026-09-22,23400.0,PE,2
2026-09-03 05:30:00+00:00,43.6,45.15,43.05,45.15,1625.0,1394.0,NIFTY,2026-09-22,23400.0,PE,2
2026-09-03 05:35:00+00:00,46.25,48.0,45.55,48.0,2015.0,3504.0,NIFTY,2026-09-22,23400.0,PE,2
2026-09-03 05:40:00+00:00,48.55,50.25,47.55,50.25,5005.0,2815.0,NIFTY,2026-09-22,23400.0,PE,2
2026-09-03 05:45:00+00:00,49.8,50.7,47.1,47.25,8060.0,2806.0,NIFTY,2026-09-22,23400.0,PE,2
2026-09-03 05:50:00+00:00,46.3,46.85,44.65,44.85,7280.0,2824.0,NIFTY,2026-09-22,23400.0,PE,2
2026-09-03 05:55:00+00:00,45.4,45.9,43.8,44.15,3900.0,3627.0,NIFTY,2026-09-22,23400.0,PE,2
2026-09-03 06:00:00+00:00,42.85,43.4,42.1,42.85,1235.0,2188.0,NIFTY,2026-09-22,23400.0,PE,2
2026-09-03 06:05:00+00:00,42.4,42.8,41.45,42.8,1885.0,2882.0,NIFTY,2026-09-22,23400.0,PE,2
2026-09-03 06:10:00+00:00,43.0,43.25,42.95,42.95,715.0,1446.0,NIFTY,2026-09-22,23400.0,PE,2
2026-09-03 06:15:00+00:00,43.75,43.75,42.3,42.3,455.0,1454.0,NIFTY,2026-09-22,23400.0,PE,2
2026-09-03 06:20:00+00:00,42.5,44.0,42.5,43.5,520.0,728.0,NIFTY,2026-09-22,23400.0,PE,2
2026-09-03 06:25:00+00:00,44.25,44.25,44.25,44.25,130.0,730.0,NIFTY,2026-09-22,23400.0,PE,2
2026-09-03 06:30:00+00:00,45.9,48.15,45.25,48.15,3575.0,2207.0,NIFTY,2026-09-22,23400.0,PE,2
2026-09-03 06:35:00+00:00,47.5,48.3,47.05,48.05,1950.0,2241.0,NIFTY,2026-09-22,23400.0,PE,2
2026-09-03 06:40:00+00:00,47.95,48.9,47.95,48.15,4550.0,3830.0,NIFTY,2026-09-22,23400.0,PE,2
2026-09-03 06:45:00+00:00,48.8,51.3,48.3,50.2,2210.0,3914.0,NIFTY,2026-09-22,23400.0,PE,2
2026-09-03 06:50:00+00:00,50.5,52.85,50.5,52.2,5200.0,4019.0,NIFTY,2026-09-22,23400.0,PE,2
2026-09-03 06:55:00+00:00,52.35,52.5,50.0,51.8,9685.0,4349.0,NIFTY,2026-09-22,23400.0,PE,2
2026-09-03 07:00:00+00:00,52.4,52.4,50.8,51.0,2405.0,3601.0,NIFTY,2026-09-22,23400.0,PE,2
2026-09-03 07:05:00+00:00,51.95,52.3,49.2,50.55,5655.0,3651.0,NIFTY,2026-09-22,23400.0,PE,2
2026-09-03 07:10:00+00:00,50.8,52.4,50.0,51.55,5330.0,3754.0,NIFTY,2026-09-22,23400.0,PE,2
2026-09-03 07:15:00+00:00,51.8,51.8,50.6,51.05,3055.0,5790.0,NIFTY,2026-09-22,23400.0,PE,2
2026-09-03 07:20:00+00:00,51.5,51.5,49.05,49.4,12545.0,5042.0,NIFTY,2026-09-22,23400.0,PE,2
2026-09-03 07:25:00+00:00,49.55,51.8,49.55,50.25,8125.0,5409.0,NIFTY,2026-09-22,23400.0,PE,2
2026-09-03 07:30:00+00:00,50.2,51.2,50.2,50.2,2600.0,2228.0,NIFTY,2026-09-22,23400.0,PE,2
2026-09-03 07:35:00+00:00,50.25,50.4,49.6,50.0,1365.0,4477.0,NIFTY,2026-09-22,23400.0,PE,2
2026-09-03 07:40:00+00:00,48.0,49.1,47.7,49.1,6760.0,3414.0,NIFTY,2026-09-22,23400.0,PE,2
2026-09-03 07:45:00+00:00,49.15,49.7,47.2,48.15,19630.0,6007.0,NIFTY,2026-09-22,23400.0,PE,2
2026-09-03 07:50:00+00:00,48.95,51.5,48.95,51.5,16575.0,7924.0,NIFTY,2026-09-22,23400.0,PE,2
2026-09-03 07:55:00+00:00,51.95,53.4,50.75,50.9,3510.0,5441.0,NIFTY,2026-09-22,23400.0,PE,2
2026-09-03 08:00:00+00:00,50.9,51.05,46.65,46.8,3510.0,5474.0,NIFTY,2026-09-22,23400.0,PE,2
2026-09-03 08:05:00+00:00,47.1,51.05,46.95,51.05,1365.0,5516.0,NIFTY,2026-09-22,23400.0,PE,2
2026-09-03 08:10:00+00:00,51.2,51.55,51.2,51.55,520.0,1378.0,NIFTY,2026-09-22,23400.0,PE,2
2026-09-03 08:15:00+00:00,50.55,52.65,50.15,50.15,2145.0,4147.0,NIFTY,2026-09-22,23400.0,PE,2
2026-09-03 08:20:00+00:00,49.7,51.0,48.95,49.9,1950.0,6964.0,NIFTY,2026-09-22,23400.0,PE,2
2026-09-03 08:25:00+00:00,49.95,49.95,48.3,48.65,1950.0,4206.0,NIFTY,2026-09-22,23400.0,PE,2
2026-09-03 08:30:00+00:00,48.25,49.5,47.4,48.5,3250.0,4249.0,NIFTY,2026-09-22,23400.0,PE,2
2026-09-03 08:35:00+00:00,48.1,49.15,48.1,48.85,1885.0,2861.0,NIFTY,2026-09-22,23400.0,PE,2
2026-09-03 08:40:00+00:00,48.9,49.1,48.55,48.55,715.0,4319.0,NIFTY,2026-09-22,23400.0,PE,2
2026-09-03 08:45:00+00:00,48.6,49.7,48.4,48.55,2535.0,4350.0,NIFTY,2026-09-22,23400.0,PE,2
2026-09-03 08:50:00+00:00,47.5,49.5,47.5,48.5,1950.0,5842.0,NIFTY,2026-09-22,23400.0,PE,2
2026-09-03 08:55:00+00:00,48.95,48.95,47.1,47.4,3055.0,7350.0,NIFTY,2026-09-22,23400.0,PE,2
2026-09-03 09:00:00+00:00,47.55,48.0,47.3,47.75,4550.0,7484.0,NIFTY,2026-09-22,23400.0,PE,2
2026-09-03 09:05:00+00:00,47.45,48.45,47.45,48.45,975.0,6076.0,NIFTY,2026-09-22,23400.0,PE,2
2026-09-03 09:10:00+00:00,49.15,49.55,49.15,49.3,325.0,3045.0,NIFTY,2026-09-22,23400.0,PE,2
2026-09-03 09:15:00+00:00,48.85,50.4,48.4,49.7,87945.0,7354.0,NIFTY,2026-09-22,23400.0,PE,2
2026-09-03 09:20:00+00:00,49.65,50.75,49.15,50.75,49660.0,11828.0,NIFTY,2026-09-22,23400.0,PE,2
2026-09-03 09:25:00+00:00,50.95,53.6,50.85,52.8,52780.0,13329.0,NIFTY,2026-09-22,23400.0,PE,2
2026-09-03 09:30:00+00:00,53.45,53.85,51.6,53.2,23140.0,14563.0,NIFTY,2026-09-22,23400.0,PE,2
2026-09-03 09:35:00+00:00,53.45,54.95,52.85,53.55,94185.0,16294.0,NIFTY,2026-09-22,23400.0,PE,2
2026-09-03 09:40:00+00:00,53.9,54.2,51.35,52.05,93990.0,20358.0,NIFTY,2026-09-22,23400.0,PE,2
2026-09-03 09:45:00+00:00,51.95,52.1,51.1,51.6,2405.0,17098.0,NIFTY,2026-09-22,23400.0,PE,2
2026-09-03 09:50:00+00:00,51.55,54.05,51.15,52.5,4095.0,8553.0,NIFTY,2026-09-22,23400.0,PE,2
2026-09-03 09:55:00+00:00,52.7,56.3,52.7,56.3,4615.0,4277.0,NIFTY,2026-09-22,23400.0,PE,2
2026-09-03 10:00:00+00:00,56.1,57.1,54.45,56.7,8320.0,12838.0,NIFTY,2026-09-22,23400.0,PE,2
2026-09-03 10:05:00+00:00,56.9,59.95,56.6,59.45,28665.0,21387.0,NIFTY,2026-09-22,23400.0,PE,2
2026-09-04 03:45:00+00:00,47.1,51.05,45.55,45.55,27495.0,12859.0,NIFTY,2026-09-22,23400.0,PE,2
2026-09-04 03:50:00+00:00,45.2,47.1,45.1,46.05,8450.0,17146.0,NIFTY,2026-09-22,23400.0,PE,2
2026-09-04 03:55:00+00:00,46.4,47.0,46.0,47.0,975.0,8576.0,NIFTY,2026-09-22,23400.0,PE,2
2026-09-04 04:00:00+00:00,48.95,49.15,45.95,46.3,2340.0,8576.0,NIFTY,2026-09-22,23400.0,PE,2
2026-09-04 04:05:00+00:00,47.2,48.0,46.55,46.55,1430.0,8582.0,NIFTY,2026-09-22,23400.0,PE,2
2026-09-04 04:10:00+00:00,46.7,47.95,46.35,46.85,650.0,4292.0,NIFTY,2026-09-22,23400.0,PE,2
2026-09-04 04:15:00+00:00,46.35,46.35,44.2,45.0,7865.0,21498.0,NIFTY,2026-09-22,23400.0,PE,2
2026-09-04 04:20:00+00:00,44.85,44.85,42.15,42.15,7800.0,17206.0,NIFTY,2026-09-22,23400.0,PE,2
2026-09-04 04:25:00+00:00,41.75,42.35,41.45,42.25,8320.0,12905.0,NIFTY,2026-09-22,23400.0,PE,2
2026-09-04 04:30:00+00:00,42.05,42.05,40.35,40.65,10790.0,8619.0,NIFTY,2026-09-22,23400.0,PE,2
2026-09-04 04:35:00+00:00,41.0,41.95,41.0,41.95,5720.0,12884.0,NIFTY,2026-09-22,23400.0,PE,2
2026-09-04 04:40:00+00:00,42.35,42.55,41.85,42.35,1105.0,17173.0,NIFTY,2026-09-22,23400.0,PE,2
2026-09-04 04:45:00+00:00,40.8,42.25,40.45,40.45,2600.0,12894.0,NIFTY,2026-09-22,23400.0,PE,2
2026-09-04 04:50:00+00:00,40.75,40.8,40.75,40.8,195.0,4303.0,NIFTY,2026-09-22,23400.0,PE,2
2026-09-04 04:55:00+00:00,39.85,40.35,38.45,38.45,2145.0,12922.0,NIFTY,2026-09-22,23400.0,PE,2
2026-09-04 05:00:00+00:00,38.3,38.85,37.85,38.85,3835.0,8619.0,NIFTY,2026-09-22,23400.0,PE,2
2026-09-04 05:05:00+00:00,40.05,40.05,39.1,39.6,3640.0,12920.0,NIFTY,2026-09-22,23400.0,PE,2
2026-09-04 05:10:00+00:00,39.35,39.9,39.1,39.65,3575.0,4306.0,NIFTY,2026-09-22,23400.0,PE,2
2026-09-04 05:15:00+00:00,39.9,39.9,38.85,38.95,3770.0,12981.0,NIFTY,2026-09-22,23400.0,PE,2
2026-09-04 05:20:00+00:00,39.4,39.7,38.6,38.6,1235.0,8665.0,NIFTY,2026-09-22,23400.0,PE,2
2026-09-04 05:25:00+00:00,38.8,40.05,38.7,39.15,2665.0,17354.0,NIFTY,2026-09-22,23400.0,PE,2
2026-09-04 05:30:00+00:00,38.85,39.7,38.85,39.65,1625.0,8677.0,NIFTY,2026-09-22,23400.0,PE,2
2026-09-04 05:35:00+00:00,39.45,39.95,38.4,38.4,13130.0,17368.0,NIFTY,2026-09-22,23400.0,PE,2
2026-09-04 05:40:00+00:00,38.5,39.75,38.2,39.7,4225.0,13060.0,NIFTY,2026-09-22,23400.0,PE,2
2026-09-04 05:45:00+00:00,39.8,40.1,38.9,38.9,2600.0,8746.0,NIFTY,2026-09-22,23400.0,PE,2
2026-09-04 05:50:00+00:00,38.3,38.9,38.0,38.9,1495.0,8756.0,NIFTY,2026-09-22,23400.0,PE,2
2026-09-04 05:55:00+00:00,38.1,39.0,37.95,38.0,1235.0,13130.0,NIFTY,2026-09-22,23400.0,PE,2
2026-09-04 06:00:00+00:00,37.55,37.65,36.9,37.25,10335.0,13140.0,NIFTY,2026-09-22,23400.0,PE,2
2026-09-04 06:05:00+00:00,37.2,37.6,36.25,36.4,8060.0,17521.0,NIFTY,2026-09-22,23400.0,PE,2
2026-09-04 06:10:00+00:00,36.6,37.3,36.35,37.2,2080.0,13092.0,NIFTY,2026-09-22,23400.0,PE,2
2026-09-04 06:15:00+00:00,37.05,37.6,37.05,37.45,3185.0,17444.0,NIFTY,2026-09-22,23400.0,PE,2
2026-09-04 06:20:00+00:00,37.05,37.3,36.4,37.1,4160.0,17446.0,NIFTY,2026-09-22,23400.0,PE,2
2026-09-04 06:25:00+00:00,36.65,36.8,36.65,36.8,715.0,4361.0,NIFTY,2026-09-22,23400.0,PE,2
2026-09-04 06:30:00+00:00,37.4,39.2,37.4,39.2,6110.0,4371.0,NIFTY,2026-09-22,23400.0,PE,2
2026-09-04 06:35:00+00:00,39.25,39.25,38.75,38.75,1560.0,8756.0,NIFTY,2026-09-22,23400.0,PE,2
2026-09-04 06:40:00+00:00,39.05,39.75,39.05,39.75,2860.0,4378.0,NIFTY,2026-09-22,23400.0,PE,2
2026-09-04 06:45:00+00:00,40.2,40.45,39.65,40.25,8060.0,4376.0,NIFTY,2026-09-22,23400.0,PE,2
2026-09-04 06:50:00+00:00,40.5,41.75,40.25,41.75,11895.0,8757.0,NIFTY,2026-09-22,23400.0,PE,2
2026-09-04 06:55:00+00:00,41.75,41.75,40.55,40.95,4355.0,8782.0,NIFTY,2026-09-22,23400.0,PE,2
2026-09-04 07:00:00+00:00,40.8,40.95,40.6,40.8,1430.0,8828.0,NIFTY,2026-09-22,23400.0,PE,2
2026-09-04 07:05:00+00:00,40.9,41.5,40.6,40.6,2925.0,,NIFTY,2026-09-22,23400.0,PE,2
2026-09-04 07:10:00+00:00,41.0,41.2,41.0,41.2,1690.0,8835.0,NIFTY,2026-09-22,23400.0,PE,2
2026-09-04 07:15:00+00:00,41.25,41.35,40.1,40.1,2015.0,4417.0,NIFTY,2026-09-22,23400.0,PE,2
2026-09-04 07:20:00+00:00,40.05,40.75,39.5,39.5,3445.0,13259.0,NIFTY,2026-09-22,23400.0,PE,2
2026-09-04 07:25:00+00:00,40.5,40.5,40.45,40.45,390.0,,NIFTY,2026-09-22,23400.0,PE,2
2026-09-04 07:30:00+00:00,40.1,40.5,40.05,40.25,1365.0,4429.0,NIFTY,2026-09-22,23400.0,PE,2
2026-09-04 07:35:00+00:00,40.2,40.35,40.0,40.0,650.0,8862.0,NIFTY,2026-09-22,23400.0,PE,2
2026-09-04 07:40:00+00:00,37.55,38.75,37.55,38.55,3120.0,17724.0,NIFTY,2026-09-22,23400.0,PE,2
2026-09-04 07:45:00+00:00,37.7,37.7,36.8,37.3,4810.0,17702.0,NIFTY,2026-09-22,23400.0,PE,2
2026-09-04 07:50:00+00:00,37.5,38.25,37.5,38.25,1300.0,4426.0,NIFTY,2026-09-22,23400.0,PE,2
2026-09-04 07:55:00+00:00,39.15,39.15,39.15,39.15,195.0,4434.0,NIFTY,2026-09-22,23400.0,PE,2
2026-09-04 08:00:00+00:00,39.9,40.6,39.85,40.55,715.0,8876.0,NIFTY,2026-09-22,23400.0,PE,2
2026-09-04 08:05:00+00:00,39.85,39.85,39.1,39.1,390.0,,NIFTY,2026-09-22,23400.0,PE,2
2026-09-04 08:10:00+00:00,39.3,39.5,38.6,39.5,1430.0,13330.0,NIFTY,2026-09-22,23400.0,PE,2
2026-09-04 08:15:00+00:00,38.1,38.55,38.1,38.35,325.0,8892.0,NIFTY,2026-09-22,23400.0,PE,2
2026-09-04 08:20:00+00:00,38.2,38.7,38.1,38.1,260.0,4447.0,NIFTY,2026-09-22,23400.0,PE,2
2026-09-04 08:30:00+00:00,38.75,39.25,38.15,38.15,650.0,4447.0,NIFTY,2026-09-22,23400.0,PE,2
2026-09-04 08:35:00+00:00,38.25,38.7,37.95,38.3,9880.0,17828.0,NIFTY,2026-09-22,23400.0,PE,2
2026-09-04 08:45:00+00:00,38.7,38.7,38.7,38.7,325.0,4433.0,NIFTY,2026-09-22,23400.0,PE,2
2026-09-04 08:50:00+00:00,38.0,38.4,37.8,37.85,1560.0,4432.0,NIFTY,2026-09-22,23400.0,PE,2
2026-09-04 08:55:00+00:00,37.05,37.05,36.15,36.15,2210.0,22168.0,NIFTY,2026-09-22,23400.0,PE,2
2026-09-04 09:00:00+00:00,36.15,36.15,35.7,35.7,2405.0,4434.0,NIFTY,2026-09-22,23400.0,PE,2
2026-09-04 09:05:00+00:00,36.2,38.5,36.2,38.2,1105.0,8858.0,NIFTY,2026-09-22,23400.0,PE,2
2026-09-04 09:10:00+00:00,38.5,38.75,37.55,38.35,1365.0,17733.0,NIFTY,2026-09-22,23400.0,PE,2
2026-09-04 09:15:00+00:00,38.4,38.7,37.55,37.6,4485.0,13327.0,NIFTY,2026-09-22,23400.0,PE,2
2026-09-04 09:20:00+00:00,37.75,38.45,37.75,38.2,2080.0,8919.0,NIFTY,2026-09-22,23400.0,PE,2
2026-09-04 09:25:00+00:00,38.3,38.6,37.95,37.95,2990.0,13378.0,NIFTY,2026-09-22,23400.0,PE,2
2026-09-04 09:30:00+00:00,37.85,39.0,37.6,39.0,5395.0,4461.0,NIFTY,2026-09-22,23400.0,PE,2
2026-09-04 09:35:00+00:00,38.85,38.9,37.7,38.25,9945.0,17841.0,NIFTY,2026-09-22,23400.0,PE,2
2026-09-04 09:40:00+00:00,38.75,38.75,37.6,38.15,5070.0,8923.0,NIFTY,2026-09-22,23400.0,PE,2
2026-09-04 09:45:00+00:00,38.45,38.5,36.6,36.6,6760.0,8937.0,NIFTY,2026-09-22,23400.0,PE,2
2026-09-04 09:50:00+00:00,37.35,39.15,37.35,38.25,9685.0,22333.0,NIFTY,2026-09-22,23400.0,PE,2
2026-09-04 09:55:00+00:00,38.3,38.5,37.05,38.15,10985.0,4529.0,NIFTY,2026-09-22,23400.0,PE,2
2026-09-04 10:00:00+00:00,37.65,38.3,37.15,37.65,7020.0,4531.0,NIFTY,2026-09-22,23400.0,PE,2
2026-09-04 10:05:00+00:00,37.7,38.45,36.6,36.6,5915.0,13590.0,NIFTY,2026-09-22,23400.0,PE,2
2026-09-07 03:45:00+00:00,43.0,47.7,42.4,44.0,18590.0,17854.0,NIFTY,2026-09-22,23400.0,PE,2
2026-09-07 03:50:00+00:00,44.05,46.2,44.05,46.2,3770.0,17828.0,NIFTY,2026-09-22,23400.0,PE,2
2026-09-07 03:55:00+00:00,46.95,48.75,46.55,48.6,18135.0,22313.0,NIFTY,2026-09-22,23400.0,PE,2
2026-09-07 04:00:00+00:00,48.0,48.65,46.45,47.0,6435.0,13388.0,NIFTY,2026-09-22,23400.0,PE,2
2026-09-07 04:05:00+00:00,46.6,47.2,45.5,46.5,4680.0,22372.0,NIFTY,2026-09-22,23400.0,PE,2
2026-09-07 04:10:00+00:00,45.25,46.55,45.2,46.55,2340.0,4478.0,NIFTY,2026-09-22,23400.0,PE,2
2026-09-07 04:15:00+00:00,46.15,47.6,45.65,47.3,3900.0,8954.0,NIFTY,2026-09-22,23400.0,PE,2
2026-09-07 04:20:00+00:00,46.95,49.25,46.65,48.45,7930.0,22408.0,NIFTY,2026-09-22,23400.0,PE,2
2026-09-07 04:25:00+00:00,48.6,50.05,47.75,48.8,1560.0,22540.0,NIFTY,2026-09-22,23400.0,PE,2
2026-09-07 04:30:00+00:00,48.6,49.05,48.35,49.05,6110.0,13540.0,NIFTY,2026-09-22,23400.0,PE,2
2026-09-07 04:35:00+00:00,49.3,49.75,49.05,49.55,2925.0,18068.0,NIFTY,2026-09-22,23400.0,PE,2
2026-09-07 04:40:00+00:00,50.0,50.7,49.5,50.4,4615.0,22726.0,NIFTY,2026-09-22,23400.0,PE,2
2026-09-07 04:45:00+00:00,51.45,54.8,51.45,53.9,6240.0,18238.0,NIFTY,2026-09-22,23400.0,PE,2
2026-09-07 04:50:00+00:00,53.7,54.1,51.35,52.2,3510.0,18255.0,NIFTY,2026-09-22,23400.0,PE,2
2026-09-07 04:55:00+00:00,52.35,52.5,52.0,52.05,3120.0,9151.0,NIFTY,2026-09-22,23400.0,PE,2
2026-09-07 05:00:00+00:00,52.0,52.0,51.5,51.75,1170.0,9153.0,NIFTY,2026-09-22,23400.0,PE,2
2026-09-07 05:05:00+00:00,52.2,52.9,52.1,52.1,1820.0,18318.0,NIFTY,2026-09-22,23400.0,PE,2
2026-09-07 05:10:00+00:00,52.7,53.0,52.15,52.15,455.0,13748.0,NIFTY,2026-09-22,23400.0,PE,2
2026-09-07 05:15:00+00:00,52.95,54.0,52.95,54.0,390.0,9170.0,NIFTY,2026-09-22,23400.0,PE,2
2026-09-07 05:20:00+00:00,53.95,55.35,53.95,55.05,975.0,4585.0,NIFTY,2026-09-22,23400.0,PE,2
2026-09-07 05:25:00+00:00,54.7,55.15,54.2,55.15,195.0,9176.0,NIFTY,2026-09-22,23400.0,PE,2
2026-09-07 05:30:00+00:00,55.15,59.3,55.0,57.7,5330.0,13772.0,NIFTY,2026-09-22,23400.0,PE,2
2026-09-07 05:35:00+00:00,57.55,59.2,57.55,58.7,3055.0,18393.0,NIFTY,2026-09-22,23400.0,PE,2
2026-09-07 05:40:00+00:00,58.65,60.0,57.9,58.8,5395.0,18453.0,NIFTY,2026-09-22,23400.0,PE,2
2026-09-07 05:45:00+00:00,60.0,60.0,58.75,59.65,1560.0,18458.0,NIFTY,2026-09-22,23400.0,PE,2
2026-09-07 05:50:00+00:00,59.7,59.7,57.45,58.25,1495.0,18449.0,NIFTY,2026-09-22,23400.0,PE,2
2026-09-07 05:55:00+00:00,58.95,59.85,58.95,59.65,6240.0,13884.0,NIFTY,2026-09-22,23400.0,PE,2
2026-09-07 06:00:00+00:00,60.4,60.4,59.35,59.8,1755.0,13927.0,NIFTY,2026-09-22,23400.0,PE,2
2026-09-07 06:05:00+00:00,59.95,60.75,59.9,60.65,2665.0,9283.0,NIFTY,2026-09-22,23400.0,PE,2
2026-09-07 06:10:00+00:00,61.75,61.75,58.4,58.4,3510.0,9294.0,NIFTY,2026-09-22,23400.0,PE,2
2026-09-07 06:15:00+00:00,57.95,59.3,57.65,58.9,2730.0,18552.0,NIFTY,2026-09-22,23400.0,PE,2
2026-09-07 06:20:00+00:00,58.9,58.9,56.7,56.7,3250.0,13914.0,NIFTY,2026-09-22,23400.0,PE,2
2026-09-07 06:25:00+00:00,56.5,57.95,56.5,57.35,1885.0,4645.0,NIFTY,2026-09-22,23400.0,PE,2
2026-09-07 06:30:00+00:00,58.0,58.0,57.0,57.4,845.0,13946.0,NIFTY,2026-09-22,23400.0,PE,2
2026-09-07 06:35:00+00:00,57.45,57.45,55.25,55.25,1105.0,9306.0,NIFTY,2026-09-22,23400.0,PE,2
2026-09-07 06:40:00+00:00,54.7,54.7,54.55,54.55,455.0,4652.0,NIFTY,2026-09-22,23400.0,PE,2
2026-09-07 06:45:00+00:00,53.7,57.9,53.7,57.9,1885.0,23266.0,NIFTY,2026-09-22,23400.0,PE,2
2026-09-07 06:50:00+00:00,57.65,59.75,57.35,58.45,2600.0,13963.0,NIFTY,2026-09-22,23400.0,PE,2
2026-09-07 06:55:00+00:00,58.45,59.15,58.35,59.15,1235.0,18632.0,NIFTY,2026-09-22,23400.0,PE,2
2026-09-07 07:00:00+00:00,60.0,61.0,58.55,59.15,1365.0,9325.0,NIFTY,2026-09-22,23400.0,PE,2
2026-09-07 07:05:00+00:00,59.3,59.85,57.85,57.85,1430.0,9325.0,NIFTY,2026-09-22,23400.0,PE,2
2026-09-07 07:10:00+00:00,58.05,58.8,57.6,57.9,1365.0,9321.0,NIFTY,2026-09-22,23400.0,PE,2
2026-09-07 07:15:00+00:00,60.0,60.0,60.0,60.0,65.0,4660.0,NIFTY,2026-09-22,23400.0,PE,2
2026-09-07 07:20:00+00:00,60.35,63.6,60.35,63.0,10270.0,9373.0,NIFTY,2026-09-22,23400.0,PE,2
2026-09-07 07:25:00+00:00,63.0,63.0,60.95,61.0,1755.0,23423.0,NIFTY,2026-09-22,23400.0,PE,2
2026-09-07 07:30:00+00:00,60.95,60.95,59.45,60.7,3640.0,18779.0,NIFTY,2026-09-22,23400.0,PE,2
2026-09-07 07:35:00+00:00,59.5,59.5,58.65,59.4,975.0,18783.0,NIFTY,2026-09-22,23400.0,PE,2
2026-09-07 07:40:00+00:00,59.2,60.45,58.85,60.45,2080.0,14072.0,NIFTY,2026-09-22,23400.0,PE,2
2026-09-07 07:45:00+00:00,60.05,60.95,59.65,60.05,2860.0,14057.0,NIFTY,2026-09-22,23400.0,PE,2
2026-09-07 07:50:00+00:00,60.0,60.15,58.9,59.55,390.0,4683.0,NIFTY,2026-09-22,23400.0,PE,2
2026-09-07 07:55:00+00:00,57.75,57.75,57.75,57.75,715.0,,NIFTY,2026-09-22,23400.0,PE,2
2026-09-07 08:00:00+00:00,58.95,59.85,58.75,58.85,3575.0,9364.0,NIFTY,2026-09-22,23400.0,PE,2
2026-09-07 08:05:00+00:00,58.7,58.7,57.75,57.75,2795.0,14107.0,NIFTY,2026-09-22,23400.0,PE,2
2026-09-07 08:10:00+00:00,58.0,58.75,57.35,57.35,3900.0,23603.0,NIFTY,2026-09-22,23400.0,PE,2
2026-09-07 08:15:00+00:00,57.0,57.45,55.8,56.05,7605.0,14280.0,NIFTY,2026-09-22,23400.0,PE,2
2026-09-07 08:20:00+00:00,56.25,56.6,52.0,52.45,59085.0,24634.0,NIFTY,2026-09-22,23400.0,PE,2
2026-09-07 08:25:00+00:00,52.1,52.85,51.5,52.45,65520.0,25797.0,NIFTY,2026-09-22,23400.0,PE,2
2026-09-07 08:30:00+00:00,52.35,52.35,48.8,50.0,99515.0,26399.0,NIFTY,2026-09-22,23400.0,PE,2
2026-09-07 08:35:00+00:00,50.4,52.0,49.65,51.85,25285.0,16268.0,NIFTY,2026-09-22,23400.0,PE,2
2026-09-07 08:40:00+00:00,52.0,52.15,50.6,50.95,22295.0,21840.0,NIFTY,2026-09-22,23400.0,PE,2
2026-09-07 08:45:00+00:00,51.0,53.2,50.6,51.9,38610.0,27804.0,NIFTY,2026-09-22,23400.0,PE,2
2026-09-07 08:50:00+00:00,51.95,51.95,49.0,49.55,87750.0,23101.0,NIFTY,2026-09-22,23400.0,PE,2
2026-09-07 08:55:00+00:00,49.5,49.8,48.25,48.5,60320.0,29364.0,NIFTY,2026-09-22,23400.0,PE,2
2026-09-07 09:00:00+00:00,48.25,51.55,47.95,51.5,11180.0,29926.0,NIFTY,2026-09-22,23400.0,PE,2
2026-09-07 09:05:00+00:00,51.15,52.0,50.85,52.0,2470.0,17888.0,NIFTY,2026-09-22,23400.0,PE,2
2026-09-07 09:10:00+00:00,53.35,54.65,53.35,54.25,11310.0,11937.0,NIFTY,2026-09-22,23400.0,PE,2
2026-09-07 09:15:00+00:00,54.9,55.4,54.4,54.95,3250.0,30096.0,NIFTY,2026-09-22,23400.0,PE,2
2026-09-07 09:20:00+00:00,54.45,56.45,53.6,55.9,14365.0,30040.0,NIFTY,2026-09-22,23400.0,PE,2
2026-09-07 09:25:00+00:00,55.8,56.15,55.0,55.8,6110.0,30050.0,NIFTY,2026-09-22,23400.0,PE,2
2026-09-07 09:30:00+00:00,55.6,55.7,53.55,54.25,17485.0,30176.0,NIFTY,2026-09-22,23400.0,PE,2
2026-09-07 09:35:00+00:00,54.45,55.25,54.05,55.25,26910.0,30832.0,NIFTY,2026-09-22,23400.0,PE,2
2026-09-07 09:40:00+00:00,55.45,55.5,53.35,53.8,25545.0,31713.0,NIFTY,2026-09-22,23400.0,PE,2
2026-09-07 09:45:00+00:00,54.4,56.55,53.45,56.55,78845.0,26980.0,NIFTY,2026-09-22,23400.0,PE,2
2026-09-07 09:50:00+00:00,56.65,56.65,53.35,54.0,30485.0,41123.0,NIFTY,2026-09-22,23400.0,PE,2
2026-09-07 09:55:00+00:00,54.25,55.15,53.3,53.95,11440.0,27576.0,NIFTY,2026-09-22,23400.0,PE,2
2026-09-07 10:00:00+00:00,53.45,55.4,53.45,54.65,10075.0,27592.0,NIFTY,2026-09-22,23400.0,PE,2
2026-09-07 10:05:00+00:00,55.4,59.2,54.9,59.2,19890.0,27714.0,NIFTY,2026-09-22,23400.0,PE,2
2026-09-08 03:45:00+00:00,67.95,69.15,65.35,67.15,35555.0,27922.0,NIFTY,2026-09-22,23400.0,PE,2
2026-09-08 03:50:00+00:00,66.8,71.3,66.8,70.5,14235.0,35053.0,NIFTY,2026-09-22,23400.0,PE,2
2026-09-08 03:55:00+00:00,71.0,72.55,69.95,70.9,34645.0,35413.0,NIFTY,2026-09-22,23400.0,PE,2
2026-09-08 04:00:00+00:00,71.4,72.1,70.0,70.95,6175.0,28853.0,NIFTY,2026-09-22,23400.0,PE,2
2026-09-08 04:05:00+00:00,70.7,70.7,66.05,67.3,5655.0,36055.0,NIFTY,2026-09-22,23400.0,PE,2
2026-09-08 04:10:00+00:00,67.8,72.05,67.2,72.05,13780.0,35815.0,NIFTY,2026-09-22,23400.0,PE,2
2026-09-08 04:15:00+00:00,70.95,71.85,67.5,67.75,10465.0,35599.0,NIFTY,2026-09-22,23400.0,PE,2
2026-09-08 04:20:00+00:00,67.05,69.05,66.25,68.65,3705.0,21377.0,NIFTY,2026-09-22,23400.0,PE,2
2026-09-08 04:25:00+00:00,69.0,72.4,69.0,72.15,16900.0,35920.0,NIFTY,2026-09-22,23400.0,PE,2
2026-09-08 04:30:00+00:00,72.05,73.4,70.35,72.95,7540.0,21550.0,NIFTY,2026-09-22,23400.0,PE,2
2026-09-08 04:35:00+00:00,73.25,73.6,67.45,67.5,5720.0,28748.0,NIFTY,2026-09-22,23400.0,PE,2
2026-09-08 04:40:00+00:00,68.0,68.0,60.8,61.8,3770.0,36069.0,NIFTY,2026-09-22,23400.0,PE,2
2026-09-08 04:45:00+00:00,60.55,64.75,59.45,62.15,9815.0,36154.0,NIFTY,2026-09-22,23400.0,PE,2
2026-09-08 04:50:00+00:00,62.2,64.2,62.2,63.9,5525.0,36464.0,NIFTY,2026-09-22,23400.0,PE,2
2026-09-08 04:55:00+00:00,65.5,66.75,64.0,65.75,13845.0,29001.0,NIFTY,2026-09-22,23400.0,PE,2
2026-09-08 05:00:00+00:00,65.0,66.35,64.4,66.15,2600.0,21675.0,NIFTY,2026-09-22,23400.0,PE,2
2026-09-08 05:05:00+00:00,66.15,69.6,66.15,69.3,7020.0,36171.0,NIFTY,2026-09-22,23400.0,PE,2
2026-09-08 05:10:00+00:00,69.6,70.6,69.3,70.5,2470.0,21670.0,NIFTY,2026-09-22,23400.0,PE,2
2026-09-08 05:15:00+00:00,69.5,69.55,65.7,66.35,23725.0,29383.0,NIFTY,2026-09-22,23400.0,PE,2
2026-09-08 05:20:00+00:00,66.15,66.75,65.0,66.75,4550.0,29634.0,NIFTY,2026-09-22,23400.0,PE,2
2026-09-08 05:25:00+00:00,67.65,69.55,67.65,69.2,3575.0,22248.0,NIFTY,2026-09-22,23400.0,PE,2
2026-09-08 05:30:00+00:00,69.0,70.35,69.0,70.0,3705.0,29705.0,NIFTY,2026-09-22,23400.0,PE,2
2026-09-08 05:35:00+00:00,70.5,70.95,67.4,68.2,5915.0,37159.0,NIFTY,2026-09-22,23400.0,PE,2
2026-09-08 05:40:00+00:00,68.5,69.1,68.25,68.45,4030.0,22293.0,NIFTY,2026-09-22,23400.0,PE,2
2026-09-08 05:45:00+00:00,69.05,69.5,66.8,67.1,5265.0,22324.0,NIFTY,2026-09-22,23400.0,PE,2
2026-09-08 05:50:00+00:00,67.5,68.5,67.3,68.2,1040.0,22335.0,NIFTY,2026-09-22,23400.0,PE,2
2026-09-08 05:55:00+00:00,68.95,68.95,67.55,67.55,195.0,7447.0,NIFTY,2026-09-22,23400.0,PE,2
2026-09-08 06:00:00+00:00,70.25,70.4,68.85,70.4,3055.0,37243.0,NIFTY,2026-09-22,23400.0,PE,2
2026-09-08 06:05:00+00:00,68.6,69.65,68.3,69.0,1625.0,29771.0,NIFTY,2026-09-22,23400.0,PE,2
2026-09-08 06:10:00+00:00,68.15,69.6,68.15,69.6,1170.0,22322.0,NIFTY,2026-09-22,23400.0,PE,2
2026-09-08 06:15:00+00:00,68.6,71.55,68.35,71.55,9230.0,37153.0,NIFTY,2026-09-22,23400.0,PE,2
2026-09-08 06:20:00+00:00,71.95,73.4,70.15,70.45,3835.0,29636.0,NIFTY,2026-09-22,23400.0,PE,2
2026-09-08 06:25:00+00:00,70.35,72.85,70.35,71.45,2015.0,22214.0,NIFTY,2026-09-22,23400.0,PE,2
2026-09-08 06:30:00+00:00,73.25,74.95,72.5,74.95,9490.0,22266.0,NIFTY,2026-09-22,23400.0,PE,2
2026-09-08 06:35:00+00:00,75.0,77.35,74.85,76.45,20605.0,29810.0,NIFTY,2026-09-22,23400.0,PE,2
2026-09-08 06:40:00+00:00,74.45,76.0,74.0,74.8,4940.0,22352.0,NIFTY,2026-09-22,23400.0,PE,2
2026-09-08 06:45:00+00:00,75.6,76.6,75.45,76.05,1170.0,14903.0,NIFTY,2026-09-22,23400.0,PE,2
2026-09-08 06:50:00+00:00,75.05,75.85,72.6,72.6,5200.0,37360.0,NIFTY,2026-09-22,23400.0,PE,2
2026-09-08 06:55:00+00:00,72.45,74.2,71.95,72.6,1690.0,7495.0,NIFTY,2026-09-22,23400.0,PE,2
2026-09-08 07:00:00+00:00,72.25,72.45,70.0,71.35,3380.0,22498.0,NIFTY,2026-09-22,23400.0,PE,2
2026-09-08 07:05:00+00:00,71.5,71.5,68.6,69.0,8905.0,22389.0,NIFTY,2026-09-22,23400.0,PE,2
2026-09-08 07:10:00+00:00,69.5,72.8,69.5,72.35,3705.0,22430.0,NIFTY,2026-09-22,23400.0,PE,2
2026-09-08 07:15:00+00:00,72.8,74.0,72.4,73.15,3510.0,37535.0,NIFTY,2026-09-22,23400.0,PE,2
2026-09-08 07:20:00+00:00,72.6,72.75,71.35,71.35,3770.0,22549.0,NIFTY,2026-09-22,23400.0,PE,2
2026-09-08 07:25:00+00:00,71.2,71.2,70.4,71.15,4875.0,22510.0,NIFTY,2026-09-22,23400.0,PE,2
2026-09-08 07:30:00+00:00,71.85,72.95,70.55,72.8,8710.0,22499.0,NIFTY,2026-09-22,23400.0,PE,2
2026-09-08 07:35:00+00:00,72.95,73.5,72.25,72.25,2795.0,14994.0,NIFTY,2026-09-22,23400.0,PE,2
2026-09-08 07:40:00+00:00,72.45,73.4,71.85,71.9,1105.0,7506.0,NIFTY,2026-09-22,23400.0,PE,2
2026-09-08 07:45:00+00:00,71.5,73.0,71.5,72.35,1235.0,7504.0,NIFTY,2026-09-22,23400.0,PE,2
2026-09-08 07:50:00+00:00,72.9,73.2,72.35,73.2,3315.0,22514.0,NIFTY,2026-09-22,23400.0,PE,2
2026-09-08 07:55:00+00:00,73.5,75.0,73.5,75.0,7215.0,22513.0,NIFTY,2026-09-22,23400.0,PE,2
2026-09-08 08:00:00+00:00,75.5,77.1,74.65,76.0,6565.0,37542.0,NIFTY,2026-09-22,23400.0,PE,2
2026-09-08 08:05:00+00:00,75.5,76.95,75.0,76.6,2275.0,30028.0,NIFTY,2026-09-22,23400.0,PE,2
2026-09-08 08:10:00+00:00,76.1,77.5,75.85,77.5,2275.0,22518.0,NIFTY,2026-09-22,23400.0,PE,2
2026-09-08 08:15:00+00:00,77.65,79.0,75.75,76.65,2990.0,22521.0,NIFTY,2026-09-22,23400.0,PE,2
2026-09-08 08:20:00+00:00,76.9,81.05,76.8,78.05,6370.0,22527.0,NIFTY,2026-09-22,23400.0,PE,2
2026-09-08 08:25:00+00:00,78.2,78.2,76.9,77.05,1885.0,37516.0,NIFTY,2026-09-22,23400.0,PE,2
2026-09-08 08:30:00+00:00,77.85,77.85,74.5,74.5,2340.0,30041.0,NIFTY,2026-09-22,23400.0,PE,2
2026-09-08 08:35:00+00:00,74.0,75.0,73.4,74.1,5135.0,37549.0,NIFTY,2026-09-22,23400.0,PE,2
2026-09-08 08:40:00+00:00,73.85,74.1,70.4,73.05,6175.0,30000.0,NIFTY,2026-09-22,23400.0,PE,2
2026-09-08 08:45:00+00:00,73.65,73.65,71.85,72.65,4810.0,22502.0,NIFTY,2026-09-22,23400.0,PE,2
2026-09-08 08:50:00+00:00,72.55,74.5,72.55,73.9,1105.0,29985.0,NIFTY,2026-09-22,23400.0,PE,2
2026-09-08 08:55:00+00:00,74.0,74.45,71.5,72.3,22620.0,22475.0,NIFTY,2026-09-22,23400.0,PE,2
2026-09-08 09:00:00+00:00,71.15,72.5,70.5,70.9,11245.0,22443.0,NIFTY,2026-09-22,23400.0,PE,2
2026-09-08 09:05:00+00:00,70.8,73.65,70.75,73.3,14170.0,37694.0,NIFTY,2026-09-22,23400.0,PE,2
2026-09-08 09:10:00+00:00,73.15,73.95,70.55,70.95,4420.0,30219.0,NIFTY,2026-09-22,23400.0,PE,2
2026-09-08 09:15:00+00:00,71.15,72.8,71.05,72.8,4420.0,30241.0,NIFTY,2026-09-22,23400.0,PE,2
2026-09-08 09:20:00+00:00,72.6,74.0,72.15,73.15,4680.0,30230.0,NIFTY,2026-09-22,23400.0,PE,2
2026-09-08 09:25:00+00:00,73.55,74.9,73.1,73.5,9750.0,30368.0,NIFTY,2026-09-22,23400.0,PE,2
2026-09-08 09:30:00+00:00,73.9,74.35,71.9,72.9,5655.0,30542.0,NIFTY,2026-09-22,23400.0,PE,2
2026-09-08 09:35:00+00:00,73.15,73.35,72.15,72.15,18070.0,45759.0,NIFTY,2026-09-22,23400.0,PE,2
2026-09-08 09:40:00+00:00,71.9,72.75,69.0,72.75,15340.0,38384.0,NIFTY,2026-09-22,23400.0,PE,2
2026-09-08 09:45:00+00:00,71.8,73.6,70.25,72.6,9815.0,38422.0,NIFTY,2026-09-22,23400.0,PE,2
2026-09-08 09:50:00+00:00,71.4,74.5,71.4,73.95,13130.0,30619.0,NIFTY,2026-09-22,23400.0,PE,2
2026-09-08 09:55:00+00:00,73.65,74.35,71.55,72.55,5200.0,38225.0,NIFTY,2026-09-22,23400.0,PE,2
2026-09-08 10:00:00+00:00,73.45,73.45,71.45,72.85,13715.0,38272.0,NIFTY,2026-09-22,23400.0,PE,2
2026-09-08 10:05:00+00:00,72.4,74.55,72.1,73.4,19110.0,38483.0,NIFTY,2026-09-22,23400.0,PE,2
2026-09-09 03:45:00+00:00,100.7,122.6,100.7,117.9,132470.0,31070.0,NIFTY,2026-09-22,23400.0,PE,2
2026-09-09 03:50:00+00:00,118.95,120.4,114.4,115.8,65975.0,39208.0,NIFTY,2026-09-22,23400.0,PE,2
2026-09-09 03:55:00+00:00,115.65,118.4,112.8,116.85,31785.0,39015.0,NIFTY,2026-09-22,23400.0,PE,2
2026-09-09 04:00:00+00:00,116.4,117.4,112.45,113.7,19825.0,39127.0,NIFTY,2026-09-22,23400.0,PE,2
2026-09-09 04:05:00+00:00,113.3,116.35,107.3,107.75,36400.0,39325.0,NIFTY,2026-09-22,23400.0,PE,2
2026-09-09 04:10:00+00:00,108.85,109.8,106.05,109.1,19825.0,39723.0,NIFTY,2026-09-22,23400.0,PE,2
2026-09-09 04:15:00+00:00,108.35,116.9,108.35,116.0,18590.0,39952.0,NIFTY,2026-09-22,23400.0,PE,2
2026-09-09 04:20:00+00:00,117.0,120.0,114.8,116.35,25740.0,39945.0,NIFTY,2026-09-22,23400.0,PE,2
2026-09-09 04:25:00+00:00,117.05,121.15,116.3,119.75,27885.0,39659.0,NIFTY,2026-09-22,23400.0,PE,2
2026-09-09 04:30:00+00:00,120.75,125.5,120.75,122.15,38740.0,39557.0,NIFTY,2026-09-22,23400.0,PE,2
2026-09-09 04:35:00+00:00,122.0,125.75,121.0,123.65,37245.0,39768.0,NIFTY,2026-09-22,23400.0,PE,2
2026-09-09 04:40:00+00:00,123.85,126.85,119.15,120.0,21710.0,40125.0,NIFTY,2026-09-22,23400.0,PE,2
2026-09-09 04:45:00+00:00,120.5,120.55,107.6,109.15,18980.0,40209.0,NIFTY,2026-09-22,23400.0,PE,2
2026-09-09 04:50:00+00:00,109.0,109.4,97.7,101.4,55185.0,40273.0,NIFTY,2026-09-22,23400.0,PE,2
2026-09-09 04:55:00+00:00,101.6,104.2,100.25,101.65,12220.0,40440.0,NIFTY,2026-09-22,23400.0,PE,2
2026-09-09 05:00:00+00:00,101.25,106.15,98.9,105.75,20735.0,32416.0,NIFTY,2026-09-22,23400.0,PE,2
2026-09-09 05:05:00+00:00,107.05,112.0,105.55,109.95,27170.0,40552.0,NIFTY,2026-09-22,23400.0,PE,2
2026-09-09 05:10:00+00:00,109.8,113.4,109.8,110.7,13975.0,24298.0,NIFTY,2026-09-22,23400.0,PE,2
2026-09-09 05:15:00+00:00,111.0,111.25,107.85,109.3,16315.0,40403.0,NIFTY,2026-09-22,23400.0,PE,2
2026-09-09 05:20:00+00:00,109.0,111.2,107.6,107.65,7345.0,32335.0,NIFTY,2026-09-22,23400.0,PE,2
2026-09-09 05:25:00+00:00,107.0,108.3,104.55,105.0,7150.0,40412.0,NIFTY,2026-09-22,23400.0,PE,2
2026-09-09 05:30:00+00:00,104.2,104.75,101.0,103.85,11310.0,32379.0,NIFTY,2026-09-22,23400.0,PE,2
2026-09-09 05:35:00+00:00,104.5,105.55,104.05,104.25,3315.0,32468.0,NIFTY,2026-09-22,23400.0,PE,2
2026-09-09 05:40:00+00:00,104.2,106.35,104.0,105.65,7735.0,32545.0,NIFTY,2026-09-22,23400.0,PE,2
2026-09-09 05:45:00+00:00,104.55,107.8,104.25,105.05,14365.0,40710.0,NIFTY,2026-09-22,23400.0,PE,2
2026-09-09 05:50:00+00:00,104.8,108.4,104.25,106.6,5655.0,32609.0,NIFTY,2026-09-22,23400.0,PE,2
2026-09-09 05:55:00+00:00,106.25,107.6,104.65,106.65,8125.0,40769.0,NIFTY,2026-09-22,23400.0,PE,2
2026-09-09 06:00:00+00:00,106.8,107.0,105.35,106.4,3835.0,24445.0,NIFTY,2026-09-22,23400.0,PE,2
2026-09-09 06:05:00+00:00,106.8,107.55,104.95,106.85,6760.0,32655.0,NIFTY,2026-09-22,23400.0,PE,2
2026-09-09 06:10:00+00:00,106.95,106.95,102.5,102.95,6435.0,40941.0,NIFTY,2026-09-22,23400.0,PE,2
2026-09-09 06:15:00+00:00,102.8,106.05,102.1,106.05,7150.0,32754.0,NIFTY,2026-09-22,23400.0,PE,2
2026-09-09 06:20:00+00:00,106.55,112.05,106.5,112.05,9490.0,40858.0,NIFTY,2026-09-22,23400.0,PE,2
2026-09-09 06:25:00+00:00,112.1,119.95,112.1,118.25,29380.0,40922.0,NIFTY,2026-09-22,23400.0,PE,2
2026-09-09 06:30:00+00:00,117.6,123.2,117.0,121.2,36660.0,40728.0,NIFTY,2026-09-22,23400.0,PE,2
2026-09-09 06:35:00+00:00,121.05,124.6,120.0,122.75,21775.0,40634.0,NIFTY,2026-09-22,23400.0,PE,2
2026-09-09 06:40:00+00:00,122.5,123.55,117.1,117.75,24830.0,32527.0,NIFTY,2026-09-22,23400.0,PE,2
2026-09-09 06:45:00+00:00,118.5,121.7,117.65,121.7,8125.0,32511.0,NIFTY,2026-09-22,23400.0,PE,2
2026-09-09 06:50:00+00:00,120.1,122.95,117.85,118.2,13975.0,40693.0,NIFTY,2026-09-22,23400.0,PE,2
2026-09-09 06:55:00+00:00,119.1,119.1,109.55,109.55,38480.0,49098.0,NIFTY,2026-09-22,23400.0,PE,2
2026-09-09 07:00:00+00:00,109.3,109.9,94.45,99.0,54665.0,41207.0,NIFTY,2026-09-22,23400.0,PE,2
2026-09-09 07:05:00+00:00,98.15,98.15,93.35,97.05,34970.0,33103.0,NIFTY,2026-09-22,23400.0,PE,2
2026-09-09 07:10:00+00:00,96.75,98.6,94.15,96.3,15535.0,41548.0,NIFTY,2026-09-22,23400.0,PE,2
2026-09-09 07:15:00+00:00,95.85,98.0,93.65,97.7,16705.0,41629.0,NIFTY,2026-09-22,23400.0,PE,2
2026-09-09 07:20:00+00:00,97.55,99.15,95.4,99.15,8190.0,41856.0,NIFTY,2026-09-22,23400.0,PE,2
2026-09-09 07:25:00+00:00,99.55,100.6,94.15,94.8,11375.0,41891.0,NIFTY,2026-09-22,23400.0,PE,2
2026-09-09 07:30:00+00:00,94.35,99.0,94.3,97.85,10595.0,41921.0,NIFTY,2026-09-22,23400.0,PE,2
2026-09-09 07:35:00+00:00,98.25,98.65,95.75,97.95,4420.0,33437.0,NIFTY,2026-09-22,23400.0,PE,2
2026-09-09 07:40:00+00:00,98.05,100.5,98.0,99.4,8255.0,33421.0,NIFTY,2026-09-22,23400.0,PE,2
2026-09-09 07:45:00+00:00,99.95,100.8,99.5,99.65,4615.0,41638.0,NIFTY,2026-09-22,23400.0,PE,2
2026-09-09 07:50:00+00:00,100.2,100.5,96.85,100.2,3250.0,24973.0,NIFTY,2026-09-22,23400.0,PE,2
2026-09-09 07:55:00+00:00,99.3,99.3,96.15,96.45,9230.0,33307.0,NIFTY,2026-09-22,23400.0,PE,2
2026-09-09 08:00:00+00:00,96.3,99.55,96.1,98.5,5850.0,33270.0,NIFTY,2026-09-22,23400.0,PE,2
2026-09-09 08:05:00+00:00,99.0,99.55,96.9,96.9,4680.0,41728.0,NIFTY,2026-09-22,23400.0,PE,2
2026-09-09 08:10:00+00:00,97.2,97.95,96.15,97.95,5590.0,16690.0,NIFTY,2026-09-22,23400.0,PE,2
2026-09-09 08:15:00+00:00,97.8,99.2,96.9,97.45,3315.0,33462.0,NIFTY,2026-09-22,23400.0,PE,2
2026-09-09 08:20:00+00:00,97.45,99.45,95.65,99.45,2795.0,16746.0,NIFTY,2026-09-22,23400.0,PE,2
2026-09-09 08:25:00+00:00,99.95,100.25,96.8,96.8,2275.0,33499.0,NIFTY,2026-09-22,23400.0,PE,2
2026-09-09 08:30:00+00:00,95.55,97.2,93.15,95.7,13065.0,42084.0,NIFTY,2026-09-22,23400.0,PE,2
2026-09-09 08:35:00+00:00,95.05,97.8,94.7,97.8,6955.0,33824.0,NIFTY,2026-09-22,23400.0,PE,2
2026-09-09 08:40:00+00:00,98.45,100.3,96.65,99.6,15535.0,42450.0,NIFTY,2026-09-22,23400.0,PE,2
2026-09-09 08:45:00+00:00,100.0,101.85,99.55,100.95,9230.0,33936.0,NIFTY,2026-09-22,23400.0,PE,2
2026-09-09 08:50:00+00:00,101.0,101.0,97.9,98.7,11375.0,25456.0,NIFTY,2026-09-22,23400.0,PE,2
2026-09-09 08:55:00+00:00,98.35,101.1,98.35,100.25,38805.0,42783.0,NIFTY,2026-09-22,23400.0,PE,2
2026-09-09 09:00:00+00:00,100.45,107.5,100.45,106.7,36855.0,43119.0,NIFTY,2026-09-22,23400.0,PE,2
2026-09-09 09:05:00+00:00,106.8,113.75,105.65,112.2,41405.0,42843.0,NIFTY,2026-09-22,23400.0,PE,2
2026-09-09 09:10:00+00:00,111.7,116.3,111.45,115.65,31980.0,42868.0,NIFTY,2026-09-22,23400.0,PE,2
2026-09-09 09:15:00+00:00,115.0,119.25,113.5,114.3,36855.0,42735.0,NIFTY,2026-09-22,23400.0,PE,2
2026-09-09 09:20:00+00:00,115.1,115.25,111.35,113.15,12415.0,42695.0,NIFTY,2026-09-22,23400.0,PE,2
2026-09-09 09:25:00+00:00,113.4,115.6,112.95,114.9,8190.0,42705.0,NIFTY,2026-09-22,23400.0,PE,2
2026-09-09 09:30:00+00:00,115.2,127.1,114.25,125.95,49790.0,42791.0,NIFTY,2026-09-22,23400.0,PE,2
2026-09-09 09:35:00+00:00,127.65,133.45,121.0,122.75,91390.0,42803.0,NIFTY,2026-09-22,23400.0,PE,2
2026-09-09 09:40:00+00:00,122.55,126.7,121.85,125.3,44980.0,34925.0,NIFTY,2026-09-22,23400.0,PE,2
2026-09-09 09:45:00+00:00,125.2,128.9,123.5,125.95,46735.0,44582.0,NIFTY,2026-09-22,23400.0,PE,2
2026-09-09 09:50:00+00:00,125.9,131.65,124.45,129.55,64285.0,45488.0,NIFTY,2026-09-22,23400.0,PE,2
2026-09-09 09:55:00+00:00,129.45,134.85,128.15,132.75,63375.0,46244.0,NIFTY,2026-09-22,23400.0,PE,2
2026-09-09 10:00:00+00:00,133.2,144.35,132.6,140.0,83460.0,46822.0,NIFTY,2026-09-22,23400.0,PE,2
2026-09-09 10:05:00+00:00,139.85,146.05,139.75,145.75,84175.0,47123.0,NIFTY,2026-09-22,23400.0,PE,2
2026-09-10 03:45:00+00:00,145.75,152.05,124.1,129.55,187200.0,38228.0,NIFTY,2026-09-22,23400.0,PE,2
2026-09-10 03:50:00+00:00,130.35,145.05,127.1,139.3,131170.0,48141.0,NIFTY,2026-09-22,23400.0,PE,2
2026-09-10 03:55:00+00:00,139.0,144.05,131.15,136.2,120315.0,49017.0,NIFTY,2026-09-22,23400.0,PE,2
2026-09-10 04:00:00+00:00,135.65,143.6,134.85,138.9,90350.0,49346.0,NIFTY,2026-09-22,23400.0,PE,2
2026-09-10 04:05:00+00:00,138.85,143.95,137.1,143.8,45500.0,50099.0,NIFTY,2026-09-22,23400.0,PE,2
2026-09-10 04:10:00+00:00,144.45,144.5,133.7,140.1,67795.0,50802.0,NIFTY,2026-09-22,23400.0,PE,2
2026-09-10 04:15:00+00:00,139.15,141.65,134.35,135.05,24505.0,50934.0,NIFTY,2026-09-22,23400.0,PE,2
2026-09-10 04:20:00+00:00,134.55,134.55,128.6,133.0,59995.0,40971.0,NIFTY,2026-09-22,23400.0,PE,2
2026-09-10 04:25:00+00:00,132.6,138.4,130.4,135.85,36725.0,41046.0,NIFTY,2026-09-22,23400.0,PE,2
2026-09-10 04:30:00+00:00,135.8,143.65,135.75,139.45,57915.0,51636.0,NIFTY,2026-09-22,23400.0,PE,2
2026-09-10 04:35:00+00:00,139.5,146.95,137.0,142.5,57525.0,51816.0,NIFTY,2026-09-22,23400.0,PE,2
2026-09-10 04:40:00+00:00,142.8,147.25,142.8,143.7,31525.0,41578.0,NIFTY,2026-09-22,23400.0,PE,2
2026-09-10 04:45:00+00:00,143.4,143.5,132.1,136.0,52910.0,52108.0,NIFTY,2026-09-22,23400.0,PE,2
2026-09-10 04:50:00+00:00,136.7,141.25,134.0,137.45,27950.0,41760.0,NIFTY,2026-09-22,23400.0,PE,2
2026-09-10 04:55:00+00:00,138.2,140.55,135.4,138.3,22880.0,52330.0,NIFTY,2026-09-22,23400.0,PE,2
2026-09-10 05:00:00+00:00,138.05,138.4,135.2,137.35,22815.0,41889.0,NIFTY,2026-09-22,23400.0,PE,2
2026-09-10 05:05:00+00:00,137.45,138.45,132.6,132.6,14105.0,52448.0,NIFTY,2026-09-22,23400.0,PE,2
2026-09-10 05:10:00+00:00,132.0,134.15,127.8,127.8,27625.0,52509.0,NIFTY,2026-09-22,23400.0,PE,2
2026-09-10 05:15:00+00:00,128.35,136.85,126.85,136.5,35035.0,52848.0,NIFTY,2026-09-22,23400.0,PE,2
2026-09-10 05:20:00+00:00,136.45,142.0,135.9,141.95,29640.0,53050.0,NIFTY,2026-09-22,23400.0,PE,2
2026-09-10 05:25:00+00:00,141.9,145.0,140.15,141.2,76310.0,53171.0,NIFTY,2026-09-22,23400.0,PE,2
2026-09-10 05:30:00+00:00,141.55,141.65,136.65,137.35,22100.0,53069.0,NIFTY,2026-09-22,23400.0,PE,2
2026-09-10 05:35:00+00:00,138.1,140.45,135.95,137.4,13065.0,42493.0,NIFTY,2026-09-22,23400.0,PE,2
2026-09-10 05:40:00+00:00,137.0,137.0,127.0,127.05,24830.0,53201.0,NIFTY,2026-09-22,23400.0,PE,2
2026-09-10 05:45:00+00:00,127.0,131.3,123.4,130.4,42315.0,53657.0,NIFTY,2026-09-22,23400.0,PE,2
2026-09-10 05:50:00+00:00,130.7,134.9,130.0,131.7,16835.0,53859.0,NIFTY,2026-09-22,23400.0,PE,2
2026-09-10 05:55:00+00:00,131.75,136.2,130.8,135.05,39455.0,54104.0,NIFTY,2026-09-22,23400.0,PE,2
2026-09-10 06:00:00+00:00,134.95,137.85,130.8,136.6,12935.0,54377.0,NIFTY,2026-09-22,23400.0,PE,2
2026-09-10 06:05:00+00:00,136.5,136.8,131.45,133.7,693550.0,65939.0,NIFTY,2026-09-22,23400.0,PE,2
2026-09-10 06:10:00+00:00,134.2,140.3,132.15,132.25,355680.0,76323.0,NIFTY,2026-09-22,23400.0,PE,2
2026-09-10 06:15:00+00:00,131.9,133.25,127.8,128.7,441415.0,83394.0,NIFTY,2026-09-22,23400.0,PE,2
2026-09-10 06:20:00+00:00,127.9,129.3,126.6,128.85,254735.0,88011.0,NIFTY,2026-09-22,23400.0,PE,2
2026-09-10 06:25:00+00:00,128.8,131.15,125.05,125.95,43550.0,89146.0,NIFTY,2026-09-22,23400.0,PE,2
2026-09-10 06:30:00+00:00,125.35,127.25,123.8,125.0,38870.0,89735.0,NIFTY,2026-09-22,23400.0,PE,2
2026-09-10 06:35:00+00:00,124.8,128.65,124.45,127.95,29185.0,72125.0,NIFTY,2026-09-22,23400.0,PE,2
2026-09-10 06:40:00+00:00,127.3,128.3,119.3,120.9,73125.0,90998.0,NIFTY,2026-09-22,23400.0,PE,2
2026-09-10 06:45:00+00:00,120.55,123.7,119.85,121.75,18070.0,91410.0,NIFTY,2026-09-22,23400.0,PE,2
2026-09-10 06:50:00+00:00,121.0,123.85,117.0,122.25,65000.0,91815.0,NIFTY,2026-09-22,23400.0,PE,2
2026-09-10 06:55:00+00:00,121.9,122.85,119.35,121.85,22490.0,55062.0,NIFTY,2026-09-22,23400.0,PE,2
2026-09-10 07:00:00+00:00,121.55,125.4,121.55,124.8,19630.0,110536.0,NIFTY,2026-09-22,23400.0,PE,2
2026-09-10 07:05:00+00:00,125.0,127.45,123.7,124.3,44200.0,73658.0,NIFTY,2026-09-22,23400.0,PE,2
2026-09-10 07:10:00+00:00,123.9,126.0,122.0,122.1,15860.0,91282.0,NIFTY,2026-09-22,23400.0,PE,2
2026-09-10 07:15:00+00:00,122.0,126.1,120.0,123.25,26000.0,91226.0,NIFTY,2026-09-22,23400.0,PE,2
2026-09-10 07:20:00+00:00,123.75,125.6,121.85,125.6,7865.0,91144.0,NIFTY,2026-09-22,23400.0,PE,2
2026-09-10 07:25:00+00:00,125.75,131.45,124.55,131.0,36725.0,91086.0,NIFTY,2026-09-22,23400.0,PE,2
2026-09-10 07:30:00+00:00,131.7,135.0,129.75,133.65,64740.0,90946.0,NIFTY,2026-09-22,23400.0,PE,2
2026-09-10 07:35:00+00:00,133.75,140.0,131.0,133.0,106665.0,90272.0,NIFTY,2026-09-22,23400.0,PE,2
2026-09-10 07:40:00+00:00,133.2,133.6,124.85,124.85,75920.0,71703.0,NIFTY,2026-09-22,23400.0,PE,2
2026-09-10 07:45:00+00:00,125.2,129.8,125.1,129.0,93080.0,71228.0,NIFTY,2026-09-22,23400.0,PE,2
2026-09-10 07:50:00+00:00,129.3,130.8,127.35,129.6,13910.0,88509.0,NIFTY,2026-09-22,23400.0,PE,2
2026-09-10 07:55:00+00:00,128.85,133.4,128.45,133.4,22555.0,88415.0,NIFTY,2026-09-22,23400.0,PE,2
2026-09-10 08:00:00+00:00,133.5,138.15,132.6,135.95,28600.0,88446.0,NIFTY,2026-09-22,23400.0,PE,2
2026-09-10 08:05:00+00:00,135.05,137.5,131.6,133.1,26715.0,88397.0,NIFTY,2026-09-22,23400.0,PE,2
2026-09-10 08:10:00+00:00,132.55,133.3,130.3,132.4,20280.0,88067.0,NIFTY,2026-09-22,23400.0,PE,2
2026-09-10 08:15:00+00:00,132.25,136.8,132.25,134.0,24830.0,88305.0,NIFTY,2026-09-22,23400.0,PE,2
2026-09-10 08:20:00+00:00,133.65,135.55,131.55,133.85,14105.0,70595.0,NIFTY,2026-09-22,23400.0,PE,2
2026-09-10 08:25:00+00:00,134.3,137.65,133.0,134.9,19695.0,88188.0,NIFTY,2026-09-22,23400.0,PE,2
2026-09-10 08:30:00+00:00,134.25,141.15,133.35,141.15,36205.0,70491.0,NIFTY,2026-09-22,23400.0,PE,2
2026-09-10 08:35:00+00:00,141.2,142.65,136.8,139.65,42250.0,87642.0,NIFTY,2026-09-22,23400.0,PE,2
2026-09-10 08:40:00+00:00,140.0,142.75,138.75,141.25,25025.0,87257.0,NIFTY,2026-09-22,23400.0,PE,2
2026-09-10 08:45:00+00:00,141.2,145.5,140.4,143.3,61165.0,87352.0,NIFTY,2026-09-22,23400.0,PE,2
2026-09-10 08:50:00+00:00,143.1,143.35,137.0,138.05,33930.0,69733.0,NIFTY,2026-09-22,23400.0,PE,2
2026-09-10 08:55:00+00:00,138.1,144.8,137.5,140.1,40755.0,87131.0,NIFTY,2026-09-22,23400.0,PE,2
2026-09-10 09:00:00+00:00,140.4,144.4,139.3,143.05,37180.0,86649.0,NIFTY,2026-09-22,23400.0,PE,2
2026-09-10 09:05:00+00:00,143.8,146.7,143.7,146.3,28795.0,86432.0,NIFTY,2026-09-22,23400.0,PE,2
2026-09-10 09:10:00+00:00,146.4,150.95,141.25,142.0,100750.0,85628.0,NIFTY,2026-09-22,23400.0,PE,2
2026-09-10 09:15:00+00:00,141.65,142.1,135.65,135.65,71825.0,85042.0,NIFTY,2026-09-22,23400.0,PE,2
2026-09-10 09:20:00+00:00,135.8,141.0,134.1,140.05,54405.0,84940.0,NIFTY,2026-09-22,23400.0,PE,2
2026-09-10 09:25:00+00:00,139.95,143.95,138.75,143.95,22815.0,50975.0,NIFTY,2026-09-22,23400.0,PE,2
2026-09-10 09:30:00+00:00,143.4,158.5,143.4,154.4,144625.0,84819.0,NIFTY,2026-09-22,23400.0,PE,2
2026-09-10 09:35:00+00:00,153.9,156.45,151.4,151.8,107185.0,84284.0,NIFTY,2026-09-22,23400.0,PE,2
2026-09-10 09:40:00+00:00,152.3,156.65,150.55,153.45,93145.0,83382.0,NIFTY,2026-09-22,23400.0,PE,2
2026-09-10 09:45:00+00:00,153.1,156.2,149.8,153.45,110890.0,83045.0,NIFTY,2026-09-22,23400.0,PE,2
2026-09-10 09:50:00+00:00,153.6,153.6,140.5,140.5,79365.0,82616.0,NIFTY,2026-09-22,23400.0,PE,2
2026-09-10 09:55:00+00:00,141.15,143.1,134.85,135.4,118820.0,82135.0,NIFTY,2026-09-22,23400.0,PE,2
2026-09-10 10:00:00+00:00,135.55,141.75,131.6,140.9,116675.0,81908.0,NIFTY,2026-09-22,23400.0,PE,2
2026-09-10 10:05:00+00:00,141.3,141.55,139.0,139.95,165165.0,82258.0,NIFTY,2026-09-22,23400.0,PE,2
2026-09-11 03:45:00+00:00,209.15,254.5,209.15,243.2,312000.0,80598.0,NIFTY,2026-09-22,23400.0,PE,2
2026-09-11 03:50:00+00:00,243.35,248.7,239.85,241.6,75010.0,79274.0,NIFTY,2026-09-22,23400.0,PE,2
2026-09-11 03:55:00+00:00,241.9,245.95,239.0,241.95,50960.0,79433.0,NIFTY,2026-09-22,23400.0,PE,2
2026-09-11 04:00:00+00:00,241.6,245.6,235.0,239.1,76180.0,79942.0,NIFTY,2026-09-22,23400.0,PE,2
2026-09-11 04:05:00+00:00,239.7,240.15,233.65,240.0,57980.0,80430.0,NIFTY,2026-09-22,23400.0,PE,2
2026-09-11 04:10:00+00:00,241.25,249.35,241.2,245.4,109850.0,81323.0,NIFTY,2026-09-22,23400.0,PE,2
2026-09-11 04:15:00+00:00,245.6,250.3,244.65,247.7,59735.0,83049.0,NIFTY,2026-09-22,23400.0,PE,2
2026-09-11 04:20:00+00:00,246.75,250.9,244.25,248.0,45110.0,83641.0,NIFTY,2026-09-22,23400.0,PE,2
2026-09-11 04:25:00+00:00,248.85,248.85,238.9,241.8,55640.0,84509.0,NIFTY,2026-09-22,23400.0,PE,2
2026-09-11 04:30:00+00:00,241.7,242.9,231.25,233.9,47125.0,85640.0,NIFTY,2026-09-22,23400.0,PE,2
2026-09-11 04:35:00+00:00,234.5,236.5,226.5,228.0,75465.0,86768.0,NIFTY,2026-09-22,23400.0,PE,2
2026-09-11 04:40:00+00:00,228.25,230.35,220.2,223.0,71890.0,87686.0,NIFTY,2026-09-22,23400.0,PE,2
2026-09-11 04:45:00+00:00,223.4,227.05,221.8,222.25,61620.0,88180.0,NIFTY,2026-09-22,23400.0,PE,2
2026-09-11 04:50:00+00:00,222.0,223.3,211.5,216.95,134355.0,89043.0,NIFTY,2026-09-22,23400.0,PE,2
2026-09-11 04:55:00+00:00,218.2,229.0,218.2,229.0,48945.0,89794.0,NIFTY,2026-09-22,23400.0,PE,2
2026-09-11 05:00:00+00:00,229.15,229.15,219.45,221.3,20930.0,90211.0,NIFTY,2026-09-22,23400.0,PE,2
2026-09-11 05:05:00+00:00,221.65,222.45,215.65,218.8,27430.0,90313.0,NIFTY,2026-09-22,23400.0,PE,2
2026-09-11 05:10:00+00:00,218.2,220.2,212.0,212.1,22230.0,90556.0,NIFTY,2026-09-22,23400.0,PE,2
2026-09-11 05:15:00+00:00,211.85,218.1,206.35,214.85,69355.0,91104.0,NIFTY,2026-09-22,23400.0,PE,2
2026-09-11 05:20:00+00:00,216.0,221.5,215.8,221.2,21060.0,91336.0,NIFTY,2026-09-22,23400.0,PE,2
2026-09-11 05:25:00+00:00,220.7,224.1,219.9,222.8,18785.0,73086.0,NIFTY,2026-09-22,23400.0,PE,2
2026-09-11 05:30:00+00:00,221.8,222.45,214.5,220.4,36855.0,91227.0,NIFTY,2026-09-22,23400.0,PE,2
2026-09-11 05:35:00+00:00,218.55,219.05,210.65,211.65,22360.0,91215.0,NIFTY,2026-09-22,23400.0,PE,2
2026-09-11 05:40:00+00:00,211.0,211.7,186.4,186.4,124085.0,91573.0,NIFTY,2026-09-22,23400.0,PE,2
2026-09-11 05:45:00+00:00,186.7,195.0,181.7,184.25,140530.0,93333.0,NIFTY,2026-09-22,23400.0,PE,2
2026-09-11 05:50:00+00:00,184.0,190.0,181.35,182.6,87620.0,94968.0,NIFTY,2026-09-22,23400.0,PE,2
2026-09-11 05:55:00+00:00,182.1,189.0,180.75,188.55,61945.0,95719.0,NIFTY,2026-09-22,23400.0,PE,2
2026-09-11 06:00:00+00:00,188.45,190.55,183.9,186.95,58045.0,95651.0,NIFTY,2026-09-22,23400.0,PE,2
2026-09-11 06:05:00+00:00,187.75,189.9,182.4,188.45,60320.0,76395.0,NIFTY,2026-09-22,23400.0,PE,2
2026-09-11 06:10:00+00:00,187.3,187.3,178.6,181.15,53105.0,95501.0,NIFTY,2026-09-22,23400.0,PE,2
2026-09-11 06:15:00+00:00,180.0,187.85,179.0,186.6,38285.0,95874.0,NIFTY,2026-09-22,23400.0,PE,2
2026-09-11 06:20:00+00:00,186.5,190.4,185.0,187.05,71565.0,96716.0,NIFTY,2026-09-22,23400.0,PE,2
2026-09-11 06:25:00+00:00,186.75,188.6,182.55,185.5,54730.0,97717.0,NIFTY,2026-09-22,23400.0,PE,2
2026-09-11 06:30:00+00:00,185.55,187.65,183.25,187.65,28470.0,98024.0,NIFTY,2026-09-22,23400.0,PE,2
2026-09-11 06:35:00+00:00,186.15,187.3,184.6,187.0,17810.0,98337.0,NIFTY,2026-09-22,23400.0,PE,2
2026-09-11 06:40:00+00:00,187.1,195.3,187.1,192.65,49855.0,78512.0,NIFTY,2026-09-22,23400.0,PE,2
2026-09-11 06:45:00+00:00,192.45,197.6,187.85,189.7,65000.0,98023.0,NIFTY,2026-09-22,23400.0,PE,2
2026-09-11 06:50:00+00:00,189.5,193.8,187.7,187.95,32305.0,78534.0,NIFTY,2026-09-22,23400.0,PE,2
2026-09-11 06:55:00+00:00,187.65,193.15,187.5,193.15,86970.0,98046.0,NIFTY,2026-09-22,23400.0,PE,2
2026-09-11 07:00:00+00:00,193.1,193.1,187.0,187.0,37895.0,97804.0,NIFTY,2026-09-22,23400.0,PE,2
2026-09-11 07:05:00+00:00,187.2,190.45,185.3,188.85,18460.0,98048.0,NIFTY,2026-09-22,23400.0,PE,2
2026-09-11 07:10:00+00:00,189.15,192.1,182.15,190.25,179660.0,96541.0,NIFTY,2026-09-22,23400.0,PE,2
2026-09-11 07:15:00+00:00,189.0,192.45,186.9,191.45,55640.0,95524.0,NIFTY,2026-09-22,23400.0,PE,2
2026-09-11 07:20:00+00:00,191.0,195.0,187.4,188.55,46020.0,76372.0,NIFTY,2026-09-22,23400.0,PE,2
2026-09-11 07:25:00+00:00,188.6,189.5,184.0,186.8,24635.0,76591.0,NIFTY,2026-09-22,23400.0,PE,2
2026-09-11 07:30:00+00:00,186.45,197.5,186.45,197.4,41015.0,95810.0,NIFTY,2026-09-22,23400.0,PE,2
2026-09-11 07:35:00+00:00,198.0,200.65,195.6,200.05,85215.0,95058.0,NIFTY,2026-09-22,23400.0,PE,2
2026-09-11 07:40:00+00:00,199.25,203.2,194.9,197.1,63310.0,94728.0,NIFTY,2026-09-22,23400.0,PE,2
2026-09-11 07:45:00+00:00,196.9,200.8,195.1,199.5,45630.0,93677.0,NIFTY,2026-09-22,23400.0,PE,2
2026-09-11 07:50:00+00:00,199.65,202.55,195.0,196.0,58630.0,92532.0,NIFTY,2026-09-22,23400.0,PE,2
2026-09-11 07:55:00+00:00,196.35,197.65,188.15,189.65,94770.0,92264.0,NIFTY,2026-09-22,23400.0,PE,2
2026-09-11 08:00:00+00:00,188.85,192.05,185.0,190.25,41015.0,92452.0,NIFTY,2026-09-22,23400.0,PE,2
2026-09-11 08:05:00+00:00,191.8,195.55,191.8,195.3,70330.0,92164.0,NIFTY,2026-09-22,23400.0,PE,2
2026-09-11 08:10:00+00:00,195.6,208.85,193.7,195.45,187265.0,90990.0,NIFTY,2026-09-22,23400.0,PE,2
2026-09-11 08:15:00+00:00,196.2,202.0,193.25,194.9,65000.0,90961.0,NIFTY,2026-09-22,23400.0,PE,2
2026-09-11 08:20:00+00:00,194.4,194.75,176.35,188.35,224185.0,91347.0,NIFTY,2026-09-22,23400.0,PE,2
2026-09-11 08:25:00+00:00,188.6,190.25,171.0,173.45,185055.0,90814.0,NIFTY,2026-09-22,23400.0,PE,2
2026-09-11 08:30:00+00:00,174.25,175.8,147.5,151.9,284635.0,90900.0,NIFTY,2026-09-22,23400.0,PE,2
2026-09-11 08:35:00+00:00,151.3,162.85,150.5,161.0,190840.0,92842.0,NIFTY,2026-09-22,23400.0,PE,2
2026-09-11 08:40:00+00:00,160.8,162.85,158.1,159.1,102375.0,113247.0,NIFTY,2026-09-22,23400.0,PE,2
2026-09-11 08:45:00+00:00,158.95,162.75,158.05,160.6,97435.0,96421.0,NIFTY,2026-09-22,23400.0,PE,2
2026-09-11 08:50:00+00:00,161.55,162.6,157.2,157.2,81575.0,97971.0,NIFTY,2026-09-22,23400.0,PE,2
2026-09-11 08:55:00+00:00,157.4,160.5,154.7,155.0,237575.0,101842.0,NIFTY,2026-09-22,23400.0,PE,2
2026-09-11 09:00:00+00:00,155.65,157.35,148.1,156.6,154310.0,103781.0,NIFTY,2026-09-22,23400.0,PE,2
2026-09-11 09:05:00+00:00,156.55,159.6,151.1,155.2,119080.0,104698.0,NIFTY,2026-09-22,23400.0,PE,2
2026-09-11 09:10:00+00:00,155.55,157.3,151.7,154.15,64350.0,105591.0,NIFTY,2026-09-22,23400.0,PE,2
2026-09-11 09:15:00+00:00,154.2,160.4,154.2,159.25,90285.0,106273.0,NIFTY,2026-09-22,23400.0,PE,2
2026-09-11 09:20:00+00:00,159.35,161.7,158.2,159.6,90870.0,106770.0,NIFTY,2026-09-22,23400.0,PE,2
2026-09-11 09:25:00+00:00,159.9,160.35,157.85,159.15,61295.0,107148.0,NIFTY,2026-09-22,23400.0,PE,2
2026-09-11 09:30:00+00:00,160.95,168.0,159.25,165.75,103545.0,107339.0,NIFTY,2026-09-22,23400.0,PE,2
2026-09-11 09:35:00+00:00,167.05,172.0,161.7,165.45,118755.0,107474.0,NIFTY,2026-09-22,23400.0,PE,2
2026-09-11 09:40:00+00:00,165.8,165.95,154.35,156.05,351390.0,108417.0,NIFTY,2026-09-22,23400.0,PE,2
2026-09-11 09:45:00+00:00,156.55,157.4,147.85,153.5,235495.0,114816.0,NIFTY,2026-09-22,23400.0,PE,2
2026-09-11 09:50:00+00:00,153.2,160.5,145.0,159.15,134615.0,115408.0,NIFTY,2026-09-22,23400.0,PE,2
2026-09-11 09:55:00+00:00,158.65,163.75,155.5,157.6,146185.0,115682.0,NIFTY,2026-09-22,23400.0,PE,2
2026-09-11 10:00:00+00:00,158.0,161.4,148.35,153.0,174980.0,116418.0,NIFTY,2026-09-22,23400.0,PE,2
2026-09-11 10:05:00+00:00,154.2,155.55,145.6,149.25,253760.0,117900.0,NIFTY,2026-09-22,23400.0,PE,2
2026-09-11 10:10:00+00:00,145.8,145.8,145.8,145.8,390.0,,NIFTY,2026-09-22,23400.0,PE,2
2026-09-15 03:45:00+00:00,115.7,125.9,103.55,122.0,886210.0,125048.0,NIFTY,2026-09-22,23400.0,PE,2
2026-09-15 03:50:00+00:00,121.4,127.55,119.3,127.55,411970.0,132785.0,NIFTY,2026-09-22,23400.0,PE,2
2026-09-15 03:55:00+00:00,128.0,131.0,123.85,124.2,403520.0,136548.0,NIFTY,2026-09-22,23400.0,PE,2
2026-09-15 04:00:00+00:00,125.55,129.0,123.05,124.75,309920.0,139030.0,NIFTY,2026-09-22,23400.0,PE,2
2026-09-15 04:05:00+00:00,125.15,129.75,121.7,125.1,399035.0,141139.0,NIFTY,2026-09-22,23400.0,PE,2
2026-09-15 04:10:00+00:00,124.75,128.6,122.35,128.4,325845.0,143344.0,NIFTY,2026-09-22,23400.0,PE,2
2026-09-15 04:15:00+00:00,129.0,142.35,127.9,140.75,618735.0,144837.0,NIFTY,2026-09-22,23400.0,PE,2
2026-09-15 04:20:00+00:00,141.8,157.05,139.05,157.05,587470.0,146409.0,NIFTY,2026-09-22,23400.0,PE,2
2026-09-15 04:25:00+00:00,157.15,177.85,156.25,160.8,1140945.0,146590.0,NIFTY,2026-09-22,23400.0,PE,2
2026-09-15 04:30:00+00:00,161.1,169.65,160.6,167.3,713440.0,150910.0,NIFTY,2026-09-22,23400.0,PE,2
2026-09-15 04:35:00+00:00,166.7,173.8,162.95,173.15,434070.0,153976.0,NIFTY,2026-09-22,23400.0,PE,2
2026-09-15 04:40:00+00:00,173.6,175.0,158.0,167.8,364910.0,157948.0,NIFTY,2026-09-22,23400.0,PE,2
2026-09-15 04:45:00+00:00,167.7,171.5,163.5,165.95,210990.0,160940.0,NIFTY,2026-09-22,23400.0,PE,2
2026-09-15 04:50:00+00:00,165.45,173.0,164.2,168.1,255190.0,164684.0,NIFTY,2026-09-22,23400.0,PE,2
2026-09-15 04:55:00+00:00,168.65,176.75,166.15,175.15,280475.0,166488.0,NIFTY,2026-09-22,23400.0,PE,2
2026-09-15 05:00:00+00:00,175.5,185.25,171.65,178.9,397800.0,163768.0,NIFTY,2026-09-22,23400.0,PE,2
2026-09-15 05:05:00+00:00,178.25,179.6,174.0,176.95,214045.0,163690.0,NIFTY,2026-09-22,23400.0,PE,2
2026-09-15 05:10:00+00:00,177.7,189.0,176.55,189.0,486070.0,161365.0,NIFTY,2026-09-22,23400.0,PE,2
2026-09-15 05:15:00+00:00,189.35,197.25,185.3,193.65,342225.0,159883.0,NIFTY,2026-09-22,23400.0,PE,2
2026-09-15 05:20:00+00:00,193.45,197.2,188.2,194.95,322465.0,159092.0,NIFTY,2026-09-22,23400.0,PE,2
2026-09-15 05:25:00+00:00,195.5,199.6,190.1,191.4,214825.0,158431.0,NIFTY,2026-09-22,23400.0,PE,2
2026-09-15 05:30:00+00:00,192.3,194.4,183.0,184.3,321165.0,159153.0,NIFTY,2026-09-22,23400.0,PE,2
2026-09-15 05:35:00+00:00,184.6,198.5,184.6,198.5,303550.0,163161.0,NIFTY,2026-09-22,23400.0,PE,2
2026-09-15 05:40:00+00:00,198.35,202.9,187.4,190.55,213980.0,162150.0,NIFTY,2026-09-22,23400.0,PE,2
2026-09-15 05:45:00+00:00,190.75,199.0,186.3,198.45,201370.0,161724.0,NIFTY,2026-09-22,23400.0,PE,2
2026-09-15 05:50:00+00:00,198.0,201.2,189.25,191.6,177125.0,163289.0,NIFTY,2026-09-22,23400.0,PE,2
2026-09-15 05:55:00+00:00,192.05,202.15,190.6,198.1,171925.0,162997.0,NIFTY,2026-09-22,23400.0,PE,2
2026-09-15 06:00:00+00:00,198.45,202.4,192.65,195.95,166985.0,163029.0,NIFTY,2026-09-22,23400.0,PE,2
2026-09-15 06:05:00+00:00,195.75,195.8,181.35,183.4,249340.0,161245.0,NIFTY,2026-09-22,23400.0,PE,2
2026-09-15 06:10:00+00:00,182.6,190.55,182.1,183.5,155025.0,160230.0,NIFTY,2026-09-22,23400.0,PE,2
2026-09-15 06:15:00+00:00,183.05,188.0,183.05,187.05,63115.0,160463.0,NIFTY,2026-09-22,23400.0,PE,2
2026-09-15 06:20:00+00:00,187.3,194.85,186.0,192.7,259350.0,165805.0,NIFTY,2026-09-22,23400.0,PE,2
2026-09-15 06:25:00+00:00,192.45,194.3,184.55,187.15,225550.0,163642.0,NIFTY,2026-09-22,23400.0,PE,2
2026-09-15 06:30:00+00:00,187.25,188.75,181.4,184.7,98735.0,128661.0,NIFTY,2026-09-22,23400.0,PE,2
2026-09-15 06:35:00+00:00,184.5,187.6,178.75,186.5,119405.0,192381.0,NIFTY,2026-09-22,23400.0,PE,2
2026-09-15 06:40:00+00:00,186.2,189.0,182.55,186.95,111800.0,127788.0,NIFTY,2026-09-22,23400.0,PE,2
2026-09-15 06:45:00+00:00,186.55,191.45,184.0,191.3,136565.0,160092.0,NIFTY,2026-09-22,23400.0,PE,2
2026-09-15 06:50:00+00:00,190.6,192.0,186.05,189.0,80665.0,160774.0,NIFTY,2026-09-22,23400.0,PE,2
2026-09-15 06:55:00+00:00,188.95,191.8,185.15,187.3,76895.0,161864.0,NIFTY,2026-09-22,23400.0,PE,2
2026-09-15 07:00:00+00:00,187.2,199.9,186.95,196.2,176995.0,161283.0,NIFTY,2026-09-22,23400.0,PE,2
2026-09-15 07:05:00+00:00,196.35,197.85,185.4,193.9,161330.0,159684.0,NIFTY,2026-09-22,23400.0,PE,2
2026-09-15 07:10:00+00:00,193.55,198.4,190.1,198.4,89895.0,160050.0,NIFTY,2026-09-22,23400.0,PE,2
2026-09-15 07:15:00+00:00,198.65,199.0,189.55,190.0,119210.0,160658.0,NIFTY,2026-09-22,23400.0,PE,2
2026-09-15 07:20:00+00:00,190.55,193.25,184.6,190.4,100165.0,160304.0,NIFTY,2026-09-22,23400.0,PE,2
2026-09-15 07:25:00+00:00,190.3,202.6,189.0,198.5,252915.0,160581.0,NIFTY,2026-09-22,23400.0,PE,2
2026-09-15 07:30:00+00:00,198.9,206.4,196.35,200.9,221780.0,159017.0,NIFTY,2026-09-22,23400.0,PE,2
2026-09-15 07:35:00+00:00,200.6,204.65,196.65,204.65,94900.0,158796.0,NIFTY,2026-09-22,23400.0,PE,2
2026-09-15 07:40:00+00:00,204.1,214.3,202.45,211.0,216710.0,157541.0,NIFTY,2026-09-22,23400.0,PE,2
2026-09-15 07:45:00+00:00,209.85,220.0,208.3,211.55,292760.0,155558.0,NIFTY,2026-09-22,23400.0,PE,2
2026-09-15 07:50:00+00:00,211.5,218.05,210.1,215.1,237640.0,156663.0,NIFTY,2026-09-22,23400.0,PE,2
2026-09-15 07:55:00+00:00,215.2,216.7,209.0,215.85,78455.0,156274.0,NIFTY,2026-09-22,23400.0,PE,2
2026-09-15 08:00:00+00:00,215.8,230.4,215.5,222.55,239915.0,156001.0,NIFTY,2026-09-22,23400.0,PE,2
2026-09-15 08:05:00+00:00,222.45,225.0,216.4,224.9,162825.0,156384.0,NIFTY,2026-09-22,23400.0,PE,2
2026-09-15 08:10:00+00:00,225.2,236.1,224.6,230.35,214825.0,155712.0,NIFTY,2026-09-22,23400.0,PE,2
2026-09-15 08:15:00+00:00,230.2,231.15,225.0,226.8,154830.0,154985.0,NIFTY,2026-09-22,23400.0,PE,2
2026-09-15 08:20:00+00:00,227.35,227.75,220.55,222.9,152360.0,155859.0,NIFTY,2026-09-22,23400.0,PE,2
2026-09-15 08:25:00+00:00,222.5,224.6,216.35,218.6,311675.0,158646.0,NIFTY,2026-09-22,23400.0,PE,2
2026-09-15 08:30:00+00:00,218.15,223.05,216.65,222.85,163280.0,158406.0,NIFTY,2026-09-22,23400.0,PE,2
2026-09-15 08:35:00+00:00,222.95,232.8,222.05,232.8,102310.0,158711.0,NIFTY,2026-09-22,23400.0,PE,2
2026-09-15 08:40:00+00:00,233.3,252.3,232.3,252.3,332995.0,156567.0,NIFTY,2026-09-22,23400.0,PE,2
2026-09-15 08:45:00+00:00,253.45,272.55,252.9,270.45,289380.0,153177.0,NIFTY,2026-09-22,23400.0,PE,2
2026-09-15 08:50:00+00:00,270.7,271.1,259.75,268.35,143585.0,152888.0,NIFTY,2026-09-22,23400.0,PE,2
2026-09-15 08:55:00+00:00,268.0,275.3,266.0,271.8,84955.0,152826.0,NIFTY,2026-09-22,23400.0,PE,2
2026-09-15 09:00:00+00:00,272.65,275.75,268.05,271.15,113035.0,152809.0,NIFTY,2026-09-22,23400.0,PE,2
2026-09-15 09:05:00+00:00,270.55,273.0,262.65,270.0,67665.0,152612.0,NIFTY,2026-09-22,23400.0,PE,2
2026-09-15 09:10:00+00:00,270.4,271.25,261.0,270.25,100230.0,152705.0,NIFTY,2026-09-22,23400.0,PE,2
2026-09-15 09:15:00+00:00,270.5,317.15,269.3,307.7,277225.0,151961.0,NIFTY,2026-09-22,23400.0,PE,2
2026-09-15 09:20:00+00:00,309.45,309.55,285.05,300.15,234130.0,151572.0,NIFTY,2026-09-22,23400.0,PE,2
2026-09-15 09:25:00+00:00,299.25,301.45,292.5,298.3,202735.0,151100.0,NIFTY,2026-09-22,23400.0,PE,2
2026-09-15 09:30:00+00:00,298.0,299.45,289.4,290.2,219765.0,151054.0,NIFTY,2026-09-22,23400.0,PE,2
2026-09-15 09:35:00+00:00,290.25,297.6,288.0,290.85,157755.0,152639.0,NIFTY,2026-09-22,23400.0,PE,2
2026-09-15 09:40:00+00:00,290.3,291.2,275.85,279.4,215280.0,151527.0,NIFTY,2026-09-22,23400.0,PE,2
2026-09-15 09:45:00+00:00,279.1,289.65,269.35,271.05,223600.0,148588.0,NIFTY,2026-09-22,23400.0,PE,2
2026-09-15 09:50:00+00:00,271.0,287.2,268.45,281.1,336115.0,145633.0,NIFTY,2026-09-22,23400.0,PE,2
2026-09-15 09:55:00+00:00,281.9,289.3,269.15,285.1,390130.0,144463.0,NIFTY,2026-09-22,23400.0,PE,2
2026-09-15 10:00:00+00:00,284.9,297.5,284.8,295.0,514735.0,113486.0,NIFTY,2026-09-22,23400.0,PE,2
2026-09-15 10:05:00+00:00,295.85,295.9,281.2,285.05,381355.0,145557.0,NIFTY,2026-09-22,23400.0,PE,2
2026-09-15 10:10:00+00:00,285.05,285.05,285.05,285.05,65.0,,NIFTY,2026-09-22,23400.0,PE,2
2026-09-16 03:45:00+00:00,257.85,276.6,205.45,221.6,1390220.0,156592.0,NIFTY,2026-09-22,23400.0,PE,2
2026-09-16 03:50:00+00:00,220.95,235.9,217.35,230.0,1037790.0,136238.0,NIFTY,2026-09-22,23400.0,PE,2
2026-09-16 03:55:00+00:00,229.65,259.9,227.8,253.1,1034410.0,172174.0,NIFTY,2026-09-22,23400.0,PE,2
2026-09-16 04:00:00+00:00,252.2,269.85,242.2,247.1,863590.0,167217.0,NIFTY,2026-09-22,23400.0,PE,2
2026-09-16 04:05:00+00:00,248.7,281.25,248.65,278.45,903630.0,167367.0,NIFTY,2026-09-22,23400.0,PE,2
2026-09-16 04:10:00+00:00,280.5,298.1,274.65,297.6,722150.0,163530.0,NIFTY,2026-09-22,23400.0,PE,2
2026-09-16 04:15:00+00:00,299.6,303.9,277.15,278.35,515385.0,160195.0,NIFTY,2026-09-22,23400.0,PE,2
2026-09-16 04:20:00+00:00,279.05,279.75,238.55,239.5,599625.0,160173.0,NIFTY,2026-09-22,23400.0,PE,2
2026-09-16 04:25:00+00:00,237.6,247.0,224.9,232.0,698360.0,166653.0,NIFTY,2026-09-22,23400.0,PE,2
2026-09-16 04:30:00+00:00,231.05,255.0,231.05,253.65,527735.0,171249.0,NIFTY,2026-09-22,23400.0,PE,2
2026-09-16 04:35:00+00:00,254.65,269.6,250.85,261.1,581425.0,168955.0,NIFTY,2026-09-22,23400.0,PE,2
2026-09-16 04:40:00+00:00,261.4,268.6,246.1,266.6,412620.0,168436.0,NIFTY,2026-09-22,23400.0,PE,2
2026-09-16 04:45:00+00:00,265.5,269.65,239.4,255.0,499525.0,169592.0,NIFTY,2026-09-22,23400.0,PE,2
2026-09-16 04:50:00+00:00,255.15,258.15,236.4,242.3,477815.0,171314.0,NIFTY,2026-09-22,23400.0,PE,2
2026-09-16 04:55:00+00:00,242.6,245.3,232.75,239.3,460655.0,171275.0,NIFTY,2026-09-22,23400.0,PE,2
2026-09-16 05:00:00+00:00,238.95,244.1,226.85,231.6,402415.0,172022.0,NIFTY,2026-09-22,23400.0,PE,2
2026-09-16 05:05:00+00:00,231.55,242.5,228.1,235.4,364520.0,172832.0,NIFTY,2026-09-22,23400.0,PE,2
2026-09-16 05:10:00+00:00,234.5,236.2,226.2,227.25,521560.0,174692.0,NIFTY,2026-09-22,23400.0,PE,2
2026-09-16 05:15:00+00:00,226.85,231.5,215.15,219.35,535145.0,177291.0,NIFTY,2026-09-22,23400.0,PE,2
2026-09-16 05:20:00+00:00,218.85,229.7,216.1,228.2,379990.0,178387.0,NIFTY,2026-09-22,23400.0,PE,2
2026-09-16 05:25:00+00:00,227.9,235.5,226.95,228.35,333710.0,178109.0,NIFTY,2026-09-22,23400.0,PE,2
2026-09-16 05:30:00+00:00,227.2,229.3,209.95,216.9,456495.0,180410.0,NIFTY,2026-09-22,23400.0,PE,2
2026-09-16 05:35:00+00:00,216.6,229.2,216.0,226.2,369135.0,183370.0,NIFTY,2026-09-22,23400.0,PE,2
2026-09-16 05:40:00+00:00,225.65,230.7,218.45,229.2,207415.0,183536.0,NIFTY,2026-09-22,23400.0,PE,2
2026-09-16 05:45:00+00:00,229.3,232.25,218.45,232.25,369070.0,183928.0,NIFTY,2026-09-22,23400.0,PE,2
2026-09-16 05:50:00+00:00,232.4,241.55,222.3,235.4,520520.0,181694.0,NIFTY,2026-09-22,23400.0,PE,2
2026-09-16 05:55:00+00:00,235.15,252.2,234.1,250.95,555100.0,181364.0,NIFTY,2026-09-22,23400.0,PE,2
2026-09-16 06:00:00+00:00,251.05,251.05,238.75,247.8,338390.0,184017.0,NIFTY,2026-09-22,23400.0,PE,2
2026-09-16 06:05:00+00:00,246.5,251.75,231.75,240.2,325650.0,182793.0,NIFTY,2026-09-22,23400.0,PE,2
2026-09-16 06:10:00+00:00,242.2,244.95,236.5,240.3,167375.0,181328.0,NIFTY,2026-09-22,23400.0,PE,2
2026-09-16 06:15:00+00:00,242.9,249.3,241.7,243.65,191230.0,145733.0,NIFTY,2026-09-22,23400.0,PE,2
2026-09-16 06:20:00+00:00,244.15,249.0,233.85,247.45,269555.0,181200.0,NIFTY,2026-09-22,23400.0,PE,2
2026-09-16 06:25:00+00:00,246.5,256.0,245.35,254.5,340535.0,180371.0,NIFTY,2026-09-22,23400.0,PE,2
2026-09-16 06:30:00+00:00,255.6,262.95,249.25,254.1,357110.0,180262.0,NIFTY,2026-09-22,23400.0,PE,2
2026-09-16 06:35:00+00:00,254.55,255.0,241.85,248.85,462020.0,181407.0,NIFTY,2026-09-22,23400.0,PE,2
2026-09-16 06:40:00+00:00,248.95,248.95,232.95,240.25,305500.0,184152.0,NIFTY,2026-09-22,23400.0,PE,2
2026-09-16 06:45:00+00:00,240.9,245.95,229.85,236.85,433095.0,182308.0,NIFTY,2026-09-22,23400.0,PE,2
2026-09-16 06:50:00+00:00,236.6,241.95,232.1,236.4,184405.0,184481.0,NIFTY,2026-09-22,23400.0,PE,2
2026-09-16 06:55:00+00:00,235.05,242.0,233.3,236.35,330720.0,186049.0,NIFTY,2026-09-22,23400.0,PE,2
2026-09-16 07:00:00+00:00,237.2,238.35,215.35,224.75,541775.0,183584.0,NIFTY,2026-09-22,23400.0,PE,2
2026-09-16 07:05:00+00:00,225.35,232.3,221.8,230.35,368550.0,186742.0,NIFTY,2026-09-22,23400.0,PE,2
2026-09-16 07:10:00+00:00,229.6,230.8,217.75,219.8,316095.0,189953.0,NIFTY,2026-09-22,23400.0,PE,2
2026-09-16 07:15:00+00:00,219.2,225.25,218.75,224.6,230620.0,190392.0,NIFTY,2026-09-22,23400.0,PE,2
2026-09-16 07:20:00+00:00,223.85,227.3,220.3,223.6,158925.0,152690.0,NIFTY,2026-09-22,23400.0,PE,2
2026-09-16 07:25:00+00:00,222.75,228.4,217.95,227.05,187980.0,191734.0,NIFTY,2026-09-22,23400.0,PE,2
2026-09-16 07:30:00+00:00,226.35,227.9,219.45,219.45,160745.0,191224.0,NIFTY,2026-09-22,23400.0,PE,2
2026-09-16 07:35:00+00:00,219.6,221.7,195.85,206.2,754065.0,191076.0,NIFTY,2026-09-22,23400.0,PE,2
2026-09-16 07:40:00+00:00,205.3,216.25,204.1,215.35,537030.0,189518.0,NIFTY,2026-09-22,23400.0,PE,2
2026-09-16 07:45:00+00:00,215.45,217.0,203.65,206.75,416650.0,193134.0,NIFTY,2026-09-22,23400.0,PE,2
2026-09-16 07:50:00+00:00,207.1,222.65,207.1,221.0,409825.0,192793.0,NIFTY,2026-09-22,23400.0,PE,2
2026-09-16 07:55:00+00:00,221.15,242.8,218.85,242.8,659555.0,186669.0,NIFTY,2026-09-22,23400.0,PE,2
2026-09-16 08:00:00+00:00,241.95,242.7,232.05,237.25,425035.0,185509.0,NIFTY,2026-09-22,23400.0,PE,2
2026-09-16 08:05:00+00:00,237.75,250.1,232.55,244.75,393380.0,184139.0,NIFTY,2026-09-22,23400.0,PE,2
2026-09-16 08:10:00+00:00,245.6,255.0,245.05,252.45,325715.0,180811.0,NIFTY,2026-09-22,23400.0,PE,2
2026-09-16 08:15:00+00:00,253.4,254.0,243.0,247.05,248365.0,179227.0,NIFTY,2026-09-22,23400.0,PE,2
2026-09-16 08:20:00+00:00,247.0,250.25,240.5,243.75,194350.0,178723.0,NIFTY,2026-09-22,23400.0,PE,2
2026-09-16 08:25:00+00:00,244.65,247.95,241.95,243.8,109200.0,178506.0,NIFTY,2026-09-22,23400.0,PE,2
2026-09-16 08:30:00+00:00,243.45,245.15,229.5,234.15,322790.0,178387.0,NIFTY,2026-09-22,23400.0,PE,2
2026-09-16 08:35:00+00:00,234.4,246.0,230.65,243.65,242970.0,179473.0,NIFTY,2026-09-22,23400.0,PE,2
2026-09-16 08:40:00+00:00,244.35,247.1,230.0,230.0,204100.0,179957.0,NIFTY,2026-09-22,23400.0,PE,2
2026-09-16 08:45:00+00:00,230.1,239.7,224.3,239.7,336960.0,181130.0,NIFTY,2026-09-22,23400.0,PE,2
2026-09-16 08:50:00+00:00,238.7,239.9,229.35,234.25,212095.0,180740.0,NIFTY,2026-09-22,23400.0,PE,2
2026-09-16 08:55:00+00:00,234.75,244.0,232.5,236.85,254605.0,181551.0,NIFTY,2026-09-22,23400.0,PE,2
2026-09-16 09:00:00+00:00,236.55,243.2,234.25,239.55,229645.0,144366.0,NIFTY,2026-09-22,23400.0,PE,2
2026-09-16 09:05:00+00:00,239.05,246.95,233.3,240.7,344370.0,179918.0,NIFTY,2026-09-22,23400.0,PE,2
2026-09-16 09:10:00+00:00,240.4,244.95,235.35,238.75,196820.0,177894.0,NIFTY,2026-09-22,23400.0,PE,2
2026-09-16 09:15:00+00:00,238.4,241.5,232.3,235.85,266305.0,177399.0,NIFTY,2026-09-22,23400.0,PE,2
2026-09-16 09:20:00+00:00,237.0,241.75,231.6,238.6,240565.0,176255.0,NIFTY,2026-09-22,23400.0,PE,2
2026-09-16 09:25:00+00:00,238.55,243.0,223.35,240.5,433290.0,174328.0,NIFTY,2026-09-22,23400.0,PE,2
2026-09-16 09:30:00+00:00,243.4,251.7,235.85,242.1,383110.0,172372.0,NIFTY,2026-09-22,23400.0,PE,2
2026-09-16 09:35:00+00:00,241.1,247.35,237.3,240.45,246155.0,172117.0,NIFTY,2026-09-22,23400.0,PE,2
2026-09-16 09:40:00+00:00,241.3,245.95,237.1,241.95,189020.0,171024.0,NIFTY,2026-09-22,23400.0,PE,2
2026-09-16 09:45:00+00:00,242.6,243.0,232.1,241.8,267020.0,169112.0,NIFTY,2026-09-22,23400.0,PE,2
2026-09-16 09:50:00+00:00,242.0,243.35,231.6,235.75,421980.0,167636.0,NIFTY,2026-09-22,23400.0,PE,2
2026-09-16 09:55:00+00:00,235.1,240.65,234.15,236.35,233090.0,162853.0,NIFTY,2026-09-22,23400.0,PE,2
2026-09-16 10:00:00+00:00,236.5,240.0,232.0,235.6,228280.0,156851.0,NIFTY,2026-09-22,23400.0,PE,2
2026-09-16 10:05:00+00:00,235.7,236.2,226.0,227.4,196625.0,152556.0,NIFTY,2026-09-22,23400.0,PE,2
2026-09-16 10:10:00+00:00,228.05,228.05,228.05,228.05,130.0,,NIFTY,2026-09-22,23400.0,PE,2
2026-09-17 03:45:00+00:00,246.05,253.5,195.5,201.45,1155765.0,152711.0,NIFTY,2026-09-22,23400.0,PE,2
2026-09-17 03:50:00+00:00,203.5,218.6,193.45,218.35,883220.0,161829.0,NIFTY,2026-09-22,23400.0,PE,2
2026-09-17 03:55:00+00:00,217.9,220.9,197.55,203.0,631345.0,162695.0,NIFTY,2026-09-22,23400.0,PE,2
2026-09-17 04:00:00+00:00,201.65,206.1,178.0,185.4,982605.0,168912.0,NIFTY,2026-09-22,23400.0,PE,2
2026-09-17 04:05:00+00:00,185.15,191.15,171.1,189.85,1173900.0,185275.0,NIFTY,2026-09-22,23400.0,PE,2
2026-09-17 04:10:00+00:00,190.45,220.0,189.6,206.6,1309555.0,179931.0,NIFTY,2026-09-22,23400.0,PE,2
2026-09-17 04:15:00+00:00,206.4,213.0,191.4,197.6,554385.0,170229.0,NIFTY,2026-09-22,23400.0,PE,2
2026-09-17 04:20:00+00:00,197.4,201.45,181.9,185.05,497315.0,172552.0,NIFTY,2026-09-22,23400.0,PE,2
2026-09-17 04:25:00+00:00,184.3,189.45,179.3,183.1,540800.0,179807.0,NIFTY,2026-09-22,23400.0,PE,2
2026-09-17 04:30:00+00:00,183.85,187.35,174.6,176.95,546780.0,182345.0,NIFTY,2026-09-22,23400.0,PE,2
2026-09-17 04:35:00+00:00,177.05,177.05,164.0,166.55,932425.0,185981.0,NIFTY,2026-09-22,23400.0,PE,2
2026-09-17 04:40:00+00:00,165.55,167.3,157.5,163.15,1025310.0,195347.0,NIFTY,2026-09-22,23400.0,PE,2
2026-09-17 04:45:00+00:00,162.65,170.5,158.3,170.4,904410.0,200537.0,NIFTY,2026-09-22,23400.0,PE,2
2026-09-17 04:50:00+00:00,170.05,176.15,165.7,175.5,839930.0,198654.0,NIFTY,2026-09-22,23400.0,PE,2
2026-09-17 04:55:00+00:00,176.4,178.4,171.85,173.9,551265.0,194726.0,NIFTY,2026-09-22,23400.0,PE,2
2026-09-17 05:00:00+00:00,173.35,184.95,172.05,183.2,812760.0,190017.0,NIFTY,2026-09-22,23400.0,PE,2
2026-09-17 05:05:00+00:00,183.75,186.75,171.25,182.5,675935.0,186013.0,NIFTY,2026-09-22,23400.0,PE,2
2026-09-17 05:10:00+00:00,182.75,191.4,181.4,189.95,645515.0,184692.0,NIFTY,2026-09-22,23400.0,PE,2
2026-09-17 05:15:00+00:00,191.6,194.8,186.0,191.85,717340.0,181522.0,NIFTY,2026-09-22,23400.0,PE,2
2026-09-17 05:20:00+00:00,192.1,192.6,185.6,188.8,321685.0,181554.0,NIFTY,2026-09-22,23400.0,PE,2
2026-09-17 05:25:00+00:00,188.1,192.8,179.15,192.8,562445.0,178747.0,NIFTY,2026-09-22,23400.0,PE,2
2026-09-17 05:30:00+00:00,192.6,215.1,192.4,214.45,1155310.0,171884.0,NIFTY,2026-09-22,23400.0,PE,2
2026-09-17 05:35:00+00:00,214.3,234.8,214.3,231.4,1131455.0,159560.0,NIFTY,2026-09-22,23400.0,PE,2
2026-09-17 05:40:00+00:00,232.0,238.0,217.8,225.75,722865.0,149278.0,NIFTY,2026-09-22,23400.0,PE,2
2026-09-17 05:45:00+00:00,225.6,226.05,205.4,206.4,359515.0,145783.0,NIFTY,2026-09-22,23400.0,PE,2
2026-09-17 05:50:00+00:00,206.75,211.0,197.0,203.85,510055.0,147327.0,NIFTY,2026-09-22,23400.0,PE,2
2026-09-17 05:55:00+00:00,204.3,214.0,201.15,208.65,311285.0,148962.0,NIFTY,2026-09-22,23400.0,PE,2
2026-09-17 06:00:00+00:00,207.9,215.15,198.35,201.05,372255.0,150783.0,NIFTY,2026-09-22,23400.0,PE,2
2026-09-17 06:05:00+00:00,201.1,207.2,198.6,199.15,217165.0,149595.0,NIFTY,2026-09-22,23400.0,PE,2
2026-09-17 06:10:00+00:00,198.95,199.9,180.45,185.25,602875.0,148147.0,NIFTY,2026-09-22,23400.0,PE,2
2026-09-17 06:15:00+00:00,183.55,193.9,180.95,185.15,426985.0,151427.0,NIFTY,2026-09-22,23400.0,PE,2
2026-09-17 06:20:00+00:00,185.05,188.8,170.85,175.5,707135.0,150697.0,NIFTY,2026-09-22,23400.0,PE,2
2026-09-17 06:25:00+00:00,175.1,176.6,159.0,159.15,651625.0,153618.0,NIFTY,2026-09-22,23400.0,PE,2
2026-09-17 06:30:00+00:00,159.25,167.8,156.25,164.4,947180.0,161766.0,NIFTY,2026-09-22,23400.0,PE,2
2026-09-17 06:35:00+00:00,164.3,164.95,141.0,144.85,1434030.0,169390.0,NIFTY,2026-09-22,23400.0,PE,2
2026-09-17 06:40:00+00:00,144.7,145.0,137.45,142.4,915135.0,180166.0,NIFTY,2026-09-22,23400.0,PE,2
2026-09-17 06:45:00+00:00,142.35,144.7,135.0,139.05,808795.0,190583.0,NIFTY,2026-09-22,23400.0,PE,2
2026-09-17 06:50:00+00:00,138.4,139.8,128.95,134.75,1348945.0,200514.0,NIFTY,2026-09-22,23400.0,PE,2
2026-09-17 06:55:00+00:00,134.4,140.0,133.4,138.55,1071070.0,168705.0,NIFTY,2026-09-22,23400.0,PE,2
2026-09-17 07:00:00+00:00,139.2,143.5,136.3,138.15,978185.0,213855.0,NIFTY,2026-09-22,23400.0,PE,2
2026-09-17 07:05:00+00:00,138.3,138.3,130.6,133.2,787540.0,174122.0,NIFTY,2026-09-22,23400.0,PE,2
2026-09-17 07:10:00+00:00,133.0,139.75,131.4,139.0,937365.0,227193.0,NIFTY,2026-09-22,23400.0,PE,2
2026-09-17 07:15:00+00:00,139.05,145.0,137.65,144.45,1107860.0,236738.0,NIFTY,2026-09-22,23400.0,PE,2
2026-09-17 07:20:00+00:00,144.15,145.95,137.3,141.05,1055600.0,234594.0,NIFTY,2026-09-22,23400.0,PE,2
2026-09-17 07:25:00+00:00,141.45,144.0,139.1,141.35,609700.0,240276.0,NIFTY,2026-09-22,23400.0,PE,2
2026-09-17 07:30:00+00:00,140.3,147.7,138.3,147.0,932620.0,193367.0,NIFTY,2026-09-22,23400.0,PE,2
2026-09-17 07:35:00+00:00,146.85,149.8,143.15,144.9,972075.0,238646.0,NIFTY,2026-09-22,23400.0,PE,2
2026-09-17 07:40:00+00:00,144.75,150.7,144.35,149.9,678925.0,234758.0,NIFTY,2026-09-22,23400.0,PE,2
2026-09-17 07:45:00+00:00,150.15,152.6,145.45,150.4,863265.0,230196.0,NIFTY,2026-09-22,23400.0,PE,2
2026-09-17 07:50:00+00:00,150.2,156.6,146.55,156.15,1022710.0,227728.0,NIFTY,2026-09-22,23400.0,PE,2
2026-09-17 07:55:00+00:00,155.85,189.7,155.65,187.95,3420950.0,214257.0,NIFTY,2026-09-22,23400.0,PE,2
2026-09-17 08:00:00+00:00,190.7,200.0,186.0,195.15,1474525.0,192506.0,NIFTY,2026-09-22,23400.0,PE,2
2026-09-17 08:05:00+00:00,194.8,204.55,191.45,194.2,966940.0,178746.0,NIFTY,2026-09-22,23400.0,PE,2
2026-09-17 08:10:00+00:00,195.15,195.15,181.6,192.2,582205.0,173017.0,NIFTY,2026-09-22,23400.0,PE,2
2026-09-17 08:15:00+00:00,191.0,192.9,180.15,188.6,416975.0,173412.0,NIFTY,2026-09-22,23400.0,PE,2
2026-09-17 08:20:00+00:00,189.0,193.6,181.75,187.65,340080.0,174729.0,NIFTY,2026-09-22,23400.0,PE,2
2026-09-17 08:25:00+00:00,188.35,190.1,182.6,189.3,244270.0,174172.0,NIFTY,2026-09-22,23400.0,PE,2
2026-09-17 08:30:00+00:00,189.75,193.6,181.9,184.35,260195.0,170855.0,NIFTY,2026-09-22,23400.0,PE,2
2026-09-17 08:35:00+00:00,184.55,189.55,176.0,178.5,391820.0,169826.0,NIFTY,2026-09-22,23400.0,PE,2
2026-09-17 08:40:00+00:00,178.45,186.65,176.0,183.2,312260.0,202527.0,NIFTY,2026-09-22,23400.0,PE,2
2026-09-17 08:45:00+00:00,182.4,188.8,170.8,179.3,536965.0,169358.0,NIFTY,2026-09-22,23400.0,PE,2
2026-09-17 08:50:00+00:00,179.6,179.75,167.95,174.5,439530.0,167915.0,NIFTY,2026-09-22,23400.0,PE,2
2026-09-17 08:55:00+00:00,174.2,188.2,174.05,177.4,749580.0,169400.0,NIFTY,2026-09-22,23400.0,PE,2
2026-09-17 09:00:00+00:00,177.7,185.15,174.75,183.85,391560.0,169450.0,NIFTY,2026-09-22,23400.0,PE,2
2026-09-17 09:05:00+00:00,182.8,183.7,157.5,162.6,968955.0,167973.0,NIFTY,2026-09-22,23400.0,PE,2
2026-09-17 09:10:00+00:00,162.9,179.0,162.9,176.45,558545.0,165061.0,NIFTY,2026-09-22,23400.0,PE,2
2026-09-17 09:15:00+00:00,176.2,178.05,163.2,168.0,487435.0,164405.0,NIFTY,2026-09-22,23400.0,PE,2
2026-09-17 09:20:00+00:00,168.4,173.0,166.45,171.4,233935.0,164476.0,NIFTY,2026-09-22,23400.0,PE,2
2026-09-17 09:25:00+00:00,171.3,180.65,171.3,179.85,435045.0,164043.0,NIFTY,2026-09-22,23400.0,PE,2
2026-09-17 09:30:00+00:00,180.3,184.5,169.1,176.1,469300.0,162849.0,NIFTY,2026-09-22,23400.0,PE,2
2026-09-17 09:35:00+00:00,176.3,176.5,165.7,170.0,300430.0,162534.0,NIFTY,2026-09-22,23400.0,PE,2
2026-09-17 09:40:00+00:00,170.6,175.5,159.6,163.05,420355.0,160180.0,NIFTY,2026-09-22,23400.0,PE,2
2026-09-17 09:45:00+00:00,163.8,166.05,155.45,161.9,565370.0,152514.0,NIFTY,2026-09-22,23400.0,PE,2
2026-09-17 09:50:00+00:00,160.85,167.65,158.5,160.5,396500.0,148576.0,NIFTY,2026-09-22,23400.0,PE,2
2026-09-17 09:55:00+00:00,161.0,166.5,158.2,165.9,293605.0,147926.0,NIFTY,2026-09-22,23400.0,PE,2
2026-09-17 10:00:00+00:00,165.15,166.45,159.1,159.75,322855.0,149074.0,NIFTY,2026-09-22,23400.0,PE,2
2026-09-17 10:05:00+00:00,160.1,160.25,147.05,150.2,498680.0,148337.0,NIFTY,2026-09-22,23400.0,PE,2
2026-09-17 10:10:00+00:00,150.2,150.2,150.2,150.2,455.0,,NIFTY,2026-09-22,23400.0,PE,2
2026-09-18 03:45:00+00:00,132.7,148.8,124.3,144.6,4979195.0,185328.0,NIFTY,2026-09-22,23400.0,PE,2
2026-09-18 03:50:00+00:00,143.1,155.05,138.8,143.85,4224740.0,225682.0,NIFTY,2026-09-22,23400.0,PE,2
2026-09-18 03:55:00+00:00,144.0,163.1,144.0,158.25,5417295.0,253286.0,NIFTY,2026-09-22,23400.0,PE,2
2026-09-18 04:00:00+00:00,158.95,167.95,155.05,165.35,3389490.0,249517.0,NIFTY,2026-09-22,23400.0,PE,2
2026-09-18 04:05:00+00:00,166.25,168.3,147.15,148.3,3369600.0,247814.0,NIFTY,2026-09-22,23400.0,PE,2
2026-09-18 04:10:00+00:00,148.65,158.45,144.15,149.9,2323620.0,258434.0,NIFTY,2026-09-22,23400.0,PE,2
2026-09-18 04:15:00+00:00,150.95,157.0,143.4,153.25,1953250.0,266565.0,NIFTY,2026-09-22,23400.0,PE,2
2026-09-18 04:20:00+00:00,152.95,156.4,142.3,142.7,1767610.0,272442.0,NIFTY,2026-09-22,23400.0,PE,2
2026-09-18 04:25:00+00:00,142.05,147.45,136.25,139.5,2622165.0,281615.0,NIFTY,2026-09-22,23400.0,PE,2
2026-09-18 04:30:00+00:00,140.8,145.75,136.35,144.7,1637220.0,297224.0,NIFTY,2026-09-22,23400.0,PE,2
2026-09-18 04:35:00+00:00,144.45,149.75,136.3,140.0,2358070.0,301735.0,NIFTY,2026-09-22,23400.0,PE,2
2026-09-18 04:40:00+00:00,139.6,141.55,135.05,136.6,1023100.0,303018.0,NIFTY,2026-09-22,23400.0,PE,2
2026-09-18 04:45:00+00:00,137.3,144.45,134.1,143.3,1439230.0,309350.0,NIFTY,2026-09-22,23400.0,PE,2
2026-09-18 04:50:00+00:00,143.5,151.25,138.35,148.9,1938625.0,313900.0,NIFTY,2026-09-22,23400.0,PE,2
2026-09-18 04:55:00+00:00,148.95,155.85,144.2,146.7,2785185.0,311369.0,NIFTY,2026-09-22,23400.0,PE,2
2026-09-18 05:00:00+00:00,147.0,154.9,142.5,151.75,2200510.0,308332.0,NIFTY,2026-09-22,23400.0,PE,2
2026-09-18 05:05:00+00:00,151.85,155.85,146.75,153.95,1837290.0,312806.0,NIFTY,2026-09-22,23400.0,PE,2
2026-09-18 05:10:00+00:00,153.55,159.0,149.2,151.4,2698020.0,320420.0,NIFTY,2026-09-22,23400.0,PE,2
2026-09-18 05:15:00+00:00,151.55,157.6,149.25,153.05,1244750.0,324598.0,NIFTY,2026-09-22,23400.0,PE,2
2026-09-18 05:20:00+00:00,152.5,153.8,143.0,149.45,1868360.0,308908.0,NIFTY,2026-09-22,23400.0,PE,2
2026-09-18 05:25:00+00:00,149.25,151.6,144.55,149.2,758485.0,302843.0,NIFTY,2026-09-22,23400.0,PE,2
2026-09-18 05:30:00+00:00,149.0,154.6,145.1,153.7,1009320.0,304894.0,NIFTY,2026-09-22,23400.0,PE,2
2026-09-18 05:35:00+00:00,154.3,160.95,148.0,149.15,2015390.0,294515.0,NIFTY,2026-09-22,23400.0,PE,2
2026-09-18 05:40:00+00:00,149.1,154.95,146.55,150.35,1040520.0,293504.0,NIFTY,2026-09-22,23400.0,PE,2
2026-09-18 05:45:00+00:00,150.4,157.95,148.9,157.3,916825.0,292440.0,NIFTY,2026-09-22,23400.0,PE,2
2026-09-18 05:50:00+00:00,156.9,157.3,148.55,151.8,953420.0,292635.0,NIFTY,2026-09-22,23400.0,PE,2
2026-09-18 05:55:00+00:00,152.0,157.95,151.8,154.4,971815.0,290302.0,NIFTY,2026-09-22,23400.0,PE,2
2026-09-18 06:00:00+00:00,154.9,160.55,150.0,154.5,1372930.0,285710.0,NIFTY,2026-09-22,23400.0,PE,2
2026-09-18 06:05:00+00:00,154.65,156.4,152.0,153.5,702000.0,287582.0,NIFTY,2026-09-22,23400.0,PE,2
2026-09-18 06:10:00+00:00,153.55,155.8,150.55,153.1,588770.0,287522.0,NIFTY,2026-09-22,23400.0,PE,2
2026-09-18 06:15:00+00:00,153.5,154.15,145.5,146.7,1100385.0,281805.0,NIFTY,2026-09-22,23400.0,PE,2
2026-09-18 06:20:00+00:00,146.75,148.4,133.25,137.5,2093065.0,280593.0,NIFTY,2026-09-22,23400.0,PE,2
2026-09-18 06:25:00+00:00,137.35,140.0,130.0,137.3,1912690.0,290396.0,NIFTY,2026-09-22,23400.0,PE,2
2026-09-18 06:30:00+00:00,137.55,139.95,128.85,139.65,2013635.0,302726.0,NIFTY,2026-09-22,23400.0,PE,2
2026-09-18 06:35:00+00:00,139.55,142.7,136.0,139.25,2453165.0,315906.0,NIFTY,2026-09-22,23400.0,PE,2
2026-09-18 06:40:00+00:00,139.1,140.0,133.95,135.25,1264705.0,320299.0,NIFTY,2026-09-22,23400.0,PE,2
2026-09-18 06:45:00+00:00,135.75,140.35,134.0,139.4,951535.0,321101.0,NIFTY,2026-09-22,23400.0,PE,2
2026-09-18 06:50:00+00:00,139.9,142.0,134.25,137.95,1162070.0,315355.0,NIFTY,2026-09-22,23400.0,PE,2
2026-09-18 06:55:00+00:00,137.9,140.3,133.05,133.5,898820.0,312854.0,NIFTY,2026-09-22,23400.0,PE,2
2026-09-18 07:00:00+00:00,134.1,135.7,131.3,134.3,895830.0,252729.0,NIFTY,2026-09-22,23400.0,PE,2
2026-09-18 07:05:00+00:00,134.0,134.0,125.2,131.2,1920555.0,318986.0,NIFTY,2026-09-22,23400.0,PE,2
2026-09-18 07:10:00+00:00,131.45,131.45,124.35,128.5,1323335.0,326153.0,NIFTY,2026-09-22,23400.0,PE,2
2026-09-18 07:15:00+00:00,128.85,132.6,127.35,131.5,1148420.0,330560.0,NIFTY,2026-09-22,23400.0,PE,2
2026-09-18 07:20:00+00:00,131.25,132.95,127.35,127.85,808860.0,330994.0,NIFTY,2026-09-22,23400.0,PE,2
2026-09-18 07:25:00+00:00,127.65,130.45,124.35,125.7,936715.0,334484.0,NIFTY,2026-09-22,23400.0,PE,2
2026-09-18 07:30:00+00:00,125.6,126.9,117.7,120.1,1827215.0,338786.0,NIFTY,2026-09-22,23400.0,PE,2
2026-09-18 07:35:00+00:00,120.15,123.7,119.45,121.45,1090115.0,345463.0,NIFTY,2026-09-22,23400.0,PE,2
2026-09-18 07:40:00+00:00,121.35,127.25,121.0,125.85,1396720.0,353656.0,NIFTY,2026-09-22,23400.0,PE,2
2026-09-18 07:45:00+00:00,126.3,131.3,125.55,130.45,1872780.0,358622.0,NIFTY,2026-09-22,23400.0,PE,2
2026-09-18 07:50:00+00:00,130.6,132.5,124.65,127.05,1537120.0,356179.0,NIFTY,2026-09-22,23400.0,PE,2
2026-09-18 07:55:00+00:00,126.6,129.8,124.3,127.9,976365.0,356554.0,NIFTY,2026-09-22,23400.0,PE,2
2026-09-18 08:00:00+00:00,127.4,132.2,123.6,128.4,1430130.0,355817.0,NIFTY,2026-09-22,23400.0,PE,2
2026-09-18 08:05:00+00:00,128.5,131.55,125.0,129.55,1169350.0,351908.0,NIFTY,2026-09-22,23400.0,PE,2
2026-09-18 08:10:00+00:00,128.85,139.0,128.7,139.0,2360345.0,345129.0,NIFTY,2026-09-22,23400.0,PE,2
2026-09-18 08:15:00+00:00,139.1,141.7,131.7,136.65,2944890.0,322703.0,NIFTY,2026-09-22,23400.0,PE,2
2026-09-18 08:20:00+00:00,136.1,136.5,125.1,126.9,2119000.0,321657.0,NIFTY,2026-09-22,23400.0,PE,2
2026-09-18 08:25:00+00:00,127.1,130.0,124.15,129.3,1222975.0,323389.0,NIFTY,2026-09-22,23400.0,PE,2
2026-09-18 08:30:00+00:00,129.55,129.9,122.75,124.05,1086345.0,330376.0,NIFTY,2026-09-22,23400.0,PE,2
2026-09-18 08:35:00+00:00,124.2,124.2,114.0,116.45,2831335.0,339521.0,NIFTY,2026-09-22,23400.0,PE,2
2026-09-18 08:40:00+00:00,116.15,119.55,112.0,118.75,3323320.0,369423.0,NIFTY,2026-09-22,23400.0,PE,2
2026-09-18 08:45:00+00:00,119.0,119.2,114.0,116.0,1709240.0,398133.0,NIFTY,2026-09-22,23400.0,PE,2
2026-09-18 08:50:00+00:00,115.95,116.75,112.95,116.5,1679210.0,411594.0,NIFTY,2026-09-22,23400.0,PE,2
2026-09-18 08:55:00+00:00,116.65,117.0,107.1,107.1,3607825.0,424435.0,NIFTY,2026-09-22,23400.0,PE,2
2026-09-18 09:00:00+00:00,108.0,108.85,100.75,104.75,4893915.0,444828.0,NIFTY,2026-09-22,23400.0,PE,2
2026-09-18 09:05:00+00:00,104.65,108.65,104.65,107.95,2745535.0,486258.0,NIFTY,2026-09-22,23400.0,PE,2
2026-09-18 09:10:00+00:00,108.1,115.0,107.95,115.0,4376515.0,500624.0,NIFTY,2026-09-22,23400.0,PE,2
2026-09-18 09:15:00+00:00,114.95,115.85,106.45,107.95,3897270.0,490053.0,NIFTY,2026-09-22,23400.0,PE,2
2026-09-18 09:20:00+00:00,107.9,108.4,96.1,99.2,5526690.0,486687.0,NIFTY,2026-09-22,23400.0,PE,2
2026-09-18 09:25:00+00:00,99.25,102.35,94.85,97.2,4824235.0,526254.0,NIFTY,2026-09-22,23400.0,PE,2
2026-09-18 09:30:00+00:00,98.0,107.25,98.0,105.65,6168825.0,527192.0,NIFTY,2026-09-22,23400.0,PE,2
2026-09-18 09:35:00+00:00,105.7,113.6,101.5,111.6,6063200.0,492664.0,NIFTY,2026-09-22,23400.0,PE,2
2026-09-18 09:40:00+00:00,112.65,113.6,106.8,110.5,3923140.0,425734.0,NIFTY,2026-09-22,23400.0,PE,2
2026-09-18 09:45:00+00:00,110.55,113.25,106.55,110.45,2137850.0,389688.0,NIFTY,2026-09-22,23400.0,PE,2
2026-09-18 09:50:00+00:00,110.95,115.8,109.45,113.55,4136275.0,342991.0,NIFTY,2026-09-22,23400.0,PE,2
2026-09-18 09:55:00+00:00,113.25,113.65,102.25,107.8,2852265.0,310758.0,NIFTY,2026-09-22,23400.0,PE,2
2026-09-18 10:00:00+00:00,107.95,114.95,107.0,113.85,1554930.0,281440.0,NIFTY,2026-09-22,23400.0,PE,2
2026-09-18 10:05:00+00:00,114.3,114.3,109.35,109.75,1695590.0,255202.0,NIFTY,2026-09-22,23400.0,PE,2
2026-09-18 10:10:00+00:00,110.3,110.3,110.3,110.3,6110.0,,NIFTY,2026-09-22,23400.0,PE,2
2026-09-21 03:45:00+00:00,103.05,109.9,80.4,85.0,12764830.0,315733.0,NIFTY,2026-09-22,23400.0,PE,2
2026-09-21 03:50:00+00:00,83.65,89.0,81.0,86.6,8387860.0,492434.0,NIFTY,2026-09-22,23400.0,PE,2
2026-09-21 03:55:00+00:00,86.5,88.4,76.0,77.25,8931455.0,581305.0,NIFTY,2026-09-22,23400.0,PE,2
2026-09-21 04:00:00+00:00,76.85,78.95,73.35,76.75,10108020.0,743935.0,NIFTY,2026-09-22,23400.0,PE,2
2026-09-21 04:05:00+00:00,76.45,80.85,72.7,79.0,8849165.0,835263.0,NIFTY,2026-09-22,23400.0,PE,2
2026-09-21 04:10:00+00:00,78.85,83.6,77.0,79.1,8795605.0,875451.0,NIFTY,2026-09-22,23400.0,PE,2
2026-09-21 04:15:00+00:00,79.0,79.0,70.35,73.85,9060935.0,902344.0,NIFTY,2026-09-22,23400.0,PE,2
2026-09-21 04:20:00+00:00,74.0,77.0,71.25,76.8,5966025.0,971999.0,NIFTY,2026-09-22,23400.0,PE,2
2026-09-21 04:25:00+00:00,76.65,79.55,71.6,76.0,7513220.0,1018068.0,NIFTY,2026-09-22,23400.0,PE,2
2026-09-21 04:30:00+00:00,75.45,85.5,74.9,82.7,11258260.0,1029861.0,NIFTY,2026-09-22,23400.0,PE,2
2026-09-21 04:35:00+00:00,82.85,87.25,80.45,81.5,10066355.0,1006532.0,NIFTY,2026-09-22,23400.0,PE,2
2026-09-21 04:40:00+00:00,81.8,86.7,75.2,85.85,10997870.0,982062.0,NIFTY,2026-09-22,23400.0,PE,2
2026-09-21 04:45:00+00:00,86.1,88.8,82.0,86.5,9242610.0,1001672.0,NIFTY,2026-09-22,23400.0,PE,2
2026-09-21 04:50:00+00:00,86.75,88.15,83.0,86.2,5455970.0,1005982.0,NIFTY,2026-09-22,23400.0,PE,2
2026-09-21 04:55:00+00:00,86.55,90.95,84.1,85.3,10301785.0,965830.0,NIFTY,2026-09-22,23400.0,PE,2
2026-09-21 05:00:00+00:00,85.6,91.3,84.15,89.1,5767450.0,937724.0,NIFTY,2026-09-22,23400.0,PE,2
2026-09-21 05:05:00+00:00,89.7,91.25,86.75,90.85,4839835.0,916531.0,NIFTY,2026-09-22,23400.0,PE,2
2026-09-21 05:10:00+00:00,90.8,90.9,82.25,83.35,5778890.0,868843.0,NIFTY,2026-09-22,23400.0,PE,2
2026-09-21 05:15:00+00:00,83.05,84.7,77.8,81.85,7905105.0,846512.0,NIFTY,2026-09-22,23400.0,PE,2
2026-09-21 05:20:00+00:00,81.35,82.35,75.7,77.35,4722770.0,875536.0,NIFTY,2026-09-22,23400.0,PE,2
2026-09-21 05:25:00+00:00,77.15,80.95,76.3,76.75,3567070.0,892641.0,NIFTY,2026-09-22,23400.0,PE,2
2026-09-21 05:30:00+00:00,76.25,79.9,75.4,76.85,3767010.0,915706.0,NIFTY,2026-09-22,23400.0,PE,2
2026-09-21 05:35:00+00:00,76.0,78.0,72.3,73.0,5201625.0,946994.0,NIFTY,2026-09-22,23400.0,PE,2
2026-09-21 05:40:00+00:00,72.7,73.3,70.05,72.0,5325385.0,990128.0,NIFTY,2026-09-22,23400.0,PE,2
2026-09-21 05:45:00+00:00,71.5,76.75,70.8,74.95,6921070.0,1042278.0,NIFTY,2026-09-22,23400.0,PE,2
2026-09-21 05:50:00+00:00,74.55,76.45,71.3,72.65,4285385.0,1075279.0,NIFTY,2026-09-22,23400.0,PE,2
2026-09-21 05:55:00+00:00,72.7,73.95,71.0,72.0,2800070.0,1093239.0,NIFTY,2026-09-22,23400.0,PE,2
2026-09-21 06:00:00+00:00,71.5,71.5,65.45,67.7,8585720.0,1122638.0,NIFTY,2026-09-22,23400.0,PE,2
2026-09-21 06:05:00+00:00,67.45,71.65,67.35,71.65,5454865.0,1167415.0,NIFTY,2026-09-22,23400.0,PE,2
2026-09-21 06:10:00+00:00,71.7,72.3,67.65,68.65,5076500.0,1204353.0,NIFTY,2026-09-22,23400.0,PE,2
2026-09-21 06:15:00+00:00,68.3,72.0,68.1,70.9,3940170.0,1232225.0,NIFTY,2026-09-22,23400.0,PE,2
2026-09-21 06:20:00+00:00,71.25,71.45,61.9,62.2,8416590.0,1247406.0,NIFTY,2026-09-22,23400.0,PE,2
2026-09-21 06:25:00+00:00,62.35,63.45,59.05,60.9,10680475.0,1302507.0,NIFTY,2026-09-22,23400.0,PE,2
2026-09-21 06:30:00+00:00,61.1,63.15,58.7,61.25,7795580.0,1373425.0,NIFTY,2026-09-22,23400.0,PE,2
2026-09-21 06:35:00+00:00,61.0,63.8,60.6,62.95,5451745.0,1398005.0,NIFTY,2026-09-22,23400.0,PE,2
2026-09-21 06:40:00+00:00,62.8,63.95,61.2,61.6,4426370.0,1122412.0,NIFTY,2026-09-22,23400.0,PE,2
2026-09-21 06:45:00+00:00,61.45,63.25,61.0,62.25,3373240.0,1410176.0,NIFTY,2026-09-22,23400.0,PE,2
2026-09-21 06:50:00+00:00,62.15,63.85,60.05,62.95,5204420.0,1429732.0,NIFTY,2026-09-22,23400.0,PE,2
2026-09-21 06:55:00+00:00,62.8,63.25,60.35,60.55,3117595.0,1449460.0,NIFTY,2026-09-22,23400.0,PE,2
2026-09-21 07:00:00+00:00,60.7,63.4,59.55,61.65,5213065.0,1441244.0,NIFTY,2026-09-22,23400.0,PE,2
2026-09-21 07:05:00+00:00,61.75,63.65,61.15,62.9,2972060.0,1459267.0,NIFTY,2026-09-22,23400.0,PE,2
2026-09-21 07:10:00+00:00,62.85,65.4,61.25,61.75,7308990.0,1460520.0,NIFTY,2026-09-22,23400.0,PE,2
2026-09-21 07:15:00+00:00,61.7,63.9,60.4,62.75,3707470.0,1455931.0,NIFTY,2026-09-22,23400.0,PE,2
2026-09-21 07:20:00+00:00,62.7,64.25,61.25,61.65,3808610.0,1447753.0,NIFTY,2026-09-22,23400.0,PE,2
2026-09-21 07:25:00+00:00,61.5,63.45,60.7,63.3,3378765.0,1447444.0,NIFTY,2026-09-22,23400.0,PE,2
2026-09-21 07:30:00+00:00,63.05,66.5,61.65,65.25,6795295.0,1467341.0,NIFTY,2026-09-22,23400.0,PE,2
2026-09-21 07:35:00+00:00,65.5,68.55,63.6,68.1,7950930.0,1484621.0,NIFTY,2026-09-22,23400.0,PE,2
2026-09-21 07:40:00+00:00,68.25,69.35,63.95,64.4,7774000.0,1454257.0,NIFTY,2026-09-22,23400.0,PE,2
2026-09-21 07:45:00+00:00,64.85,64.85,55.95,56.15,11776115.0,1412693.0,NIFTY,2026-09-22,23400.0,PE,2
2026-09-21 07:50:00+00:00,56.3,58.2,54.3,56.15,8215220.0,1444725.0,NIFTY,2026-09-22,23400.0,PE,2
2026-09-21 07:55:00+00:00,56.35,56.55,53.25,54.75,5427955.0,1493659.0,NIFTY,2026-09-22,23400.0,PE,2
2026-09-21 08:00:00+00:00,54.7,56.0,51.05,51.75,8067930.0,1517388.0,NIFTY,2026-09-22,23400.0,PE,2
2026-09-21 08:05:00+00:00,50.85,53.65,50.85,53.4,5378685.0,1525783.0,NIFTY,2026-09-22,23400.0,PE,2
2026-09-21 08:10:00+00:00,53.35,55.95,53.0,54.55,5890950.0,1545024.0,NIFTY,2026-09-22,23400.0,PE,2
2026-09-21 08:15:00+00:00,54.4,55.45,53.05,53.05,3359135.0,1557319.0,NIFTY,2026-09-22,23400.0,PE,2
2026-09-21 08:20:00+00:00,52.85,53.35,50.0,51.3,8070075.0,1566404.0,NIFTY,2026-09-22,23400.0,PE,2
2026-09-21 08:25:00+00:00,51.5,51.5,41.0,42.9,16865745.0,1593385.0,NIFTY,2026-09-22,23400.0,PE,2
2026-09-21 08:30:00+00:00,42.7,45.15,42.5,44.7,8897395.0,1610724.0,NIFTY,2026-09-22,23400.0,PE,2
2026-09-21 08:35:00+00:00,44.85,45.7,43.45,44.55,5645055.0,1638275.0,NIFTY,2026-09-22,23400.0,PE,2
2026-09-21 08:40:00+00:00,44.45,45.8,42.9,45.05,5044195.0,1640763.0,NIFTY,2026-09-22,23400.0,PE,2
2026-09-21 08:45:00+00:00,45.1,45.65,42.05,42.75,4650555.0,1640063.0,NIFTY,2026-09-22,23400.0,PE,2
2026-09-21 08:50:00+00:00,42.65,44.6,41.55,44.0,4153890.0,1630984.0,NIFTY,2026-09-22,23400.0,PE,2
2026-09-21 08:55:00+00:00,43.9,46.0,42.6,45.0,4822545.0,1629213.0,NIFTY,2026-09-22,23400.0,PE,2
2026-09-21 09:00:00+00:00,45.15,47.5,45.15,46.5,7483710.0,1644678.0,NIFTY,2026-09-22,23400.0,PE,2
2026-09-21 09:05:00+00:00,46.45,47.5,43.35,45.1,7030140.0,1623592.0,NIFTY,2026-09-22,23400.0,PE,2
2026-09-21 09:10:00+00:00,44.8,45.1,43.25,44.5,3561415.0,1599332.0,NIFTY,2026-09-22,23400.0,PE,2
2026-09-21 09:15:00+00:00,44.55,46.0,43.45,44.5,3690895.0,1578890.0,NIFTY,2026-09-22,23400.0,PE,2
2026-09-21 09:20:00+00:00,44.65,45.85,43.25,44.7,4387955.0,1551405.0,NIFTY,2026-09-22,23400.0,PE,2
2026-09-21 09:25:00+00:00,44.9,46.45,43.2,46.05,4755270.0,1524341.0,NIFTY,2026-09-22,23400.0,PE,2
2026-09-21 09:30:00+00:00,46.4,48.5,44.85,47.0,10300160.0,1498083.0,NIFTY,2026-09-22,23400.0,PE,2
2026-09-21 09:35:00+00:00,47.2,49.15,45.9,47.4,9765600.0,1455177.0,NIFTY,2026-09-22,23400.0,PE,2
2026-09-21 09:40:00+00:00,47.85,49.95,46.9,47.75,9918480.0,1357720.0,NIFTY,2026-09-22,23400.0,PE,2
2026-09-21 09:45:00+00:00,48.2,48.55,42.6,44.25,9186320.0,1268553.0,NIFTY,2026-09-22,23400.0,PE,2
2026-09-21 09:50:00+00:00,45.2,46.8,43.6,45.05,8648055.0,1203038.0,NIFTY,2026-09-22,23400.0,PE,2
2026-09-21 09:55:00+00:00,44.95,48.65,44.8,47.35,9985170.0,1077082.0,NIFTY,2026-09-22,23400.0,PE,2
2026-09-21 10:00:00+00:00,47.45,47.8,43.85,44.6,6578325.0,962739.0,NIFTY,2026-09-22,23400.0,PE,2
2026-09-21 10:05:00+00:00,45.0,45.2,42.4,42.45,6908070.0,869802.0,NIFTY,2026-09-22,23400.0,PE,2
2026-09-21 10:10:00+00:00,42.15,42.15,42.15,42.15,22620.0,,NIFTY,2026-09-22,23400.0,PE,2
2026-09-22 03:45:00+00:00,27.0,40.3,21.25,33.0,44245955.0,958374.0,NIFTY,2026-09-22,23400.0,PE,2
2026-09-22 03:50:00+00:00,33.15,36.9,29.05,31.15,23490025.0,1232464.0,NIFTY,2026-09-22,23400.0,PE,2
2026-09-22 03:55:00+00:00,31.4,37.65,27.7,28.5,30152785.0,1410531.0,NIFTY,2026-09-22,23400.0,PE,2
2026-09-22 04:00:00+00:00,28.25,34.1,27.2,32.0,21598525.0,1543378.0,NIFTY,2026-09-22,23400.0,PE,2
2026-09-22 04:05:00+00:00,32.1,34.3,27.25,28.85,18746910.0,1629751.0,NIFTY,2026-09-22,23400.0,PE,2
2026-09-22 04:10:00+00:00,28.55,29.5,24.1,24.55,17559035.0,1724249.0,NIFTY,2026-09-22,23400.0,PE,2
2026-09-22 04:15:00+00:00,24.8,26.5,23.2,25.9,13614185.0,1778330.0,NIFTY,2026-09-22,23400.0,PE,2
2026-09-22 04:20:00+00:00,25.95,26.7,23.35,24.6,10245235.0,1833872.0,NIFTY,2026-09-22,23400.0,PE,2
2026-09-22 04:25:00+00:00,24.55,26.3,23.55,23.85,10102235.0,1870024.0,NIFTY,2026-09-22,23400.0,PE,2
2026-09-22 04:30:00+00:00,23.7,24.85,21.95,23.15,13503490.0,1895264.0,NIFTY,2026-09-22,23400.0,PE,2
2026-09-22 04:35:00+00:00,23.0,24.4,20.3,21.0,11429405.0,1934696.0,NIFTY,2026-09-22,23400.0,PE,2
2026-09-22 04:40:00+00:00,20.9,22.7,20.25,21.5,10063560.0,1957104.0,NIFTY,2026-09-22,23400.0,PE,2
2026-09-22 04:45:00+00:00,21.55,23.35,21.3,22.45,9541220.0,1998662.0,NIFTY,2026-09-22,23400.0,PE,2
2026-09-22 04:50:00+00:00,22.65,28.9,22.5,27.6,24657555.0,2000915.0,NIFTY,2026-09-22,23400.0,PE,2
2026-09-22 04:55:00+00:00,27.65,30.2,26.5,28.8,22244040.0,1990719.0,NIFTY,2026-09-22,23400.0,PE,2
2026-09-22 05:00:00+00:00,28.95,39.85,28.4,37.0,45323200.0,1848746.0,NIFTY,2026-09-22,23400.0,PE,2
2026-09-22 05:05:00+00:00,36.85,44.95,36.85,43.8,41299245.0,1682783.0,NIFTY,2026-09-22,23400.0,PE,2
2026-09-22 05:10:00+00:00,44.15,69.3,40.2,60.7,55544905.0,1397817.0,NIFTY,2026-09-22,23400.0,PE,2
2026-09-22 05:15:00+00:00,61.3,66.45,55.95,62.75,25680980.0,1249431.0,NIFTY,2026-09-22,23400.0,PE,2
2026-09-22 05:20:00+00:00,63.4,69.8,61.55,62.1,23929360.0,1175718.0,NIFTY,2026-09-22,23400.0,PE,2
2026-09-22 05:25:00+00:00,62.0,64.75,54.3,54.5,15441205.0,1141455.0,NIFTY,2026-09-22,23400.0,PE,2
2026-09-22 05:30:00+00:00,54.2,64.6,54.2,62.35,15219685.0,1177149.0,NIFTY,2026-09-22,23400.0,PE,2
2026-09-22 05:35:00+00:00,63.2,64.85,57.55,59.1,10646805.0,1208821.0,NIFTY,2026-09-22,23400.0,PE,2
2026-09-22 05:40:00+00:00,59.4,59.4,48.9,50.0,15101190.0,1227869.0,NIFTY,2026-09-22,23400.0,PE,2
2026-09-22 05:45:00+00:00,50.3,55.45,47.45,53.9,16679195.0,1282990.0,NIFTY,2026-09-22,23400.0,PE,2
2026-09-22 05:50:00+00:00,53.75,56.0,45.55,46.6,13963430.0,1339175.0,NIFTY,2026-09-22,23400.0,PE,2
2026-09-22 05:55:00+00:00,47.2,50.9,44.55,49.55,13443105.0,1386164.0,NIFTY,2026-09-22,23400.0,PE,2
2026-09-22 06:00:00+00:00,50.0,58.6,49.8,58.6,20550920.0,1401694.0,NIFTY,2026-09-22,23400.0,PE,2
2026-09-22 06:05:00+00:00,59.0,64.4,56.05,62.6,17251585.0,1371769.0,NIFTY,2026-09-22,23400.0,PE,2
2026-09-22 06:10:00+00:00,62.15,66.1,59.4,61.25,15128750.0,1055639.0,NIFTY,2026-09-22,23400.0,PE,2
2026-09-22 06:15:00+00:00,61.8,73.3,61.6,69.5,21497840.0,1257162.0,NIFTY,2026-09-22,23400.0,PE,2
2026-09-22 06:20:00+00:00,69.2,75.0,67.0,74.6,17445025.0,1186502.0,NIFTY,2026-09-22,23400.0,PE,2
2026-09-22 06:25:00+00:00,74.2,81.85,68.6,69.8,21639150.0,1090089.0,NIFTY,2026-09-22,23400.0,PE,2
2026-09-22 06:30:00+00:00,70.3,73.85,67.25,68.25,8933340.0,1069093.0,NIFTY,2026-09-22,23400.0,PE,2
2026-09-22 06:35:00+00:00,68.4,70.5,62.6,64.35,10471695.0,1057302.0,NIFTY,2026-09-22,23400.0,PE,2
2026-09-22 06:40:00+00:00,64.3,70.85,63.1,70.15,8440835.0,1052062.0,NIFTY,2026-09-22,23400.0,PE,2
2026-09-22 06:45:00+00:00,70.45,74.35,61.35,62.5,11513450.0,1045168.0,NIFTY,2026-09-22,23400.0,PE,2
2026-09-22 06:50:00+00:00,62.45,67.45,60.65,66.75,8064095.0,1044977.0,NIFTY,2026-09-22,23400.0,PE,2
2026-09-22 06:55:00+00:00,66.8,68.0,61.4,67.05,6800430.0,1065619.0,NIFTY,2026-09-22,23400.0,PE,2
2026-09-22 07:00:00+00:00,67.1,71.8,64.65,65.75,8351720.0,1050441.0,NIFTY,2026-09-22,23400.0,PE,2
2026-09-22 07:05:00+00:00,65.3,68.55,64.0,66.9,5079555.0,1052822.0,NIFTY,2026-09-22,23400.0,PE,2
2026-09-22 07:10:00+00:00,67.1,73.85,64.3,73.8,8302125.0,1065891.0,NIFTY,2026-09-22,23400.0,PE,2
2026-09-22 07:15:00+00:00,73.9,78.65,70.0,77.8,14847105.0,1003876.0,NIFTY,2026-09-22,23400.0,PE,2
2026-09-22 07:20:00+00:00,78.15,84.6,76.75,82.75,15370550.0,948127.0,NIFTY,2026-09-22,23400.0,PE,2
2026-09-22 07:25:00+00:00,83.25,87.95,79.65,83.6,11521250.0,879905.0,NIFTY,2026-09-22,23400.0,PE,2
2026-09-22 07:30:00+00:00,83.1,91.2,82.75,87.5,14309295.0,794433.0,NIFTY,2026-09-22,23400.0,PE,2
2026-09-22 07:35:00+00:00,88.0,88.4,76.4,77.6,8117850.0,731175.0,NIFTY,2026-09-22,23400.0,PE,2
2026-09-22 07:40:00+00:00,77.75,82.75,76.45,79.25,5776875.0,725761.0,NIFTY,2026-09-22,23400.0,PE,2
2026-09-22 07:45:00+00:00,79.5,87.8,75.15,83.2,9060155.0,715820.0,NIFTY,2026-09-22,23400.0,PE,2
2026-09-22 07:50:00+00:00,83.8,89.0,82.7,83.3,6522490.0,699470.0,NIFTY,2026-09-22,23400.0,PE,2
2026-09-22 07:55:00+00:00,83.25,86.9,79.7,81.65,4640285.0,682616.0,NIFTY,2026-09-22,23400.0,PE,2
2026-09-22 08:00:00+00:00,82.15,83.1,76.0,78.35,5139420.0,686292.0,NIFTY,2026-09-22,23400.0,PE,2
2026-09-22 08:05:00+00:00,79.0,81.0,76.25,78.7,3971370.0,696629.0,NIFTY,2026-09-22,23400.0,PE,2
2026-09-22 08:10:00+00:00,78.9,83.9,71.7,83.75,8043945.0,703546.0,NIFTY,2026-09-22,23400.0,PE,2
2026-09-22 08:15:00+00:00,84.0,98.5,82.95,91.55,13556595.0,672712.0,NIFTY,2026-09-22,23400.0,PE,2
2026-09-22 08:20:00+00:00,91.1,117.0,91.1,111.05,15407665.0,593144.0,NIFTY,2026-09-22,23400.0,PE,2
2026-09-22 08:25:00+00:00,111.0,114.85,100.35,113.2,7713160.0,496067.0,NIFTY,2026-09-22,23400.0,PE,2
2026-09-22 08:30:00+00:00,113.75,130.25,113.4,114.6,9953710.0,450121.0,NIFTY,2026-09-22,23400.0,PE,2
2026-09-22 08:35:00+00:00,114.15,121.45,105.4,106.05,5603845.0,446707.0,NIFTY,2026-09-22,23400.0,PE,2
2026-09-22 08:40:00+00:00,105.8,109.45,54.75,57.25,14921660.0,457689.0,NIFTY,2026-09-22,23400.0,PE,2
2026-09-22 08:45:00+00:00,55.05,65.75,39.9,51.45,36904790.0,636497.0,NIFTY,2026-09-22,23400.0,PE,2
2026-09-22 08:50:00+00:00,51.75,54.65,39.7,53.9,24936470.0,759487.0,NIFTY,2026-09-22,23400.0,PE,2
2026-09-22 08:55:00+00:00,54.05,54.2,44.75,50.1,16916120.0,814579.0,NIFTY,2026-09-22,23400.0,PE,2
2026-09-22 09:00:00+00:00,50.4,57.85,43.15,54.15,20760415.0,845564.0,NIFTY,2026-09-22,23400.0,PE,2
2026-09-22 09:05:00+00:00,55.15,55.8,44.4,52.4,19077890.0,880869.0,NIFTY,2026-09-22,23400.0,PE,2
2026-09-22 09:10:00+00:00,51.65,63.7,50.15,57.7,25737660.0,864260.0,NIFTY,2026-09-22,23400.0,PE,2
2026-09-22 09:15:00+00:00,57.2,61.3,49.65,53.6,15049125.0,841718.0,NIFTY,2026-09-22,23400.0,PE,2
2026-09-22 09:20:00+00:00,55.6,56.5,47.05,51.05,15045810.0,848711.0,NIFTY,2026-09-22,23400.0,PE,2
2026-09-22 09:25:00+00:00,51.35,64.75,49.85,60.1,17878185.0,817575.0,NIFTY,2026-09-22,23400.0,PE,2
2026-09-22 09:30:00+00:00,61.05,66.55,54.5,60.65,19270615.0,590608.0,NIFTY,2026-09-22,23400.0,PE,2
2026-09-22 09:35:00+00:00,61.55,64.2,57.65,59.7,10952695.0,701842.0,NIFTY,2026-09-22,23400.0,PE,2
2026-09-22 09:40:00+00:00,59.9,61.65,48.95,57.8,16820570.0,667048.0,NIFTY,2026-09-22,23400.0,PE,2
2026-09-22 09:45:00+00:00,58.15,67.25,44.05,55.35,24363690.0,623541.0,NIFTY,2026-09-22,23400.0,PE,2
2026-09-22 09:50:00+00:00,43.85,93.9,35.8,61.95,35179885.0,495407.0,NIFTY,2026-09-22,23400.0,PE,2
2026-09-22 09:55:00+00:00,63.9,72.0,52.1,70.7,16962855.0,456046.0,NIFTY,2026-09-22,23400.0,PE,2
2026-09-22 10:00:00+00:00,70.95,70.95,70.7,70.9,2545725.0,389051.0,NIFTY,2026-09-22,23400.0,PE,2
2026-09-22 10:05:00+00:00,70.95,70.95,70.75,70.75,960310.0,369898.0,NIFTY,2026-09-22,23400.0,PE,2
2026-09-22 10:10:00+00:00,70.75,70.75,70.75,70.75,2535.0,,NIFTY,2026-09-22,23400.0,PE,2
