timestamp,open,high,low,close,volume,oi,underlying,expiry,strike,option_type,itm_rank
2026-08-24 03:45:00+00:00,130.4,130.4,122.45,123.05,4355.0,3519.0,NIFTY,2026-09-29,23950.0,PE,2
2026-08-24 03:50:00+00:00,123.0,123.0,120.05,121.65,2665.0,1144.0,NIFTY,2026-09-29,23950.0,PE,2
2026-08-24 03:55:00+00:00,121.2,122.25,120.15,122.15,1235.0,3379.0,NIFTY,2026-09-29,23950.0,PE,2
2026-08-24 04:00:00+00:00,123.35,125.9,123.35,125.2,585.0,1148.0,NIFTY,2026-09-29,23950.0,PE,2
2026-08-24 04:10:00+00:00,125.2,125.55,125.2,125.2,715.0,385.0,NIFTY,2026-09-29,23950.0,PE,2
2026-08-24 04:15:00+00:00,126.25,126.3,125.15,125.15,650.0,763.0,NIFTY,2026-09-29,23950.0,PE,2
2026-08-24 04:20:00+00:00,125.0,127.0,125.0,126.0,520.0,387.0,NIFTY,2026-09-29,23950.0,PE,2
2026-08-24 04:25:00+00:00,125.1,126.95,125.1,126.95,910.0,774.0,NIFTY,2026-09-29,23950.0,PE,2
2026-08-24 04:30:00+00:00,127.75,129.35,127.75,129.3,390.0,784.0,NIFTY,2026-09-29,23950.0,PE,2
2026-08-24 04:35:00+00:00,128.75,129.0,128.0,128.0,1625.0,793.0,NIFTY,2026-09-29,23950.0,PE,2
2026-08-24 04:40:00+00:00,127.3,127.3,127.3,127.3,260.0,406.0,NIFTY,2026-09-29,23950.0,PE,2
2026-08-24 04:55:00+00:00,128.0,128.0,128.0,128.0,650.0,409.0,NIFTY,2026-09-29,23950.0,PE,2
2026-08-24 05:00:00+00:00,126.3,126.3,126.3,126.3,260.0,413.0,NIFTY,2026-09-29,23950.0,PE,2
2026-08-24 05:10:00+00:00,126.25,126.25,126.25,126.25,260.0,416.0,NIFTY,2026-09-29,23950.0,PE,2
2026-08-24 05:15:00+00:00,126.0,126.0,125.0,125.0,1105.0,837.0,NIFTY,2026-09-29,23950.0,PE,2
2026-08-24 05:20:00+00:00,128.0,132.2,128.0,132.1,1105.0,860.0,NIFTY,2026-09-29,23950.0,PE,2
2026-08-24 05:25:00+00:00,129.85,134.05,129.6,134.05,390.0,434.0,NIFTY,2026-09-29,23950.0,PE,2
2026-08-24 05:30:00+00:00,144.35,148.55,144.35,147.2,585.0,435.0,NIFTY,2026-09-29,23950.0,PE,2
2026-08-24 05:35:00+00:00,148.0,148.55,147.05,147.05,195.0,438.0,NIFTY,2026-09-29,23950.0,PE,2
2026-08-24 05:40:00+00:00,149.75,152.25,149.75,150.75,2080.0,440.0,NIFTY,2026-09-29,23950.0,PE,2
2026-08-24 05:45:00+00:00,153.05,153.95,149.1,149.15,910.0,870.0,NIFTY,2026-09-29,23950.0,PE,2
2026-08-24 05:50:00+00:00,151.6,155.95,151.6,153.4,1040.0,1299.0,NIFTY,2026-09-29,23950.0,PE,2
2026-08-24 05:55:00+00:00,153.8,154.2,153.8,154.2,130.0,434.0,NIFTY,2026-09-29,23950.0,PE,2
2026-08-24 06:00:00+00:00,155.0,164.25,154.9,162.1,1495.0,1756.0,NIFTY,2026-09-29,23950.0,PE,2
2026-08-24 06:05:00+00:00,165.95,166.55,161.15,161.15,780.0,1327.0,NIFTY,2026-09-29,23950.0,PE,2
2026-08-24 06:10:00+00:00,159.95,160.75,159.85,160.75,650.0,447.0,NIFTY,2026-09-29,23950.0,PE,2
2026-08-24 06:20:00+00:00,156.2,157.3,156.15,156.15,260.0,893.0,NIFTY,2026-09-29,23950.0,PE,2
2026-08-24 06:25:00+00:00,160.0,160.0,160.0,160.0,130.0,448.0,NIFTY,2026-09-29,23950.0,PE,2
2026-08-24 06:30:00+00:00,160.6,160.6,159.6,159.6,715.0,900.0,NIFTY,2026-09-29,23950.0,PE,2
2026-08-24 06:35:00+00:00,158.8,158.8,158.8,158.8,65.0,,NIFTY,2026-09-29,23950.0,PE,2
2026-08-24 06:45:00+00:00,159.2,159.35,159.2,159.35,2210.0,902.0,NIFTY,2026-09-29,23950.0,PE,2
2026-08-24 06:55:00+00:00,160.05,160.05,160.05,160.05,65.0,451.0,NIFTY,2026-09-29,23950.0,PE,2
2026-08-24 07:15:00+00:00,160.4,160.4,160.4,160.4,390.0,,NIFTY,2026-09-29,23950.0,PE,2
2026-08-24 07:20:00+00:00,162.0,164.25,162.0,164.25,130.0,910.0,NIFTY,2026-09-29,23950.0,PE,2
2026-08-24 07:25:00+00:00,161.45,161.45,161.45,161.45,65.0,455.0,NIFTY,2026-09-29,23950.0,PE,2
2026-08-24 07:30:00+00:00,163.45,167.05,162.9,165.3,455.0,,NIFTY,2026-09-29,23950.0,PE,2
2026-08-24 07:35:00+00:00,168.75,170.15,167.8,167.8,1300.0,1828.0,NIFTY,2026-09-29,23950.0,PE,2
2026-08-24 07:40:00+00:00,169.35,169.5,169.35,169.5,130.0,460.0,NIFTY,2026-09-29,23950.0,PE,2
2026-08-24 07:45:00+00:00,164.65,164.65,164.65,164.65,455.0,460.0,NIFTY,2026-09-29,23950.0,PE,2
2026-08-24 07:50:00+00:00,164.95,164.95,164.65,164.65,195.0,918.0,NIFTY,2026-09-29,23950.0,PE,2
2026-08-24 07:55:00+00:00,165.6,165.6,165.6,165.6,130.0,460.0,NIFTY,2026-09-29,23950.0,PE,2
2026-08-24 08:05:00+00:00,166.45,167.15,165.55,166.8,1495.0,1853.0,NIFTY,2026-09-29,23950.0,PE,2
2026-08-24 08:10:00+00:00,165.2,165.2,164.4,164.4,130.0,935.0,NIFTY,2026-09-29,23950.0,PE,2
2026-08-24 08:25:00+00:00,169.2,169.2,169.2,169.2,65.0,,NIFTY,2026-09-29,23950.0,PE,2
2026-08-24 08:30:00+00:00,167.1,167.1,166.9,166.9,260.0,466.0,NIFTY,2026-09-29,23950.0,PE,2
2026-08-24 08:35:00+00:00,165.0,165.0,165.0,165.0,65.0,,NIFTY,2026-09-29,23950.0,PE,2
2026-08-24 08:40:00+00:00,164.3,167.0,164.3,167.0,325.0,466.0,NIFTY,2026-09-29,23950.0,PE,2
2026-08-24 08:45:00+00:00,167.95,167.95,166.2,166.2,455.0,1404.0,NIFTY,2026-09-29,23950.0,PE,2
2026-08-24 08:55:00+00:00,164.95,164.95,160.45,160.45,780.0,941.0,NIFTY,2026-09-29,23950.0,PE,2
2026-08-24 09:00:00+00:00,157.0,157.0,154.65,154.65,715.0,472.0,NIFTY,2026-09-29,23950.0,PE,2
2026-08-24 09:10:00+00:00,156.0,158.45,156.0,158.45,585.0,1414.0,NIFTY,2026-09-29,23950.0,PE,2
2026-08-24 09:15:00+00:00,159.0,159.0,159.0,159.0,65.0,470.0,NIFTY,2026-09-29,23950.0,PE,2
2026-08-24 09:20:00+00:00,159.0,159.0,157.7,158.0,455.0,944.0,NIFTY,2026-09-29,23950.0,PE,2
2026-08-24 09:25:00+00:00,158.0,158.0,158.0,158.0,65.0,474.0,NIFTY,2026-09-29,23950.0,PE,2
2026-08-24 09:30:00+00:00,157.1,157.45,156.55,157.45,260.0,948.0,NIFTY,2026-09-29,23950.0,PE,2
2026-08-24 09:35:00+00:00,158.35,159.3,157.3,157.65,455.0,1427.0,NIFTY,2026-09-29,23950.0,PE,2
2026-08-24 09:40:00+00:00,156.85,156.85,155.95,155.95,130.0,475.0,NIFTY,2026-09-29,23950.0,PE,2
2026-08-24 09:45:00+00:00,157.05,158.55,157.05,158.55,325.0,954.0,NIFTY,2026-09-29,23950.0,PE,2
2026-08-24 09:50:00+00:00,157.75,157.75,155.9,155.9,260.0,477.0,NIFTY,2026-09-29,23950.0,PE,2
2026-08-24 09:55:00+00:00,156.15,156.6,156.1,156.1,260.0,477.0,NIFTY,2026-09-29,23950.0,PE,2
2026-08-24 10:00:00+00:00,156.4,157.75,156.4,157.75,3250.0,1459.0,NIFTY,2026-09-29,23950.0,PE,2
2026-08-24 10:05:00+00:00,157.75,160.9,157.35,160.9,1300.0,1968.0,NIFTY,2026-09-29,23950.0,PE,2
2026-08-25 03:45:00+00:00,166.95,171.35,155.2,155.2,6175.0,1990.0,NIFTY,2026-09-29,23950.0,PE,2
2026-08-25 03:50:00+00:00,154.85,154.85,148.85,149.5,4680.0,1504.0,NIFTY,2026-09-29,23950.0,PE,2
2026-08-25 03:55:00+00:00,152.95,152.95,149.25,150.75,910.0,501.0,NIFTY,2026-09-29,23950.0,PE,2
2026-08-25 04:00:00+00:00,148.55,148.55,146.95,146.95,325.0,501.0,NIFTY,2026-09-29,23950.0,PE,2
2026-08-25 04:10:00+00:00,150.65,155.4,150.65,155.4,520.0,501.0,NIFTY,2026-09-29,23950.0,PE,2
2026-08-25 04:15:00+00:00,157.2,159.0,153.2,157.85,1365.0,2020.0,NIFTY,2026-09-29,23950.0,PE,2
2026-08-25 04:20:00+00:00,157.9,163.75,157.9,163.45,1300.0,1027.0,NIFTY,2026-09-29,23950.0,PE,2
2026-08-25 04:25:00+00:00,162.75,162.75,158.5,160.5,910.0,514.0,NIFTY,2026-09-29,23950.0,PE,2
2026-08-25 04:30:00+00:00,164.0,165.2,161.8,162.35,2730.0,1536.0,NIFTY,2026-09-29,23950.0,PE,2
2026-08-25 04:35:00+00:00,161.0,162.8,161.0,162.8,845.0,1021.0,NIFTY,2026-09-29,23950.0,PE,2
2026-08-25 04:40:00+00:00,162.65,162.65,162.65,162.65,65.0,2038.0,NIFTY,2026-09-29,23950.0,PE,2
2026-08-25 04:45:00+00:00,165.0,165.0,165.0,165.0,715.0,2056.0,NIFTY,2026-09-29,23950.0,PE,2
2026-08-25 04:50:00+00:00,164.2,167.1,164.2,167.1,130.0,2054.0,NIFTY,2026-09-29,23950.0,PE,2
2026-08-25 04:55:00+00:00,168.5,170.05,168.5,169.0,520.0,6185.0,NIFTY,2026-09-29,23950.0,PE,2
2026-08-25 05:00:00+00:00,165.5,166.0,165.5,166.0,195.0,2067.0,NIFTY,2026-09-29,23950.0,PE,2
2026-08-25 05:05:00+00:00,166.45,166.45,166.45,166.45,130.0,2061.0,NIFTY,2026-09-29,23950.0,PE,2
2026-08-25 05:10:00+00:00,166.4,166.4,166.4,166.4,65.0,,NIFTY,2026-09-29,23950.0,PE,2
2026-08-25 05:15:00+00:00,160.0,160.0,160.0,160.0,65.0,,NIFTY,2026-09-29,23950.0,PE,2
2026-08-25 05:20:00+00:00,154.15,154.15,154.15,154.15,65.0,,NIFTY,2026-09-29,23950.0,PE,2
2026-08-25 05:25:00+00:00,157.75,160.3,157.75,160.3,195.0,514.0,NIFTY,2026-09-29,23950.0,PE,2
2026-08-25 05:30:00+00:00,160.0,160.3,160.0,160.3,455.0,515.0,NIFTY,2026-09-29,23950.0,PE,2
2026-08-25 05:35:00+00:00,160.65,160.65,158.1,158.6,455.0,1034.0,NIFTY,2026-09-29,23950.0,PE,2
2026-08-25 05:45:00+00:00,155.45,156.0,155.0,155.0,520.0,518.0,NIFTY,2026-09-29,23950.0,PE,2
2026-08-25 05:50:00+00:00,155.4,155.4,155.05,155.1,260.0,520.0,NIFTY,2026-09-29,23950.0,PE,2
2026-08-25 06:10:00+00:00,151.0,151.0,151.0,151.0,650.0,518.0,NIFTY,2026-09-29,23950.0,PE,2
2026-08-25 06:15:00+00:00,154.0,154.0,153.05,153.05,195.0,519.0,NIFTY,2026-09-29,23950.0,PE,2
2026-08-25 06:20:00+00:00,151.0,151.0,151.0,151.0,65.0,518.0,NIFTY,2026-09-29,23950.0,PE,2
2026-08-25 06:25:00+00:00,141.5,143.05,139.1,139.1,1365.0,2073.0,NIFTY,2026-09-29,23950.0,PE,2
2026-08-25 06:30:00+00:00,141.75,141.75,141.75,141.75,65.0,521.0,NIFTY,2026-09-29,23950.0,PE,2
2026-08-25 06:35:00+00:00,142.8,145.85,142.6,144.2,4355.0,1576.0,NIFTY,2026-09-29,23950.0,PE,2
2026-08-25 06:40:00+00:00,145.5,145.5,144.25,144.6,2145.0,3261.0,NIFTY,2026-09-29,23950.0,PE,2
2026-08-25 06:45:00+00:00,146.1,146.1,144.15,144.55,6370.0,2265.0,NIFTY,2026-09-29,23950.0,PE,2
2026-08-25 06:50:00+00:00,145.3,145.3,145.05,145.05,130.0,1133.0,NIFTY,2026-09-29,23950.0,PE,2
2026-08-25 06:55:00+00:00,145.8,145.8,145.8,145.8,65.0,1131.0,NIFTY,2026-09-29,23950.0,PE,2
2026-08-25 07:00:00+00:00,145.6,145.6,145.4,145.4,195.0,1129.0,NIFTY,2026-09-29,23950.0,PE,2
2026-08-25 07:10:00+00:00,148.4,150.1,148.25,150.1,715.0,3369.0,NIFTY,2026-09-29,23950.0,PE,2
2026-08-25 07:15:00+00:00,150.45,151.0,150.45,151.0,130.0,1118.0,NIFTY,2026-09-29,23950.0,PE,2
2026-08-25 07:20:00+00:00,151.4,151.4,149.55,150.15,325.0,1115.0,NIFTY,2026-09-29,23950.0,PE,2
2026-08-25 07:25:00+00:00,151.6,151.6,151.6,151.6,65.0,557.0,NIFTY,2026-09-29,23950.0,PE,2
2026-08-25 07:30:00+00:00,154.65,157.1,154.65,156.05,195.0,558.0,NIFTY,2026-09-29,23950.0,PE,2
2026-08-25 07:35:00+00:00,155.8,157.05,155.8,157.05,195.0,557.0,NIFTY,2026-09-29,23950.0,PE,2
2026-08-25 07:40:00+00:00,157.0,160.0,156.35,160.0,260.0,,NIFTY,2026-09-29,23950.0,PE,2
2026-08-25 07:45:00+00:00,162.0,162.0,160.15,160.15,260.0,1113.0,NIFTY,2026-09-29,23950.0,PE,2
2026-08-25 07:50:00+00:00,160.5,160.5,160.5,160.5,65.0,,NIFTY,2026-09-29,23950.0,PE,2
2026-08-25 07:55:00+00:00,162.0,162.0,160.25,160.25,195.0,1112.0,NIFTY,2026-09-29,23950.0,PE,2
2026-08-25 08:00:00+00:00,160.3,160.3,160.3,160.3,65.0,557.0,NIFTY,2026-09-29,23950.0,PE,2
2026-08-25 08:05:00+00:00,158.0,158.0,158.0,158.0,65.0,556.0,NIFTY,2026-09-29,23950.0,PE,2
2026-08-25 08:20:00+00:00,154.0,154.0,145.5,145.5,1300.0,553.0,NIFTY,2026-09-29,23950.0,PE,2
2026-08-25 08:25:00+00:00,143.8,150.0,143.8,149.9,845.0,548.0,NIFTY,2026-09-29,23950.0,PE,2
2026-08-25 08:30:00+00:00,150.6,150.6,150.6,150.6,65.0,550.0,NIFTY,2026-09-29,23950.0,PE,2
2026-08-25 08:40:00+00:00,148.25,148.25,147.7,147.7,325.0,1655.0,NIFTY,2026-09-29,23950.0,PE,2
2026-08-25 08:45:00+00:00,145.95,145.95,145.95,145.95,130.0,553.0,NIFTY,2026-09-29,23950.0,PE,2
2026-08-25 08:50:00+00:00,146.15,146.15,141.55,141.55,260.0,553.0,NIFTY,2026-09-29,23950.0,PE,2
2026-08-25 08:55:00+00:00,142.45,142.45,137.0,137.0,195.0,554.0,NIFTY,2026-09-29,23950.0,PE,2
2026-08-25 09:00:00+00:00,135.0,135.0,127.0,129.0,2340.0,2224.0,NIFTY,2026-09-29,23950.0,PE,2
2026-08-25 09:05:00+00:00,128.95,128.95,127.85,127.85,325.0,560.0,NIFTY,2026-09-29,23950.0,PE,2
2026-08-25 09:10:00+00:00,126.8,126.8,124.0,124.3,780.0,1123.0,NIFTY,2026-09-29,23950.0,PE,2
2026-08-25 09:15:00+00:00,123.25,123.25,119.85,119.85,2275.0,2244.0,NIFTY,2026-09-29,23950.0,PE,2
2026-08-25 09:20:00+00:00,119.0,119.7,115.3,115.7,3510.0,2805.0,NIFTY,2026-09-29,23950.0,PE,2
2026-08-25 09:25:00+00:00,115.0,115.85,113.05,114.6,9035.0,1729.0,NIFTY,2026-09-29,23950.0,PE,2
2026-08-25 09:30:00+00:00,114.45,117.15,114.45,116.25,4810.0,3021.0,NIFTY,2026-09-29,23950.0,PE,2
2026-08-25 09:35:00+00:00,117.25,117.4,115.0,115.35,2730.0,1806.0,NIFTY,2026-09-29,23950.0,PE,2
2026-08-25 09:40:00+00:00,115.0,115.95,113.4,114.3,2470.0,2997.0,NIFTY,2026-09-29,23950.0,PE,2
2026-08-25 09:45:00+00:00,113.95,113.95,111.25,111.25,780.0,1825.0,NIFTY,2026-09-29,23950.0,PE,2
2026-08-25 09:50:00+00:00,111.9,111.95,108.85,110.6,13910.0,2395.0,NIFTY,2026-09-29,23950.0,PE,2
2026-08-25 09:55:00+00:00,110.1,110.7,106.5,106.5,9230.0,2473.0,NIFTY,2026-09-29,23950.0,PE,2
2026-08-25 10:00:00+00:00,105.0,105.35,102.05,103.05,2795.0,639.0,NIFTY,2026-09-29,23950.0,PE,2
2026-08-25 10:05:00+00:00,101.95,104.05,101.6,103.2,3510.0,3292.0,NIFTY,2026-09-29,23950.0,PE,2
2026-08-26 03:45:00+00:00,95.5,97.25,94.95,96.2,5395.0,1999.0,NIFTY,2026-09-29,23950.0,PE,2
2026-08-26 03:50:00+00:00,95.75,95.75,87.9,87.9,3965.0,4073.0,NIFTY,2026-09-29,23950.0,PE,2
2026-08-26 03:55:00+00:00,88.9,88.9,86.35,88.5,3250.0,3469.0,NIFTY,2026-09-29,23950.0,PE,2
2026-08-26 04:00:00+00:00,87.65,89.7,87.65,89.7,2990.0,2848.0,NIFTY,2026-09-29,23950.0,PE,2
2026-08-26 04:05:00+00:00,89.8,89.85,87.8,87.95,2925.0,4246.0,NIFTY,2026-09-29,23950.0,PE,2
2026-08-26 04:10:00+00:00,87.5,87.5,84.35,84.45,2600.0,2146.0,NIFTY,2026-09-29,23950.0,PE,2
2026-08-26 04:15:00+00:00,83.6,84.55,83.0,83.35,2145.0,2176.0,NIFTY,2026-09-29,23950.0,PE,2
2026-08-26 04:20:00+00:00,84.9,86.35,84.9,86.15,4420.0,2919.0,NIFTY,2026-09-29,23950.0,PE,2
2026-08-26 04:25:00+00:00,86.05,86.2,85.3,85.45,9165.0,3801.0,NIFTY,2026-09-29,23950.0,PE,2
2026-08-26 04:30:00+00:00,86.25,87.2,86.25,87.2,455.0,2352.0,NIFTY,2026-09-29,23950.0,PE,2
2026-08-26 04:35:00+00:00,87.3,90.5,87.3,90.5,2145.0,3967.0,NIFTY,2026-09-29,23950.0,PE,2
2026-08-26 04:40:00+00:00,92.25,92.25,89.0,89.9,520.0,1595.0,NIFTY,2026-09-29,23950.0,PE,2
2026-08-26 04:45:00+00:00,89.8,95.45,89.8,95.45,845.0,3205.0,NIFTY,2026-09-29,23950.0,PE,2
2026-08-26 04:50:00+00:00,95.25,102.4,95.15,99.3,2470.0,3218.0,NIFTY,2026-09-29,23950.0,PE,2
2026-08-26 04:55:00+00:00,100.1,102.0,99.0,99.3,975.0,1609.0,NIFTY,2026-09-29,23950.0,PE,2
2026-08-26 05:00:00+00:00,99.7,99.7,94.7,95.5,1755.0,3218.0,NIFTY,2026-09-29,23950.0,PE,2
2026-08-26 05:05:00+00:00,95.3,95.3,93.0,93.0,390.0,3232.0,NIFTY,2026-09-29,23950.0,PE,2
2026-08-26 05:10:00+00:00,92.0,93.8,91.45,92.25,975.0,1625.0,NIFTY,2026-09-29,23950.0,PE,2
2026-08-26 05:15:00+00:00,92.3,94.75,92.3,94.75,325.0,1630.0,NIFTY,2026-09-29,23950.0,PE,2
2026-08-26 05:20:00+00:00,95.35,95.35,95.35,95.35,195.0,815.0,NIFTY,2026-09-29,23950.0,PE,2
2026-08-26 05:25:00+00:00,95.55,95.55,94.65,94.65,520.0,817.0,NIFTY,2026-09-29,23950.0,PE,2
2026-08-26 05:30:00+00:00,96.55,96.55,95.0,96.55,1625.0,1638.0,NIFTY,2026-09-29,23950.0,PE,2
2026-08-26 05:40:00+00:00,95.05,95.05,94.05,94.05,455.0,2464.0,NIFTY,2026-09-29,23950.0,PE,2
2026-08-26 05:45:00+00:00,94.05,99.4,94.05,99.0,1755.0,2473.0,NIFTY,2026-09-29,23950.0,PE,2
2026-08-26 05:50:00+00:00,97.25,101.0,97.25,99.3,455.0,823.0,NIFTY,2026-09-29,23950.0,PE,2
2026-08-26 05:55:00+00:00,99.05,99.05,99.0,99.0,195.0,,NIFTY,2026-09-29,23950.0,PE,2
2026-08-26 06:00:00+00:00,99.85,103.75,99.85,100.2,780.0,1649.0,NIFTY,2026-09-29,23950.0,PE,2
2026-08-26 06:10:00+00:00,97.1,97.1,96.15,96.15,455.0,3312.0,NIFTY,2026-09-29,23950.0,PE,2
2026-08-26 06:15:00+00:00,95.5,97.0,95.5,97.0,130.0,1662.0,NIFTY,2026-09-29,23950.0,PE,2
2026-08-26 06:20:00+00:00,96.9,103.3,96.9,102.7,650.0,3330.0,NIFTY,2026-09-29,23950.0,PE,2
2026-08-26 06:25:00+00:00,101.9,102.85,101.9,102.85,195.0,,NIFTY,2026-09-29,23950.0,PE,2
2026-08-26 06:30:00+00:00,105.1,108.3,105.1,108.3,455.0,2503.0,NIFTY,2026-09-29,23950.0,PE,2
2026-08-26 06:35:00+00:00,104.9,104.9,104.9,104.9,65.0,835.0,NIFTY,2026-09-29,23950.0,PE,2
2026-08-26 06:40:00+00:00,110.35,110.35,107.55,107.55,520.0,2506.0,NIFTY,2026-09-29,23950.0,PE,2
2026-08-26 06:45:00+00:00,107.2,107.2,105.8,105.95,650.0,834.0,NIFTY,2026-09-29,23950.0,PE,2
2026-08-26 06:50:00+00:00,107.05,107.05,107.05,107.05,65.0,,NIFTY,2026-09-29,23950.0,PE,2
2026-08-26 06:55:00+00:00,107.65,107.65,106.4,106.6,780.0,1673.0,NIFTY,2026-09-29,23950.0,PE,2
2026-08-26 07:00:00+00:00,109.15,109.2,107.7,107.7,715.0,2514.0,NIFTY,2026-09-29,23950.0,PE,2
2026-08-26 07:05:00+00:00,106.65,106.7,105.7,106.7,845.0,2535.0,NIFTY,2026-09-29,23950.0,PE,2
2026-08-26 07:10:00+00:00,108.95,108.95,105.9,105.95,390.0,2544.0,NIFTY,2026-09-29,23950.0,PE,2
2026-08-26 07:15:00+00:00,106.35,108.15,106.35,108.15,780.0,2554.0,NIFTY,2026-09-29,23950.0,PE,2
2026-08-26 07:20:00+00:00,108.55,109.2,107.85,107.85,455.0,1702.0,NIFTY,2026-09-29,23950.0,PE,2
2026-08-26 07:25:00+00:00,105.15,106.9,105.1,106.3,32240.0,2004.0,NIFTY,2026-09-29,23950.0,PE,2
2026-08-26 07:30:00+00:00,108.2,110.3,107.5,107.95,9555.0,6618.0,NIFTY,2026-09-29,23950.0,PE,2
2026-08-26 07:35:00+00:00,107.2,109.65,106.0,109.25,1690.0,1135.0,NIFTY,2026-09-29,23950.0,PE,2
2026-08-26 07:40:00+00:00,108.95,109.3,108.05,108.1,520.0,1136.0,NIFTY,2026-09-29,23950.0,PE,2
2026-08-26 07:45:00+00:00,110.25,112.45,110.25,111.1,780.0,,NIFTY,2026-09-29,23950.0,PE,2
2026-08-26 07:50:00+00:00,111.1,111.95,111.1,111.95,325.0,1136.0,NIFTY,2026-09-29,23950.0,PE,2
2026-08-26 07:55:00+00:00,111.4,111.65,111.4,111.65,455.0,1136.0,NIFTY,2026-09-29,23950.0,PE,2
2026-08-26 08:05:00+00:00,110.7,111.75,110.7,111.35,585.0,1135.0,NIFTY,2026-09-29,23950.0,PE,2
2026-08-26 08:10:00+00:00,109.3,109.85,108.3,108.3,1365.0,1134.0,NIFTY,2026-09-29,23950.0,PE,2
2026-08-26 08:15:00+00:00,112.65,112.65,112.65,112.65,130.0,,NIFTY,2026-09-29,23950.0,PE,2
2026-08-26 08:20:00+00:00,112.0,112.05,110.5,110.7,455.0,2270.0,NIFTY,2026-09-29,23950.0,PE,2
2026-08-26 08:25:00+00:00,111.1,112.2,111.1,111.8,520.0,4548.0,NIFTY,2026-09-29,23950.0,PE,2
2026-08-26 08:30:00+00:00,112.4,112.95,110.2,110.2,520.0,1138.0,NIFTY,2026-09-29,23950.0,PE,2
2026-08-26 08:35:00+00:00,111.85,111.85,108.0,108.0,130.0,1139.0,NIFTY,2026-09-29,23950.0,PE,2
2026-08-26 08:40:00+00:00,108.2,108.2,104.3,104.3,1300.0,3430.0,NIFTY,2026-09-29,23950.0,PE,2
2026-08-26 08:45:00+00:00,104.5,104.55,103.45,103.45,390.0,2299.0,NIFTY,2026-09-29,23950.0,PE,2
2026-08-26 08:50:00+00:00,103.45,106.0,103.45,106.0,195.0,2302.0,NIFTY,2026-09-29,23950.0,PE,2
2026-08-26 08:55:00+00:00,105.9,106.3,104.9,104.9,260.0,3455.0,NIFTY,2026-09-29,23950.0,PE,2
2026-08-26 09:00:00+00:00,104.85,104.85,103.0,103.0,975.0,2318.0,NIFTY,2026-09-29,23950.0,PE,2
2026-08-26 09:05:00+00:00,104.3,104.3,102.05,102.7,520.0,2322.0,NIFTY,2026-09-29,23950.0,PE,2
2026-08-26 09:10:00+00:00,103.3,103.3,102.9,102.9,195.0,1161.0,NIFTY,2026-09-29,23950.0,PE,2
2026-08-26 09:15:00+00:00,102.0,102.0,97.75,98.65,1560.0,4654.0,NIFTY,2026-09-29,23950.0,PE,2
2026-08-26 09:20:00+00:00,97.85,99.15,96.75,96.95,4420.0,4717.0,NIFTY,2026-09-29,23950.0,PE,2
2026-08-26 09:25:00+00:00,98.0,99.85,98.0,99.85,2015.0,3597.0,NIFTY,2026-09-29,23950.0,PE,2
2026-08-26 09:30:00+00:00,101.15,101.15,96.85,96.85,2340.0,6109.0,NIFTY,2026-09-29,23950.0,PE,2
2026-08-26 09:35:00+00:00,96.9,98.6,96.9,98.5,1170.0,3679.0,NIFTY,2026-09-29,23950.0,PE,2
2026-08-26 09:40:00+00:00,98.35,98.35,97.25,98.2,650.0,3691.0,NIFTY,2026-09-29,23950.0,PE,2
2026-08-26 09:45:00+00:00,98.1,98.95,97.7,98.7,1105.0,1235.0,NIFTY,2026-09-29,23950.0,PE,2
2026-08-26 09:50:00+00:00,97.8,103.85,97.8,103.75,1885.0,6186.0,NIFTY,2026-09-29,23950.0,PE,2
2026-08-26 09:55:00+00:00,102.55,104.5,101.7,104.2,1885.0,4961.0,NIFTY,2026-09-29,23950.0,PE,2
2026-08-26 10:00:00+00:00,104.75,111.75,104.75,110.15,5330.0,6204.0,NIFTY,2026-09-29,23950.0,PE,2
2026-08-26 10:05:00+00:00,110.75,110.75,108.3,108.3,910.0,2470.0,NIFTY,2026-09-29,23950.0,PE,2
2026-08-27 03:45:00+00:00,106.8,117.6,104.7,110.25,6500.0,3716.0,NIFTY,2026-09-29,23950.0,PE,2
2026-08-27 03:50:00+00:00,114.15,116.95,112.9,115.6,1365.0,6190.0,NIFTY,2026-09-29,23950.0,PE,2
2026-08-27 03:55:00+00:00,115.9,122.75,114.65,122.3,1495.0,4974.0,NIFTY,2026-09-29,23950.0,PE,2
2026-08-27 04:00:00+00:00,123.4,126.85,120.55,120.55,1755.0,6230.0,NIFTY,2026-09-29,23950.0,PE,2
2026-08-27 04:05:00+00:00,121.65,125.45,121.2,125.45,1300.0,3738.0,NIFTY,2026-09-29,23950.0,PE,2
2026-08-27 04:10:00+00:00,124.85,125.45,123.65,124.75,1885.0,3745.0,NIFTY,2026-09-29,23950.0,PE,2
2026-08-27 04:15:00+00:00,121.95,121.95,119.35,119.35,650.0,3762.0,NIFTY,2026-09-29,23950.0,PE,2
2026-08-27 04:20:00+00:00,120.15,123.35,120.15,120.65,1885.0,3756.0,NIFTY,2026-09-29,23950.0,PE,2
2026-08-27 04:25:00+00:00,123.9,123.9,123.9,123.9,585.0,1251.0,NIFTY,2026-09-29,23950.0,PE,2
2026-08-27 04:30:00+00:00,129.0,129.2,129.0,129.2,130.0,1256.0,NIFTY,2026-09-29,23950.0,PE,2
2026-08-27 04:35:00+00:00,132.6,132.6,130.45,130.45,1235.0,1253.0,NIFTY,2026-09-29,23950.0,PE,2
2026-08-27 04:40:00+00:00,129.45,131.7,129.45,131.7,845.0,2503.0,NIFTY,2026-09-29,23950.0,PE,2
2026-08-27 04:50:00+00:00,130.6,132.55,130.6,132.55,325.0,1248.0,NIFTY,2026-09-29,23950.0,PE,2
2026-08-27 04:55:00+00:00,132.9,133.85,132.25,133.05,260.0,2495.0,NIFTY,2026-09-29,23950.0,PE,2
2026-08-27 05:00:00+00:00,134.0,134.0,134.0,134.0,65.0,1246.0,NIFTY,2026-09-29,23950.0,PE,2
2026-08-27 05:05:00+00:00,132.65,132.65,132.65,132.65,65.0,1247.0,NIFTY,2026-09-29,23950.0,PE,2
2026-08-27 05:10:00+00:00,134.0,134.0,134.0,134.0,65.0,1248.0,NIFTY,2026-09-29,23950.0,PE,2
2026-08-27 05:15:00+00:00,137.7,137.7,134.7,136.25,520.0,2494.0,NIFTY,2026-09-29,23950.0,PE,2
2026-08-27 05:20:00+00:00,139.0,140.75,139.0,140.75,845.0,3740.0,NIFTY,2026-09-29,23950.0,PE,2
2026-08-27 05:25:00+00:00,140.9,142.55,140.75,141.55,1235.0,2494.0,NIFTY,2026-09-29,23950.0,PE,2
2026-08-27 05:30:00+00:00,141.5,142.3,139.05,139.25,1105.0,2491.0,NIFTY,2026-09-29,23950.0,PE,2
2026-08-27 05:35:00+00:00,139.0,139.0,138.1,138.1,650.0,2484.0,NIFTY,2026-09-29,23950.0,PE,2
2026-08-27 05:45:00+00:00,142.35,145.0,142.25,144.8,455.0,2477.0,NIFTY,2026-09-29,23950.0,PE,2
2026-08-27 05:50:00+00:00,147.1,151.5,147.0,151.05,1690.0,3721.0,NIFTY,2026-09-29,23950.0,PE,2
2026-08-27 05:55:00+00:00,151.65,152.5,149.0,150.4,2340.0,4932.0,NIFTY,2026-09-29,23950.0,PE,2
2026-08-27 06:00:00+00:00,150.9,150.9,143.6,143.6,5265.0,2468.0,NIFTY,2026-09-29,23950.0,PE,2
2026-08-27 06:05:00+00:00,143.55,144.95,142.65,143.4,3510.0,,NIFTY,2026-09-29,23950.0,PE,2
2026-08-27 06:10:00+00:00,144.2,145.45,144.2,145.4,390.0,,NIFTY,2026-09-29,23950.0,PE,2
2026-08-27 06:15:00+00:00,144.0,145.45,144.0,145.45,260.0,2471.0,NIFTY,2026-09-29,23950.0,PE,2
2026-08-27 06:20:00+00:00,146.7,146.7,146.7,146.7,65.0,1237.0,NIFTY,2026-09-29,23950.0,PE,2
2026-08-27 06:25:00+00:00,143.15,143.15,141.15,141.15,455.0,3714.0,NIFTY,2026-09-29,23950.0,PE,2
2026-08-27 06:30:00+00:00,141.8,144.35,141.75,143.45,1625.0,1242.0,NIFTY,2026-09-29,23950.0,PE,2
2026-08-27 06:35:00+00:00,142.55,146.0,142.55,144.8,1365.0,5006.0,NIFTY,2026-09-29,23950.0,PE,2
2026-08-27 06:40:00+00:00,146.35,146.35,141.7,141.9,780.0,,NIFTY,2026-09-29,23950.0,PE,2
2026-08-27 06:45:00+00:00,139.65,139.65,139.65,139.65,130.0,,NIFTY,2026-09-29,23950.0,PE,2
2026-08-27 06:55:00+00:00,142.45,142.45,138.6,138.6,650.0,1257.0,NIFTY,2026-09-29,23950.0,PE,2
2026-08-27 07:00:00+00:00,139.95,139.95,139.7,139.95,325.0,2508.0,NIFTY,2026-09-29,23950.0,PE,2
2026-08-27 07:05:00+00:00,130.0,130.4,130.0,130.0,520.0,1255.0,NIFTY,2026-09-29,23950.0,PE,2
2026-08-27 07:10:00+00:00,128.9,130.0,128.0,130.0,715.0,3765.0,NIFTY,2026-09-29,23950.0,PE,2
2026-08-27 07:15:00+00:00,128.15,130.95,128.15,130.75,520.0,2514.0,NIFTY,2026-09-29,23950.0,PE,2
2026-08-27 07:20:00+00:00,128.25,128.25,128.25,128.25,130.0,,NIFTY,2026-09-29,23950.0,PE,2
2026-08-27 07:25:00+00:00,123.6,123.6,123.6,123.6,325.0,,NIFTY,2026-09-29,23950.0,PE,2
2026-08-27 07:30:00+00:00,125.2,125.2,125.2,125.2,130.0,1253.0,NIFTY,2026-09-29,23950.0,PE,2
2026-08-27 07:35:00+00:00,126.2,127.1,126.2,127.1,195.0,2509.0,NIFTY,2026-09-29,23950.0,PE,2
2026-08-27 07:40:00+00:00,125.65,125.65,123.55,124.1,1690.0,2527.0,NIFTY,2026-09-29,23950.0,PE,2
2026-08-27 07:45:00+00:00,123.2,126.0,123.2,124.35,1885.0,2520.0,NIFTY,2026-09-29,23950.0,PE,2
2026-08-27 07:50:00+00:00,126.3,126.9,124.45,124.45,455.0,1259.0,NIFTY,2026-09-29,23950.0,PE,2
2026-08-27 07:55:00+00:00,123.95,127.6,123.95,125.8,2210.0,6299.0,NIFTY,2026-09-29,23950.0,PE,2
2026-08-27 08:00:00+00:00,127.45,128.8,127.45,128.8,325.0,1257.0,NIFTY,2026-09-29,23950.0,PE,2
2026-08-27 08:05:00+00:00,127.0,127.0,125.0,125.0,780.0,1256.0,NIFTY,2026-09-29,23950.0,PE,2
2026-08-27 08:15:00+00:00,129.05,138.1,129.05,135.9,2665.0,5065.0,NIFTY,2026-09-29,23950.0,PE,2
2026-08-27 08:20:00+00:00,137.85,138.8,137.85,138.8,1365.0,1270.0,NIFTY,2026-09-29,23950.0,PE,2
2026-08-27 08:25:00+00:00,141.0,143.8,141.0,143.6,1560.0,2529.0,NIFTY,2026-09-29,23950.0,PE,2
2026-08-27 08:30:00+00:00,142.7,145.35,142.55,145.35,1495.0,5051.0,NIFTY,2026-09-29,23950.0,PE,2
2026-08-27 08:35:00+00:00,145.0,145.35,141.25,145.35,2275.0,3794.0,NIFTY,2026-09-29,23950.0,PE,2
2026-08-27 08:40:00+00:00,144.55,144.75,141.0,141.0,520.0,3786.0,NIFTY,2026-09-29,23950.0,PE,2
2026-08-27 08:45:00+00:00,141.5,141.5,141.5,141.5,325.0,1264.0,NIFTY,2026-09-29,23950.0,PE,2
2026-08-27 08:50:00+00:00,138.0,138.0,136.25,136.25,1365.0,2527.0,NIFTY,2026-09-29,23950.0,PE,2
2026-08-27 08:55:00+00:00,131.5,131.5,131.5,131.5,65.0,,NIFTY,2026-09-29,23950.0,PE,2
2026-08-27 09:00:00+00:00,130.5,136.0,130.5,136.0,195.0,1264.0,NIFTY,2026-09-29,23950.0,PE,2
2026-08-27 09:05:00+00:00,135.0,135.0,135.0,135.0,65.0,,NIFTY,2026-09-29,23950.0,PE,2
2026-08-27 09:10:00+00:00,134.95,135.05,134.8,135.05,520.0,1265.0,NIFTY,2026-09-29,23950.0,PE,2
2026-08-27 09:15:00+00:00,137.1,137.1,134.6,134.6,390.0,1268.0,NIFTY,2026-09-29,23950.0,PE,2
2026-08-27 09:20:00+00:00,135.1,136.75,134.9,135.85,975.0,5075.0,NIFTY,2026-09-29,23950.0,PE,2
2026-08-27 09:25:00+00:00,135.9,136.1,135.0,135.0,1040.0,3797.0,NIFTY,2026-09-29,23950.0,PE,2
2026-08-27 09:30:00+00:00,134.0,136.25,134.0,136.25,455.0,2527.0,NIFTY,2026-09-29,23950.0,PE,2
2026-08-27 09:35:00+00:00,137.3,140.65,137.3,138.3,1170.0,1257.0,NIFTY,2026-09-29,23950.0,PE,2
2026-08-27 09:40:00+00:00,140.7,142.8,140.65,142.8,1105.0,1257.0,NIFTY,2026-09-29,23950.0,PE,2
2026-08-27 09:45:00+00:00,143.8,143.8,138.95,138.95,390.0,1259.0,NIFTY,2026-09-29,23950.0,PE,2
2026-08-27 09:50:00+00:00,143.4,151.65,143.4,151.65,2925.0,2516.0,NIFTY,2026-09-29,23950.0,PE,2
2026-08-27 09:55:00+00:00,149.45,157.05,148.55,152.45,2535.0,5072.0,NIFTY,2026-09-29,23950.0,PE,2
2026-08-27 10:00:00+00:00,152.5,155.65,150.15,154.5,10855.0,5015.0,NIFTY,2026-09-29,23950.0,PE,2
2026-08-27 10:05:00+00:00,154.45,157.65,154.25,155.6,4485.0,3635.0,NIFTY,2026-09-29,23950.0,PE,2
2026-08-28 03:45:00+00:00,148.75,156.4,144.75,149.15,6240.0,4868.0,NIFTY,2026-09-29,23950.0,PE,2
2026-08-28 03:50:00+00:00,149.2,150.7,146.3,150.65,3900.0,4862.0,NIFTY,2026-09-29,23950.0,PE,2
2026-08-28 03:55:00+00:00,143.1,144.0,135.0,138.0,5200.0,6040.0,NIFTY,2026-09-29,23950.0,PE,2
2026-08-28 04:00:00+00:00,136.5,141.5,134.1,134.1,1885.0,4825.0,NIFTY,2026-09-29,23950.0,PE,2
2026-08-28 04:05:00+00:00,137.3,140.5,137.05,140.5,1885.0,4824.0,NIFTY,2026-09-29,23950.0,PE,2
2026-08-28 04:10:00+00:00,139.0,139.0,131.05,132.3,1625.0,3617.0,NIFTY,2026-09-29,23950.0,PE,2
2026-08-28 04:15:00+00:00,132.15,134.95,132.15,134.95,715.0,3614.0,NIFTY,2026-09-29,23950.0,PE,2
2026-08-28 04:20:00+00:00,135.0,135.4,135.0,135.4,195.0,1203.0,NIFTY,2026-09-29,23950.0,PE,2
2026-08-28 04:25:00+00:00,130.85,133.7,130.85,132.05,780.0,1206.0,NIFTY,2026-09-29,23950.0,PE,2
2026-08-28 04:30:00+00:00,134.65,134.65,134.65,134.65,130.0,1207.0,NIFTY,2026-09-29,23950.0,PE,2
2026-08-28 04:35:00+00:00,135.25,135.7,132.0,132.2,1040.0,1207.0,NIFTY,2026-09-29,23950.0,PE,2
2026-08-28 04:40:00+00:00,130.8,131.85,127.7,127.7,1105.0,3615.0,NIFTY,2026-09-29,23950.0,PE,2
2026-08-28 04:45:00+00:00,125.0,125.0,118.15,124.15,2990.0,6025.0,NIFTY,2026-09-29,23950.0,PE,2
2026-08-28 04:50:00+00:00,126.7,126.7,124.15,124.15,650.0,4824.0,NIFTY,2026-09-29,23950.0,PE,2
2026-08-28 04:55:00+00:00,124.2,126.2,123.75,123.75,520.0,2410.0,NIFTY,2026-09-29,23950.0,PE,2
2026-08-28 05:00:00+00:00,125.95,126.0,125.95,126.0,130.0,1207.0,NIFTY,2026-09-29,23950.0,PE,2
2026-08-28 05:05:00+00:00,126.0,126.0,126.0,126.0,130.0,,NIFTY,2026-09-29,23950.0,PE,2
2026-08-28 05:10:00+00:00,124.0,124.0,124.0,124.0,65.0,,NIFTY,2026-09-29,23950.0,PE,2
2026-08-28 05:15:00+00:00,128.95,128.95,125.3,125.4,845.0,3625.0,NIFTY,2026-09-29,23950.0,PE,2
2026-08-28 05:20:00+00:00,123.25,126.2,123.25,126.2,845.0,4830.0,NIFTY,2026-09-29,23950.0,PE,2
2026-08-28 05:25:00+00:00,128.0,128.0,128.0,128.0,65.0,,NIFTY,2026-09-29,23950.0,PE,2
2026-08-28 05:30:00+00:00,125.65,127.9,125.65,127.0,2990.0,2436.0,NIFTY,2026-09-29,23950.0,PE,2
2026-08-28 05:35:00+00:00,125.8,128.5,125.8,127.75,715.0,2450.0,NIFTY,2026-09-29,23950.0,PE,2
2026-08-28 05:40:00+00:00,125.2,125.2,125.2,125.2,,1221.0,NIFTY,2026-09-29,23950.0,PE,2
2026-08-28 05:45:00+00:00,125.2,130.0,125.2,130.0,325.0,2444.0,NIFTY,2026-09-29,23950.0,PE,2
2026-08-28 05:50:00+00:00,131.6,131.6,131.6,131.6,65.0,,NIFTY,2026-09-29,23950.0,PE,2
2026-08-28 05:55:00+00:00,140.7,140.7,140.7,140.7,325.0,,NIFTY,2026-09-29,23950.0,PE,2
2026-08-28 06:00:00+00:00,141.0,149.25,139.35,146.5,2340.0,6095.0,NIFTY,2026-09-29,23950.0,PE,2
2026-08-28 06:05:00+00:00,147.5,153.0,147.5,148.25,585.0,3642.0,NIFTY,2026-09-29,23950.0,PE,2
2026-08-28 06:10:00+00:00,148.35,148.35,148.35,148.35,130.0,2427.0,NIFTY,2026-09-29,23950.0,PE,2
2026-08-28 06:15:00+00:00,149.95,151.15,149.95,151.15,195.0,1214.0,NIFTY,2026-09-29,23950.0,PE,2
2026-08-28 06:20:00+00:00,147.6,149.2,147.6,149.2,975.0,2431.0,NIFTY,2026-09-29,23950.0,PE,2
2026-08-28 06:25:00+00:00,152.6,164.05,152.1,158.25,2340.0,3671.0,NIFTY,2026-09-29,23950.0,PE,2
2026-08-28 06:30:00+00:00,159.9,159.9,155.95,155.95,260.0,1223.0,NIFTY,2026-09-29,23950.0,PE,2
2026-08-28 06:35:00+00:00,157.1,158.65,157.1,158.65,650.0,3675.0,NIFTY,2026-09-29,23950.0,PE,2
2026-08-28 06:40:00+00:00,160.8,161.95,157.3,157.3,1560.0,2448.0,NIFTY,2026-09-29,23950.0,PE,2
2026-08-28 06:45:00+00:00,158.0,158.1,157.85,158.1,455.0,,NIFTY,2026-09-29,23950.0,PE,2
2026-08-28 06:50:00+00:00,155.5,161.6,155.5,161.6,195.0,1220.0,NIFTY,2026-09-29,23950.0,PE,2
2026-08-28 06:55:00+00:00,159.0,159.0,156.8,156.8,780.0,2435.0,NIFTY,2026-09-29,23950.0,PE,2
2026-08-28 07:00:00+00:00,155.7,155.95,154.4,154.95,325.0,3650.0,NIFTY,2026-09-29,23950.0,PE,2
2026-08-28 07:10:00+00:00,155.3,155.3,154.0,154.1,585.0,2438.0,NIFTY,2026-09-29,23950.0,PE,2
2026-08-28 07:15:00+00:00,153.6,153.6,153.6,153.6,65.0,1220.0,NIFTY,2026-09-29,23950.0,PE,2
2026-08-28 07:20:00+00:00,153.1,154.0,153.1,153.95,650.0,2436.0,NIFTY,2026-09-29,23950.0,PE,2
2026-08-28 07:25:00+00:00,155.95,159.0,155.9,158.45,975.0,3649.0,NIFTY,2026-09-29,23950.0,PE,2
2026-08-28 07:30:00+00:00,157.8,159.0,157.8,159.0,455.0,1214.0,NIFTY,2026-09-29,23950.0,PE,2
2026-08-28 07:35:00+00:00,158.6,158.6,155.65,155.65,1235.0,1207.0,NIFTY,2026-09-29,23950.0,PE,2
2026-08-28 07:40:00+00:00,155.05,155.2,154.8,154.8,195.0,,NIFTY,2026-09-29,23950.0,PE,2
2026-08-28 07:45:00+00:00,153.75,153.75,153.15,153.15,130.0,,NIFTY,2026-09-29,23950.0,PE,2
2026-08-28 07:50:00+00:00,152.25,152.25,152.25,152.25,65.0,1208.0,NIFTY,2026-09-29,23950.0,PE,2
2026-08-28 08:00:00+00:00,150.05,150.05,150.05,150.05,715.0,1207.0,NIFTY,2026-09-29,23950.0,PE,2
2026-08-28 08:05:00+00:00,149.0,149.0,149.0,149.0,195.0,2419.0,NIFTY,2026-09-29,23950.0,PE,2
2026-08-28 08:10:00+00:00,147.95,148.1,147.95,148.1,260.0,1210.0,NIFTY,2026-09-29,23950.0,PE,2
2026-08-28 08:20:00+00:00,151.95,151.95,150.95,150.95,130.0,2419.0,NIFTY,2026-09-29,23950.0,PE,2
2026-08-28 08:25:00+00:00,152.9,152.9,152.9,152.9,65.0,1210.0,NIFTY,2026-09-29,23950.0,PE,2
2026-08-28 08:35:00+00:00,150.05,151.95,150.05,150.1,650.0,3635.0,NIFTY,2026-09-29,23950.0,PE,2
2026-08-28 08:45:00+00:00,147.8,147.8,147.8,147.8,130.0,,NIFTY,2026-09-29,23950.0,PE,2
2026-08-28 08:50:00+00:00,150.3,150.3,150.3,150.3,130.0,,NIFTY,2026-09-29,23950.0,PE,2
2026-08-28 08:55:00+00:00,147.05,147.05,144.75,144.75,390.0,4847.0,NIFTY,2026-09-29,23950.0,PE,2
2026-08-28 09:00:00+00:00,146.55,147.95,143.25,143.95,520.0,2423.0,NIFTY,2026-09-29,23950.0,PE,2
2026-08-28 09:10:00+00:00,146.85,146.85,146.65,146.65,455.0,1210.0,NIFTY,2026-09-29,23950.0,PE,2
2026-08-28 09:15:00+00:00,143.0,143.0,143.0,143.0,65.0,1213.0,NIFTY,2026-09-29,23950.0,PE,2
2026-08-28 09:20:00+00:00,136.6,136.6,136.6,136.6,130.0,1214.0,NIFTY,2026-09-29,23950.0,PE,2
2026-08-28 09:25:00+00:00,136.0,138.05,136.0,138.05,325.0,1213.0,NIFTY,2026-09-29,23950.0,PE,2
2026-08-28 09:30:00+00:00,147.95,147.95,146.8,146.8,650.0,,NIFTY,2026-09-29,23950.0,PE,2
2026-08-28 09:35:00+00:00,145.6,145.75,138.95,140.0,910.0,4859.0,NIFTY,2026-09-29,23950.0,PE,2
2026-08-28 09:40:00+00:00,139.95,139.95,128.3,129.1,975.0,1213.0,NIFTY,2026-09-29,23950.0,PE,2
2026-08-28 09:45:00+00:00,130.2,132.0,129.8,131.0,5915.0,4866.0,NIFTY,2026-09-29,23950.0,PE,2
2026-08-28 09:50:00+00:00,128.5,128.5,125.0,125.0,1690.0,2445.0,NIFTY,2026-09-29,23950.0,PE,2
2026-08-28 09:55:00+00:00,124.25,124.45,124.15,124.45,845.0,2453.0,NIFTY,2026-09-29,23950.0,PE,2
2026-08-28 10:00:00+00:00,123.0,123.25,121.45,123.25,1170.0,3664.0,NIFTY,2026-09-29,23950.0,PE,2
2026-08-28 10:05:00+00:00,123.0,125.35,123.0,124.85,845.0,3682.0,NIFTY,2026-09-29,23950.0,PE,2
2026-08-31 03:45:00+00:00,163.2,174.85,163.2,173.85,8515.0,4969.0,NIFTY,2026-09-29,23950.0,PE,2
2026-08-31 03:50:00+00:00,173.0,173.0,167.2,172.0,7085.0,6157.0,NIFTY,2026-09-29,23950.0,PE,2
2026-08-31 03:55:00+00:00,173.0,178.65,173.0,178.15,1235.0,3687.0,NIFTY,2026-09-29,23950.0,PE,2
2026-08-31 04:00:00+00:00,177.6,179.65,171.65,173.0,2015.0,6123.0,NIFTY,2026-09-29,23950.0,PE,2
2026-08-31 04:05:00+00:00,174.95,174.95,172.1,174.0,1040.0,2439.0,NIFTY,2026-09-29,23950.0,PE,2
2026-08-31 04:10:00+00:00,174.0,182.25,174.0,182.05,3185.0,6096.0,NIFTY,2026-09-29,23950.0,PE,2
2026-08-31 04:15:00+00:00,181.6,183.05,178.1,178.75,3705.0,3688.0,NIFTY,2026-09-29,23950.0,PE,2
2026-08-31 04:20:00+00:00,179.05,180.2,178.2,179.1,1885.0,2449.0,NIFTY,2026-09-29,23950.0,PE,2
2026-08-31 04:25:00+00:00,181.05,184.0,180.85,181.3,3315.0,6160.0,NIFTY,2026-09-29,23950.0,PE,2
2026-08-31 04:30:00+00:00,181.35,181.5,177.0,178.0,1950.0,3701.0,NIFTY,2026-09-29,23950.0,PE,2
2026-08-31 04:35:00+00:00,177.15,177.2,174.05,177.2,910.0,2462.0,NIFTY,2026-09-29,23950.0,PE,2
2026-08-31 04:40:00+00:00,180.8,184.85,180.75,181.9,845.0,1231.0,NIFTY,2026-09-29,23950.0,PE,2
2026-08-31 04:45:00+00:00,181.5,184.0,180.7,184.0,1495.0,2466.0,NIFTY,2026-09-29,23950.0,PE,2
2026-08-31 04:50:00+00:00,184.05,184.7,181.8,183.65,1105.0,3694.0,NIFTY,2026-09-29,23950.0,PE,2
2026-08-31 04:55:00+00:00,183.05,183.75,178.15,178.15,3380.0,4960.0,NIFTY,2026-09-29,23950.0,PE,2
2026-08-31 05:00:00+00:00,179.1,182.0,178.55,182.0,2015.0,3727.0,NIFTY,2026-09-29,23950.0,PE,2
2026-08-31 05:05:00+00:00,182.5,186.05,182.2,184.0,8840.0,6165.0,NIFTY,2026-09-29,23950.0,PE,2
2026-08-31 05:10:00+00:00,184.15,185.95,180.9,180.9,6825.0,6403.0,NIFTY,2026-09-29,23950.0,PE,2
2026-08-31 05:15:00+00:00,183.0,183.5,182.6,182.65,12155.0,2531.0,NIFTY,2026-09-29,23950.0,PE,2
2026-08-31 05:20:00+00:00,182.6,184.9,180.7,181.2,7540.0,6292.0,NIFTY,2026-09-29,23950.0,PE,2
2026-08-31 05:25:00+00:00,183.15,183.15,178.8,179.1,2275.0,5125.0,NIFTY,2026-09-29,23950.0,PE,2
2026-08-31 05:30:00+00:00,178.05,180.7,178.05,179.9,390.0,1289.0,NIFTY,2026-09-29,23950.0,PE,2
2026-08-31 05:35:00+00:00,181.15,184.75,181.15,184.75,1430.0,3881.0,NIFTY,2026-09-29,23950.0,PE,2
2026-08-31 05:40:00+00:00,182.7,185.65,181.25,181.25,3445.0,2620.0,NIFTY,2026-09-29,23950.0,PE,2
2026-08-31 05:45:00+00:00,179.9,182.85,179.9,182.85,2860.0,1314.0,NIFTY,2026-09-29,23950.0,PE,2
2026-08-31 05:50:00+00:00,181.5,181.5,181.2,181.2,1105.0,2606.0,NIFTY,2026-09-29,23950.0,PE,2
2026-08-31 05:55:00+00:00,181.9,181.9,181.9,181.9,130.0,,NIFTY,2026-09-29,23950.0,PE,2
2026-08-31 06:00:00+00:00,178.35,179.0,177.0,177.0,975.0,1302.0,NIFTY,2026-09-29,23950.0,PE,2
2026-08-31 06:05:00+00:00,173.0,174.55,173.0,174.2,1040.0,2614.0,NIFTY,2026-09-29,23950.0,PE,2
2026-08-31 06:10:00+00:00,172.65,172.65,169.35,169.4,2340.0,2627.0,NIFTY,2026-09-29,23950.0,PE,2
2026-08-31 06:15:00+00:00,168.7,171.65,167.0,167.7,12870.0,5198.0,NIFTY,2026-09-29,23950.0,PE,2
2026-08-31 06:20:00+00:00,167.8,167.8,152.3,152.45,4095.0,7562.0,NIFTY,2026-09-29,23950.0,PE,2
2026-08-31 06:25:00+00:00,156.05,156.05,148.5,154.65,7280.0,5018.0,NIFTY,2026-09-29,23950.0,PE,2
2026-08-31 06:30:00+00:00,153.9,156.5,149.95,149.95,4615.0,6312.0,NIFTY,2026-09-29,23950.0,PE,2
2026-08-31 06:35:00+00:00,152.55,154.55,152.5,154.55,2080.0,5091.0,NIFTY,2026-09-29,23950.0,PE,2
2026-08-31 06:40:00+00:00,154.3,155.0,152.9,154.6,2210.0,5127.0,NIFTY,2026-09-29,23950.0,PE,2
2026-08-31 06:45:00+00:00,155.8,155.8,150.6,150.6,1950.0,5159.0,NIFTY,2026-09-29,23950.0,PE,2
2026-08-31 06:50:00+00:00,151.15,151.3,149.05,151.3,1040.0,3877.0,NIFTY,2026-09-29,23950.0,PE,2
2026-08-31 06:55:00+00:00,152.85,153.35,151.25,151.55,2080.0,6425.0,NIFTY,2026-09-29,23950.0,PE,2
2026-08-31 07:00:00+00:00,153.25,154.0,151.15,152.35,2210.0,3862.0,NIFTY,2026-09-29,23950.0,PE,2
2026-08-31 07:05:00+00:00,153.0,153.0,150.55,150.55,1365.0,5179.0,NIFTY,2026-09-29,23950.0,PE,2
2026-08-31 07:10:00+00:00,149.65,151.65,148.6,149.6,845.0,1300.0,NIFTY,2026-09-29,23950.0,PE,2
2026-08-31 07:15:00+00:00,150.7,152.2,150.05,150.2,455.0,,NIFTY,2026-09-29,23950.0,PE,2
2026-08-31 07:20:00+00:00,150.3,150.3,148.9,149.4,2145.0,3920.0,NIFTY,2026-09-29,23950.0,PE,2
2026-08-31 07:25:00+00:00,151.15,151.15,150.3,150.3,260.0,1316.0,NIFTY,2026-09-29,23950.0,PE,2
2026-08-31 07:30:00+00:00,151.4,151.4,148.0,148.2,1560.0,1319.0,NIFTY,2026-09-29,23950.0,PE,2
2026-08-31 07:35:00+00:00,148.7,151.2,148.7,151.2,130.0,2639.0,NIFTY,2026-09-29,23950.0,PE,2
2026-08-31 07:40:00+00:00,151.75,151.75,148.7,148.7,2860.0,1321.0,NIFTY,2026-09-29,23950.0,PE,2
2026-08-31 07:45:00+00:00,150.45,150.45,149.9,150.35,910.0,3962.0,NIFTY,2026-09-29,23950.0,PE,2
2026-08-31 08:00:00+00:00,148.7,148.7,148.7,148.7,65.0,1320.0,NIFTY,2026-09-29,23950.0,PE,2
2026-08-31 08:05:00+00:00,148.6,151.1,148.6,151.1,520.0,2634.0,NIFTY,2026-09-29,23950.0,PE,2
2026-08-31 08:10:00+00:00,150.55,152.7,150.0,152.7,845.0,1316.0,NIFTY,2026-09-29,23950.0,PE,2
2026-08-31 08:15:00+00:00,152.0,152.0,149.05,149.05,325.0,1316.0,NIFTY,2026-09-29,23950.0,PE,2
2026-08-31 08:20:00+00:00,149.8,149.8,149.8,149.8,65.0,,NIFTY,2026-09-29,23950.0,PE,2
2026-08-31 08:25:00+00:00,152.2,153.9,152.2,153.9,130.0,1316.0,NIFTY,2026-09-29,23950.0,PE,2
2026-08-31 08:30:00+00:00,155.25,159.4,155.25,159.4,585.0,1317.0,NIFTY,2026-09-29,23950.0,PE,2
2026-08-31 08:35:00+00:00,159.95,163.1,157.6,161.0,1820.0,5291.0,NIFTY,2026-09-29,23950.0,PE,2
2026-08-31 08:40:00+00:00,160.6,161.3,160.6,161.3,195.0,1322.0,NIFTY,2026-09-29,23950.0,PE,2
2026-08-31 08:45:00+00:00,160.9,160.9,160.1,160.1,845.0,2646.0,NIFTY,2026-09-29,23950.0,PE,2
2026-08-31 08:50:00+00:00,161.35,162.8,161.35,162.8,390.0,1321.0,NIFTY,2026-09-29,23950.0,PE,2
2026-08-31 08:55:00+00:00,161.35,164.95,161.35,164.95,260.0,2640.0,NIFTY,2026-09-29,23950.0,PE,2
2026-08-31 09:00:00+00:00,165.0,165.0,160.05,160.8,2145.0,2638.0,NIFTY,2026-09-29,23950.0,PE,2
2026-08-31 09:05:00+00:00,160.6,160.6,160.3,160.3,130.0,,NIFTY,2026-09-29,23950.0,PE,2
2026-08-31 09:10:00+00:00,155.2,155.2,152.85,152.85,585.0,3958.0,NIFTY,2026-09-29,23950.0,PE,2
2026-08-31 09:15:00+00:00,147.2,147.2,133.1,143.75,4550.0,5336.0,NIFTY,2026-09-29,23950.0,PE,2
2026-08-31 09:20:00+00:00,143.6,144.0,138.35,138.8,910.0,1347.0,NIFTY,2026-09-29,23950.0,PE,2
2026-08-31 09:25:00+00:00,139.35,145.75,139.35,143.1,1820.0,2689.0,NIFTY,2026-09-29,23950.0,PE,2
2026-08-31 09:30:00+00:00,148.4,148.4,143.55,147.0,2275.0,2681.0,NIFTY,2026-09-29,23950.0,PE,2
2026-08-31 09:35:00+00:00,148.75,150.4,145.25,145.75,780.0,4020.0,NIFTY,2026-09-29,23950.0,PE,2
2026-08-31 09:40:00+00:00,145.35,150.5,145.35,150.5,6435.0,2685.0,NIFTY,2026-09-29,23950.0,PE,2
2026-08-31 09:45:00+00:00,150.2,153.05,148.7,150.8,1235.0,1387.0,NIFTY,2026-09-29,23950.0,PE,2
2026-08-31 09:50:00+00:00,150.4,150.4,139.7,148.05,1625.0,2773.0,NIFTY,2026-09-29,23950.0,PE,2
2026-08-31 09:55:00+00:00,147.95,149.95,146.45,146.75,910.0,4156.0,NIFTY,2026-09-29,23950.0,PE,2
2026-08-31 10:00:00+00:00,144.85,147.55,143.05,147.05,1820.0,2770.0,NIFTY,2026-09-29,23950.0,PE,2
2026-08-31 10:05:00+00:00,148.45,150.3,148.2,148.8,1365.0,2767.0,NIFTY,2026-09-29,23950.0,PE,2
2026-09-01 03:45:00+00:00,164.45,173.55,164.4,170.0,6695.0,1396.0,NIFTY,2026-09-29,23950.0,PE,2
2026-09-01 03:50:00+00:00,171.4,172.45,169.25,172.0,3380.0,4199.0,NIFTY,2026-09-29,23950.0,PE,2
2026-09-01 03:55:00+00:00,168.75,168.75,160.8,160.8,975.0,2805.0,NIFTY,2026-09-29,23950.0,PE,2
2026-09-01 04:00:00+00:00,161.7,162.05,158.35,159.5,2275.0,4226.0,NIFTY,2026-09-29,23950.0,PE,2
2026-09-01 04:05:00+00:00,160.6,164.6,160.3,162.6,1040.0,5687.0,NIFTY,2026-09-29,23950.0,PE,2
2026-09-01 04:10:00+00:00,168.05,171.95,166.3,171.95,2080.0,5715.0,NIFTY,2026-09-29,23950.0,PE,2
2026-09-01 04:15:00+00:00,172.8,177.55,172.8,174.0,5070.0,2843.0,NIFTY,2026-09-29,23950.0,PE,2
2026-09-01 04:20:00+00:00,176.65,176.65,173.5,176.25,845.0,2833.0,NIFTY,2026-09-29,23950.0,PE,2
2026-09-01 04:25:00+00:00,176.8,178.35,176.8,178.2,455.0,1416.0,NIFTY,2026-09-29,23950.0,PE,2
2026-09-01 04:30:00+00:00,180.0,180.0,174.3,174.3,10855.0,5851.0,NIFTY,2026-09-29,23950.0,PE,2
2026-09-01 04:35:00+00:00,178.05,178.05,176.55,176.55,325.0,1504.0,NIFTY,2026-09-29,23950.0,PE,2
2026-09-01 04:40:00+00:00,176.85,176.85,174.9,175.05,1170.0,4512.0,NIFTY,2026-09-29,23950.0,PE,2
2026-09-01 04:45:00+00:00,172.4,172.4,168.0,169.55,10855.0,4408.0,NIFTY,2026-09-29,23950.0,PE,2
2026-09-01 04:50:00+00:00,168.85,169.4,164.45,165.45,2340.0,8730.0,NIFTY,2026-09-29,23950.0,PE,2
2026-09-01 04:55:00+00:00,165.45,165.8,164.6,165.8,715.0,2899.0,NIFTY,2026-09-29,23950.0,PE,2
2026-09-01 05:00:00+00:00,165.5,165.5,161.6,163.7,2275.0,7203.0,NIFTY,2026-09-29,23950.0,PE,2
2026-09-01 05:05:00+00:00,164.25,164.95,162.2,162.2,3835.0,2855.0,NIFTY,2026-09-29,23950.0,PE,2
2026-09-01 05:10:00+00:00,165.75,165.75,165.75,165.75,65.0,1413.0,NIFTY,2026-09-29,23950.0,PE,2
2026-09-01 05:15:00+00:00,163.6,164.65,163.6,164.65,780.0,2827.0,NIFTY,2026-09-29,23950.0,PE,2
2026-09-01 05:20:00+00:00,162.75,162.75,155.5,155.5,2990.0,7111.0,NIFTY,2026-09-29,23950.0,PE,2
2026-09-01 05:25:00+00:00,156.0,156.0,154.15,155.5,780.0,4274.0,NIFTY,2026-09-29,23950.0,PE,2
2026-09-01 05:30:00+00:00,154.65,156.5,153.5,156.2,2990.0,5718.0,NIFTY,2026-09-29,23950.0,PE,2
2026-09-01 05:35:00+00:00,157.45,158.3,149.2,149.2,2080.0,7138.0,NIFTY,2026-09-29,23950.0,PE,2
2026-09-01 05:40:00+00:00,147.5,147.5,141.45,143.65,2665.0,5712.0,NIFTY,2026-09-29,23950.0,PE,2
2026-09-01 05:45:00+00:00,142.25,142.25,137.15,137.15,1690.0,5686.0,NIFTY,2026-09-29,23950.0,PE,2
2026-09-01 05:50:00+00:00,137.0,138.05,135.45,135.45,650.0,1424.0,NIFTY,2026-09-29,23950.0,PE,2
2026-09-01 05:55:00+00:00,136.0,136.0,132.1,132.6,2925.0,5693.0,NIFTY,2026-09-29,23950.0,PE,2
2026-09-01 06:00:00+00:00,132.0,132.0,127.8,130.15,2340.0,5742.0,NIFTY,2026-09-29,23950.0,PE,2
2026-09-01 06:05:00+00:00,132.85,134.6,132.85,134.6,585.0,1439.0,NIFTY,2026-09-29,23950.0,PE,2
2026-09-01 06:10:00+00:00,137.45,137.8,134.3,135.25,10660.0,4175.0,NIFTY,2026-09-29,23950.0,PE,2
2026-09-01 06:15:00+00:00,133.35,135.0,133.35,135.0,975.0,4095.0,NIFTY,2026-09-29,23950.0,PE,2
2026-09-01 06:20:00+00:00,137.0,137.4,135.75,136.0,9295.0,2735.0,NIFTY,2026-09-29,23950.0,PE,2
2026-09-01 06:25:00+00:00,135.75,136.35,134.75,134.8,2860.0,4250.0,NIFTY,2026-09-29,23950.0,PE,2
2026-09-01 06:30:00+00:00,137.3,137.3,137.3,137.3,325.0,,NIFTY,2026-09-29,23950.0,PE,2
2026-09-01 06:35:00+00:00,134.15,134.8,134.15,134.6,1365.0,4272.0,NIFTY,2026-09-29,23950.0,PE,2
2026-09-01 06:40:00+00:00,131.5,135.05,131.5,135.05,260.0,4272.0,NIFTY,2026-09-29,23950.0,PE,2
2026-09-01 06:45:00+00:00,135.95,138.6,135.95,136.75,1235.0,1422.0,NIFTY,2026-09-29,23950.0,PE,2
2026-09-01 06:50:00+00:00,138.1,140.0,138.1,140.0,715.0,2846.0,NIFTY,2026-09-29,23950.0,PE,2
2026-09-01 06:55:00+00:00,141.75,141.75,139.1,139.1,845.0,2848.0,NIFTY,2026-09-29,23950.0,PE,2
2026-09-01 07:00:00+00:00,138.25,141.15,138.25,141.15,650.0,1425.0,NIFTY,2026-09-29,23950.0,PE,2
2026-09-01 07:05:00+00:00,141.6,141.6,139.7,140.1,1170.0,1426.0,NIFTY,2026-09-29,23950.0,PE,2
2026-09-01 07:10:00+00:00,141.0,141.0,138.9,138.9,195.0,1427.0,NIFTY,2026-09-29,23950.0,PE,2
2026-09-01 07:15:00+00:00,140.05,140.55,140.05,140.55,130.0,,NIFTY,2026-09-29,23950.0,PE,2
2026-09-01 07:20:00+00:00,141.1,142.0,141.0,141.0,520.0,2858.0,NIFTY,2026-09-29,23950.0,PE,2
2026-09-01 07:25:00+00:00,145.0,145.65,145.0,145.65,455.0,1428.0,NIFTY,2026-09-29,23950.0,PE,2
2026-09-01 07:30:00+00:00,147.45,149.2,147.45,149.2,910.0,4286.0,NIFTY,2026-09-29,23950.0,PE,2
2026-09-01 07:35:00+00:00,151.85,154.25,150.85,154.0,3055.0,2861.0,NIFTY,2026-09-29,23950.0,PE,2
2026-09-01 07:40:00+00:00,154.45,162.4,154.45,161.6,5200.0,7173.0,NIFTY,2026-09-29,23950.0,PE,2
2026-09-01 07:45:00+00:00,164.4,167.7,161.6,161.9,9230.0,6990.0,NIFTY,2026-09-29,23950.0,PE,2
2026-09-01 07:50:00+00:00,162.8,163.45,159.0,162.5,5265.0,5443.0,NIFTY,2026-09-29,23950.0,PE,2
2026-09-01 07:55:00+00:00,162.7,166.85,162.0,165.4,910.0,2718.0,NIFTY,2026-09-29,23950.0,PE,2
2026-09-01 08:00:00+00:00,161.7,163.3,161.1,162.3,2015.0,1353.0,NIFTY,2026-09-29,23950.0,PE,2
2026-09-01 08:05:00+00:00,162.35,173.15,162.35,173.15,4355.0,5369.0,NIFTY,2026-09-29,23950.0,PE,2
2026-09-01 08:10:00+00:00,174.65,178.95,174.1,175.2,4485.0,5343.0,NIFTY,2026-09-29,23950.0,PE,2
2026-09-01 08:15:00+00:00,176.25,180.5,176.25,179.15,10075.0,5298.0,NIFTY,2026-09-29,23950.0,PE,2
2026-09-01 08:20:00+00:00,181.0,198.75,181.0,194.8,6500.0,6669.0,NIFTY,2026-09-29,23950.0,PE,2
2026-09-01 08:25:00+00:00,197.35,198.35,189.15,190.8,5590.0,5383.0,NIFTY,2026-09-29,23950.0,PE,2
2026-09-01 08:30:00+00:00,196.15,207.3,196.15,206.35,12155.0,5341.0,NIFTY,2026-09-29,23950.0,PE,2
2026-09-01 08:35:00+00:00,206.2,219.5,204.75,219.45,21190.0,6699.0,NIFTY,2026-09-29,23950.0,PE,2
2026-09-01 08:40:00+00:00,218.1,218.5,208.95,214.25,17225.0,5509.0,NIFTY,2026-09-29,23950.0,PE,2
2026-09-01 08:45:00+00:00,214.3,216.55,212.65,216.35,5070.0,5580.0,NIFTY,2026-09-29,23950.0,PE,2
2026-09-01 08:50:00+00:00,212.6,220.1,212.6,217.5,9945.0,8394.0,NIFTY,2026-09-29,23950.0,PE,2
2026-09-01 08:55:00+00:00,218.05,218.05,201.0,201.0,34645.0,5830.0,NIFTY,2026-09-29,23950.0,PE,2
2026-09-01 09:00:00+00:00,201.95,209.6,197.7,200.7,8190.0,6171.0,NIFTY,2026-09-29,23950.0,PE,2
2026-09-01 09:05:00+00:00,198.35,209.95,198.35,209.95,5070.0,6141.0,NIFTY,2026-09-29,23950.0,PE,2
2026-09-01 09:10:00+00:00,210.75,212.4,206.3,209.6,3900.0,4605.0,NIFTY,2026-09-29,23950.0,PE,2
2026-09-01 09:15:00+00:00,210.0,211.1,204.05,208.45,3965.0,6135.0,NIFTY,2026-09-29,23950.0,PE,2
2026-09-01 09:20:00+00:00,208.35,208.35,202.4,202.4,7410.0,7818.0,NIFTY,2026-09-29,23950.0,PE,2
2026-09-01 09:25:00+00:00,202.0,204.0,197.05,202.7,5980.0,6269.0,NIFTY,2026-09-29,23950.0,PE,2
2026-09-01 09:30:00+00:00,205.35,208.2,201.75,206.15,1430.0,4663.0,NIFTY,2026-09-29,23950.0,PE,2
2026-09-01 09:35:00+00:00,206.55,209.95,203.5,209.95,3120.0,9267.0,NIFTY,2026-09-29,23950.0,PE,2
2026-09-01 09:40:00+00:00,208.4,210.3,205.7,206.35,3185.0,7725.0,NIFTY,2026-09-29,23950.0,PE,2
2026-09-01 09:45:00+00:00,206.95,209.4,206.95,209.4,4225.0,6165.0,NIFTY,2026-09-29,23950.0,PE,2
2026-09-01 09:50:00+00:00,210.4,210.4,203.85,204.4,4615.0,4554.0,NIFTY,2026-09-29,23950.0,PE,2
2026-09-01 09:55:00+00:00,206.9,206.9,196.0,196.0,4225.0,7540.0,NIFTY,2026-09-29,23950.0,PE,2
2026-09-01 10:00:00+00:00,195.7,206.35,195.7,204.85,5785.0,6032.0,NIFTY,2026-09-29,23950.0,PE,2
2026-09-01 10:05:00+00:00,202.95,207.9,202.6,206.85,4680.0,7577.0,NIFTY,2026-09-29,23950.0,PE,2
2026-09-02 03:45:00+00:00,216.05,278.2,216.05,271.45,20475.0,6062.0,NIFTY,2026-09-29,23950.0,PE,2
2026-09-02 03:50:00+00:00,270.4,287.4,266.6,283.8,12480.0,7512.0,NIFTY,2026-09-29,23950.0,PE,2
2026-09-02 03:55:00+00:00,280.5,280.85,268.05,271.5,5980.0,7324.0,NIFTY,2026-09-29,23950.0,PE,2
2026-09-02 04:00:00+00:00,272.0,276.7,262.1,262.25,10790.0,7385.0,NIFTY,2026-09-29,23950.0,PE,2
2026-09-02 04:05:00+00:00,263.25,270.0,261.8,269.65,4355.0,7418.0,NIFTY,2026-09-29,23950.0,PE,2
2026-09-02 04:10:00+00:00,270.0,270.1,262.9,265.0,2210.0,2967.0,NIFTY,2026-09-29,23950.0,PE,2
2026-09-02 04:15:00+00:00,266.6,274.5,266.6,266.9,1170.0,4452.0,NIFTY,2026-09-29,23950.0,PE,2
2026-09-02 04:20:00+00:00,268.9,271.15,268.05,268.05,7995.0,5963.0,NIFTY,2026-09-29,23950.0,PE,2
2026-09-02 04:25:00+00:00,272.0,272.75,261.8,261.8,2795.0,4523.0,NIFTY,2026-09-29,23950.0,PE,2
2026-09-02 04:30:00+00:00,262.85,263.95,258.45,260.75,2080.0,7559.0,NIFTY,2026-09-29,23950.0,PE,2
2026-09-02 04:35:00+00:00,262.0,263.4,258.15,262.95,3705.0,1518.0,NIFTY,2026-09-29,23950.0,PE,2
2026-09-02 04:40:00+00:00,262.45,263.85,256.0,258.2,3575.0,4563.0,NIFTY,2026-09-29,23950.0,PE,2
2026-09-02 04:45:00+00:00,259.5,261.0,257.4,258.2,1625.0,3049.0,NIFTY,2026-09-29,23950.0,PE,2
2026-09-02 04:50:00+00:00,256.65,256.65,242.95,246.25,6110.0,9244.0,NIFTY,2026-09-29,23950.0,PE,2
2026-09-02 04:55:00+00:00,246.65,247.55,243.25,243.25,1560.0,4658.0,NIFTY,2026-09-29,23950.0,PE,2
2026-09-02 05:00:00+00:00,243.35,244.75,238.8,244.0,2665.0,6222.0,NIFTY,2026-09-29,23950.0,PE,2
2026-09-02 05:05:00+00:00,245.75,249.55,245.75,249.55,780.0,1556.0,NIFTY,2026-09-29,23950.0,PE,2
2026-09-02 05:10:00+00:00,249.6,253.75,249.55,253.75,975.0,4656.0,NIFTY,2026-09-29,23950.0,PE,2
2026-09-02 05:15:00+00:00,252.6,255.25,249.15,251.25,1495.0,3096.0,NIFTY,2026-09-29,23950.0,PE,2
2026-09-02 05:20:00+00:00,249.95,263.95,247.9,260.0,2145.0,4618.0,NIFTY,2026-09-29,23950.0,PE,2
2026-09-02 05:25:00+00:00,255.0,255.2,250.2,254.1,910.0,3060.0,NIFTY,2026-09-29,23950.0,PE,2
2026-09-02 05:30:00+00:00,252.25,269.3,251.9,269.3,4355.0,6118.0,NIFTY,2026-09-29,23950.0,PE,2
2026-09-02 05:35:00+00:00,270.65,272.1,266.05,272.0,44720.0,6811.0,NIFTY,2026-09-29,23950.0,PE,2
2026-09-02 05:40:00+00:00,271.55,272.0,267.45,269.2,4810.0,6643.0,NIFTY,2026-09-29,23950.0,PE,2
2026-09-02 05:45:00+00:00,268.3,270.8,263.3,266.0,8320.0,5269.0,NIFTY,2026-09-29,23950.0,PE,2
2026-09-02 05:50:00+00:00,264.05,271.3,264.05,269.7,1950.0,6434.0,NIFTY,2026-09-29,23950.0,PE,2
2026-09-02 05:55:00+00:00,271.3,272.15,270.0,272.0,1560.0,5157.0,NIFTY,2026-09-29,23950.0,PE,2
2026-09-02 06:00:00+00:00,271.85,277.0,269.6,272.7,73710.0,5480.0,NIFTY,2026-09-29,23950.0,PE,2
2026-09-02 06:05:00+00:00,274.05,276.8,269.6,269.6,5980.0,8796.0,NIFTY,2026-09-29,23950.0,PE,2
2026-09-02 06:10:00+00:00,269.25,275.4,269.25,274.6,1755.0,3522.0,NIFTY,2026-09-29,23950.0,PE,2
2026-09-02 06:15:00+00:00,273.9,277.3,272.95,274.65,1950.0,7064.0,NIFTY,2026-09-29,23950.0,PE,2
2026-09-02 06:20:00+00:00,273.5,274.1,266.35,266.35,1885.0,5311.0,NIFTY,2026-09-29,23950.0,PE,2
2026-09-02 06:25:00+00:00,263.4,276.7,261.8,276.7,5135.0,7049.0,NIFTY,2026-09-29,23950.0,PE,2
2026-09-02 06:30:00+00:00,274.05,281.35,273.75,280.5,3315.0,3508.0,NIFTY,2026-09-29,23950.0,PE,2
2026-09-02 06:35:00+00:00,278.85,279.45,276.95,279.45,715.0,3504.0,NIFTY,2026-09-29,23950.0,PE,2
2026-09-02 06:40:00+00:00,277.0,277.0,260.7,261.6,2470.0,5268.0,NIFTY,2026-09-29,23950.0,PE,2
2026-09-02 06:45:00+00:00,259.3,263.1,258.2,261.2,1625.0,8817.0,NIFTY,2026-09-29,23950.0,PE,2
2026-09-02 06:50:00+00:00,269.9,270.2,266.5,267.3,1495.0,3534.0,NIFTY,2026-09-29,23950.0,PE,2
2026-09-02 06:55:00+00:00,263.95,264.65,256.95,258.45,1755.0,8858.0,NIFTY,2026-09-29,23950.0,PE,2
2026-09-02 07:00:00+00:00,257.7,257.7,248.25,250.2,6110.0,5250.0,NIFTY,2026-09-29,23950.0,PE,2
2026-09-02 07:05:00+00:00,253.15,253.15,251.9,251.9,910.0,3493.0,NIFTY,2026-09-29,23950.0,PE,2
2026-09-02 07:10:00+00:00,251.35,251.35,239.0,246.2,75725.0,6254.0,NIFTY,2026-09-29,23950.0,PE,2
2026-09-02 07:15:00+00:00,245.65,250.75,245.3,245.85,2730.0,2731.0,NIFTY,2026-09-29,23950.0,PE,2
2026-09-02 07:20:00+00:00,245.7,247.2,243.35,245.7,910.0,5400.0,NIFTY,2026-09-29,23950.0,PE,2
2026-09-02 07:25:00+00:00,248.0,248.0,244.25,244.25,1820.0,1326.0,NIFTY,2026-09-29,23950.0,PE,2
2026-09-02 07:30:00+00:00,242.3,242.3,240.55,241.55,195.0,1326.0,NIFTY,2026-09-29,23950.0,PE,2
2026-09-02 07:35:00+00:00,243.6,248.3,242.85,247.7,715.0,1323.0,NIFTY,2026-09-29,23950.0,PE,2
2026-09-02 07:40:00+00:00,247.7,247.7,237.0,237.9,780.0,5282.0,NIFTY,2026-09-29,23950.0,PE,2
2026-09-02 07:45:00+00:00,239.15,243.15,239.15,243.15,260.0,2637.0,NIFTY,2026-09-29,23950.0,PE,2
2026-09-02 07:50:00+00:00,240.5,242.1,240.15,241.3,9425.0,2743.0,NIFTY,2026-09-29,23950.0,PE,2
2026-09-02 07:55:00+00:00,239.8,239.8,238.35,239.45,325.0,2736.0,NIFTY,2026-09-29,23950.0,PE,2
2026-09-02 08:00:00+00:00,247.1,247.1,244.25,246.35,325.0,,NIFTY,2026-09-29,23950.0,PE,2
2026-09-02 08:05:00+00:00,241.4,241.4,240.05,241.3,455.0,2737.0,NIFTY,2026-09-29,23950.0,PE,2
2026-09-02 08:10:00+00:00,246.55,248.2,245.0,248.2,715.0,1370.0,NIFTY,2026-09-29,23950.0,PE,2
2026-09-02 08:15:00+00:00,247.9,247.9,244.7,244.8,390.0,1369.0,NIFTY,2026-09-29,23950.0,PE,2
2026-09-02 08:20:00+00:00,247.6,255.0,247.5,247.5,1885.0,2736.0,NIFTY,2026-09-29,23950.0,PE,2
2026-09-02 08:25:00+00:00,246.5,246.5,244.0,244.0,1755.0,1368.0,NIFTY,2026-09-29,23950.0,PE,2
2026-09-02 08:30:00+00:00,240.0,242.95,238.2,242.95,2795.0,1371.0,NIFTY,2026-09-29,23950.0,PE,2
2026-09-02 08:35:00+00:00,246.0,246.0,233.2,233.2,1495.0,2752.0,NIFTY,2026-09-29,23950.0,PE,2
2026-09-02 08:40:00+00:00,233.15,235.45,233.15,233.15,910.0,2765.0,NIFTY,2026-09-29,23950.0,PE,2
2026-09-02 08:45:00+00:00,236.5,242.0,236.5,240.15,1755.0,5541.0,NIFTY,2026-09-29,23950.0,PE,2
2026-09-02 08:50:00+00:00,238.25,239.85,238.25,239.85,195.0,1386.0,NIFTY,2026-09-29,23950.0,PE,2
2026-09-02 08:55:00+00:00,237.0,237.35,237.0,237.35,130.0,1385.0,NIFTY,2026-09-29,23950.0,PE,2
2026-09-02 09:00:00+00:00,237.15,237.15,227.4,229.5,2925.0,5549.0,NIFTY,2026-09-29,23950.0,PE,2
2026-09-02 09:05:00+00:00,228.0,228.45,225.45,228.45,650.0,2795.0,NIFTY,2026-09-29,23950.0,PE,2
2026-09-02 09:10:00+00:00,229.75,235.8,229.5,235.8,1235.0,4206.0,NIFTY,2026-09-29,23950.0,PE,2
2026-09-02 09:15:00+00:00,240.95,240.95,231.55,231.55,1040.0,4208.0,NIFTY,2026-09-29,23950.0,PE,2
2026-09-02 09:20:00+00:00,233.45,240.25,233.45,240.25,260.0,2809.0,NIFTY,2026-09-29,23950.0,PE,2
2026-09-02 09:25:00+00:00,243.65,248.05,241.75,242.85,2600.0,5616.0,NIFTY,2026-09-29,23950.0,PE,2
2026-09-02 09:30:00+00:00,245.0,254.4,243.85,253.45,5135.0,4247.0,NIFTY,2026-09-29,23950.0,PE,2
2026-09-02 09:35:00+00:00,254.15,255.65,247.55,249.0,7475.0,7079.0,NIFTY,2026-09-29,23950.0,PE,2
2026-09-02 09:40:00+00:00,245.65,246.4,240.0,243.95,2470.0,2837.0,NIFTY,2026-09-29,23950.0,PE,2
2026-09-02 09:45:00+00:00,242.85,246.4,242.85,245.25,2210.0,2832.0,NIFTY,2026-09-29,23950.0,PE,2
2026-09-02 09:50:00+00:00,244.0,244.0,239.5,241.2,4290.0,4269.0,NIFTY,2026-09-29,23950.0,PE,2
2026-09-02 09:55:00+00:00,240.85,246.8,240.85,244.8,3770.0,7096.0,NIFTY,2026-09-29,23950.0,PE,2
2026-09-02 10:00:00+00:00,241.9,246.0,241.8,245.85,1170.0,2843.0,NIFTY,2026-09-29,23950.0,PE,2
2026-09-02 10:05:00+00:00,245.55,247.55,241.5,241.5,7280.0,5658.0,NIFTY,2026-09-29,23950.0,PE,2
2026-09-03 03:45:00+00:00,190.0,198.7,175.1,190.45,26130.0,8455.0,NIFTY,2026-09-29,23950.0,PE,2
2026-09-03 03:50:00+00:00,189.55,196.35,183.25,196.35,5525.0,5658.0,NIFTY,2026-09-29,23950.0,PE,2
2026-09-03 03:55:00+00:00,195.7,196.85,188.15,189.25,7410.0,5671.0,NIFTY,2026-09-29,23950.0,PE,2
2026-09-03 04:00:00+00:00,188.0,188.0,182.7,184.15,3640.0,4265.0,NIFTY,2026-09-29,23950.0,PE,2
2026-09-03 04:05:00+00:00,182.3,182.8,175.6,175.6,7540.0,5655.0,NIFTY,2026-09-29,23950.0,PE,2
2026-09-03 04:10:00+00:00,175.8,175.8,168.1,170.1,15210.0,7289.0,NIFTY,2026-09-29,23950.0,PE,2
2026-09-03 04:15:00+00:00,169.75,171.25,166.9,169.05,15665.0,7657.0,NIFTY,2026-09-29,23950.0,PE,2
2026-09-03 04:20:00+00:00,169.0,172.35,168.5,171.9,17225.0,7987.0,NIFTY,2026-09-29,23950.0,PE,2
2026-09-03 04:25:00+00:00,172.4,173.7,171.25,172.45,5395.0,6668.0,NIFTY,2026-09-29,23950.0,PE,2
2026-09-03 04:30:00+00:00,173.9,175.4,173.0,175.0,11180.0,6698.0,NIFTY,2026-09-29,23950.0,PE,2
2026-09-03 04:35:00+00:00,173.75,175.3,173.15,175.0,2470.0,6785.0,NIFTY,2026-09-29,23950.0,PE,2
2026-09-03 04:40:00+00:00,175.35,176.0,174.2,176.0,975.0,3400.0,NIFTY,2026-09-29,23950.0,PE,2
2026-09-03 04:45:00+00:00,177.0,178.4,175.9,175.9,5785.0,5144.0,NIFTY,2026-09-29,23950.0,PE,2
2026-09-03 04:50:00+00:00,175.45,177.8,175.45,177.8,845.0,3454.0,NIFTY,2026-09-29,23950.0,PE,2
2026-09-03 04:55:00+00:00,177.4,183.55,177.4,183.05,2925.0,6896.0,NIFTY,2026-09-29,23950.0,PE,2
2026-09-03 05:00:00+00:00,183.15,186.0,181.6,183.0,3900.0,5182.0,NIFTY,2026-09-29,23950.0,PE,2
2026-09-03 05:05:00+00:00,186.95,191.95,186.7,190.2,51675.0,8288.0,NIFTY,2026-09-29,23950.0,PE,2
2026-09-03 05:10:00+00:00,190.0,199.6,190.0,195.0,12090.0,7645.0,NIFTY,2026-09-29,23950.0,PE,2
2026-09-03 05:15:00+00:00,194.45,195.25,189.6,191.25,4355.0,4606.0,NIFTY,2026-09-29,23950.0,PE,2
2026-09-03 05:20:00+00:00,191.3,200.65,191.3,200.65,2730.0,4644.0,NIFTY,2026-09-29,23950.0,PE,2
2026-09-03 05:25:00+00:00,200.7,201.85,195.75,197.6,4680.0,7775.0,NIFTY,2026-09-29,23950.0,PE,2
2026-09-03 05:30:00+00:00,199.15,201.85,196.15,200.85,5395.0,6262.0,NIFTY,2026-09-29,23950.0,PE,2
2026-09-03 05:35:00+00:00,202.65,214.65,202.05,214.65,8580.0,4724.0,NIFTY,2026-09-29,23950.0,PE,2
2026-09-03 05:40:00+00:00,215.0,219.25,210.6,216.5,7280.0,7835.0,NIFTY,2026-09-29,23950.0,PE,2
2026-09-03 05:45:00+00:00,217.55,220.7,206.25,206.25,10270.0,6280.0,NIFTY,2026-09-29,23950.0,PE,2
2026-09-03 05:50:00+00:00,204.45,206.75,200.55,205.0,2925.0,6287.0,NIFTY,2026-09-29,23950.0,PE,2
2026-09-03 05:55:00+00:00,204.35,204.6,198.0,198.8,6110.0,7876.0,NIFTY,2026-09-29,23950.0,PE,2
2026-09-03 06:00:00+00:00,196.3,197.3,193.6,194.65,1885.0,7913.0,NIFTY,2026-09-29,23950.0,PE,2
2026-09-03 06:05:00+00:00,193.15,194.9,190.6,194.9,4290.0,7863.0,NIFTY,2026-09-29,23950.0,PE,2
2026-09-03 06:10:00+00:00,193.7,198.8,193.6,195.5,3250.0,6342.0,NIFTY,2026-09-29,23950.0,PE,2
2026-09-03 06:15:00+00:00,195.0,200.8,194.95,195.25,1885.0,3182.0,NIFTY,2026-09-29,23950.0,PE,2
2026-09-03 06:20:00+00:00,195.05,199.4,195.05,199.1,455.0,3185.0,NIFTY,2026-09-29,23950.0,PE,2
2026-09-03 06:25:00+00:00,202.7,204.0,200.6,200.9,1560.0,4778.0,NIFTY,2026-09-29,23950.0,PE,2
2026-09-03 06:30:00+00:00,199.65,211.85,199.65,209.4,5655.0,7982.0,NIFTY,2026-09-29,23950.0,PE,2
2026-09-03 06:35:00+00:00,209.65,213.0,209.25,212.6,2600.0,6376.0,NIFTY,2026-09-29,23950.0,PE,2
2026-09-03 06:40:00+00:00,212.5,213.0,209.85,210.5,3445.0,3198.0,NIFTY,2026-09-29,23950.0,PE,2
2026-09-03 06:45:00+00:00,211.0,221.1,211.0,216.7,4030.0,9617.0,NIFTY,2026-09-29,23950.0,PE,2
2026-09-03 06:50:00+00:00,219.75,227.4,218.5,224.85,5200.0,4791.0,NIFTY,2026-09-29,23950.0,PE,2
2026-09-03 06:55:00+00:00,225.5,225.5,219.0,223.25,4810.0,7921.0,NIFTY,2026-09-29,23950.0,PE,2
2026-09-03 07:00:00+00:00,224.0,225.2,218.5,220.7,5330.0,6343.0,NIFTY,2026-09-29,23950.0,PE,2
2026-09-03 07:05:00+00:00,222.4,222.4,215.75,217.0,1170.0,4753.0,NIFTY,2026-09-29,23950.0,PE,2
2026-09-03 07:10:00+00:00,218.25,221.55,217.95,220.65,1755.0,4756.0,NIFTY,2026-09-29,23950.0,PE,2
2026-09-03 07:15:00+00:00,218.7,219.85,217.1,217.1,3770.0,6373.0,NIFTY,2026-09-29,23950.0,PE,2
2026-09-03 07:20:00+00:00,220.1,220.1,212.1,212.1,3965.0,4753.0,NIFTY,2026-09-29,23950.0,PE,2
2026-09-03 07:25:00+00:00,213.0,220.15,212.2,215.8,2405.0,6357.0,NIFTY,2026-09-29,23950.0,PE,2
2026-09-03 07:30:00+00:00,216.5,219.3,215.0,215.8,2145.0,6342.0,NIFTY,2026-09-29,23950.0,PE,2
2026-09-03 07:35:00+00:00,215.5,215.55,214.0,214.7,910.0,,NIFTY,2026-09-29,23950.0,PE,2
2026-09-03 07:40:00+00:00,214.2,214.2,208.65,212.55,1625.0,4745.0,NIFTY,2026-09-29,23950.0,PE,2
2026-09-03 07:45:00+00:00,213.25,213.25,207.1,210.2,910.0,4735.0,NIFTY,2026-09-29,23950.0,PE,2
2026-09-03 07:50:00+00:00,212.35,218.55,212.35,217.45,910.0,4729.0,NIFTY,2026-09-29,23950.0,PE,2
2026-09-03 07:55:00+00:00,221.9,225.2,217.85,217.85,2665.0,7850.0,NIFTY,2026-09-29,23950.0,PE,2
2026-09-03 08:00:00+00:00,218.55,218.55,204.9,208.3,1300.0,3133.0,NIFTY,2026-09-29,23950.0,PE,2
2026-09-03 08:05:00+00:00,206.75,219.3,206.75,219.3,585.0,1564.0,NIFTY,2026-09-29,23950.0,PE,2
2026-09-03 08:10:00+00:00,218.0,221.25,218.0,220.05,1300.0,6251.0,NIFTY,2026-09-29,23950.0,PE,2
2026-09-03 08:15:00+00:00,219.5,225.0,215.55,215.55,5005.0,7834.0,NIFTY,2026-09-29,23950.0,PE,2
2026-09-03 08:20:00+00:00,216.0,222.3,213.7,217.7,4290.0,4694.0,NIFTY,2026-09-29,23950.0,PE,2
2026-09-03 08:25:00+00:00,217.7,217.7,211.6,214.0,2340.0,4686.0,NIFTY,2026-09-29,23950.0,PE,2
2026-09-03 08:30:00+00:00,214.2,215.4,210.9,210.9,4615.0,4663.0,NIFTY,2026-09-29,23950.0,PE,2
2026-09-03 08:35:00+00:00,213.15,217.3,213.15,215.15,1105.0,3102.0,NIFTY,2026-09-29,23950.0,PE,2
2026-09-03 08:40:00+00:00,215.4,215.4,213.4,213.4,1430.0,6214.0,NIFTY,2026-09-29,23950.0,PE,2
2026-09-03 08:45:00+00:00,215.05,218.45,213.0,213.0,910.0,1552.0,NIFTY,2026-09-29,23950.0,PE,2
2026-09-03 08:50:00+00:00,211.35,215.95,211.35,215.95,390.0,3103.0,NIFTY,2026-09-29,23950.0,PE,2
2026-09-03 08:55:00+00:00,214.25,215.05,209.7,210.3,1170.0,1550.0,NIFTY,2026-09-29,23950.0,PE,2
2026-09-03 09:00:00+00:00,212.75,213.2,211.1,212.1,1235.0,4646.0,NIFTY,2026-09-29,23950.0,PE,2
2026-09-03 09:05:00+00:00,212.45,216.75,212.45,216.75,2470.0,6199.0,NIFTY,2026-09-29,23950.0,PE,2
2026-09-03 09:10:00+00:00,217.1,218.65,216.7,216.7,1950.0,6205.0,NIFTY,2026-09-29,23950.0,PE,2
2026-09-03 09:15:00+00:00,214.85,218.3,214.85,217.0,17030.0,4542.0,NIFTY,2026-09-29,23950.0,PE,2
2026-09-03 09:20:00+00:00,216.05,219.05,214.7,217.8,14755.0,5632.0,NIFTY,2026-09-29,23950.0,PE,2
2026-09-03 09:25:00+00:00,218.75,227.5,218.75,223.05,5720.0,6880.0,NIFTY,2026-09-29,23950.0,PE,2
2026-09-03 09:30:00+00:00,227.1,227.1,221.9,225.0,4355.0,5519.0,NIFTY,2026-09-29,23950.0,PE,2
2026-09-03 09:35:00+00:00,224.85,230.25,224.85,227.6,3900.0,6897.0,NIFTY,2026-09-29,23950.0,PE,2
2026-09-03 09:40:00+00:00,225.5,225.5,218.55,220.7,3315.0,5519.0,NIFTY,2026-09-29,23950.0,PE,2
2026-09-03 09:45:00+00:00,219.95,220.95,219.05,219.3,1170.0,4134.0,NIFTY,2026-09-29,23950.0,PE,2
2026-09-03 09:50:00+00:00,218.95,227.55,218.35,225.6,3380.0,5565.0,NIFTY,2026-09-29,23950.0,PE,2
2026-09-03 09:55:00+00:00,225.55,236.65,225.45,236.65,8255.0,6906.0,NIFTY,2026-09-29,23950.0,PE,2
2026-09-03 10:00:00+00:00,237.05,240.75,233.3,240.75,1950.0,4104.0,NIFTY,2026-09-29,23950.0,PE,2
2026-09-03 10:05:00+00:00,240.7,247.8,238.25,246.35,9230.0,6807.0,NIFTY,2026-09-29,23950.0,PE,2
2026-09-04 03:45:00+00:00,216.25,218.75,200.0,201.8,27820.0,5662.0,NIFTY,2026-09-29,23950.0,PE,2
2026-09-04 03:50:00+00:00,201.65,208.5,201.65,205.95,4810.0,5587.0,NIFTY,2026-09-29,23950.0,PE,2
2026-09-04 03:55:00+00:00,205.7,211.4,204.8,210.1,4550.0,7023.0,NIFTY,2026-09-29,23950.0,PE,2
2026-09-04 04:00:00+00:00,210.0,216.0,206.4,206.4,6890.0,7083.0,NIFTY,2026-09-29,23950.0,PE,2
2026-09-04 04:05:00+00:00,213.55,214.1,211.1,211.65,4355.0,5714.0,NIFTY,2026-09-29,23950.0,PE,2
2026-09-04 04:10:00+00:00,209.55,212.05,208.1,208.7,1365.0,5740.0,NIFTY,2026-09-29,23950.0,PE,2
2026-09-04 04:15:00+00:00,208.25,208.25,201.55,202.4,6110.0,5747.0,NIFTY,2026-09-29,23950.0,PE,2
2026-09-04 04:20:00+00:00,202.2,202.2,192.6,192.85,7540.0,4348.0,NIFTY,2026-09-29,23950.0,PE,2
2026-09-04 04:25:00+00:00,190.1,192.7,189.3,192.4,7800.0,7302.0,NIFTY,2026-09-29,23950.0,PE,2
2026-09-04 04:30:00+00:00,192.0,192.0,186.2,187.6,6955.0,5947.0,NIFTY,2026-09-29,23950.0,PE,2
2026-09-04 04:35:00+00:00,187.95,193.1,187.95,193.1,8775.0,7718.0,NIFTY,2026-09-29,23950.0,PE,2
2026-09-04 04:40:00+00:00,193.35,197.2,192.75,195.4,16250.0,7718.0,NIFTY,2026-09-29,23950.0,PE,2
2026-09-04 04:45:00+00:00,195.5,197.45,189.3,191.7,11115.0,7933.0,NIFTY,2026-09-29,23950.0,PE,2
2026-09-04 04:50:00+00:00,191.4,191.4,187.65,189.4,2990.0,6440.0,NIFTY,2026-09-29,23950.0,PE,2
2026-09-04 04:55:00+00:00,186.8,187.4,182.7,182.7,6370.0,8063.0,NIFTY,2026-09-29,23950.0,PE,2
2026-09-04 05:00:00+00:00,182.0,185.55,180.0,184.3,6370.0,8057.0,NIFTY,2026-09-29,23950.0,PE,2
2026-09-04 05:05:00+00:00,187.15,188.25,183.9,185.1,3445.0,8114.0,NIFTY,2026-09-29,23950.0,PE,2
2026-09-04 05:10:00+00:00,184.6,186.65,183.8,185.2,2340.0,6533.0,NIFTY,2026-09-29,23950.0,PE,2
2026-09-04 05:15:00+00:00,186.3,186.3,183.7,183.9,1885.0,6554.0,NIFTY,2026-09-29,23950.0,PE,2
2026-09-04 05:20:00+00:00,185.15,185.3,183.3,183.3,2340.0,4923.0,NIFTY,2026-09-29,23950.0,PE,2
2026-09-04 05:25:00+00:00,183.0,185.0,182.65,182.95,1300.0,4950.0,NIFTY,2026-09-29,23950.0,PE,2
2026-09-04 05:30:00+00:00,183.2,186.6,181.8,185.1,2340.0,6589.0,NIFTY,2026-09-29,23950.0,PE,2
2026-09-04 05:35:00+00:00,184.9,186.8,182.1,183.15,1690.0,4947.0,NIFTY,2026-09-29,23950.0,PE,2
2026-09-04 05:40:00+00:00,182.55,186.6,181.8,185.95,5395.0,8256.0,NIFTY,2026-09-29,23950.0,PE,2
2026-09-04 05:45:00+00:00,186.05,187.7,183.05,183.05,3315.0,8277.0,NIFTY,2026-09-29,23950.0,PE,2
2026-09-04 05:50:00+00:00,181.8,183.9,180.25,183.3,7540.0,8238.0,NIFTY,2026-09-29,23950.0,PE,2
2026-09-04 05:55:00+00:00,183.85,184.2,178.5,180.75,8255.0,6724.0,NIFTY,2026-09-29,23950.0,PE,2
2026-09-04 06:00:00+00:00,180.5,180.5,176.4,176.95,6500.0,8401.0,NIFTY,2026-09-29,23950.0,PE,2
2026-09-04 06:05:00+00:00,177.45,178.0,173.4,174.7,5915.0,6702.0,NIFTY,2026-09-29,23950.0,PE,2
2026-09-04 06:10:00+00:00,173.9,177.75,172.65,176.95,12155.0,10086.0,NIFTY,2026-09-29,23950.0,PE,2
2026-09-04 06:15:00+00:00,177.65,178.1,176.05,176.05,2405.0,6650.0,NIFTY,2026-09-29,23950.0,PE,2
2026-09-04 06:20:00+00:00,175.05,176.75,174.0,176.7,3835.0,8334.0,NIFTY,2026-09-29,23950.0,PE,2
2026-09-04 06:25:00+00:00,175.65,177.9,174.5,177.9,5915.0,8515.0,NIFTY,2026-09-29,23950.0,PE,2
2026-09-04 06:30:00+00:00,177.35,185.75,177.35,185.15,7865.0,8670.0,NIFTY,2026-09-29,23950.0,PE,2
2026-09-04 06:35:00+00:00,185.45,186.7,183.7,184.3,7475.0,8723.0,NIFTY,2026-09-29,23950.0,PE,2
2026-09-04 06:40:00+00:00,184.9,189.85,184.9,188.0,5590.0,8710.0,NIFTY,2026-09-29,23950.0,PE,2
2026-09-04 06:45:00+00:00,188.4,192.85,188.3,192.0,14950.0,8701.0,NIFTY,2026-09-29,23950.0,PE,2
2026-09-04 06:50:00+00:00,192.6,196.95,192.55,196.95,9750.0,8697.0,NIFTY,2026-09-29,23950.0,PE,2
2026-09-04 06:55:00+00:00,198.5,198.7,192.4,194.25,8190.0,8633.0,NIFTY,2026-09-29,23950.0,PE,2
2026-09-04 07:00:00+00:00,195.7,196.7,194.25,195.0,4420.0,5207.0,NIFTY,2026-09-29,23950.0,PE,2
2026-09-04 07:05:00+00:00,195.5,199.4,195.5,197.8,7995.0,6935.0,NIFTY,2026-09-29,23950.0,PE,2
2026-09-04 07:10:00+00:00,197.15,198.0,196.0,198.0,2535.0,3452.0,NIFTY,2026-09-29,23950.0,PE,2
2026-09-04 07:15:00+00:00,198.05,199.25,194.5,195.5,3640.0,6968.0,NIFTY,2026-09-29,23950.0,PE,2
2026-09-04 07:20:00+00:00,194.4,196.2,190.8,192.85,2665.0,6977.0,NIFTY,2026-09-29,23950.0,PE,2
2026-09-04 07:25:00+00:00,193.0,201.85,193.0,196.65,8385.0,10432.0,NIFTY,2026-09-29,23950.0,PE,2
2026-09-04 07:30:00+00:00,194.75,197.2,193.2,195.6,3640.0,5209.0,NIFTY,2026-09-29,23950.0,PE,2
2026-09-04 07:35:00+00:00,195.6,195.6,190.6,190.65,2600.0,3482.0,NIFTY,2026-09-29,23950.0,PE,2
2026-09-04 07:40:00+00:00,190.0,190.5,186.95,189.3,3510.0,5194.0,NIFTY,2026-09-29,23950.0,PE,2
2026-09-04 07:45:00+00:00,189.2,189.2,182.6,185.35,6240.0,6880.0,NIFTY,2026-09-29,23950.0,PE,2
2026-09-04 07:50:00+00:00,186.25,188.35,185.5,187.2,1495.0,5135.0,NIFTY,2026-09-29,23950.0,PE,2
2026-09-04 07:55:00+00:00,188.5,194.05,187.45,192.8,4745.0,8598.0,NIFTY,2026-09-29,23950.0,PE,2
2026-09-04 08:00:00+00:00,193.9,197.4,192.6,197.15,7670.0,8619.0,NIFTY,2026-09-29,23950.0,PE,2
2026-09-04 08:05:00+00:00,196.95,197.15,192.0,192.0,4940.0,6932.0,NIFTY,2026-09-29,23950.0,PE,2
2026-09-04 08:10:00+00:00,192.25,192.6,190.95,191.65,3380.0,5186.0,NIFTY,2026-09-29,23950.0,PE,2
2026-09-04 08:15:00+00:00,192.0,192.0,187.3,190.7,1040.0,8613.0,NIFTY,2026-09-29,23950.0,PE,2
2026-09-04 08:20:00+00:00,190.25,194.4,190.25,193.3,715.0,1721.0,NIFTY,2026-09-29,23950.0,PE,2
2026-09-04 08:25:00+00:00,194.75,195.4,192.65,192.95,650.0,5165.0,NIFTY,2026-09-29,23950.0,PE,2
2026-09-04 08:30:00+00:00,193.05,193.8,190.6,190.7,2600.0,8626.0,NIFTY,2026-09-29,23950.0,PE,2
2026-09-04 08:35:00+00:00,189.5,191.75,189.5,191.75,650.0,1721.0,NIFTY,2026-09-29,23950.0,PE,2
2026-09-04 08:40:00+00:00,192.15,192.15,188.0,188.5,1690.0,6866.0,NIFTY,2026-09-29,23950.0,PE,2
2026-09-04 08:45:00+00:00,188.55,190.6,188.55,190.6,585.0,1716.0,NIFTY,2026-09-29,23950.0,PE,2
2026-09-04 08:50:00+00:00,188.8,190.55,187.75,187.9,2600.0,3417.0,NIFTY,2026-09-29,23950.0,PE,2
2026-09-04 08:55:00+00:00,189.0,189.0,182.9,182.9,3055.0,5112.0,NIFTY,2026-09-29,23950.0,PE,2
2026-09-04 09:00:00+00:00,182.5,183.75,180.8,183.75,1300.0,6826.0,NIFTY,2026-09-29,23950.0,PE,2
2026-09-04 09:05:00+00:00,188.15,188.15,187.8,187.8,650.0,1707.0,NIFTY,2026-09-29,23950.0,PE,2
2026-09-04 09:10:00+00:00,191.0,192.35,187.65,191.7,1755.0,6812.0,NIFTY,2026-09-29,23950.0,PE,2
2026-09-04 09:15:00+00:00,191.45,193.8,190.65,191.0,3640.0,5104.0,NIFTY,2026-09-29,23950.0,PE,2
2026-09-04 09:20:00+00:00,190.4,193.35,190.15,192.75,1495.0,3407.0,NIFTY,2026-09-29,23950.0,PE,2
2026-09-04 09:25:00+00:00,192.0,192.95,189.95,190.85,910.0,5122.0,NIFTY,2026-09-29,23950.0,PE,2
2026-09-04 09:30:00+00:00,191.3,194.9,190.0,194.9,4615.0,8619.0,NIFTY,2026-09-29,23950.0,PE,2
2026-09-04 09:35:00+00:00,194.85,195.0,191.05,192.1,2080.0,6895.0,NIFTY,2026-09-29,23950.0,PE,2
2026-09-04 09:40:00+00:00,192.6,192.75,188.0,191.1,3185.0,8619.0,NIFTY,2026-09-29,23950.0,PE,2
2026-09-04 09:45:00+00:00,190.3,192.0,187.85,189.5,3835.0,8608.0,NIFTY,2026-09-29,23950.0,PE,2
2026-09-04 09:50:00+00:00,189.55,197.95,189.55,193.6,11960.0,6843.0,NIFTY,2026-09-29,23950.0,PE,2
2026-09-04 09:55:00+00:00,193.9,195.5,190.0,195.5,5070.0,5091.0,NIFTY,2026-09-29,23950.0,PE,2
2026-09-04 10:00:00+00:00,195.25,195.4,193.0,193.6,5135.0,6770.0,NIFTY,2026-09-29,23950.0,PE,2
2026-09-04 10:05:00+00:00,193.05,194.8,191.4,191.4,9295.0,5031.0,NIFTY,2026-09-29,23950.0,PE,2
2026-09-07 03:45:00+00:00,219.95,246.95,217.75,235.0,36140.0,8169.0,NIFTY,2026-09-29,23950.0,PE,2
2026-09-07 03:50:00+00:00,236.9,241.65,234.35,241.65,18330.0,7955.0,NIFTY,2026-09-29,23950.0,PE,2
2026-09-07 03:55:00+00:00,243.15,248.75,243.05,248.15,7020.0,4726.0,NIFTY,2026-09-29,23950.0,PE,2
2026-09-07 04:00:00+00:00,248.3,248.3,239.3,239.3,4615.0,6312.0,NIFTY,2026-09-29,23950.0,PE,2
2026-09-07 04:05:00+00:00,239.1,241.35,236.05,237.35,7540.0,7889.0,NIFTY,2026-09-29,23950.0,PE,2
2026-09-07 04:10:00+00:00,237.6,238.75,234.4,238.75,1885.0,3168.0,NIFTY,2026-09-29,23950.0,PE,2
2026-09-07 04:15:00+00:00,237.6,242.65,237.05,241.5,1170.0,6346.0,NIFTY,2026-09-29,23950.0,PE,2
2026-09-07 04:20:00+00:00,241.95,246.9,241.0,246.9,6175.0,7933.0,NIFTY,2026-09-29,23950.0,PE,2
2026-09-07 04:25:00+00:00,246.4,251.9,243.7,248.25,32240.0,8664.0,NIFTY,2026-09-29,23950.0,PE,2
2026-09-07 04:30:00+00:00,246.35,248.7,245.0,247.0,3575.0,5281.0,NIFTY,2026-09-29,23950.0,PE,2
2026-09-07 04:35:00+00:00,247.05,248.0,246.4,248.0,3380.0,8777.0,NIFTY,2026-09-29,23950.0,PE,2
2026-09-07 04:40:00+00:00,250.0,253.4,250.0,253.4,2145.0,6916.0,NIFTY,2026-09-29,23950.0,PE,2
2026-09-07 04:45:00+00:00,253.7,262.65,252.6,261.7,12545.0,8650.0,NIFTY,2026-09-29,23950.0,PE,2
2026-09-07 04:50:00+00:00,262.05,262.05,252.3,254.6,4550.0,5183.0,NIFTY,2026-09-29,23950.0,PE,2
2026-09-07 04:55:00+00:00,257.15,257.15,253.95,255.85,3380.0,5133.0,NIFTY,2026-09-29,23950.0,PE,2
2026-09-07 05:00:00+00:00,254.7,255.65,254.25,255.3,1430.0,3423.0,NIFTY,2026-09-29,23950.0,PE,2
2026-09-07 05:05:00+00:00,256.25,257.8,253.7,253.7,650.0,3414.0,NIFTY,2026-09-29,23950.0,PE,2
2026-09-07 05:10:00+00:00,255.25,257.75,253.75,254.75,3380.0,3423.0,NIFTY,2026-09-29,23950.0,PE,2
2026-09-07 05:15:00+00:00,255.1,259.45,255.1,259.45,520.0,6891.0,NIFTY,2026-09-29,23950.0,PE,2
2026-09-07 05:20:00+00:00,259.45,263.3,259.45,262.65,1430.0,6905.0,NIFTY,2026-09-29,23950.0,PE,2
2026-09-07 05:25:00+00:00,263.2,263.9,260.3,261.8,1430.0,6877.0,NIFTY,2026-09-29,23950.0,PE,2
2026-09-07 05:30:00+00:00,262.1,273.45,262.1,272.75,2340.0,5123.0,NIFTY,2026-09-29,23950.0,PE,2
2026-09-07 05:35:00+00:00,272.75,275.1,270.05,273.6,3380.0,6768.0,NIFTY,2026-09-29,23950.0,PE,2
2026-09-07 05:40:00+00:00,273.35,277.1,270.0,275.0,3250.0,6732.0,NIFTY,2026-09-29,23950.0,PE,2
2026-09-07 05:45:00+00:00,274.15,275.95,273.05,274.85,1950.0,6715.0,NIFTY,2026-09-29,23950.0,PE,2
2026-09-07 05:50:00+00:00,270.55,272.2,268.7,272.2,845.0,5021.0,NIFTY,2026-09-29,23950.0,PE,2
2026-09-07 05:55:00+00:00,273.55,275.4,272.8,274.15,910.0,5008.0,NIFTY,2026-09-29,23950.0,PE,2
2026-09-07 06:00:00+00:00,274.75,275.7,272.8,273.15,650.0,5000.0,NIFTY,2026-09-29,23950.0,PE,2
2026-09-07 06:05:00+00:00,272.85,275.55,272.85,275.55,1300.0,6650.0,NIFTY,2026-09-29,23950.0,PE,2
2026-09-07 06:10:00+00:00,278.0,280.15,269.8,269.8,780.0,6621.0,NIFTY,2026-09-29,23950.0,PE,2
2026-09-07 06:15:00+00:00,268.85,270.0,268.85,270.0,325.0,3303.0,NIFTY,2026-09-29,23950.0,PE,2
2026-09-07 06:20:00+00:00,268.25,268.25,264.2,265.35,1820.0,1650.0,NIFTY,2026-09-29,23950.0,PE,2
2026-09-07 06:25:00+00:00,264.35,268.0,264.35,266.7,260.0,3283.0,NIFTY,2026-09-29,23950.0,PE,2
2026-09-07 06:30:00+00:00,268.05,270.0,266.0,266.0,455.0,4919.0,NIFTY,2026-09-29,23950.0,PE,2
2026-09-07 06:35:00+00:00,268.3,269.5,264.7,264.7,455.0,3276.0,NIFTY,2026-09-29,23950.0,PE,2
2026-09-07 06:40:00+00:00,260.35,260.85,258.0,259.65,1040.0,6556.0,NIFTY,2026-09-29,23950.0,PE,2
2026-09-07 06:45:00+00:00,256.9,268.2,256.9,267.95,455.0,1636.0,NIFTY,2026-09-29,23950.0,PE,2
2026-09-07 06:50:00+00:00,268.35,272.7,267.1,270.65,1495.0,3272.0,NIFTY,2026-09-29,23950.0,PE,2
2026-09-07 06:55:00+00:00,270.0,273.35,270.0,273.2,1690.0,4898.0,NIFTY,2026-09-29,23950.0,PE,2
2026-09-07 07:00:00+00:00,274.35,277.15,271.1,272.45,2015.0,6563.0,NIFTY,2026-09-29,23950.0,PE,2
2026-09-07 07:05:00+00:00,272.8,274.35,268.95,270.0,585.0,3281.0,NIFTY,2026-09-29,23950.0,PE,2
2026-09-07 07:10:00+00:00,270.6,271.7,268.95,271.7,2860.0,8192.0,NIFTY,2026-09-29,23950.0,PE,2
2026-09-07 07:15:00+00:00,271.35,275.95,271.35,275.95,4680.0,4873.0,NIFTY,2026-09-29,23950.0,PE,2
2026-09-07 07:20:00+00:00,276.0,286.7,276.0,282.65,3380.0,8049.0,NIFTY,2026-09-29,23950.0,PE,2
2026-09-07 07:25:00+00:00,284.6,284.6,277.75,277.75,715.0,3210.0,NIFTY,2026-09-29,23950.0,PE,2
2026-09-07 07:30:00+00:00,277.8,277.8,275.4,275.75,845.0,1605.0,NIFTY,2026-09-29,23950.0,PE,2
2026-09-07 07:35:00+00:00,274.45,274.85,272.4,273.25,2340.0,4836.0,NIFTY,2026-09-29,23950.0,PE,2
2026-09-07 07:40:00+00:00,274.2,274.9,272.5,274.5,1885.0,6434.0,NIFTY,2026-09-29,23950.0,PE,2
2026-09-07 07:45:00+00:00,272.35,274.85,272.35,274.85,390.0,1608.0,NIFTY,2026-09-29,23950.0,PE,2
2026-09-07 07:50:00+00:00,273.0,273.0,270.6,271.05,1430.0,4806.0,NIFTY,2026-09-29,23950.0,PE,2
2026-09-07 07:55:00+00:00,267.2,269.5,267.2,269.45,455.0,3197.0,NIFTY,2026-09-29,23950.0,PE,2
2026-09-07 08:00:00+00:00,268.6,269.95,268.4,269.75,715.0,3196.0,NIFTY,2026-09-29,23950.0,PE,2
2026-09-07 08:05:00+00:00,266.6,266.6,264.4,265.0,260.0,1599.0,NIFTY,2026-09-29,23950.0,PE,2
2026-09-07 08:10:00+00:00,266.35,266.35,266.35,266.35,65.0,,NIFTY,2026-09-29,23950.0,PE,2
2026-09-07 08:15:00+00:00,265.05,265.25,261.45,261.45,1040.0,4790.0,NIFTY,2026-09-29,23950.0,PE,2
2026-09-07 08:20:00+00:00,262.85,262.95,250.65,253.2,4225.0,4794.0,NIFTY,2026-09-29,23950.0,PE,2
2026-09-07 08:25:00+00:00,252.15,252.95,251.35,252.6,260.0,3205.0,NIFTY,2026-09-29,23950.0,PE,2
2026-09-07 08:30:00+00:00,252.35,252.35,246.15,249.5,1495.0,3209.0,NIFTY,2026-09-29,23950.0,PE,2
2026-09-07 08:35:00+00:00,251.4,257.65,251.4,256.35,260.0,3222.0,NIFTY,2026-09-29,23950.0,PE,2
2026-09-07 08:40:00+00:00,253.55,253.8,253.55,253.8,130.0,,NIFTY,2026-09-29,23950.0,PE,2
2026-09-07 08:45:00+00:00,252.85,257.85,252.85,257.85,455.0,1610.0,NIFTY,2026-09-29,23950.0,PE,2
2026-09-07 08:50:00+00:00,255.05,255.05,252.65,252.65,390.0,1611.0,NIFTY,2026-09-29,23950.0,PE,2
2026-09-07 08:55:00+00:00,251.1,251.8,249.35,249.35,3185.0,3241.0,NIFTY,2026-09-29,23950.0,PE,2
2026-09-07 09:00:00+00:00,249.65,259.05,249.25,259.05,2210.0,1632.0,NIFTY,2026-09-29,23950.0,PE,2
2026-09-07 09:05:00+00:00,256.35,262.75,256.35,262.75,585.0,6538.0,NIFTY,2026-09-29,23950.0,PE,2
2026-09-07 09:10:00+00:00,264.7,269.7,264.7,269.7,4030.0,6538.0,NIFTY,2026-09-29,23950.0,PE,2
2026-09-07 09:15:00+00:00,270.05,271.75,267.2,268.05,1755.0,6548.0,NIFTY,2026-09-29,23950.0,PE,2
2026-09-07 09:20:00+00:00,267.0,270.0,264.55,269.15,3250.0,3263.0,NIFTY,2026-09-29,23950.0,PE,2
2026-09-07 09:25:00+00:00,269.0,270.1,266.7,270.1,1690.0,6642.0,NIFTY,2026-09-29,23950.0,PE,2
2026-09-07 09:30:00+00:00,269.1,269.2,263.55,264.55,6955.0,6761.0,NIFTY,2026-09-29,23950.0,PE,2
2026-09-07 09:35:00+00:00,267.8,269.75,265.95,269.75,13065.0,6944.0,NIFTY,2026-09-29,23950.0,PE,2
2026-09-07 09:40:00+00:00,269.1,269.75,264.45,264.45,4550.0,8624.0,NIFTY,2026-09-29,23950.0,PE,2
2026-09-07 09:45:00+00:00,266.2,278.5,265.65,278.15,26585.0,9151.0,NIFTY,2026-09-29,23950.0,PE,2
2026-09-07 09:50:00+00:00,278.65,278.85,266.85,270.25,4160.0,3788.0,NIFTY,2026-09-29,23950.0,PE,2
2026-09-07 09:55:00+00:00,271.15,275.15,271.15,272.35,2470.0,7562.0,NIFTY,2026-09-29,23950.0,PE,2
2026-09-07 10:00:00+00:00,270.45,276.15,269.15,276.15,520.0,1890.0,NIFTY,2026-09-29,23950.0,PE,2
2026-09-07 10:05:00+00:00,278.0,281.0,278.0,281.0,7865.0,5684.0,NIFTY,2026-09-29,23950.0,PE,2
2026-09-08 03:45:00+00:00,324.85,324.85,314.25,317.0,22165.0,7460.0,NIFTY,2026-09-29,23950.0,PE,2
2026-09-08 03:50:00+00:00,317.25,321.75,315.45,319.2,11570.0,9059.0,NIFTY,2026-09-29,23950.0,PE,2
2026-09-08 03:55:00+00:00,322.15,327.0,319.6,327.0,4940.0,9106.0,NIFTY,2026-09-29,23950.0,PE,2
2026-09-08 04:00:00+00:00,324.25,324.25,320.15,321.0,780.0,5482.0,NIFTY,2026-09-29,23950.0,PE,2
2026-09-08 04:05:00+00:00,320.7,320.7,312.35,312.75,3250.0,5458.0,NIFTY,2026-09-29,23950.0,PE,2
2026-09-08 04:10:00+00:00,314.65,326.35,314.65,325.15,3705.0,7315.0,NIFTY,2026-09-29,23950.0,PE,2
2026-09-08 04:15:00+00:00,325.0,326.2,314.7,314.7,2990.0,7397.0,NIFTY,2026-09-29,23950.0,PE,2
2026-09-08 04:20:00+00:00,312.75,319.05,312.65,319.05,7605.0,3706.0,NIFTY,2026-09-29,23950.0,PE,2
2026-09-08 04:25:00+00:00,320.0,327.75,320.0,326.0,390.0,,NIFTY,2026-09-29,23950.0,PE,2
2026-09-08 04:30:00+00:00,323.0,327.95,323.0,327.1,975.0,7413.0,NIFTY,2026-09-29,23950.0,PE,2
2026-09-08 04:35:00+00:00,328.1,328.65,315.45,315.45,1885.0,5542.0,NIFTY,2026-09-29,23950.0,PE,2
2026-09-08 04:40:00+00:00,316.5,316.5,299.05,299.4,1495.0,5518.0,NIFTY,2026-09-29,23950.0,PE,2
2026-09-08 04:45:00+00:00,295.35,307.75,295.35,304.05,1820.0,3658.0,NIFTY,2026-09-29,23950.0,PE,2
2026-09-08 04:50:00+00:00,306.15,308.05,304.55,306.2,1235.0,5468.0,NIFTY,2026-09-29,23950.0,PE,2
2026-09-08 04:55:00+00:00,312.2,314.3,307.0,309.6,1950.0,9083.0,NIFTY,2026-09-29,23950.0,PE,2
2026-09-08 05:00:00+00:00,309.8,312.2,309.8,312.2,325.0,3623.0,NIFTY,2026-09-29,23950.0,PE,2
2026-09-08 05:05:00+00:00,315.6,324.0,315.6,324.0,910.0,7250.0,NIFTY,2026-09-29,23950.0,PE,2
2026-09-08 05:10:00+00:00,324.55,326.0,323.8,323.8,455.0,3618.0,NIFTY,2026-09-29,23950.0,PE,2
2026-09-08 05:15:00+00:00,324.5,324.5,313.15,315.45,715.0,10847.0,NIFTY,2026-09-29,23950.0,PE,2
2026-09-08 05:20:00+00:00,311.85,315.6,309.45,315.6,455.0,5413.0,NIFTY,2026-09-29,23950.0,PE,2
2026-09-08 05:25:00+00:00,318.0,321.55,317.05,321.45,520.0,5408.0,NIFTY,2026-09-29,23950.0,PE,2
2026-09-08 05:30:00+00:00,325.35,325.8,324.3,325.8,520.0,5402.0,NIFTY,2026-09-29,23950.0,PE,2
2026-09-08 05:35:00+00:00,325.95,325.95,320.5,320.5,390.0,1799.0,NIFTY,2026-09-29,23950.0,PE,2
2026-09-08 05:40:00+00:00,320.25,320.4,319.3,319.3,325.0,5391.0,NIFTY,2026-09-29,23950.0,PE,2
2026-09-08 05:45:00+00:00,319.95,319.95,316.15,316.15,520.0,5385.0,NIFTY,2026-09-29,23950.0,PE,2
2026-09-08 05:50:00+00:00,316.95,316.95,316.95,316.95,130.0,1795.0,NIFTY,2026-09-29,23950.0,PE,2
2026-09-08 05:55:00+00:00,317.9,318.25,317.9,318.25,325.0,3592.0,NIFTY,2026-09-29,23950.0,PE,2
2026-09-08 06:00:00+00:00,320.2,323.55,319.0,323.45,1820.0,7161.0,NIFTY,2026-09-29,23950.0,PE,2
2026-09-08 06:05:00+00:00,323.15,323.15,319.55,319.55,1430.0,3589.0,NIFTY,2026-09-29,23950.0,PE,2
2026-09-08 06:10:00+00:00,319.6,322.5,319.6,321.9,585.0,7170.0,NIFTY,2026-09-29,23950.0,PE,2
2026-09-08 06:15:00+00:00,322.7,327.0,319.6,327.0,1365.0,5370.0,NIFTY,2026-09-29,23950.0,PE,2
2026-09-08 06:20:00+00:00,330.0,334.25,325.35,325.8,1430.0,1784.0,NIFTY,2026-09-29,23950.0,PE,2
2026-09-08 06:25:00+00:00,323.65,332.55,323.65,332.55,715.0,1784.0,NIFTY,2026-09-29,23950.0,PE,2
2026-09-08 06:30:00+00:00,334.15,337.05,332.8,335.85,1040.0,8900.0,NIFTY,2026-09-29,23950.0,PE,2
2026-09-08 06:35:00+00:00,344.8,344.8,340.0,340.05,1755.0,3554.0,NIFTY,2026-09-29,23950.0,PE,2
2026-09-08 06:40:00+00:00,340.0,340.0,336.35,338.3,1040.0,3552.0,NIFTY,2026-09-29,23950.0,PE,2
2026-09-08 06:45:00+00:00,338.1,338.1,336.3,336.3,130.0,,NIFTY,2026-09-29,23950.0,PE,2
2026-09-08 06:55:00+00:00,334.0,334.0,334.0,334.0,65.0,,NIFTY,2026-09-29,23950.0,PE,2
2026-09-08 07:00:00+00:00,329.75,329.75,325.2,327.0,650.0,3556.0,NIFTY,2026-09-29,23950.0,PE,2
2026-09-08 07:05:00+00:00,325.0,325.0,318.3,320.1,325.0,3553.0,NIFTY,2026-09-29,23950.0,PE,2
2026-09-08 07:10:00+00:00,323.15,332.05,323.15,332.05,455.0,3556.0,NIFTY,2026-09-29,23950.0,PE,2
2026-09-08 07:15:00+00:00,331.1,334.1,331.1,334.1,260.0,1780.0,NIFTY,2026-09-29,23950.0,PE,2
2026-09-08 07:20:00+00:00,333.0,333.15,329.9,331.4,455.0,3558.0,NIFTY,2026-09-29,23950.0,PE,2
2026-09-08 07:25:00+00:00,330.55,330.55,327.75,327.75,585.0,1777.0,NIFTY,2026-09-29,23950.0,PE,2
2026-09-08 07:30:00+00:00,332.6,334.4,329.2,334.4,23335.0,5688.0,NIFTY,2026-09-29,23950.0,PE,2
2026-09-08 07:35:00+00:00,331.75,331.75,331.75,331.75,195.0,1954.0,NIFTY,2026-09-29,23950.0,PE,2
2026-09-08 07:40:00+00:00,329.8,332.35,328.05,328.05,650.0,3909.0,NIFTY,2026-09-29,23950.0,PE,2
2026-09-08 07:45:00+00:00,329.1,333.45,329.1,332.4,585.0,3913.0,NIFTY,2026-09-29,23950.0,PE,2
2026-09-08 07:50:00+00:00,333.3,335.4,333.3,335.4,325.0,3916.0,NIFTY,2026-09-29,23950.0,PE,2
2026-09-08 07:55:00+00:00,335.55,338.05,335.55,337.95,650.0,1960.0,NIFTY,2026-09-29,23950.0,PE,2
2026-09-08 08:00:00+00:00,336.25,343.55,336.25,341.2,390.0,3926.0,NIFTY,2026-09-29,23950.0,PE,2
2026-09-08 08:05:00+00:00,339.05,344.6,339.05,344.0,1105.0,3930.0,NIFTY,2026-09-29,23950.0,PE,2
2026-09-08 08:10:00+00:00,340.6,342.15,340.55,342.15,1105.0,3934.0,NIFTY,2026-09-29,23950.0,PE,2
2026-09-08 08:15:00+00:00,344.95,346.1,343.05,344.6,780.0,5894.0,NIFTY,2026-09-29,23950.0,PE,2
2026-09-08 08:20:00+00:00,354.85,354.85,347.7,347.7,1170.0,3925.0,NIFTY,2026-09-29,23950.0,PE,2
2026-09-08 08:25:00+00:00,345.85,345.85,345.85,345.85,65.0,,NIFTY,2026-09-29,23950.0,PE,2
2026-09-08 08:30:00+00:00,344.0,346.7,341.45,341.45,2145.0,9795.0,NIFTY,2026-09-29,23950.0,PE,2
2026-09-08 08:35:00+00:00,336.95,340.9,336.95,338.05,975.0,5879.0,NIFTY,2026-09-29,23950.0,PE,2
2026-09-08 08:40:00+00:00,336.6,336.6,332.35,333.3,1235.0,3905.0,NIFTY,2026-09-29,23950.0,PE,2
2026-09-08 08:45:00+00:00,335.7,337.2,334.3,334.3,650.0,3908.0,NIFTY,2026-09-29,23950.0,PE,2
2026-09-08 08:50:00+00:00,337.6,338.95,336.6,338.95,910.0,3911.0,NIFTY,2026-09-29,23950.0,PE,2
2026-09-08 08:55:00+00:00,341.85,341.85,334.15,334.15,780.0,1956.0,NIFTY,2026-09-29,23950.0,PE,2
2026-09-08 09:00:00+00:00,334.9,335.0,330.5,330.5,390.0,3905.0,NIFTY,2026-09-29,23950.0,PE,2
2026-09-08 09:05:00+00:00,330.8,335.7,330.8,335.7,845.0,3911.0,NIFTY,2026-09-29,23950.0,PE,2
2026-09-08 09:10:00+00:00,339.0,339.0,331.25,331.25,585.0,5874.0,NIFTY,2026-09-29,23950.0,PE,2
2026-09-08 09:15:00+00:00,334.0,336.5,333.05,336.5,1755.0,7800.0,NIFTY,2026-09-29,23950.0,PE,2
2026-09-08 09:20:00+00:00,339.0,341.0,338.95,338.95,325.0,,NIFTY,2026-09-29,23950.0,PE,2
2026-09-08 09:25:00+00:00,336.85,338.45,336.75,338.45,910.0,5838.0,NIFTY,2026-09-29,23950.0,PE,2
2026-09-08 09:30:00+00:00,340.35,340.35,334.3,337.6,2665.0,7739.0,NIFTY,2026-09-29,23950.0,PE,2
2026-09-08 09:35:00+00:00,338.45,338.6,336.8,336.95,2015.0,7710.0,NIFTY,2026-09-29,23950.0,PE,2
2026-09-08 09:40:00+00:00,335.4,341.25,327.5,339.3,1885.0,7664.0,NIFTY,2026-09-29,23950.0,PE,2
2026-09-08 09:45:00+00:00,340.0,340.1,334.35,334.4,845.0,1908.0,NIFTY,2026-09-29,23950.0,PE,2
2026-09-08 09:50:00+00:00,339.6,344.85,339.6,342.2,1040.0,5709.0,NIFTY,2026-09-29,23950.0,PE,2
2026-09-08 09:55:00+00:00,339.75,339.75,335.05,335.05,130.0,3803.0,NIFTY,2026-09-29,23950.0,PE,2
2026-09-08 10:00:00+00:00,342.75,342.75,333.9,334.6,2665.0,3779.0,NIFTY,2026-09-29,23950.0,PE,2
2026-09-08 10:05:00+00:00,336.0,340.5,335.1,340.5,2275.0,7512.0,NIFTY,2026-09-29,23950.0,PE,2
2026-09-09 03:45:00+00:00,430.0,446.2,427.5,437.8,4940.0,7484.0,NIFTY,2026-09-29,23950.0,PE,2
2026-09-09 03:50:00+00:00,437.7,443.7,433.0,438.15,2340.0,7423.0,NIFTY,2026-09-29,23950.0,PE,2
2026-09-09 03:55:00+00:00,435.85,436.45,429.6,434.0,21515.0,7339.0,NIFTY,2026-09-29,23950.0,PE,2
2026-09-09 04:00:00+00:00,437.25,438.25,434.0,434.0,1885.0,7157.0,NIFTY,2026-09-29,23950.0,PE,2
2026-09-09 04:05:00+00:00,434.7,435.95,425.0,426.0,585.0,3558.0,NIFTY,2026-09-29,23950.0,PE,2
2026-09-09 04:10:00+00:00,421.0,423.9,417.2,420.35,520.0,5331.0,NIFTY,2026-09-29,23950.0,PE,2
2026-09-09 04:15:00+00:00,423.0,440.0,423.0,439.1,1625.0,5318.0,NIFTY,2026-09-29,23950.0,PE,2
2026-09-09 04:20:00+00:00,444.9,448.95,438.25,442.1,2405.0,5307.0,NIFTY,2026-09-29,23950.0,PE,2
2026-09-09 04:25:00+00:00,441.15,451.0,440.05,446.15,7930.0,8767.0,NIFTY,2026-09-29,23950.0,PE,2
2026-09-09 04:30:00+00:00,455.1,460.0,453.95,453.95,910.0,6966.0,NIFTY,2026-09-29,23950.0,PE,2
2026-09-09 04:35:00+00:00,453.8,460.5,450.0,460.5,9425.0,5206.0,NIFTY,2026-09-29,23950.0,PE,2
2026-09-09 04:40:00+00:00,454.75,460.65,448.3,450.45,715.0,3453.0,NIFTY,2026-09-29,23950.0,PE,2
2026-09-09 04:45:00+00:00,432.65,432.65,422.9,422.9,1105.0,3450.0,NIFTY,2026-09-29,23950.0,PE,2
2026-09-09 04:50:00+00:00,422.75,422.75,402.85,407.95,1105.0,1722.0,NIFTY,2026-09-29,23950.0,PE,2
2026-09-09 04:55:00+00:00,406.7,413.75,405.4,408.0,5785.0,6863.0,NIFTY,2026-09-29,23950.0,PE,2
2026-09-09 05:00:00+00:00,405.0,418.4,405.0,418.4,325.0,3420.0,NIFTY,2026-09-29,23950.0,PE,2
2026-09-09 05:05:00+00:00,419.95,432.45,419.95,432.45,585.0,6826.0,NIFTY,2026-09-29,23950.0,PE,2
2026-09-09 05:10:00+00:00,433.0,436.5,433.0,436.5,325.0,5111.0,NIFTY,2026-09-29,23950.0,PE,2
2026-09-09 05:15:00+00:00,432.05,432.05,426.6,426.6,715.0,8502.0,NIFTY,2026-09-29,23950.0,PE,2
2026-09-09 05:20:00+00:00,427.5,431.1,425.7,425.7,455.0,5089.0,NIFTY,2026-09-29,23950.0,PE,2
2026-09-09 05:25:00+00:00,424.45,424.5,418.0,418.0,715.0,5083.0,NIFTY,2026-09-29,23950.0,PE,2
2026-09-09 05:30:00+00:00,417.25,419.0,410.25,412.0,585.0,5064.0,NIFTY,2026-09-29,23950.0,PE,2
2026-09-09 05:35:00+00:00,418.5,418.5,414.0,414.0,195.0,3372.0,NIFTY,2026-09-29,23950.0,PE,2
2026-09-09 05:40:00+00:00,418.8,420.25,418.8,420.25,130.0,3368.0,NIFTY,2026-09-29,23950.0,PE,2
2026-09-09 05:45:00+00:00,419.1,421.95,419.1,420.05,650.0,6734.0,NIFTY,2026-09-29,23950.0,PE,2
2026-09-09 05:50:00+00:00,413.35,422.0,412.65,422.0,455.0,6724.0,NIFTY,2026-09-29,23950.0,PE,2
2026-09-09 05:55:00+00:00,418.5,421.75,418.5,420.25,195.0,3358.0,NIFTY,2026-09-29,23950.0,PE,2
2026-09-09 06:00:00+00:00,420.05,421.5,419.2,421.5,1235.0,5023.0,NIFTY,2026-09-29,23950.0,PE,2
2026-09-09 06:05:00+00:00,418.2,422.1,418.2,422.1,650.0,3331.0,NIFTY,2026-09-29,23950.0,PE,2
2026-09-09 06:10:00+00:00,411.75,411.75,411.75,411.75,65.0,1664.0,NIFTY,2026-09-29,23950.0,PE,2
2026-09-09 06:15:00+00:00,414.3,420.25,414.3,420.25,195.0,1663.0,NIFTY,2026-09-29,23950.0,PE,2
2026-09-09 06:20:00+00:00,425.0,434.1,425.0,434.1,520.0,3324.0,NIFTY,2026-09-29,23950.0,PE,2
2026-09-09 06:25:00+00:00,438.35,448.8,438.35,448.8,1430.0,4978.0,NIFTY,2026-09-29,23950.0,PE,2
2026-09-09 06:30:00+00:00,453.25,459.55,453.25,456.15,1560.0,6589.0,NIFTY,2026-09-29,23950.0,PE,2
2026-09-09 06:35:00+00:00,460.8,462.0,457.5,457.5,715.0,3284.0,NIFTY,2026-09-29,23950.0,PE,2
2026-09-09 06:40:00+00:00,457.3,457.3,446.95,449.5,585.0,4915.0,NIFTY,2026-09-29,23950.0,PE,2
2026-09-09 06:45:00+00:00,449.85,449.85,449.85,449.85,65.0,1637.0,NIFTY,2026-09-29,23950.0,PE,2
2026-09-09 06:55:00+00:00,446.9,446.9,434.1,434.1,715.0,4906.0,NIFTY,2026-09-29,23950.0,PE,2
2026-09-09 07:00:00+00:00,423.8,423.8,398.85,404.45,650.0,6532.0,NIFTY,2026-09-29,23950.0,PE,2
2026-09-09 07:05:00+00:00,395.65,395.65,391.0,394.05,1105.0,3253.0,NIFTY,2026-09-29,23950.0,PE,2
2026-09-09 07:10:00+00:00,398.95,398.95,390.55,391.95,195.0,1626.0,NIFTY,2026-09-29,23950.0,PE,2
2026-09-09 07:15:00+00:00,393.25,395.2,393.25,395.0,390.0,3248.0,NIFTY,2026-09-29,23950.0,PE,2
2026-09-09 07:20:00+00:00,398.35,400.8,390.45,400.8,1560.0,3227.0,NIFTY,2026-09-29,23950.0,PE,2
2026-09-09 07:25:00+00:00,404.95,405.45,395.0,395.0,455.0,1610.0,NIFTY,2026-09-29,23950.0,PE,2
2026-09-09 07:30:00+00:00,401.0,401.0,401.0,401.0,65.0,1609.0,NIFTY,2026-09-29,23950.0,PE,2
2026-09-09 07:40:00+00:00,404.35,404.35,404.35,404.35,65.0,1608.0,NIFTY,2026-09-29,23950.0,PE,2
2026-09-09 07:45:00+00:00,406.0,406.0,406.0,406.0,715.0,3215.0,NIFTY,2026-09-29,23950.0,PE,2
2026-09-09 08:00:00+00:00,403.3,406.0,403.15,403.15,2535.0,1602.0,NIFTY,2026-09-29,23950.0,PE,2
2026-09-09 08:10:00+00:00,396.3,396.6,396.3,396.6,455.0,1606.0,NIFTY,2026-09-29,23950.0,PE,2
2026-09-09 08:15:00+00:00,398.75,398.75,398.75,398.75,65.0,1604.0,NIFTY,2026-09-29,23950.0,PE,2
2026-09-09 08:20:00+00:00,400.95,400.95,396.3,396.3,130.0,1604.0,NIFTY,2026-09-29,23950.0,PE,2
2026-09-09 08:25:00+00:00,399.55,399.55,399.55,399.55,130.0,,NIFTY,2026-09-29,23950.0,PE,2
2026-09-09 08:35:00+00:00,396.8,396.8,395.95,395.95,130.0,,NIFTY,2026-09-29,23950.0,PE,2
2026-09-09 08:40:00+00:00,408.7,408.7,408.7,408.7,130.0,,NIFTY,2026-09-29,23950.0,PE,2
2026-09-09 08:45:00+00:00,408.2,408.2,408.2,408.2,195.0,1603.0,NIFTY,2026-09-29,23950.0,PE,2
2026-09-09 08:55:00+00:00,406.35,406.35,406.35,406.35,65.0,1604.0,NIFTY,2026-09-29,23950.0,PE,2
2026-09-09 09:05:00+00:00,425.05,425.05,425.05,425.05,65.0,,NIFTY,2026-09-29,23950.0,PE,2
2026-09-09 09:10:00+00:00,436.9,441.0,435.85,441.0,715.0,3203.0,NIFTY,2026-09-29,23950.0,PE,2
2026-09-09 09:15:00+00:00,446.0,446.0,446.0,446.0,130.0,,NIFTY,2026-09-29,23950.0,PE,2
2026-09-09 09:20:00+00:00,435.15,435.15,435.15,435.15,195.0,1599.0,NIFTY,2026-09-29,23950.0,PE,2
2026-09-09 09:25:00+00:00,439.0,439.0,439.0,439.0,260.0,,NIFTY,2026-09-29,23950.0,PE,2
2026-09-09 09:30:00+00:00,442.9,456.8,440.85,456.8,1430.0,7959.0,NIFTY,2026-09-29,23950.0,PE,2
2026-09-09 09:35:00+00:00,472.75,477.0,455.65,459.6,4290.0,9433.0,NIFTY,2026-09-29,23950.0,PE,2
2026-09-09 09:40:00+00:00,455.2,463.0,455.2,458.55,1690.0,3122.0,NIFTY,2026-09-29,23950.0,PE,2
2026-09-09 09:45:00+00:00,462.85,463.3,462.85,463.3,195.0,,NIFTY,2026-09-29,23950.0,PE,2
2026-09-09 09:50:00+00:00,462.75,470.25,462.75,470.25,1235.0,3108.0,NIFTY,2026-09-29,23950.0,PE,2
2026-09-09 09:55:00+00:00,469.3,476.3,469.3,476.3,780.0,1556.0,NIFTY,2026-09-29,23950.0,PE,2
2026-09-09 10:00:00+00:00,485.9,490.95,481.1,490.95,975.0,4646.0,NIFTY,2026-09-29,23950.0,PE,2
2026-09-09 10:05:00+00:00,488.85,504.75,488.85,504.75,780.0,3084.0,NIFTY,2026-09-29,23950.0,PE,2
2026-09-10 03:45:00+00:00,478.8,490.0,472.55,474.0,520.0,3027.0,NIFTY,2026-09-29,23950.0,PE,2
2026-09-10 03:50:00+00:00,474.55,502.7,474.55,502.7,1430.0,3027.0,NIFTY,2026-09-29,23950.0,PE,2
2026-09-10 03:55:00+00:00,505.95,505.95,490.95,491.4,1105.0,1512.0,NIFTY,2026-09-29,23950.0,PE,2
2026-09-10 04:00:00+00:00,503.95,505.9,494.05,494.05,1300.0,5989.0,NIFTY,2026-09-29,23950.0,PE,2
2026-09-10 04:05:00+00:00,503.7,504.5,503.7,504.5,130.0,1492.0,NIFTY,2026-09-29,23950.0,PE,2
2026-09-10 04:10:00+00:00,508.45,509.7,490.05,491.05,1235.0,4469.0,NIFTY,2026-09-29,23950.0,PE,2
2026-09-10 04:15:00+00:00,499.0,499.35,490.85,495.15,1170.0,4459.0,NIFTY,2026-09-29,23950.0,PE,2
2026-09-10 04:20:00+00:00,488.0,488.0,480.05,482.25,1560.0,2956.0,NIFTY,2026-09-29,23950.0,PE,2
2026-09-10 04:25:00+00:00,497.85,497.85,496.8,496.8,65.0,1471.0,NIFTY,2026-09-29,23950.0,PE,2
2026-09-10 04:30:00+00:00,496.8,509.85,496.8,506.0,585.0,1470.0,NIFTY,2026-09-29,23950.0,PE,2
2026-09-10 04:35:00+00:00,501.95,501.95,501.95,501.95,260.0,,NIFTY,2026-09-29,23950.0,PE,2
2026-09-10 04:40:00+00:00,510.45,512.6,510.45,512.6,5200.0,2962.0,NIFTY,2026-09-29,23950.0,PE,2
2026-09-10 04:45:00+00:00,499.15,499.15,489.95,490.0,5460.0,4480.0,NIFTY,2026-09-29,23950.0,PE,2
2026-09-10 04:50:00+00:00,498.85,498.85,498.85,498.85,130.0,3071.0,NIFTY,2026-09-29,23950.0,PE,2
2026-09-10 04:55:00+00:00,499.85,499.85,499.85,499.85,65.0,,NIFTY,2026-09-29,23950.0,PE,2
2026-09-10 05:00:00+00:00,492.8,492.8,492.8,492.8,65.0,1534.0,NIFTY,2026-09-29,23950.0,PE,2
2026-09-10 05:20:00+00:00,498.95,498.95,498.1,498.1,130.0,,NIFTY,2026-09-29,23950.0,PE,2
2026-09-10 05:25:00+00:00,506.45,509.9,506.45,509.9,130.0,,NIFTY,2026-09-29,23950.0,PE,2
2026-09-10 05:30:00+00:00,501.7,501.7,501.7,501.7,65.0,1534.0,NIFTY,2026-09-29,23950.0,PE,2
2026-09-10 05:35:00+00:00,498.55,504.3,498.55,500.05,195.0,,NIFTY,2026-09-29,23950.0,PE,2
2026-09-10 05:40:00+00:00,490.75,490.75,490.75,490.75,65.0,,NIFTY,2026-09-29,23950.0,PE,2
2026-09-10 05:45:00+00:00,481.25,481.25,481.25,481.25,260.0,,NIFTY,2026-09-29,23950.0,PE,2
2026-09-10 05:50:00+00:00,484.25,488.0,484.25,488.0,455.0,,NIFTY,2026-09-29,23950.0,PE,2
2026-09-10 06:10:00+00:00,492.75,492.75,492.75,492.75,65.0,1532.0,NIFTY,2026-09-29,23950.0,PE,2
2026-09-10 06:15:00+00:00,485.05,485.05,485.05,485.05,65.0,,NIFTY,2026-09-29,23950.0,PE,2
2026-09-10 06:25:00+00:00,479.0,479.0,479.0,479.0,9360.0,,NIFTY,2026-09-29,23950.0,PE,2
2026-09-10 06:40:00+00:00,471.0,471.0,470.2,470.2,130.0,1483.0,NIFTY,2026-09-29,23950.0,PE,2
2026-09-10 06:45:00+00:00,468.45,468.45,468.45,468.45,2470.0,,NIFTY,2026-09-29,23950.0,PE,2
2026-09-10 06:50:00+00:00,464.55,464.55,464.55,464.55,65.0,1476.0,NIFTY,2026-09-29,23950.0,PE,2
2026-09-10 07:00:00+00:00,476.3,476.3,476.3,476.3,390.0,,NIFTY,2026-09-29,23950.0,PE,2
2026-09-10 07:30:00+00:00,496.55,496.55,494.0,494.0,260.0,2945.0,NIFTY,2026-09-29,23950.0,PE,2
2026-09-10 07:35:00+00:00,494.0,494.0,494.0,494.0,195.0,1472.0,NIFTY,2026-09-29,23950.0,PE,2
2026-09-10 07:40:00+00:00,490.6,490.6,490.05,490.05,130.0,2942.0,NIFTY,2026-09-29,23950.0,PE,2
2026-09-10 08:00:00+00:00,497.0,497.0,497.0,497.0,65.0,,NIFTY,2026-09-29,23950.0,PE,2
2026-09-10 08:10:00+00:00,495.4,495.4,491.95,491.95,195.0,,NIFTY,2026-09-29,23950.0,PE,2
2026-09-10 08:15:00+00:00,496.0,497.9,496.0,497.0,325.0,,NIFTY,2026-09-29,23950.0,PE,2
2026-09-10 08:20:00+00:00,497.75,497.75,497.75,497.75,130.0,,NIFTY,2026-09-29,23950.0,PE,2
2026-09-10 08:25:00+00:00,500.0,500.05,499.05,499.05,195.0,1470.0,NIFTY,2026-09-29,23950.0,PE,2
2026-09-10 08:30:00+00:00,505.95,507.5,505.95,507.5,130.0,,NIFTY,2026-09-29,23950.0,PE,2
2026-09-10 08:35:00+00:00,513.85,513.85,508.0,511.9,585.0,,NIFTY,2026-09-29,23950.0,PE,2
2026-09-10 08:40:00+00:00,512.0,512.0,510.0,510.0,195.0,,NIFTY,2026-09-29,23950.0,PE,2
2026-09-10 08:45:00+00:00,521.75,522.0,521.75,522.0,260.0,,NIFTY,2026-09-29,23950.0,PE,2
2026-09-10 08:50:00+00:00,512.9,512.9,512.9,512.9,65.0,1468.0,NIFTY,2026-09-29,23950.0,PE,2
2026-09-10 09:10:00+00:00,530.45,530.45,514.3,514.3,650.0,2930.0,NIFTY,2026-09-29,23950.0,PE,2
2026-09-10 09:15:00+00:00,515.75,515.75,506.65,506.65,325.0,2930.0,NIFTY,2026-09-29,23950.0,PE,2
2026-09-10 09:20:00+00:00,502.5,502.5,502.5,502.5,65.0,1466.0,NIFTY,2026-09-29,23950.0,PE,2
2026-09-10 09:25:00+00:00,512.05,516.3,512.05,516.3,195.0,1467.0,NIFTY,2026-09-29,23950.0,PE,2
2026-09-10 09:30:00+00:00,525.0,545.15,525.0,539.5,1560.0,4392.0,NIFTY,2026-09-29,23950.0,PE,2
2026-09-10 09:35:00+00:00,537.9,540.95,537.65,538.0,1300.0,5815.0,NIFTY,2026-09-29,23950.0,PE,2
2026-09-10 09:40:00+00:00,538.4,538.4,538.4,538.4,65.0,1445.0,NIFTY,2026-09-29,23950.0,PE,2
2026-09-10 09:50:00+00:00,536.2,536.2,536.2,536.2,65.0,1444.0,NIFTY,2026-09-29,23950.0,PE,2
2026-09-10 10:00:00+00:00,504.2,504.2,500.0,503.4,325.0,1443.0,NIFTY,2026-09-29,23950.0,PE,2
2026-09-10 10:05:00+00:00,512.7,514.0,509.35,509.35,585.0,4323.0,NIFTY,2026-09-29,23950.0,PE,2
2026-09-11 03:45:00+00:00,680.0,685.5,680.0,680.1,325.0,,NIFTY,2026-09-29,23950.0,PE,2
2026-09-11 03:50:00+00:00,680.75,686.95,670.55,681.5,910.0,4304.0,NIFTY,2026-09-29,23950.0,PE,2
2026-09-11 03:55:00+00:00,683.35,683.35,678.0,678.0,195.0,1433.0,NIFTY,2026-09-29,23950.0,PE,2
2026-09-11 04:00:00+00:00,686.35,686.35,674.05,681.7,195.0,2861.0,NIFTY,2026-09-29,23950.0,PE,2
2026-09-11 04:05:00+00:00,675.25,677.15,669.1,677.15,845.0,5708.0,NIFTY,2026-09-29,23950.0,PE,2
2026-09-11 04:10:00+00:00,687.9,691.05,680.45,680.45,1040.0,2835.0,NIFTY,2026-09-29,23950.0,PE,2
2026-09-11 04:15:00+00:00,687.15,687.15,683.8,683.8,130.0,1412.0,NIFTY,2026-09-29,23950.0,PE,2
2026-09-11 04:20:00+00:00,689.7,692.45,689.7,690.7,325.0,2821.0,NIFTY,2026-09-29,23950.0,PE,2
2026-09-11 04:25:00+00:00,681.9,681.9,673.3,673.3,130.0,2817.0,NIFTY,2026-09-29,23950.0,PE,2
2026-09-11 04:30:00+00:00,675.55,675.55,664.55,664.55,130.0,,NIFTY,2026-09-29,23950.0,PE,2
2026-09-11 04:35:00+00:00,670.0,670.0,658.35,658.35,260.0,2817.0,NIFTY,2026-09-29,23950.0,PE,2
2026-09-11 04:40:00+00:00,640.7,640.7,640.7,640.7,65.0,,NIFTY,2026-09-29,23950.0,PE,2
2026-09-11 04:45:00+00:00,648.75,656.3,648.75,656.3,130.0,,NIFTY,2026-09-29,23950.0,PE,2
2026-09-11 04:50:00+00:00,648.85,648.85,648.85,648.85,65.0,1407.0,NIFTY,2026-09-29,23950.0,PE,2
2026-09-11 04:55:00+00:00,641.4,649.1,641.4,649.1,130.0,2813.0,NIFTY,2026-09-29,23950.0,PE,2
2026-09-11 05:00:00+00:00,650.15,650.15,649.0,649.0,910.0,2808.0,NIFTY,2026-09-29,23950.0,PE,2
2026-09-11 05:20:00+00:00,639.35,639.35,639.35,639.35,65.0,1400.0,NIFTY,2026-09-29,23950.0,PE,2
2026-09-11 05:35:00+00:00,630.0,630.0,630.0,630.0,65.0,,NIFTY,2026-09-29,23950.0,PE,2
2026-09-11 05:40:00+00:00,615.1,615.1,589.15,589.15,195.0,2799.0,NIFTY,2026-09-29,23950.0,PE,2
2026-09-11 05:45:00+00:00,586.05,592.15,580.0,580.0,910.0,1398.0,NIFTY,2026-09-29,23950.0,PE,2
2026-09-11 05:50:00+00:00,580.4,580.4,580.4,580.4,260.0,1392.0,NIFTY,2026-09-29,23950.0,PE,2
2026-09-11 05:55:00+00:00,585.5,585.5,585.5,585.5,65.0,1390.0,NIFTY,2026-09-29,23950.0,PE,2
2026-09-11 06:05:00+00:00,580.0,580.0,580.0,580.0,65.0,1389.0,NIFTY,2026-09-29,23950.0,PE,2
2026-09-11 06:10:00+00:00,581.8,581.8,569.0,569.0,325.0,2776.0,NIFTY,2026-09-29,23950.0,PE,2
2026-09-11 06:15:00+00:00,571.05,571.05,571.05,571.05,65.0,1386.0,NIFTY,2026-09-29,23950.0,PE,2
2026-09-11 06:30:00+00:00,581.85,581.85,581.85,581.85,65.0,,NIFTY,2026-09-29,23950.0,PE,2
2026-09-11 07:20:00+00:00,588.5,588.5,588.5,588.5,65.0,,NIFTY,2026-09-29,23950.0,PE,2
2026-09-11 07:35:00+00:00,603.6,603.6,603.6,603.6,130.0,1385.0,NIFTY,2026-09-29,23950.0,PE,2
2026-09-11 07:40:00+00:00,603.6,603.6,603.6,603.6,65.0,1385.0,NIFTY,2026-09-29,23950.0,PE,2
2026-09-11 08:05:00+00:00,595.0,595.0,595.0,595.0,65.0,1384.0,NIFTY,2026-09-29,23950.0,PE,2
2026-09-11 08:10:00+00:00,605.3,625.85,605.3,625.85,1300.0,,NIFTY,2026-09-29,23950.0,PE,2
2026-09-11 08:15:00+00:00,598.15,598.15,596.65,596.65,130.0,1373.0,NIFTY,2026-09-29,23950.0,PE,2
2026-09-11 08:20:00+00:00,590.05,590.05,569.0,577.6,1495.0,2741.0,NIFTY,2026-09-29,23950.0,PE,2
2026-09-11 08:25:00+00:00,563.45,563.45,557.8,557.8,520.0,1371.0,NIFTY,2026-09-29,23950.0,PE,2
2026-09-11 08:30:00+00:00,549.7,549.7,509.75,515.9,650.0,5476.0,NIFTY,2026-09-29,23950.0,PE,2
2026-09-11 08:35:00+00:00,517.65,535.0,517.65,535.0,715.0,2738.0,NIFTY,2026-09-29,23950.0,PE,2
2026-09-11 08:40:00+00:00,529.75,535.55,529.75,534.45,260.0,1368.0,NIFTY,2026-09-29,23950.0,PE,2
2026-09-11 08:45:00+00:00,531.0,533.35,531.0,532.2,325.0,,NIFTY,2026-09-29,23950.0,PE,2
2026-09-11 08:55:00+00:00,524.0,524.05,518.0,521.95,780.0,1370.0,NIFTY,2026-09-29,23950.0,PE,2
2026-09-11 09:00:00+00:00,510.0,517.4,510.0,517.4,260.0,2737.0,NIFTY,2026-09-29,23950.0,PE,2
2026-09-11 09:05:00+00:00,518.55,518.55,518.55,518.55,130.0,,NIFTY,2026-09-29,23950.0,PE,2
2026-09-11 09:10:00+00:00,520.6,520.6,515.6,517.0,455.0,2735.0,NIFTY,2026-09-29,23950.0,PE,2
2026-09-11 09:20:00+00:00,524.3,525.0,520.6,525.0,585.0,2735.0,NIFTY,2026-09-29,23950.0,PE,2
2026-09-11 09:25:00+00:00,525.5,525.5,525.5,525.5,650.0,1365.0,NIFTY,2026-09-29,23950.0,PE,2
2026-09-11 09:30:00+00:00,545.45,545.45,545.45,545.45,65.0,1359.0,NIFTY,2026-09-29,23950.0,PE,2
2026-09-11 09:35:00+00:00,545.4,545.4,537.4,537.4,195.0,1359.0,NIFTY,2026-09-29,23950.0,PE,2
2026-09-11 09:45:00+00:00,516.05,526.65,516.05,525.95,455.0,4073.0,NIFTY,2026-09-29,23950.0,PE,2
2026-09-11 09:50:00+00:00,518.45,518.45,503.25,503.25,455.0,1355.0,NIFTY,2026-09-29,23950.0,PE,2
2026-09-11 09:55:00+00:00,535.8,535.8,535.8,535.8,65.0,1352.0,NIFTY,2026-09-29,23950.0,PE,2
2026-09-11 10:00:00+00:00,531.7,532.85,531.2,532.85,195.0,2701.0,NIFTY,2026-09-29,23950.0,PE,2
2026-09-11 10:05:00+00:00,522.05,522.05,515.25,515.25,260.0,4046.0,NIFTY,2026-09-29,23950.0,PE,2
2026-09-15 03:45:00+00:00,485.7,487.35,480.0,487.0,1040.0,1345.0,NIFTY,2026-09-29,23950.0,PE,2
2026-09-15 03:50:00+00:00,489.95,504.45,489.95,504.45,130.0,2683.0,NIFTY,2026-09-29,23950.0,PE,2
2026-09-15 03:55:00+00:00,507.25,509.2,506.2,509.2,260.0,1340.0,NIFTY,2026-09-29,23950.0,PE,2
2026-09-15 04:00:00+00:00,518.9,518.9,504.75,504.75,845.0,1337.0,NIFTY,2026-09-29,23950.0,PE,2
2026-09-15 04:05:00+00:00,506.0,518.65,504.75,518.0,520.0,5355.0,NIFTY,2026-09-29,23950.0,PE,2
2026-09-15 04:10:00+00:00,507.8,507.8,507.0,507.0,195.0,2676.0,NIFTY,2026-09-29,23950.0,PE,2
2026-09-15 04:15:00+00:00,516.35,542.8,516.35,542.8,260.0,,NIFTY,2026-09-29,23950.0,PE,2
2026-09-15 04:20:00+00:00,538.2,555.0,538.0,547.8,390.0,2673.0,NIFTY,2026-09-29,23950.0,PE,2
2026-09-15 04:35:00+00:00,575.95,575.95,575.95,575.95,65.0,1337.0,NIFTY,2026-09-29,23950.0,PE,2
2026-09-15 04:40:00+00:00,579.8,579.8,565.0,565.0,5265.0,2697.0,NIFTY,2026-09-29,23950.0,PE,2
2026-09-15 05:00:00+00:00,598.35,598.35,590.75,590.75,390.0,3998.0,NIFTY,2026-09-29,23950.0,PE,2
2026-09-15 05:05:00+00:00,592.75,592.75,592.75,592.75,325.0,1331.0,NIFTY,2026-09-29,23950.0,PE,2
2026-09-15 05:10:00+00:00,600.6,600.6,596.25,596.25,195.0,,NIFTY,2026-09-29,23950.0,PE,2
2026-09-15 05:15:00+00:00,611.0,611.0,611.0,611.0,65.0,1330.0,NIFTY,2026-09-29,23950.0,PE,2
2026-09-15 05:25:00+00:00,628.95,628.95,628.95,628.95,65.0,1329.0,NIFTY,2026-09-29,23950.0,PE,2
2026-09-15 05:30:00+00:00,626.85,626.85,619.05,619.05,195.0,2657.0,NIFTY,2026-09-29,23950.0,PE,2
2026-09-15 05:55:00+00:00,631.6,633.0,631.6,632.55,520.0,3979.0,NIFTY,2026-09-29,23950.0,PE,2
2026-09-15 06:00:00+00:00,633.0,633.0,633.0,633.0,195.0,,NIFTY,2026-09-29,23950.0,PE,2
2026-09-15 07:10:00+00:00,623.6,623.6,623.6,623.6,130.0,1324.0,NIFTY,2026-09-29,23950.0,PE,2
2026-09-15 07:45:00+00:00,655.0,662.25,655.0,655.0,715.0,3961.0,NIFTY,2026-09-29,23950.0,PE,2
2026-09-15 07:50:00+00:00,657.7,664.45,657.7,664.45,260.0,1316.0,NIFTY,2026-09-29,23950.0,PE,2
2026-09-15 08:10:00+00:00,678.85,678.85,678.85,678.85,65.0,1316.0,NIFTY,2026-09-29,23950.0,PE,2
2026-09-15 08:15:00+00:00,683.4,683.4,682.4,682.4,130.0,,NIFTY,2026-09-29,23950.0,PE,2
2026-09-15 08:20:00+00:00,666.55,666.55,666.55,666.55,195.0,1315.0,NIFTY,2026-09-29,23950.0,PE,2
2026-09-15 08:25:00+00:00,665.25,665.25,665.25,665.25,650.0,1316.0,NIFTY,2026-09-29,23950.0,PE,2
2026-09-15 08:30:00+00:00,668.1,668.1,668.1,668.1,65.0,,NIFTY,2026-09-29,23950.0,PE,2
2026-09-15 08:35:00+00:00,668.7,668.7,668.7,668.7,65.0,1311.0,NIFTY,2026-09-29,23950.0,PE,2
2026-09-15 08:45:00+00:00,734.0,735.0,733.15,733.15,455.0,2620.0,NIFTY,2026-09-29,23950.0,PE,2
2026-09-15 09:00:00+00:00,732.5,732.5,732.5,732.5,65.0,1309.0,NIFTY,2026-09-29,23950.0,PE,2
2026-09-15 09:05:00+00:00,738.35,738.35,738.35,738.35,65.0,1310.0,NIFTY,2026-09-29,23950.0,PE,2
2026-09-15 09:10:00+00:00,728.0,728.15,728.0,728.15,585.0,2623.0,NIFTY,2026-09-29,23950.0,PE,2
2026-09-15 09:15:00+00:00,730.75,786.75,730.75,770.85,1170.0,5277.0,NIFTY,2026-09-29,23950.0,PE,2
2026-09-15 09:20:00+00:00,770.85,770.85,753.35,753.35,1040.0,,NIFTY,2026-09-29,23950.0,PE,2
2026-09-15 09:25:00+00:00,762.25,767.25,762.25,767.25,780.0,1325.0,NIFTY,2026-09-29,23950.0,PE,2
2026-09-15 09:30:00+00:00,767.55,767.55,760.0,760.0,195.0,2643.0,NIFTY,2026-09-29,23950.0,PE,2
2026-09-15 09:35:00+00:00,747.4,747.4,747.4,747.4,65.0,,NIFTY,2026-09-29,23950.0,PE,2
2026-09-15 09:40:00+00:00,747.4,747.4,742.05,742.05,585.0,2639.0,NIFTY,2026-09-29,23950.0,PE,2
2026-09-15 09:45:00+00:00,751.45,751.45,743.55,743.55,130.0,2633.0,NIFTY,2026-09-29,23950.0,PE,2
2026-09-15 10:05:00+00:00,751.45,751.45,751.45,751.45,65.0,1315.0,NIFTY,2026-09-29,23950.0,PE,2
2026-09-16 03:45:00+00:00,672.85,672.85,656.05,656.05,1300.0,1309.0,NIFTY,2026-09-29,23950.0,PE,2
2026-09-16 03:50:00+00:00,670.7,679.5,670.7,679.5,260.0,2610.0,NIFTY,2026-09-29,23950.0,PE,2
2026-09-16 03:55:00+00:00,700.1,700.1,700.1,700.1,260.0,1303.0,NIFTY,2026-09-29,23950.0,PE,2
2026-09-16 04:00:00+00:00,719.2,728.45,700.1,700.1,455.0,3900.0,NIFTY,2026-09-29,23950.0,PE,2
2026-09-16 04:10:00+00:00,761.25,761.25,756.1,756.1,2600.0,,NIFTY,2026-09-29,23950.0,PE,2
2026-09-16 04:15:00+00:00,744.5,766.1,744.5,760.9,390.0,2544.0,NIFTY,2026-09-29,23950.0,PE,2
2026-09-16 04:20:00+00:00,730.65,730.65,730.65,730.65,130.0,1269.0,NIFTY,2026-09-29,23950.0,PE,2
2026-09-16 04:25:00+00:00,682.0,682.0,666.4,670.6,1495.0,1266.0,NIFTY,2026-09-29,23950.0,PE,2
2026-09-16 04:30:00+00:00,690.65,690.65,690.65,690.65,195.0,1257.0,NIFTY,2026-09-29,23950.0,PE,2
2026-09-16 05:05:00+00:00,685.35,685.7,685.35,685.7,195.0,2509.0,NIFTY,2026-09-29,23950.0,PE,2
2026-09-16 05:10:00+00:00,677.55,677.55,677.55,677.55,130.0,1253.0,NIFTY,2026-09-29,23950.0,PE,2
2026-09-16 05:15:00+00:00,660.0,660.0,655.0,655.0,195.0,2508.0,NIFTY,2026-09-29,23950.0,PE,2
2026-09-16 05:20:00+00:00,675.0,675.0,675.0,675.0,65.0,1253.0,NIFTY,2026-09-29,23950.0,PE,2
2026-09-16 05:30:00+00:00,655.0,655.0,655.0,655.0,65.0,1252.0,NIFTY,2026-09-29,23950.0,PE,2
2026-09-16 05:50:00+00:00,679.5,679.5,679.5,679.5,130.0,1251.0,NIFTY,2026-09-29,23950.0,PE,2
2026-09-16 06:40:00+00:00,699.0,699.0,699.0,699.0,65.0,1251.0,NIFTY,2026-09-29,23950.0,PE,2
2026-09-16 07:10:00+00:00,676.0,676.0,662.0,662.0,130.0,1250.0,NIFTY,2026-09-29,23950.0,PE,2
2026-09-16 07:20:00+00:00,668.7,668.7,668.7,668.7,65.0,,NIFTY,2026-09-29,23950.0,PE,2
2026-09-16 07:55:00+00:00,692.0,692.0,692.0,692.0,65.0,1249.0,NIFTY,2026-09-29,23950.0,PE,2
2026-09-16 08:00:00+00:00,696.55,696.55,696.55,696.55,65.0,1249.0,NIFTY,2026-09-29,23950.0,PE,2
2026-09-16 08:05:00+00:00,702.0,702.0,693.25,693.25,130.0,1249.0,NIFTY,2026-09-29,23950.0,PE,2
2026-09-16 08:15:00+00:00,705.85,705.85,705.0,705.0,130.0,1250.0,NIFTY,2026-09-29,23950.0,PE,2
2026-09-16 08:20:00+00:00,700.5,700.5,700.5,700.5,65.0,1251.0,NIFTY,2026-09-29,23950.0,PE,2
2026-09-16 08:40:00+00:00,700.5,700.5,700.5,700.5,65.0,1251.0,NIFTY,2026-09-29,23950.0,PE,2
2026-09-16 09:00:00+00:00,693.7,693.7,693.7,693.7,130.0,1251.0,NIFTY,2026-09-29,23950.0,PE,2
2026-09-16 09:25:00+00:00,694.0,694.0,694.0,694.0,65.0,,NIFTY,2026-09-29,23950.0,PE,2
2026-09-16 09:30:00+00:00,700.95,700.95,700.95,700.95,2015.0,1250.0,NIFTY,2026-09-29,23950.0,PE,2
2026-09-16 09:40:00+00:00,698.55,700.35,698.55,700.3,1170.0,2488.0,NIFTY,2026-09-29,23950.0,PE,2
2026-09-16 09:50:00+00:00,698.8,698.8,698.8,698.8,65.0,1245.0,NIFTY,2026-09-29,23950.0,PE,2
2026-09-16 09:55:00+00:00,698.8,698.8,698.8,698.8,65.0,,NIFTY,2026-09-29,23950.0,PE,2
2026-09-16 10:00:00+00:00,701.2,701.2,701.2,701.2,65.0,1244.0,NIFTY,2026-09-29,23950.0,PE,2
2026-09-16 10:05:00+00:00,696.95,696.95,696.95,696.95,65.0,1244.0,NIFTY,2026-09-29,23950.0,PE,2
2026-09-17 03:45:00+00:00,689.55,689.55,673.2,673.2,845.0,,NIFTY,2026-09-29,23950.0,PE,2
2026-09-17 03:50:00+00:00,666.45,683.2,666.45,683.2,130.0,1240.0,NIFTY,2026-09-29,23950.0,PE,2
2026-09-17 03:55:00+00:00,690.2,690.2,675.55,675.55,130.0,,NIFTY,2026-09-29,23950.0,PE,2
2026-09-17 04:00:00+00:00,665.35,665.35,653.95,653.95,455.0,2478.0,NIFTY,2026-09-29,23950.0,PE,2
2026-09-17 04:05:00+00:00,634.75,654.9,632.35,654.9,9555.0,3586.0,NIFTY,2026-09-29,23950.0,PE,2
2026-09-17 04:10:00+00:00,660.85,699.0,658.7,690.45,1300.0,3489.0,NIFTY,2026-09-29,23950.0,PE,2
2026-09-17 04:15:00+00:00,674.2,680.5,665.0,665.0,455.0,2326.0,NIFTY,2026-09-29,23950.0,PE,2
2026-09-17 04:20:00+00:00,673.05,673.05,660.0,660.0,715.0,2318.0,NIFTY,2026-09-29,23950.0,PE,2
2026-09-17 04:25:00+00:00,645.8,648.2,645.8,648.2,130.0,2308.0,NIFTY,2026-09-29,23950.0,PE,2
2026-09-17 04:30:00+00:00,639.25,639.25,639.25,639.25,65.0,1153.0,NIFTY,2026-09-29,23950.0,PE,2
2026-09-17 04:35:00+00:00,636.0,636.0,618.2,618.2,130.0,,NIFTY,2026-09-29,23950.0,PE,2
2026-09-17 04:40:00+00:00,607.55,607.55,607.3,607.3,130.0,1154.0,NIFTY,2026-09-29,23950.0,PE,2
2026-09-17 05:25:00+00:00,660.1,660.1,660.1,660.1,65.0,,NIFTY,2026-09-29,23950.0,PE,2
2026-09-17 05:35:00+00:00,711.0,711.0,711.0,711.0,65.0,1153.0,NIFTY,2026-09-29,23950.0,PE,2
2026-09-17 06:05:00+00:00,683.05,684.0,683.05,684.0,2535.0,1153.0,NIFTY,2026-09-29,23950.0,PE,2
2026-09-17 06:10:00+00:00,652.65,652.65,652.65,652.65,65.0,1140.0,NIFTY,2026-09-29,23950.0,PE,2
2026-09-17 06:20:00+00:00,649.4,649.4,649.4,649.4,65.0,1140.0,NIFTY,2026-09-29,23950.0,PE,2
2026-09-17 06:30:00+00:00,611.25,611.25,611.25,611.25,65.0,,NIFTY,2026-09-29,23950.0,PE,2
2026-09-17 06:35:00+00:00,600.0,600.0,583.75,583.75,195.0,,NIFTY,2026-09-29,23950.0,PE,2
2026-09-17 06:40:00+00:00,574.4,579.8,574.4,579.8,260.0,2280.0,NIFTY,2026-09-29,23950.0,PE,2
2026-09-17 06:45:00+00:00,578.55,578.55,578.55,578.55,65.0,1139.0,NIFTY,2026-09-29,23950.0,PE,2
2026-09-17 06:50:00+00:00,563.15,563.15,563.15,563.15,130.0,,NIFTY,2026-09-29,23950.0,PE,2
2026-09-17 07:00:00+00:00,575.6,575.6,575.6,575.6,65.0,1138.0,NIFTY,2026-09-29,23950.0,PE,2
2026-09-17 07:05:00+00:00,574.2,574.2,565.55,565.55,130.0,1139.0,NIFTY,2026-09-29,23950.0,PE,2
2026-09-17 07:15:00+00:00,581.4,581.4,581.4,581.4,130.0,,NIFTY,2026-09-29,23950.0,PE,2
2026-09-17 07:25:00+00:00,582.45,582.45,582.45,582.45,260.0,1138.0,NIFTY,2026-09-29,23950.0,PE,2
2026-09-17 07:30:00+00:00,590.0,590.0,590.0,590.0,65.0,1138.0,NIFTY,2026-09-29,23950.0,PE,2
2026-09-17 08:00:00+00:00,667.05,667.05,667.05,667.05,65.0,,NIFTY,2026-09-29,23950.0,PE,2
2026-09-17 08:20:00+00:00,656.9,666.0,656.9,666.0,130.0,,NIFTY,2026-09-29,23950.0,PE,2
2026-09-17 08:30:00+00:00,669.35,669.35,669.35,669.35,325.0,,NIFTY,2026-09-29,23950.0,PE,2
2026-09-17 08:40:00+00:00,648.6,648.6,648.6,648.6,130.0,1136.0,NIFTY,2026-09-29,23950.0,PE,2
2026-09-17 08:50:00+00:00,635.9,635.9,635.9,635.9,130.0,1135.0,NIFTY,2026-09-29,23950.0,PE,2
2026-09-17 09:15:00+00:00,630.0,630.0,630.0,630.0,65.0,1134.0,NIFTY,2026-09-29,23950.0,PE,2
2026-09-17 09:25:00+00:00,648.0,648.0,648.0,648.0,65.0,1135.0,NIFTY,2026-09-29,23950.0,PE,2
2026-09-17 09:45:00+00:00,628.6,628.6,628.0,628.0,130.0,,NIFTY,2026-09-29,23950.0,PE,2
2026-09-17 09:50:00+00:00,627.75,627.75,627.75,627.75,65.0,,NIFTY,2026-09-29,23950.0,PE,2
2026-09-17 09:55:00+00:00,627.3,627.3,627.3,627.3,195.0,1134.0,NIFTY,2026-09-29,23950.0,PE,2
2026-09-17 10:00:00+00:00,629.3,629.3,629.3,629.3,130.0,1134.0,NIFTY,2026-09-29,23950.0,PE,2
2026-09-17 10:05:00+00:00,615.0,615.0,615.0,615.0,130.0,1132.0,NIFTY,2026-09-29,23950.0,PE,2
2026-09-18 03:45:00+00:00,599.9,599.95,593.25,599.95,1495.0,1132.0,NIFTY,2026-09-29,23950.0,PE,2
2026-09-18 03:50:00+00:00,624.0,624.0,624.0,624.0,65.0,1137.0,NIFTY,2026-09-29,23950.0,PE,2
2026-09-18 04:05:00+00:00,625.2,625.2,625.2,625.2,130.0,,NIFTY,2026-09-29,23950.0,PE,2
2026-09-18 04:25:00+00:00,611.45,611.45,611.45,611.45,65.0,1138.0,NIFTY,2026-09-29,23950.0,PE,2
2026-09-18 04:30:00+00:00,612.6,615.15,608.05,615.15,195.0,3420.0,NIFTY,2026-09-29,23950.0,PE,2
2026-09-18 04:35:00+00:00,613.45,621.0,611.75,611.75,195.0,2283.0,NIFTY,2026-09-29,23950.0,PE,2
2026-09-18 04:50:00+00:00,615.7,615.7,615.7,615.7,65.0,1141.0,NIFTY,2026-09-29,23950.0,PE,2
2026-09-18 05:00:00+00:00,628.2,628.2,628.2,628.2,325.0,1140.0,NIFTY,2026-09-29,23950.0,PE,2
2026-09-18 05:55:00+00:00,640.6,640.6,638.2,638.2,130.0,1144.0,NIFTY,2026-09-29,23950.0,PE,2
2026-09-18 06:00:00+00:00,643.15,643.15,643.15,643.15,260.0,,NIFTY,2026-09-29,23950.0,PE,2
2026-09-18 06:15:00+00:00,633.0,633.0,633.0,633.0,195.0,1146.0,NIFTY,2026-09-29,23950.0,PE,2
2026-09-18 06:20:00+00:00,613.7,613.7,607.8,611.3,325.0,2298.0,NIFTY,2026-09-29,23950.0,PE,2
2026-09-18 06:25:00+00:00,612.9,612.9,606.2,610.0,260.0,2302.0,NIFTY,2026-09-29,23950.0,PE,2
2026-09-18 06:30:00+00:00,602.0,605.4,602.0,605.4,130.0,2305.0,NIFTY,2026-09-29,23950.0,PE,2
2026-09-18 06:35:00+00:00,618.4,618.4,613.6,613.6,130.0,2308.0,NIFTY,2026-09-29,23950.0,PE,2
2026-09-18 06:40:00+00:00,615.9,615.9,610.6,610.6,195.0,3467.0,NIFTY,2026-09-29,23950.0,PE,2
2026-09-18 06:50:00+00:00,620.0,620.0,615.8,615.8,195.0,1157.0,NIFTY,2026-09-29,23950.0,PE,2
2026-09-18 06:55:00+00:00,615.35,615.35,615.35,615.35,585.0,1157.0,NIFTY,2026-09-29,23950.0,PE,2
2026-09-18 07:10:00+00:00,604.0,604.0,604.0,604.0,65.0,1163.0,NIFTY,2026-09-29,23950.0,PE,2
2026-09-18 07:35:00+00:00,590.1,590.1,590.1,590.1,130.0,,NIFTY,2026-09-29,23950.0,PE,2
2026-09-18 08:00:00+00:00,599.95,599.95,599.95,599.95,65.0,1162.0,NIFTY,2026-09-29,23950.0,PE,2
2026-09-18 08:10:00+00:00,620.0,620.0,620.0,620.0,1170.0,1162.0,NIFTY,2026-09-29,23950.0,PE,2
2026-09-18 08:15:00+00:00,625.0,625.0,625.0,625.0,1300.0,,NIFTY,2026-09-29,23950.0,PE,2
2026-09-18 08:20:00+00:00,610.7,610.7,610.7,610.7,260.0,1185.0,NIFTY,2026-09-29,23950.0,PE,2
2026-09-18 08:40:00+00:00,584.85,584.85,584.35,584.35,130.0,1183.0,NIFTY,2026-09-29,23950.0,PE,2
2026-09-18 08:50:00+00:00,585.0,588.0,585.0,588.0,585.0,,NIFTY,2026-09-29,23950.0,PE,2
2026-09-18 08:55:00+00:00,588.0,588.0,573.5,573.5,455.0,2373.0,NIFTY,2026-09-29,23950.0,PE,2
2026-09-18 09:00:00+00:00,566.5,566.5,566.5,566.5,65.0,1186.0,NIFTY,2026-09-29,23950.0,PE,2
2026-09-18 09:10:00+00:00,575.0,580.0,575.0,580.0,455.0,1184.0,NIFTY,2026-09-29,23950.0,PE,2
2026-09-18 09:25:00+00:00,555.35,555.35,555.35,555.35,325.0,1183.0,NIFTY,2026-09-29,23950.0,PE,2
2026-09-18 09:30:00+00:00,568.75,568.75,568.75,568.75,65.0,1181.0,NIFTY,2026-09-29,23950.0,PE,2
2026-09-18 09:35:00+00:00,571.45,576.0,571.45,576.0,130.0,2360.0,NIFTY,2026-09-29,23950.0,PE,2
2026-09-18 09:45:00+00:00,585.5,587.0,585.5,587.0,520.0,1180.0,NIFTY,2026-09-29,23950.0,PE,2
2026-09-18 09:50:00+00:00,589.0,592.0,583.2,589.3,975.0,3554.0,NIFTY,2026-09-29,23950.0,PE,2
2026-09-18 09:55:00+00:00,576.6,578.55,576.6,578.55,195.0,2371.0,NIFTY,2026-09-29,23950.0,PE,2
2026-09-18 10:00:00+00:00,583.3,586.0,582.0,586.0,195.0,2374.0,NIFTY,2026-09-29,23950.0,PE,2
2026-09-21 03:45:00+00:00,564.45,566.3,564.45,566.3,260.0,,NIFTY,2026-09-29,23950.0,PE,2
2026-09-21 03:50:00+00:00,563.8,568.15,563.8,567.0,910.0,2382.0,NIFTY,2026-09-29,23950.0,PE,2
2026-09-21 03:55:00+00:00,562.55,562.55,555.0,555.2,4420.0,3542.0,NIFTY,2026-09-29,23950.0,PE,2
2026-09-21 04:00:00+00:00,555.0,555.0,555.0,555.0,130.0,1162.0,NIFTY,2026-09-29,23950.0,PE,2
2026-09-21 04:05:00+00:00,557.0,560.5,557.0,560.5,325.0,2326.0,NIFTY,2026-09-29,23950.0,PE,2
2026-09-21 04:10:00+00:00,563.2,567.05,560.5,560.5,325.0,1161.0,NIFTY,2026-09-29,23950.0,PE,2
2026-09-21 04:15:00+00:00,556.0,556.25,546.35,546.35,4420.0,3513.0,NIFTY,2026-09-29,23950.0,PE,2
2026-09-21 04:20:00+00:00,549.1,549.1,548.0,549.0,3835.0,2394.0,NIFTY,2026-09-29,23950.0,PE,2
2026-09-21 04:25:00+00:00,554.25,554.25,554.25,554.25,130.0,1223.0,NIFTY,2026-09-29,23950.0,PE,2
2026-09-21 04:35:00+00:00,566.15,567.3,564.0,567.3,260.0,3671.0,NIFTY,2026-09-29,23950.0,PE,2
2026-09-21 04:50:00+00:00,572.3,572.3,572.3,572.3,65.0,1225.0,NIFTY,2026-09-29,23950.0,PE,2
2026-09-21 04:55:00+00:00,574.7,574.7,573.75,573.75,130.0,1225.0,NIFTY,2026-09-29,23950.0,PE,2
2026-09-21 05:40:00+00:00,554.0,554.0,554.0,554.0,65.0,1224.0,NIFTY,2026-09-29,23950.0,PE,2
2026-09-21 05:45:00+00:00,554.0,554.0,554.0,554.0,195.0,1225.0,NIFTY,2026-09-29,23950.0,PE,2
2026-09-21 06:15:00+00:00,552.0,552.0,552.0,552.0,65.0,1227.0,NIFTY,2026-09-29,23950.0,PE,2
2026-09-21 06:20:00+00:00,549.95,549.95,549.95,549.95,65.0,1227.0,NIFTY,2026-09-29,23950.0,PE,2
2026-09-21 06:40:00+00:00,532.75,532.75,531.15,531.15,130.0,1227.0,NIFTY,2026-09-29,23950.0,PE,2
2026-09-21 07:10:00+00:00,542.85,542.85,542.85,542.85,65.0,1227.0,NIFTY,2026-09-29,23950.0,PE,2
2026-09-21 07:30:00+00:00,542.85,542.85,542.85,542.85,130.0,1227.0,NIFTY,2026-09-29,23950.0,PE,2
2026-09-21 07:55:00+00:00,525.0,525.0,525.0,525.0,65.0,1228.0,NIFTY,2026-09-29,23950.0,PE,2
2026-09-21 08:05:00+00:00,518.95,518.95,518.95,518.95,65.0,1227.0,NIFTY,2026-09-29,23950.0,PE,2
2026-09-21 08:10:00+00:00,525.0,527.95,523.55,527.95,325.0,2455.0,NIFTY,2026-09-29,23950.0,PE,2
2026-09-21 08:15:00+00:00,525.4,525.4,525.4,525.4,130.0,1226.0,NIFTY,2026-09-29,23950.0,PE,2
2026-09-21 08:20:00+00:00,520.0,520.0,520.0,520.0,65.0,,NIFTY,2026-09-29,23950.0,PE,2
2026-09-21 08:25:00+00:00,515.0,515.0,490.05,490.05,325.0,2452.0,NIFTY,2026-09-29,23950.0,PE,2
2026-09-21 08:30:00+00:00,500.6,500.6,500.6,500.6,65.0,1224.0,NIFTY,2026-09-29,23950.0,PE,2
2026-09-21 08:35:00+00:00,503.2,505.05,503.2,505.05,195.0,1225.0,NIFTY,2026-09-29,23950.0,PE,2
2026-09-21 08:50:00+00:00,496.35,501.25,496.35,500.05,195.0,3679.0,NIFTY,2026-09-29,23950.0,PE,2
2026-09-21 09:00:00+00:00,513.4,513.4,513.4,513.4,65.0,1227.0,NIFTY,2026-09-29,23950.0,PE,2
2026-09-21 09:05:00+00:00,515.2,515.2,515.2,515.2,65.0,1227.0,NIFTY,2026-09-29,23950.0,PE,2
2026-09-21 09:10:00+00:00,509.05,510.6,508.9,510.6,195.0,2451.0,NIFTY,2026-09-29,23950.0,PE,2
2026-09-21 09:15:00+00:00,510.0,510.0,510.0,510.0,130.0,1224.0,NIFTY,2026-09-29,23950.0,PE,2
2026-09-21 09:20:00+00:00,510.35,511.15,510.35,511.15,130.0,1225.0,NIFTY,2026-09-29,23950.0,PE,2
2026-09-21 09:30:00+00:00,511.0,511.0,511.0,511.0,3965.0,1224.0,NIFTY,2026-09-29,23950.0,PE,2
2026-09-21 09:40:00+00:00,515.85,516.15,515.85,516.15,130.0,2436.0,NIFTY,2026-09-29,23950.0,PE,2
2026-09-21 09:45:00+00:00,514.0,515.25,514.0,515.25,130.0,1218.0,NIFTY,2026-09-29,23950.0,PE,2
2026-09-21 09:50:00+00:00,514.0,514.6,512.5,514.6,650.0,,NIFTY,2026-09-29,23950.0,PE,2
2026-09-21 09:55:00+00:00,513.0,515.0,513.0,515.0,390.0,2436.0,NIFTY,2026-09-29,23950.0,PE,2
2026-09-21 10:00:00+00:00,511.55,511.55,511.55,511.55,65.0,1220.0,NIFTY,2026-09-29,23950.0,PE,2
2026-09-21 10:05:00+00:00,512.05,512.05,504.1,504.1,390.0,2438.0,NIFTY,2026-09-29,23950.0,PE,2
2026-09-22 03:45:00+00:00,498.5,512.75,498.5,510.1,1040.0,1218.0,NIFTY,2026-09-29,23950.0,PE,2
2026-09-22 03:50:00+00:00,515.35,515.35,509.0,509.0,130.0,1222.0,NIFTY,2026-09-29,23950.0,PE,2
2026-09-22 03:55:00+00:00,513.6,519.9,513.5,519.9,975.0,1222.0,NIFTY,2026-09-29,23950.0,PE,2
2026-09-22 04:00:00+00:00,502.15,502.15,502.15,502.15,650.0,,NIFTY,2026-09-29,23950.0,PE,2
2026-09-22 04:10:00+00:00,500.65,502.05,494.1,497.25,780.0,4891.0,NIFTY,2026-09-29,23950.0,PE,2
2026-09-22 04:15:00+00:00,492.0,492.0,492.0,492.0,260.0,1221.0,NIFTY,2026-09-29,23950.0,PE,2
2026-09-22 04:25:00+00:00,496.0,498.9,495.9,498.0,520.0,3653.0,NIFTY,2026-09-29,23950.0,PE,2
2026-09-22 04:30:00+00:00,492.0,492.0,492.0,492.0,65.0,1214.0,NIFTY,2026-09-29,23950.0,PE,2
2026-09-22 04:35:00+00:00,494.1,494.1,494.1,494.1,650.0,1214.0,NIFTY,2026-09-29,23950.0,PE,2
2026-09-22 04:40:00+00:00,485.7,485.7,485.7,485.7,65.0,1207.0,NIFTY,2026-09-29,23950.0,PE,2
2026-09-22 04:45:00+00:00,490.15,490.15,490.15,490.15,65.0,,NIFTY,2026-09-29,23950.0,PE,2
2026-09-22 04:50:00+00:00,506.5,506.5,506.5,506.5,260.0,,NIFTY,2026-09-29,23950.0,PE,2
2026-09-22 04:55:00+00:00,508.7,516.95,500.05,503.85,2535.0,3620.0,NIFTY,2026-09-29,23950.0,PE,2
2026-09-22 05:00:00+00:00,508.35,520.0,508.35,520.0,130.0,,NIFTY,2026-09-29,23950.0,PE,2
2026-09-22 05:05:00+00:00,530.0,530.0,530.0,530.0,130.0,,NIFTY,2026-09-29,23950.0,PE,2
2026-09-22 05:10:00+00:00,532.35,580.0,532.35,580.0,195.0,,NIFTY,2026-09-29,23950.0,PE,2
2026-09-22 05:20:00+00:00,575.6,575.6,575.6,575.6,65.0,,NIFTY,2026-09-29,23950.0,PE,2
2026-09-22 05:25:00+00:00,565.05,565.05,565.05,565.05,65.0,,NIFTY,2026-09-29,23950.0,PE,2
2026-09-22 05:30:00+00:00,569.05,569.05,569.05,569.05,65.0,1209.0,NIFTY,2026-09-29,23950.0,PE,2
2026-09-22 05:40:00+00:00,552.7,552.7,552.7,552.7,65.0,,NIFTY,2026-09-29,23950.0,PE,2
2026-09-22 05:45:00+00:00,553.3,553.7,553.3,553.7,195.0,,NIFTY,2026-09-29,23950.0,PE,2
2026-09-22 05:55:00+00:00,551.1,551.1,551.1,551.1,130.0,1209.0,NIFTY,2026-09-29,23950.0,PE,2
2026-09-22 06:00:00+00:00,564.85,564.85,563.0,563.0,130.0,1210.0,NIFTY,2026-09-29,23950.0,PE,2
2026-09-22 06:05:00+00:00,567.3,567.35,567.3,567.35,130.0,,NIFTY,2026-09-29,23950.0,PE,2
2026-09-22 06:15:00+00:00,590.95,591.1,587.85,588.25,1495.0,1210.0,NIFTY,2026-09-29,23950.0,PE,2
2026-09-22 06:20:00+00:00,593.2,593.2,593.2,593.2,65.0,1206.0,NIFTY,2026-09-29,23950.0,PE,2
2026-09-22 06:40:00+00:00,579.6,586.3,579.6,586.3,195.0,1205.0,NIFTY,2026-09-29,23950.0,PE,2
2026-09-22 06:45:00+00:00,584.25,584.6,583.1,583.1,325.0,1205.0,NIFTY,2026-09-29,23950.0,PE,2
2026-09-22 06:50:00+00:00,576.45,580.05,576.45,580.05,520.0,2410.0,NIFTY,2026-09-29,23950.0,PE,2
2026-09-22 07:00:00+00:00,585.0,585.0,583.85,583.85,130.0,,NIFTY,2026-09-29,23950.0,PE,2
2026-09-22 07:05:00+00:00,583.2,586.65,583.2,586.65,130.0,,NIFTY,2026-09-29,23950.0,PE,2
2026-09-22 07:10:00+00:00,580.9,586.85,580.9,586.85,260.0,2409.0,NIFTY,2026-09-29,23950.0,PE,2
2026-09-22 07:15:00+00:00,594.65,594.65,594.65,594.65,65.0,,NIFTY,2026-09-29,23950.0,PE,2
2026-09-22 07:20:00+00:00,601.25,602.0,601.25,602.0,130.0,,NIFTY,2026-09-29,23950.0,PE,2
2026-09-22 07:25:00+00:00,609.0,609.0,604.2,604.2,195.0,1205.0,NIFTY,2026-09-29,23950.0,PE,2
2026-09-22 07:30:00+00:00,610.0,613.7,604.05,604.05,195.0,,NIFTY,2026-09-29,23950.0,PE,2
2026-09-22 07:35:00+00:00,599.75,599.75,597.3,597.3,130.0,1204.0,NIFTY,2026-09-29,23950.0,PE,2
2026-09-22 08:20:00+00:00,626.75,649.3,626.75,640.15,1365.0,2393.0,NIFTY,2026-09-29,23950.0,PE,2
2026-09-22 08:25:00+00:00,645.05,647.65,645.05,646.25,325.0,1192.0,NIFTY,2026-09-29,23950.0,PE,2
2026-09-22 08:30:00+00:00,650.0,663.0,647.0,647.0,1755.0,,NIFTY,2026-09-29,23950.0,PE,2
2026-09-22 08:35:00+00:00,651.1,651.1,651.1,651.1,65.0,1194.0,NIFTY,2026-09-29,23950.0,PE,2
2026-09-22 08:40:00+00:00,621.35,621.35,565.45,565.45,1495.0,2379.0,NIFTY,2026-09-29,23950.0,PE,2
2026-09-22 08:45:00+00:00,539.15,569.85,539.15,553.5,910.0,2382.0,NIFTY,2026-09-29,23950.0,PE,2
2026-09-22 08:50:00+00:00,544.8,544.8,544.8,544.8,65.0,,NIFTY,2026-09-29,23950.0,PE,2
2026-09-22 08:55:00+00:00,548.55,548.55,548.55,548.55,260.0,2380.0,NIFTY,2026-09-29,23950.0,PE,2
2026-09-22 09:10:00+00:00,562.45,562.45,562.45,562.45,65.0,1192.0,NIFTY,2026-09-29,23950.0,PE,2
2026-09-22 09:15:00+00:00,570.55,570.9,570.55,570.9,325.0,,NIFTY,2026-09-29,23950.0,PE,2
2026-09-22 09:20:00+00:00,573.0,573.0,566.65,569.9,845.0,1191.0,NIFTY,2026-09-29,23950.0,PE,2
2026-09-22 09:25:00+00:00,572.0,578.5,572.0,578.5,260.0,1192.0,NIFTY,2026-09-29,23950.0,PE,2
2026-09-22 09:35:00+00:00,578.5,581.65,577.15,577.15,2210.0,1194.0,NIFTY,2026-09-29,23950.0,PE,2
2026-09-22 09:40:00+00:00,580.85,580.85,567.55,576.4,4290.0,2453.0,NIFTY,2026-09-29,23950.0,PE,2
2026-09-22 09:45:00+00:00,573.2,579.85,573.2,577.2,325.0,1238.0,NIFTY,2026-09-29,23950.0,PE,2
2026-09-22 09:50:00+00:00,576.8,579.2,570.5,570.5,2145.0,2503.0,NIFTY,2026-09-29,23950.0,PE,2
2026-09-22 09:55:00+00:00,565.65,568.0,559.75,560.8,12415.0,3977.0,NIFTY,2026-09-29,23950.0,PE,2
2026-09-22 10:00:00+00:00,558.95,560.7,557.45,557.45,780.0,5508.0,NIFTY,2026-09-29,23950.0,PE,2
2026-09-22 10:05:00+00:00,549.0,549.1,541.35,545.0,1105.0,2760.0,NIFTY,2026-09-29,23950.0,PE,2
