timestamp,open,high,low,close,volume,oi,underlying,expiry,strike,option_type,itm_rank
2026-08-24 03:45:00+00:00,39.3,39.3,38.3,39.2,520.0,1131.0,NIFTY,2026-09-15,23700.0,PE,3
2026-08-24 03:50:00+00:00,38.7,38.7,37.9,38.4,1040.0,3385.0,NIFTY,2026-09-15,23700.0,PE,3
2026-08-24 03:55:00+00:00,37.35,37.7,37.35,37.7,455.0,3357.0,NIFTY,2026-09-15,23700.0,PE,3
2026-08-24 04:05:00+00:00,39.25,39.5,39.0,39.0,1755.0,1128.0,NIFTY,2026-09-15,23700.0,PE,3
2026-08-24 04:10:00+00:00,39.0,39.95,38.75,38.75,2080.0,385.0,NIFTY,2026-09-15,23700.0,PE,3
2026-08-24 04:15:00+00:00,39.75,39.75,38.85,39.55,195.0,390.0,NIFTY,2026-09-15,23700.0,PE,3
2026-08-24 04:20:00+00:00,38.6,39.0,38.6,39.0,390.0,392.0,NIFTY,2026-09-15,23700.0,PE,3
2026-08-24 04:25:00+00:00,39.2,39.2,38.1,38.55,1365.0,1182.0,NIFTY,2026-09-15,23700.0,PE,3
2026-08-24 04:30:00+00:00,39.35,40.6,39.35,39.55,1820.0,394.0,NIFTY,2026-09-15,23700.0,PE,3
2026-08-24 04:35:00+00:00,39.55,39.55,39.55,39.55,520.0,811.0,NIFTY,2026-09-15,23700.0,PE,3
2026-08-24 04:40:00+00:00,39.2,39.4,39.2,39.3,780.0,1651.0,NIFTY,2026-09-15,23700.0,PE,3
2026-08-24 04:45:00+00:00,38.65,38.65,38.65,38.65,65.0,417.0,NIFTY,2026-09-15,23700.0,PE,3
2026-08-24 04:50:00+00:00,38.6,38.8,38.45,38.8,455.0,417.0,NIFTY,2026-09-15,23700.0,PE,3
2026-08-24 04:55:00+00:00,39.0,39.0,39.0,39.0,65.0,420.0,NIFTY,2026-09-15,23700.0,PE,3
2026-08-24 05:00:00+00:00,38.4,39.0,38.4,39.0,260.0,422.0,NIFTY,2026-09-15,23700.0,PE,3
2026-08-24 05:05:00+00:00,38.5,38.5,38.5,38.5,65.0,421.0,NIFTY,2026-09-15,23700.0,PE,3
2026-08-24 05:10:00+00:00,39.05,39.05,38.5,38.5,130.0,845.0,NIFTY,2026-09-15,23700.0,PE,3
2026-08-24 05:15:00+00:00,38.45,39.15,38.45,39.15,1300.0,848.0,NIFTY,2026-09-15,23700.0,PE,3
2026-08-24 05:20:00+00:00,39.55,39.55,39.55,39.55,65.0,424.0,NIFTY,2026-09-15,23700.0,PE,3
2026-08-24 05:25:00+00:00,40.0,46.25,39.9,46.25,1040.0,426.0,NIFTY,2026-09-15,23700.0,PE,3
2026-08-24 05:30:00+00:00,45.7,50.75,43.45,50.3,1690.0,1288.0,NIFTY,2026-09-15,23700.0,PE,3
2026-08-24 05:35:00+00:00,51.0,51.95,50.0,50.0,390.0,865.0,NIFTY,2026-09-15,23700.0,PE,3
2026-08-24 05:40:00+00:00,50.25,50.25,50.25,50.25,195.0,434.0,NIFTY,2026-09-15,23700.0,PE,3
2026-08-24 05:45:00+00:00,51.6,51.6,49.85,50.0,845.0,434.0,NIFTY,2026-09-15,23700.0,PE,3
2026-08-24 05:50:00+00:00,50.95,51.0,50.95,51.0,325.0,436.0,NIFTY,2026-09-15,23700.0,PE,3
2026-08-24 05:55:00+00:00,54.25,54.25,52.9,52.9,390.0,876.0,NIFTY,2026-09-15,23700.0,PE,3
2026-08-24 06:00:00+00:00,53.45,57.9,53.45,57.9,780.0,879.0,NIFTY,2026-09-15,23700.0,PE,3
2026-08-24 06:05:00+00:00,58.2,58.2,57.35,57.35,1170.0,887.0,NIFTY,2026-09-15,23700.0,PE,3
2026-08-24 06:10:00+00:00,56.7,56.7,55.25,55.4,1105.0,448.0,NIFTY,2026-09-15,23700.0,PE,3
2026-08-24 06:15:00+00:00,55.7,55.7,53.8,54.0,845.0,910.0,NIFTY,2026-09-15,23700.0,PE,3
2026-08-24 06:20:00+00:00,53.25,54.1,53.1,54.1,6305.0,1741.0,NIFTY,2026-09-15,23700.0,PE,3
2026-08-24 06:25:00+00:00,53.8,58.25,53.8,56.1,1755.0,835.0,NIFTY,2026-09-15,23700.0,PE,3
2026-08-24 06:30:00+00:00,55.9,55.9,55.15,55.15,325.0,423.0,NIFTY,2026-09-15,23700.0,PE,3
2026-08-24 06:35:00+00:00,55.95,55.95,55.0,55.05,910.0,843.0,NIFTY,2026-09-15,23700.0,PE,3
2026-08-24 06:40:00+00:00,54.95,56.8,54.95,56.8,2080.0,1643.0,NIFTY,2026-09-15,23700.0,PE,3
2026-08-24 06:45:00+00:00,57.05,58.7,57.05,58.7,1560.0,1578.0,NIFTY,2026-09-15,23700.0,PE,3
2026-08-24 06:50:00+00:00,58.8,59.45,58.65,59.45,2275.0,1922.0,NIFTY,2026-09-15,23700.0,PE,3
2026-08-24 06:55:00+00:00,59.35,59.35,58.55,58.8,2535.0,801.0,NIFTY,2026-09-15,23700.0,PE,3
2026-08-24 07:00:00+00:00,59.65,60.3,59.65,60.3,845.0,401.0,NIFTY,2026-09-15,23700.0,PE,3
2026-08-24 07:05:00+00:00,59.55,59.55,58.6,59.15,2470.0,826.0,NIFTY,2026-09-15,23700.0,PE,3
2026-08-24 07:10:00+00:00,60.05,60.15,59.8,59.8,390.0,847.0,NIFTY,2026-09-15,23700.0,PE,3
2026-08-24 07:15:00+00:00,59.2,60.15,58.95,59.0,1170.0,425.0,NIFTY,2026-09-15,23700.0,PE,3
2026-08-24 07:20:00+00:00,60.0,60.8,60.0,60.0,585.0,854.0,NIFTY,2026-09-15,23700.0,PE,3
2026-08-24 07:25:00+00:00,59.25,59.25,59.1,59.1,195.0,853.0,NIFTY,2026-09-15,23700.0,PE,3
2026-08-24 07:30:00+00:00,60.4,62.15,60.05,61.8,2405.0,1300.0,NIFTY,2026-09-15,23700.0,PE,3
2026-08-24 07:35:00+00:00,61.45,63.15,61.45,63.15,260.0,882.0,NIFTY,2026-09-15,23700.0,PE,3
2026-08-24 07:40:00+00:00,62.45,62.5,61.05,61.05,975.0,1334.0,NIFTY,2026-09-15,23700.0,PE,3
2026-08-24 07:45:00+00:00,60.9,60.9,60.7,60.7,130.0,893.0,NIFTY,2026-09-15,23700.0,PE,3
2026-08-24 07:50:00+00:00,60.55,60.55,60.55,60.55,65.0,,NIFTY,2026-09-15,23700.0,PE,3
2026-08-24 08:00:00+00:00,59.05,59.05,59.05,59.05,65.0,,NIFTY,2026-09-15,23700.0,PE,3
2026-08-24 08:05:00+00:00,60.7,60.95,58.75,59.5,2405.0,1365.0,NIFTY,2026-09-15,23700.0,PE,3
2026-08-24 08:10:00+00:00,60.4,60.4,60.4,60.4,260.0,465.0,NIFTY,2026-09-15,23700.0,PE,3
2026-08-24 08:15:00+00:00,58.9,61.35,58.9,60.0,4615.0,1445.0,NIFTY,2026-09-15,23700.0,PE,3
2026-08-24 08:20:00+00:00,60.3,61.65,60.3,61.4,845.0,983.0,NIFTY,2026-09-15,23700.0,PE,3
2026-08-24 08:25:00+00:00,61.95,61.95,60.3,60.3,3055.0,987.0,NIFTY,2026-09-15,23700.0,PE,3
2026-08-24 08:35:00+00:00,60.3,60.3,60.3,60.3,65.0,,NIFTY,2026-09-15,23700.0,PE,3
2026-08-24 08:40:00+00:00,61.0,61.0,61.0,61.0,195.0,492.0,NIFTY,2026-09-15,23700.0,PE,3
2026-08-24 08:45:00+00:00,60.25,60.3,60.25,60.25,780.0,495.0,NIFTY,2026-09-15,23700.0,PE,3
2026-08-24 08:50:00+00:00,60.25,60.25,59.05,59.55,6305.0,1524.0,NIFTY,2026-09-15,23700.0,PE,3
2026-08-24 08:55:00+00:00,59.25,59.25,58.0,58.0,3900.0,507.0,NIFTY,2026-09-15,23700.0,PE,3
2026-08-24 09:00:00+00:00,54.65,56.05,54.65,56.0,4420.0,1047.0,NIFTY,2026-09-15,23700.0,PE,3
2026-08-24 09:05:00+00:00,54.85,55.0,54.85,54.85,325.0,,NIFTY,2026-09-15,23700.0,PE,3
2026-08-24 09:10:00+00:00,55.5,55.5,55.5,55.5,650.0,,NIFTY,2026-09-15,23700.0,PE,3
2026-08-24 09:15:00+00:00,56.4,56.4,56.2,56.4,1170.0,1090.0,NIFTY,2026-09-15,23700.0,PE,3
2026-08-24 09:20:00+00:00,55.5,55.55,55.5,55.55,195.0,,NIFTY,2026-09-15,23700.0,PE,3
2026-08-24 09:35:00+00:00,56.4,56.4,55.9,55.9,650.0,,NIFTY,2026-09-15,23700.0,PE,3
2026-08-24 09:40:00+00:00,54.7,54.8,54.55,54.8,1105.0,,NIFTY,2026-09-15,23700.0,PE,3
2026-08-24 09:45:00+00:00,55.1,55.45,55.0,55.0,1040.0,1086.0,NIFTY,2026-09-15,23700.0,PE,3
2026-08-24 09:50:00+00:00,54.8,54.8,54.3,54.3,130.0,542.0,NIFTY,2026-09-15,23700.0,PE,3
2026-08-24 09:55:00+00:00,53.65,53.95,52.85,53.5,2080.0,2141.0,NIFTY,2026-09-15,23700.0,PE,3
2026-08-24 10:00:00+00:00,53.55,54.5,53.55,54.5,2015.0,2627.0,NIFTY,2026-09-15,23700.0,PE,3
2026-08-24 10:05:00+00:00,54.5,57.3,54.5,57.3,1820.0,1038.0,NIFTY,2026-09-15,23700.0,PE,3
2026-08-25 03:45:00+00:00,56.55,59.2,54.1,54.15,2470.0,1560.0,NIFTY,2026-09-15,23700.0,PE,3
2026-08-25 03:50:00+00:00,49.8,50.0,49.75,49.9,910.0,1036.0,NIFTY,2026-09-15,23700.0,PE,3
2026-08-25 03:55:00+00:00,50.75,50.75,49.45,49.6,3900.0,531.0,NIFTY,2026-09-15,23700.0,PE,3
2026-08-25 04:00:00+00:00,49.0,49.05,47.0,47.9,3575.0,1088.0,NIFTY,2026-09-15,23700.0,PE,3
2026-08-25 04:05:00+00:00,47.9,49.75,47.9,49.75,260.0,536.0,NIFTY,2026-09-15,23700.0,PE,3
2026-08-25 04:10:00+00:00,50.45,54.2,50.45,53.45,2080.0,1076.0,NIFTY,2026-09-15,23700.0,PE,3
2026-08-25 04:15:00+00:00,53.45,53.45,51.95,51.95,195.0,1082.0,NIFTY,2026-09-15,23700.0,PE,3
2026-08-25 04:20:00+00:00,52.15,56.45,52.15,55.65,780.0,1629.0,NIFTY,2026-09-15,23700.0,PE,3
2026-08-25 04:25:00+00:00,54.7,54.7,53.05,53.75,2015.0,1630.0,NIFTY,2026-09-15,23700.0,PE,3
2026-08-25 04:30:00+00:00,54.35,55.85,54.35,55.85,845.0,1675.0,NIFTY,2026-09-15,23700.0,PE,3
2026-08-25 04:35:00+00:00,55.15,55.95,55.1,55.1,260.0,562.0,NIFTY,2026-09-15,23700.0,PE,3
2026-08-25 04:40:00+00:00,55.3,55.3,55.3,55.3,65.0,,NIFTY,2026-09-15,23700.0,PE,3
2026-08-25 04:45:00+00:00,54.7,54.75,54.7,54.75,260.0,,NIFTY,2026-09-15,23700.0,PE,3
2026-08-25 04:50:00+00:00,56.5,57.9,56.5,57.9,715.0,6786.0,NIFTY,2026-09-15,23700.0,PE,3
2026-08-25 04:55:00+00:00,57.85,58.5,57.5,57.5,520.0,4537.0,NIFTY,2026-09-15,23700.0,PE,3
2026-08-25 05:00:00+00:00,57.4,57.6,56.8,56.8,325.0,4531.0,NIFTY,2026-09-15,23700.0,PE,3
2026-08-25 05:05:00+00:00,57.3,57.4,57.0,57.4,520.0,2280.0,NIFTY,2026-09-15,23700.0,PE,3
2026-08-25 05:10:00+00:00,57.5,57.5,55.05,55.05,130.0,2282.0,NIFTY,2026-09-15,23700.0,PE,3
2026-08-25 05:15:00+00:00,52.6,52.6,52.6,52.6,195.0,,NIFTY,2026-09-15,23700.0,PE,3
2026-08-25 05:20:00+00:00,51.95,51.95,51.55,51.55,130.0,570.0,NIFTY,2026-09-15,23700.0,PE,3
2026-08-25 05:30:00+00:00,53.4,54.5,53.4,54.5,325.0,569.0,NIFTY,2026-09-15,23700.0,PE,3
2026-08-25 05:35:00+00:00,54.5,54.5,54.5,54.5,130.0,,NIFTY,2026-09-15,23700.0,PE,3
2026-08-25 05:40:00+00:00,53.7,53.7,53.7,53.7,130.0,,NIFTY,2026-09-15,23700.0,PE,3
2026-08-25 05:45:00+00:00,52.0,52.0,52.0,52.0,195.0,,NIFTY,2026-09-15,23700.0,PE,3
2026-08-25 05:50:00+00:00,51.55,51.55,51.55,51.55,130.0,571.0,NIFTY,2026-09-15,23700.0,PE,3
2026-08-25 05:55:00+00:00,51.15,51.55,51.15,51.55,325.0,570.0,NIFTY,2026-09-15,23700.0,PE,3
2026-08-25 06:00:00+00:00,51.85,51.85,51.85,51.85,65.0,,NIFTY,2026-09-15,23700.0,PE,3
2026-08-25 06:05:00+00:00,52.0,52.0,50.7,50.7,455.0,1144.0,NIFTY,2026-09-15,23700.0,PE,3
2026-08-25 06:10:00+00:00,50.65,50.85,50.5,50.85,650.0,570.0,NIFTY,2026-09-15,23700.0,PE,3
2026-08-25 06:15:00+00:00,50.8,51.5,50.8,51.35,455.0,568.0,NIFTY,2026-09-15,23700.0,PE,3
2026-08-25 06:20:00+00:00,51.3,51.3,48.4,48.4,845.0,1140.0,NIFTY,2026-09-15,23700.0,PE,3
2026-08-25 06:25:00+00:00,45.55,47.0,44.35,45.3,5785.0,2319.0,NIFTY,2026-09-15,23700.0,PE,3
2026-08-25 06:30:00+00:00,47.0,47.0,47.0,47.0,130.0,,NIFTY,2026-09-15,23700.0,PE,3
2026-08-25 06:35:00+00:00,47.5,47.55,47.25,47.55,650.0,590.0,NIFTY,2026-09-15,23700.0,PE,3
2026-08-25 06:40:00+00:00,47.5,48.0,47.5,48.0,390.0,4743.0,NIFTY,2026-09-15,23700.0,PE,3
2026-08-25 06:45:00+00:00,48.0,48.75,48.0,48.75,975.0,3576.0,NIFTY,2026-09-15,23700.0,PE,3
2026-08-25 06:50:00+00:00,48.5,48.7,48.5,48.7,585.0,3598.0,NIFTY,2026-09-15,23700.0,PE,3
2026-08-25 06:55:00+00:00,49.05,49.45,49.0,49.0,260.0,2412.0,NIFTY,2026-09-15,23700.0,PE,3
2026-08-25 07:00:00+00:00,49.55,49.55,49.2,49.3,325.0,1206.0,NIFTY,2026-09-15,23700.0,PE,3
2026-08-25 07:05:00+00:00,49.7,50.45,49.55,50.25,650.0,4854.0,NIFTY,2026-09-15,23700.0,PE,3
2026-08-25 07:10:00+00:00,50.4,51.05,49.85,51.05,390.0,1218.0,NIFTY,2026-09-15,23700.0,PE,3
2026-08-25 07:15:00+00:00,50.45,51.8,50.3,51.55,520.0,2440.0,NIFTY,2026-09-15,23700.0,PE,3
2026-08-25 07:20:00+00:00,51.65,52.0,51.65,52.0,845.0,1841.0,NIFTY,2026-09-15,23700.0,PE,3
2026-08-25 07:25:00+00:00,51.7,52.3,51.7,52.3,325.0,,NIFTY,2026-09-15,23700.0,PE,3
2026-08-25 07:30:00+00:00,54.55,54.55,54.55,54.55,65.0,615.0,NIFTY,2026-09-15,23700.0,PE,3
2026-08-25 07:35:00+00:00,54.2,54.95,54.2,54.95,260.0,1228.0,NIFTY,2026-09-15,23700.0,PE,3
2026-08-25 07:40:00+00:00,54.9,57.0,54.4,57.0,780.0,1838.0,NIFTY,2026-09-15,23700.0,PE,3
2026-08-25 07:45:00+00:00,55.9,56.4,55.7,56.4,1560.0,1227.0,NIFTY,2026-09-15,23700.0,PE,3
2026-08-25 07:50:00+00:00,56.6,57.45,56.6,57.45,325.0,619.0,NIFTY,2026-09-15,23700.0,PE,3
2026-08-25 07:55:00+00:00,57.5,57.5,57.5,57.5,130.0,618.0,NIFTY,2026-09-15,23700.0,PE,3
2026-08-25 08:05:00+00:00,54.8,54.8,54.0,54.0,260.0,1239.0,NIFTY,2026-09-15,23700.0,PE,3
2026-08-25 08:10:00+00:00,54.15,54.2,53.15,54.2,130.0,1239.0,NIFTY,2026-09-15,23700.0,PE,3
2026-08-25 08:15:00+00:00,54.2,54.8,54.2,54.8,195.0,,NIFTY,2026-09-15,23700.0,PE,3
2026-08-25 08:20:00+00:00,49.85,49.85,48.0,48.0,910.0,,NIFTY,2026-09-15,23700.0,PE,3
2026-08-25 08:25:00+00:00,49.1,51.15,49.1,51.15,845.0,1240.0,NIFTY,2026-09-15,23700.0,PE,3
2026-08-25 08:30:00+00:00,52.15,52.65,51.0,51.0,455.0,621.0,NIFTY,2026-09-15,23700.0,PE,3
2026-08-25 08:35:00+00:00,50.95,50.95,50.95,50.95,65.0,623.0,NIFTY,2026-09-15,23700.0,PE,3
2026-08-25 08:40:00+00:00,50.3,50.3,49.75,49.75,845.0,624.0,NIFTY,2026-09-15,23700.0,PE,3
2026-08-25 08:45:00+00:00,49.55,49.55,49.55,49.55,65.0,627.0,NIFTY,2026-09-15,23700.0,PE,3
2026-08-25 08:50:00+00:00,49.0,49.0,47.0,47.0,2470.0,630.0,NIFTY,2026-09-15,23700.0,PE,3
2026-08-25 08:55:00+00:00,46.35,46.35,44.0,44.0,1365.0,645.0,NIFTY,2026-09-15,23700.0,PE,3
2026-08-25 09:00:00+00:00,44.35,44.4,40.45,41.55,4875.0,2634.0,NIFTY,2026-09-15,23700.0,PE,3
2026-08-25 09:05:00+00:00,40.4,42.25,40.4,41.55,1235.0,1321.0,NIFTY,2026-09-15,23700.0,PE,3
2026-08-25 09:10:00+00:00,40.5,40.5,38.9,40.0,4680.0,3201.0,NIFTY,2026-09-15,23700.0,PE,3
2026-08-25 09:15:00+00:00,39.65,39.65,37.75,37.75,1365.0,1249.0,NIFTY,2026-09-15,23700.0,PE,3
2026-08-25 09:20:00+00:00,38.25,38.55,37.2,37.2,520.0,1880.0,NIFTY,2026-09-15,23700.0,PE,3
2026-08-25 09:25:00+00:00,36.5,36.5,36.0,36.0,2080.0,2503.0,NIFTY,2026-09-15,23700.0,PE,3
2026-08-25 09:30:00+00:00,36.05,36.6,35.5,35.85,2080.0,1890.0,NIFTY,2026-09-15,23700.0,PE,3
2026-08-25 09:35:00+00:00,35.9,36.1,35.25,35.5,2600.0,2520.0,NIFTY,2026-09-15,23700.0,PE,3
2026-08-25 09:40:00+00:00,35.6,35.85,34.9,35.5,2340.0,3125.0,NIFTY,2026-09-15,23700.0,PE,3
2026-08-25 09:45:00+00:00,35.0,35.7,34.3,34.4,1495.0,1870.0,NIFTY,2026-09-15,23700.0,PE,3
2026-08-25 09:50:00+00:00,34.35,34.4,33.15,33.3,2340.0,1881.0,NIFTY,2026-09-15,23700.0,PE,3
2026-08-25 09:55:00+00:00,33.35,33.6,32.7,32.7,2275.0,3136.0,NIFTY,2026-09-15,23700.0,PE,3
2026-08-25 10:00:00+00:00,31.85,31.85,30.05,30.05,7215.0,1188.0,NIFTY,2026-09-15,23700.0,PE,3
2026-08-25 10:05:00+00:00,29.8,31.0,29.15,29.15,3315.0,2356.0,NIFTY,2026-09-15,23700.0,PE,3
2026-08-26 03:45:00+00:00,28.0,28.0,19.35,25.2,1300.0,1166.0,NIFTY,2026-09-15,23700.0,PE,3
2026-08-26 03:50:00+00:00,25.8,27.95,24.05,24.5,6500.0,2351.0,NIFTY,2026-09-15,23700.0,PE,3
2026-08-26 03:55:00+00:00,24.9,24.9,22.5,23.2,19955.0,3287.0,NIFTY,2026-09-15,23700.0,PE,3
2026-08-26 04:00:00+00:00,23.85,24.35,22.8,24.15,3575.0,2929.0,NIFTY,2026-09-15,23700.0,PE,3
2026-08-26 04:05:00+00:00,23.55,24.05,23.1,23.45,6760.0,3008.0,NIFTY,2026-09-15,23700.0,PE,3
2026-08-26 04:10:00+00:00,23.25,23.25,22.25,22.65,4095.0,3654.0,NIFTY,2026-09-15,23700.0,PE,3
2026-08-26 04:15:00+00:00,22.3,22.8,21.7,22.55,17550.0,2858.0,NIFTY,2026-09-15,23700.0,PE,3
2026-08-26 04:20:00+00:00,22.8,22.8,22.45,22.65,3900.0,2397.0,NIFTY,2026-09-15,23700.0,PE,3
2026-08-26 04:25:00+00:00,22.7,22.85,22.5,22.65,5070.0,2324.0,NIFTY,2026-09-15,23700.0,PE,3
2026-08-26 04:30:00+00:00,22.65,23.4,22.65,23.25,2730.0,2263.0,NIFTY,2026-09-15,23700.0,PE,3
2026-08-26 04:35:00+00:00,23.45,24.85,23.45,24.6,2340.0,1707.0,NIFTY,2026-09-15,23700.0,PE,3
2026-08-26 04:40:00+00:00,24.75,25.25,24.45,24.45,2145.0,1740.0,NIFTY,2026-09-15,23700.0,PE,3
2026-08-26 04:45:00+00:00,24.6,26.5,24.6,26.5,2665.0,2368.0,NIFTY,2026-09-15,23700.0,PE,3
2026-08-26 04:50:00+00:00,28.0,29.2,27.0,28.5,6630.0,3006.0,NIFTY,2026-09-15,23700.0,PE,3
2026-08-26 04:55:00+00:00,28.35,29.2,28.25,28.25,2535.0,2490.0,NIFTY,2026-09-15,23700.0,PE,3
2026-08-26 05:00:00+00:00,27.05,27.05,26.4,26.55,910.0,1232.0,NIFTY,2026-09-15,23700.0,PE,3
2026-08-26 05:05:00+00:00,26.1,26.15,25.8,26.15,390.0,616.0,NIFTY,2026-09-15,23700.0,PE,3
2026-08-26 05:10:00+00:00,26.1,26.1,25.15,25.15,520.0,1859.0,NIFTY,2026-09-15,23700.0,PE,3
2026-08-26 05:15:00+00:00,25.5,26.9,25.5,26.2,520.0,623.0,NIFTY,2026-09-15,23700.0,PE,3
2026-08-26 05:20:00+00:00,26.85,26.85,26.55,26.55,390.0,1246.0,NIFTY,2026-09-15,23700.0,PE,3
2026-08-26 05:25:00+00:00,26.05,26.05,25.7,25.95,260.0,,NIFTY,2026-09-15,23700.0,PE,3
2026-08-26 05:30:00+00:00,27.0,27.0,26.0,26.5,325.0,622.0,NIFTY,2026-09-15,23700.0,PE,3
2026-08-26 05:35:00+00:00,27.1,27.15,26.3,26.3,780.0,1249.0,NIFTY,2026-09-15,23700.0,PE,3
2026-08-26 05:40:00+00:00,26.1,26.1,26.1,26.1,715.0,622.0,NIFTY,2026-09-15,23700.0,PE,3
2026-08-26 05:45:00+00:00,25.65,26.3,25.65,26.3,455.0,1261.0,NIFTY,2026-09-15,23700.0,PE,3
2026-08-26 05:50:00+00:00,27.35,28.3,26.75,27.65,1885.0,1272.0,NIFTY,2026-09-15,23700.0,PE,3
2026-08-26 05:55:00+00:00,27.55,27.55,27.55,27.55,195.0,643.0,NIFTY,2026-09-15,23700.0,PE,3
2026-08-26 06:00:00+00:00,28.95,28.95,28.45,28.45,845.0,1285.0,NIFTY,2026-09-15,23700.0,PE,3
2026-08-26 06:05:00+00:00,28.4,28.4,26.65,26.65,1430.0,653.0,NIFTY,2026-09-15,23700.0,PE,3
2026-08-26 06:10:00+00:00,26.75,26.75,26.75,26.75,130.0,655.0,NIFTY,2026-09-15,23700.0,PE,3
2026-08-26 06:15:00+00:00,26.9,26.9,26.65,26.65,195.0,657.0,NIFTY,2026-09-15,23700.0,PE,3
2026-08-26 06:20:00+00:00,27.6,29.7,27.6,29.0,1950.0,1984.0,NIFTY,2026-09-15,23700.0,PE,3
2026-08-26 06:25:00+00:00,29.1,29.8,28.25,29.0,4745.0,1338.0,NIFTY,2026-09-15,23700.0,PE,3
2026-08-26 06:30:00+00:00,29.95,31.6,29.95,31.6,3380.0,2723.0,NIFTY,2026-09-15,23700.0,PE,3
2026-08-26 06:35:00+00:00,31.1,32.05,30.95,32.05,1235.0,2744.0,NIFTY,2026-09-15,23700.0,PE,3
2026-08-26 06:40:00+00:00,32.1,32.4,30.3,30.9,2015.0,2063.0,NIFTY,2026-09-15,23700.0,PE,3
2026-08-26 06:45:00+00:00,30.9,31.0,29.45,29.45,1170.0,1378.0,NIFTY,2026-09-15,23700.0,PE,3
2026-08-26 06:50:00+00:00,30.45,30.65,30.3,30.3,260.0,690.0,NIFTY,2026-09-15,23700.0,PE,3
2026-08-26 07:00:00+00:00,31.75,32.1,31.75,32.1,260.0,692.0,NIFTY,2026-09-15,23700.0,PE,3
2026-08-26 07:05:00+00:00,30.5,30.5,30.5,30.5,65.0,691.0,NIFTY,2026-09-15,23700.0,PE,3
2026-08-26 07:10:00+00:00,32.15,32.15,30.45,30.45,130.0,,NIFTY,2026-09-15,23700.0,PE,3
2026-08-26 07:15:00+00:00,30.9,31.45,30.9,31.45,130.0,692.0,NIFTY,2026-09-15,23700.0,PE,3
2026-08-26 07:20:00+00:00,32.3,32.3,31.4,31.4,715.0,694.0,NIFTY,2026-09-15,23700.0,PE,3
2026-08-26 07:25:00+00:00,31.3,31.65,30.65,31.65,520.0,,NIFTY,2026-09-15,23700.0,PE,3
2026-08-26 07:30:00+00:00,31.5,31.85,31.5,31.75,455.0,2085.0,NIFTY,2026-09-15,23700.0,PE,3
2026-08-26 07:35:00+00:00,30.65,32.1,30.65,32.0,3315.0,696.0,NIFTY,2026-09-15,23700.0,PE,3
2026-08-26 07:40:00+00:00,32.0,32.2,31.65,32.2,1430.0,2126.0,NIFTY,2026-09-15,23700.0,PE,3
2026-08-26 07:45:00+00:00,32.95,34.35,32.4,32.6,2795.0,1441.0,NIFTY,2026-09-15,23700.0,PE,3
2026-08-26 07:50:00+00:00,33.75,33.85,32.8,33.15,2210.0,2151.0,NIFTY,2026-09-15,23700.0,PE,3
2026-08-26 07:55:00+00:00,33.05,33.9,32.65,32.7,2210.0,2878.0,NIFTY,2026-09-15,23700.0,PE,3
2026-08-26 08:00:00+00:00,32.55,33.0,32.1,32.1,1235.0,1463.0,NIFTY,2026-09-15,23700.0,PE,3
2026-08-26 08:05:00+00:00,32.4,33.15,32.4,33.15,845.0,1472.0,NIFTY,2026-09-15,23700.0,PE,3
2026-08-26 08:10:00+00:00,32.85,33.45,32.25,33.45,1690.0,2231.0,NIFTY,2026-09-15,23700.0,PE,3
2026-08-26 08:15:00+00:00,33.45,33.45,33.45,33.45,1170.0,,NIFTY,2026-09-15,23700.0,PE,3
2026-08-26 08:20:00+00:00,32.9,32.9,32.9,32.9,65.0,757.0,NIFTY,2026-09-15,23700.0,PE,3
2026-08-26 08:25:00+00:00,33.65,33.65,33.05,33.05,195.0,1509.0,NIFTY,2026-09-15,23700.0,PE,3
2026-08-26 08:30:00+00:00,33.85,33.85,33.05,33.05,260.0,756.0,NIFTY,2026-09-15,23700.0,PE,3
2026-08-26 08:40:00+00:00,31.9,31.9,30.4,30.65,325.0,757.0,NIFTY,2026-09-15,23700.0,PE,3
2026-08-26 08:45:00+00:00,30.6,30.6,29.55,29.8,650.0,757.0,NIFTY,2026-09-15,23700.0,PE,3
2026-08-26 08:50:00+00:00,29.9,30.0,29.75,29.75,195.0,,NIFTY,2026-09-15,23700.0,PE,3
2026-08-26 09:00:00+00:00,29.95,29.95,29.3,29.85,260.0,1516.0,NIFTY,2026-09-15,23700.0,PE,3
2026-08-26 09:05:00+00:00,29.7,29.95,29.4,29.4,975.0,1521.0,NIFTY,2026-09-15,23700.0,PE,3
2026-08-26 09:10:00+00:00,29.85,29.85,29.45,29.75,260.0,762.0,NIFTY,2026-09-15,23700.0,PE,3
2026-08-26 09:15:00+00:00,28.9,28.9,28.3,28.3,520.0,1524.0,NIFTY,2026-09-15,23700.0,PE,3
2026-08-26 09:20:00+00:00,28.1,28.35,26.25,26.25,2470.0,2289.0,NIFTY,2026-09-15,23700.0,PE,3
2026-08-26 09:25:00+00:00,27.95,27.95,27.95,27.95,65.0,780.0,NIFTY,2026-09-15,23700.0,PE,3
2026-08-26 09:30:00+00:00,28.55,28.55,27.25,27.5,5655.0,3139.0,NIFTY,2026-09-15,23700.0,PE,3
2026-08-26 09:35:00+00:00,28.05,28.35,27.7,28.2,3250.0,3303.0,NIFTY,2026-09-15,23700.0,PE,3
2026-08-26 09:40:00+00:00,27.7,27.85,27.7,27.8,845.0,1658.0,NIFTY,2026-09-15,23700.0,PE,3
2026-08-26 09:45:00+00:00,27.95,28.5,27.45,27.45,5005.0,3377.0,NIFTY,2026-09-15,23700.0,PE,3
2026-08-26 09:50:00+00:00,27.5,30.05,27.5,30.05,3315.0,2568.0,NIFTY,2026-09-15,23700.0,PE,3
2026-08-26 09:55:00+00:00,29.5,30.8,29.4,30.2,5070.0,2596.0,NIFTY,2026-09-15,23700.0,PE,3
2026-08-26 10:00:00+00:00,30.45,33.3,30.45,31.75,3445.0,4350.0,NIFTY,2026-09-15,23700.0,PE,3
2026-08-26 10:05:00+00:00,31.3,31.6,30.9,31.15,3835.0,2607.0,NIFTY,2026-09-15,23700.0,PE,3
2026-08-27 03:45:00+00:00,31.15,34.3,29.45,32.0,3055.0,3443.0,NIFTY,2026-09-15,23700.0,PE,3
2026-08-27 03:50:00+00:00,32.8,34.15,32.2,33.95,1625.0,2593.0,NIFTY,2026-09-15,23700.0,PE,3
2026-08-27 03:55:00+00:00,34.45,36.95,33.2,36.3,6825.0,3360.0,NIFTY,2026-09-15,23700.0,PE,3
2026-08-27 04:00:00+00:00,35.8,37.85,35.55,35.75,2080.0,2514.0,NIFTY,2026-09-15,23700.0,PE,3
2026-08-27 04:05:00+00:00,35.15,37.05,34.8,36.35,2015.0,4280.0,NIFTY,2026-09-15,23700.0,PE,3
2026-08-27 04:10:00+00:00,36.75,37.65,35.95,36.55,1430.0,3463.0,NIFTY,2026-09-15,23700.0,PE,3
2026-08-27 04:15:00+00:00,34.95,35.8,34.8,34.8,585.0,2593.0,NIFTY,2026-09-15,23700.0,PE,3
2026-08-27 04:20:00+00:00,35.4,36.1,34.85,36.1,1040.0,3461.0,NIFTY,2026-09-15,23700.0,PE,3
2026-08-27 04:25:00+00:00,36.2,38.0,35.7,36.9,3900.0,2579.0,NIFTY,2026-09-15,23700.0,PE,3
2026-08-27 04:30:00+00:00,38.25,38.75,37.4,38.6,1105.0,2585.0,NIFTY,2026-09-15,23700.0,PE,3
2026-08-27 04:35:00+00:00,39.35,39.35,38.05,38.4,650.0,3446.0,NIFTY,2026-09-15,23700.0,PE,3
2026-08-27 04:40:00+00:00,38.4,39.25,38.4,39.25,650.0,3437.0,NIFTY,2026-09-15,23700.0,PE,3
2026-08-27 04:45:00+00:00,38.2,39.25,38.2,39.15,585.0,2566.0,NIFTY,2026-09-15,23700.0,PE,3
2026-08-27 04:50:00+00:00,38.7,40.2,38.7,39.7,1820.0,4263.0,NIFTY,2026-09-15,23700.0,PE,3
2026-08-27 04:55:00+00:00,39.8,40.15,39.45,39.45,585.0,1686.0,NIFTY,2026-09-15,23700.0,PE,3
2026-08-27 05:00:00+00:00,38.45,38.95,37.45,37.45,4420.0,1691.0,NIFTY,2026-09-15,23700.0,PE,3
2026-08-27 05:05:00+00:00,38.5,39.3,38.5,39.3,455.0,874.0,NIFTY,2026-09-15,23700.0,PE,3
2026-08-27 05:10:00+00:00,38.65,39.5,38.05,39.5,1040.0,1750.0,NIFTY,2026-09-15,23700.0,PE,3
2026-08-27 05:15:00+00:00,39.85,40.0,39.45,39.55,715.0,876.0,NIFTY,2026-09-15,23700.0,PE,3
2026-08-27 05:20:00+00:00,41.95,42.8,41.15,41.75,1040.0,1751.0,NIFTY,2026-09-15,23700.0,PE,3
2026-08-27 05:25:00+00:00,41.85,43.05,41.7,42.2,9815.0,4423.0,NIFTY,2026-09-15,23700.0,PE,3
2026-08-27 05:30:00+00:00,42.6,43.65,41.55,41.55,1300.0,3587.0,NIFTY,2026-09-15,23700.0,PE,3
2026-08-27 05:35:00+00:00,41.25,41.95,41.05,41.15,780.0,3619.0,NIFTY,2026-09-15,23700.0,PE,3
2026-08-27 05:40:00+00:00,42.1,42.55,42.1,42.55,195.0,906.0,NIFTY,2026-09-15,23700.0,PE,3
2026-08-27 05:45:00+00:00,42.95,45.1,42.95,45.1,1690.0,2736.0,NIFTY,2026-09-15,23700.0,PE,3
2026-08-27 05:50:00+00:00,46.3,48.6,45.55,48.2,7345.0,4598.0,NIFTY,2026-09-15,23700.0,PE,3
2026-08-27 05:55:00+00:00,48.85,49.7,47.2,48.4,2535.0,3720.0,NIFTY,2026-09-15,23700.0,PE,3
2026-08-27 06:00:00+00:00,48.25,48.25,44.85,44.85,2600.0,4670.0,NIFTY,2026-09-15,23700.0,PE,3
2026-08-27 06:05:00+00:00,45.15,45.8,44.85,44.9,2990.0,3770.0,NIFTY,2026-09-15,23700.0,PE,3
2026-08-27 06:10:00+00:00,44.55,46.3,44.55,45.95,2275.0,2850.0,NIFTY,2026-09-15,23700.0,PE,3
2026-08-27 06:15:00+00:00,45.95,46.6,45.85,46.6,910.0,960.0,NIFTY,2026-09-15,23700.0,PE,3
2026-08-27 06:20:00+00:00,47.2,47.2,44.45,44.45,1105.0,3842.0,NIFTY,2026-09-15,23700.0,PE,3
2026-08-27 06:25:00+00:00,44.3,44.3,44.3,44.3,260.0,964.0,NIFTY,2026-09-15,23700.0,PE,3
2026-08-27 06:30:00+00:00,44.8,45.55,44.8,45.5,2145.0,2884.0,NIFTY,2026-09-15,23700.0,PE,3
2026-08-27 06:35:00+00:00,45.75,47.25,45.75,46.15,2730.0,2864.0,NIFTY,2026-09-15,23700.0,PE,3
2026-08-27 06:40:00+00:00,45.95,47.05,44.7,44.7,455.0,1892.0,NIFTY,2026-09-15,23700.0,PE,3
2026-08-27 06:45:00+00:00,44.4,44.4,44.4,44.4,65.0,947.0,NIFTY,2026-09-15,23700.0,PE,3
2026-08-27 06:50:00+00:00,46.15,46.15,45.75,45.85,650.0,1896.0,NIFTY,2026-09-15,23700.0,PE,3
2026-08-27 06:55:00+00:00,43.8,43.8,43.8,43.8,195.0,,NIFTY,2026-09-15,23700.0,PE,3
2026-08-27 07:00:00+00:00,43.05,43.95,43.05,43.95,1040.0,2854.0,NIFTY,2026-09-15,23700.0,PE,3
2026-08-27 07:05:00+00:00,43.15,43.15,39.1,39.1,910.0,2854.0,NIFTY,2026-09-15,23700.0,PE,3
2026-08-27 07:10:00+00:00,38.25,39.35,38.25,38.7,1105.0,2858.0,NIFTY,2026-09-15,23700.0,PE,3
2026-08-27 07:15:00+00:00,39.5,39.5,39.2,39.35,325.0,1909.0,NIFTY,2026-09-15,23700.0,PE,3
2026-08-27 07:20:00+00:00,38.35,38.35,35.85,36.4,2535.0,3809.0,NIFTY,2026-09-15,23700.0,PE,3
2026-08-27 07:25:00+00:00,36.5,36.8,36.25,36.75,1300.0,1905.0,NIFTY,2026-09-15,23700.0,PE,3
2026-08-27 07:30:00+00:00,36.85,37.05,36.85,37.05,195.0,,NIFTY,2026-09-15,23700.0,PE,3
2026-08-27 07:40:00+00:00,35.3,35.75,35.3,35.75,195.0,952.0,NIFTY,2026-09-15,23700.0,PE,3
2026-08-27 07:50:00+00:00,37.4,37.4,36.05,36.55,2730.0,,NIFTY,2026-09-15,23700.0,PE,3
2026-08-27 07:55:00+00:00,35.8,37.4,35.8,37.1,845.0,1901.0,NIFTY,2026-09-15,23700.0,PE,3
2026-08-27 08:00:00+00:00,36.85,38.85,36.85,38.25,1885.0,2858.0,NIFTY,2026-09-15,23700.0,PE,3
2026-08-27 08:05:00+00:00,37.0,37.0,36.85,36.85,1365.0,,NIFTY,2026-09-15,23700.0,PE,3
2026-08-27 08:10:00+00:00,37.25,38.4,37.25,38.4,2535.0,2844.0,NIFTY,2026-09-15,23700.0,PE,3
2026-08-27 08:15:00+00:00,40.0,42.55,40.0,42.55,455.0,1907.0,NIFTY,2026-09-15,23700.0,PE,3
2026-08-27 08:20:00+00:00,41.85,43.05,41.85,42.6,1690.0,2887.0,NIFTY,2026-09-15,23700.0,PE,3
2026-08-27 08:25:00+00:00,44.75,44.75,44.75,44.75,65.0,,NIFTY,2026-09-15,23700.0,PE,3
2026-08-27 08:30:00+00:00,45.0,45.65,44.1,45.45,3640.0,2918.0,NIFTY,2026-09-15,23700.0,PE,3
2026-08-27 08:35:00+00:00,45.5,46.5,44.1,45.5,5330.0,4956.0,NIFTY,2026-09-15,23700.0,PE,3
2026-08-27 08:40:00+00:00,45.2,45.2,43.6,44.5,2210.0,2997.0,NIFTY,2026-09-15,23700.0,PE,3
2026-08-27 08:45:00+00:00,43.95,43.95,43.0,43.55,1040.0,3007.0,NIFTY,2026-09-15,23700.0,PE,3
2026-08-27 08:50:00+00:00,42.0,42.0,41.5,42.0,585.0,2007.0,NIFTY,2026-09-15,23700.0,PE,3
2026-08-27 08:55:00+00:00,41.55,42.5,40.35,40.35,585.0,2010.0,NIFTY,2026-09-15,23700.0,PE,3
2026-08-27 09:00:00+00:00,39.45,42.0,39.45,40.9,1690.0,1007.0,NIFTY,2026-09-15,23700.0,PE,3
2026-08-27 09:05:00+00:00,40.4,41.7,40.4,40.75,1625.0,3056.0,NIFTY,2026-09-15,23700.0,PE,3
2026-08-27 09:10:00+00:00,41.15,42.5,41.15,41.85,260.0,1015.0,NIFTY,2026-09-15,23700.0,PE,3
2026-08-27 09:15:00+00:00,40.85,40.85,40.85,40.85,65.0,1017.0,NIFTY,2026-09-15,23700.0,PE,3
2026-08-27 09:20:00+00:00,41.35,42.25,41.35,42.0,260.0,1017.0,NIFTY,2026-09-15,23700.0,PE,3
2026-08-27 09:25:00+00:00,41.75,42.2,41.4,42.0,1040.0,2035.0,NIFTY,2026-09-15,23700.0,PE,3
2026-08-27 09:30:00+00:00,41.6,42.0,41.05,42.0,715.0,4102.0,NIFTY,2026-09-15,23700.0,PE,3
2026-08-27 09:35:00+00:00,42.0,43.7,42.0,42.7,1170.0,1029.0,NIFTY,2026-09-15,23700.0,PE,3
2026-08-27 09:40:00+00:00,43.2,45.3,43.2,45.3,1365.0,4125.0,NIFTY,2026-09-15,23700.0,PE,3
2026-08-27 09:45:00+00:00,44.95,45.45,42.35,42.9,4485.0,5076.0,NIFTY,2026-09-15,23700.0,PE,3
2026-08-27 09:50:00+00:00,45.95,49.0,45.45,49.0,5655.0,5033.0,NIFTY,2026-09-15,23700.0,PE,3
2026-08-27 09:55:00+00:00,48.5,51.65,47.9,49.35,10335.0,4002.0,NIFTY,2026-09-15,23700.0,PE,3
2026-08-27 10:00:00+00:00,48.4,51.05,48.4,51.05,4875.0,2992.0,NIFTY,2026-09-15,23700.0,PE,3
2026-08-27 10:05:00+00:00,51.1,51.95,49.85,51.2,8320.0,3998.0,NIFTY,2026-09-15,23700.0,PE,3
2026-08-28 03:45:00+00:00,51.05,51.05,46.2,49.8,8840.0,3048.0,NIFTY,2026-09-15,23700.0,PE,3
2026-08-28 03:50:00+00:00,49.85,49.95,46.85,48.3,3575.0,4131.0,NIFTY,2026-09-15,23700.0,PE,3
2026-08-28 03:55:00+00:00,46.05,46.05,44.0,45.2,3770.0,4211.0,NIFTY,2026-09-15,23700.0,PE,3
2026-08-28 04:00:00+00:00,43.8,45.1,42.75,42.95,8515.0,4279.0,NIFTY,2026-09-15,23700.0,PE,3
2026-08-28 04:05:00+00:00,45.05,45.95,44.4,44.45,2340.0,3234.0,NIFTY,2026-09-15,23700.0,PE,3
2026-08-28 04:10:00+00:00,45.3,45.3,41.0,41.55,3770.0,5416.0,NIFTY,2026-09-15,23700.0,PE,3
2026-08-28 04:15:00+00:00,42.7,42.7,41.65,42.7,2145.0,2198.0,NIFTY,2026-09-15,23700.0,PE,3
2026-08-28 04:20:00+00:00,43.6,43.6,42.9,43.35,2145.0,3313.0,NIFTY,2026-09-15,23700.0,PE,3
2026-08-28 04:25:00+00:00,40.85,41.45,40.65,40.95,715.0,3350.0,NIFTY,2026-09-15,23700.0,PE,3
2026-08-28 04:30:00+00:00,41.4,42.55,41.4,42.0,585.0,2241.0,NIFTY,2026-09-15,23700.0,PE,3
2026-08-28 04:35:00+00:00,43.5,43.5,39.4,40.65,2730.0,3365.0,NIFTY,2026-09-15,23700.0,PE,3
2026-08-28 04:40:00+00:00,40.7,40.7,38.95,39.0,1170.0,3374.0,NIFTY,2026-09-15,23700.0,PE,3
2026-08-28 04:45:00+00:00,38.1,39.6,36.55,39.6,4420.0,5647.0,NIFTY,2026-09-15,23700.0,PE,3
2026-08-28 04:50:00+00:00,40.0,40.0,38.55,39.55,2015.0,4520.0,NIFTY,2026-09-15,23700.0,PE,3
2026-08-28 04:55:00+00:00,39.25,39.25,38.55,38.55,325.0,,NIFTY,2026-09-15,23700.0,PE,3
2026-08-28 05:00:00+00:00,39.15,40.0,39.15,39.55,650.0,1129.0,NIFTY,2026-09-15,23700.0,PE,3
2026-08-28 05:05:00+00:00,39.25,39.25,39.25,39.25,195.0,2260.0,NIFTY,2026-09-15,23700.0,PE,3
2026-08-28 05:10:00+00:00,38.9,40.0,38.9,40.0,780.0,2260.0,NIFTY,2026-09-15,23700.0,PE,3
2026-08-28 05:15:00+00:00,40.65,40.65,38.6,39.0,390.0,2261.0,NIFTY,2026-09-15,23700.0,PE,3
2026-08-28 05:20:00+00:00,38.4,39.5,38.35,39.5,910.0,3393.0,NIFTY,2026-09-15,23700.0,PE,3
2026-08-28 05:25:00+00:00,39.9,39.9,39.15,39.15,390.0,2253.0,NIFTY,2026-09-15,23700.0,PE,3
2026-08-28 05:30:00+00:00,39.5,39.5,39.0,39.0,845.0,1134.0,NIFTY,2026-09-15,23700.0,PE,3
2026-08-28 05:35:00+00:00,39.1,41.3,39.1,41.3,1105.0,2254.0,NIFTY,2026-09-15,23700.0,PE,3
2026-08-28 05:40:00+00:00,41.15,41.15,38.4,38.65,1235.0,,NIFTY,2026-09-15,23700.0,PE,3
2026-08-28 05:45:00+00:00,39.65,40.35,39.65,40.35,390.0,2235.0,NIFTY,2026-09-15,23700.0,PE,3
2026-08-28 05:50:00+00:00,40.85,41.4,40.85,41.4,2470.0,3341.0,NIFTY,2026-09-15,23700.0,PE,3
2026-08-28 05:55:00+00:00,42.3,44.2,42.3,44.2,780.0,4434.0,NIFTY,2026-09-15,23700.0,PE,3
2026-08-28 06:00:00+00:00,45.35,49.2,44.95,47.55,2080.0,4420.0,NIFTY,2026-09-15,23700.0,PE,3
2026-08-28 06:05:00+00:00,47.5,50.45,47.5,48.0,7930.0,3325.0,NIFTY,2026-09-15,23700.0,PE,3
2026-08-28 06:10:00+00:00,49.75,49.9,48.5,49.05,4485.0,5701.0,NIFTY,2026-09-15,23700.0,PE,3
2026-08-28 06:15:00+00:00,49.05,49.05,48.85,49.0,975.0,1147.0,NIFTY,2026-09-15,23700.0,PE,3
2026-08-28 06:20:00+00:00,47.75,50.15,47.75,50.15,1495.0,2302.0,NIFTY,2026-09-15,23700.0,PE,3
2026-08-28 06:25:00+00:00,51.0,56.45,50.55,53.8,1495.0,3443.0,NIFTY,2026-09-15,23700.0,PE,3
2026-08-28 06:30:00+00:00,54.45,54.45,51.15,51.15,8775.0,4472.0,NIFTY,2026-09-15,23700.0,PE,3
2026-08-28 06:35:00+00:00,52.55,52.55,52.55,52.55,65.0,1112.0,NIFTY,2026-09-15,23700.0,PE,3
2026-08-28 06:40:00+00:00,54.9,55.55,54.3,54.3,1690.0,1109.0,NIFTY,2026-09-15,23700.0,PE,3
2026-08-28 06:45:00+00:00,53.75,54.25,53.75,53.75,650.0,3350.0,NIFTY,2026-09-15,23700.0,PE,3
2026-08-28 06:50:00+00:00,53.75,55.65,53.75,54.6,2730.0,1111.0,NIFTY,2026-09-15,23700.0,PE,3
2026-08-28 06:55:00+00:00,54.7,54.8,53.45,53.55,845.0,3337.0,NIFTY,2026-09-15,23700.0,PE,3
2026-08-28 07:00:00+00:00,52.2,52.6,51.95,51.95,325.0,2223.0,NIFTY,2026-09-15,23700.0,PE,3
2026-08-28 07:05:00+00:00,52.85,53.35,52.3,53.35,520.0,1110.0,NIFTY,2026-09-15,23700.0,PE,3
2026-08-28 07:10:00+00:00,51.05,51.5,51.05,51.5,455.0,1110.0,NIFTY,2026-09-15,23700.0,PE,3
2026-08-28 07:15:00+00:00,51.55,51.55,50.5,50.5,4225.0,3318.0,NIFTY,2026-09-15,23700.0,PE,3
2026-08-28 07:20:00+00:00,50.6,51.25,50.6,51.25,1755.0,3269.0,NIFTY,2026-09-15,23700.0,PE,3
2026-08-28 07:25:00+00:00,51.85,52.35,51.85,52.35,130.0,1089.0,NIFTY,2026-09-15,23700.0,PE,3
2026-08-28 07:30:00+00:00,53.85,53.85,53.5,53.5,910.0,2174.0,NIFTY,2026-09-15,23700.0,PE,3
2026-08-28 07:35:00+00:00,52.7,52.7,52.6,52.6,130.0,1082.0,NIFTY,2026-09-15,23700.0,PE,3
2026-08-28 07:45:00+00:00,52.7,53.1,52.55,53.1,585.0,2165.0,NIFTY,2026-09-15,23700.0,PE,3
2026-08-28 07:50:00+00:00,51.95,51.95,49.9,50.45,1560.0,4323.0,NIFTY,2026-09-15,23700.0,PE,3
2026-08-28 07:55:00+00:00,50.5,52.6,48.5,52.6,1170.0,4297.0,NIFTY,2026-09-15,23700.0,PE,3
2026-08-28 08:00:00+00:00,52.1,52.1,48.35,49.2,1560.0,4332.0,NIFTY,2026-09-15,23700.0,PE,3
2026-08-28 08:05:00+00:00,49.3,49.85,48.35,48.55,1365.0,5447.0,NIFTY,2026-09-15,23700.0,PE,3
2026-08-28 08:10:00+00:00,48.5,48.5,47.3,48.2,4225.0,3339.0,NIFTY,2026-09-15,23700.0,PE,3
2026-08-28 08:15:00+00:00,48.25,49.5,48.25,49.5,325.0,1125.0,NIFTY,2026-09-15,23700.0,PE,3
2026-08-28 08:20:00+00:00,50.95,51.3,50.55,50.55,520.0,1124.0,NIFTY,2026-09-15,23700.0,PE,3
2026-08-28 08:25:00+00:00,50.95,50.95,50.2,50.2,130.0,,NIFTY,2026-09-15,23700.0,PE,3
2026-08-28 08:30:00+00:00,49.0,50.95,48.95,50.95,1560.0,4513.0,NIFTY,2026-09-15,23700.0,PE,3
2026-08-28 08:35:00+00:00,50.95,50.95,50.15,50.15,195.0,1135.0,NIFTY,2026-09-15,23700.0,PE,3
2026-08-28 08:40:00+00:00,49.6,49.6,48.9,49.3,975.0,2277.0,NIFTY,2026-09-15,23700.0,PE,3
2026-08-28 08:45:00+00:00,49.6,49.6,48.85,48.85,130.0,1139.0,NIFTY,2026-09-15,23700.0,PE,3
2026-08-28 08:50:00+00:00,49.65,49.75,48.75,49.75,1885.0,2275.0,NIFTY,2026-09-15,23700.0,PE,3
2026-08-28 08:55:00+00:00,49.3,49.3,47.55,47.55,2925.0,3432.0,NIFTY,2026-09-15,23700.0,PE,3
2026-08-28 09:00:00+00:00,47.65,47.65,47.15,47.45,585.0,1158.0,NIFTY,2026-09-15,23700.0,PE,3
2026-08-28 09:05:00+00:00,47.35,48.1,46.75,46.8,1495.0,4644.0,NIFTY,2026-09-15,23700.0,PE,3
2026-08-28 09:10:00+00:00,48.05,48.95,47.95,48.2,4810.0,5850.0,NIFTY,2026-09-15,23700.0,PE,3
2026-08-28 09:15:00+00:00,48.55,48.75,46.2,46.3,1040.0,4723.0,NIFTY,2026-09-15,23700.0,PE,3
2026-08-28 09:20:00+00:00,46.1,46.1,43.3,43.3,3185.0,3563.0,NIFTY,2026-09-15,23700.0,PE,3
2026-08-28 09:25:00+00:00,44.0,44.35,43.15,44.35,1495.0,4776.0,NIFTY,2026-09-15,23700.0,PE,3
2026-08-28 09:30:00+00:00,45.0,49.1,45.0,48.75,1820.0,4795.0,NIFTY,2026-09-15,23700.0,PE,3
2026-08-28 09:35:00+00:00,48.75,48.75,44.75,44.75,975.0,2405.0,NIFTY,2026-09-15,23700.0,PE,3
2026-08-28 09:40:00+00:00,44.5,44.5,39.2,40.7,1105.0,3616.0,NIFTY,2026-09-15,23700.0,PE,3
2026-08-28 09:45:00+00:00,40.0,42.45,40.0,41.3,520.0,1205.0,NIFTY,2026-09-15,23700.0,PE,3
2026-08-28 09:50:00+00:00,40.15,40.15,37.5,38.3,7020.0,6047.0,NIFTY,2026-09-15,23700.0,PE,3
2026-08-28 09:55:00+00:00,38.25,39.2,37.0,37.2,4160.0,4887.0,NIFTY,2026-09-15,23700.0,PE,3
2026-08-28 10:00:00+00:00,37.6,38.35,36.25,38.2,3055.0,3688.0,NIFTY,2026-09-15,23700.0,PE,3
2026-08-28 10:05:00+00:00,37.95,38.3,37.2,38.3,6695.0,3689.0,NIFTY,2026-09-15,23700.0,PE,3
2026-08-31 03:45:00+00:00,56.75,58.65,54.5,56.6,16315.0,6031.0,NIFTY,2026-09-15,23700.0,PE,3
2026-08-31 03:50:00+00:00,57.05,57.95,53.95,57.0,8060.0,4889.0,NIFTY,2026-09-15,23700.0,PE,3
2026-08-31 03:55:00+00:00,56.95,60.7,56.95,59.75,6370.0,6118.0,NIFTY,2026-09-15,23700.0,PE,3
2026-08-31 04:00:00+00:00,59.3,60.1,56.5,58.0,6630.0,6199.0,NIFTY,2026-09-15,23700.0,PE,3
2026-08-31 04:05:00+00:00,58.15,59.3,58.15,58.75,1820.0,5062.0,NIFTY,2026-09-15,23700.0,PE,3
2026-08-31 04:10:00+00:00,58.95,62.4,57.85,62.4,6240.0,6327.0,NIFTY,2026-09-15,23700.0,PE,3
2026-08-31 04:15:00+00:00,62.65,62.65,60.0,61.25,4810.0,6366.0,NIFTY,2026-09-15,23700.0,PE,3
2026-08-31 04:20:00+00:00,61.0,61.45,59.6,61.3,4290.0,6381.0,NIFTY,2026-09-15,23700.0,PE,3
2026-08-31 04:25:00+00:00,62.15,64.4,62.15,62.65,6630.0,3849.0,NIFTY,2026-09-15,23700.0,PE,3
2026-08-31 04:30:00+00:00,62.95,63.0,60.85,61.0,5005.0,6512.0,NIFTY,2026-09-15,23700.0,PE,3
2026-08-31 04:35:00+00:00,60.05,60.05,58.4,58.55,2080.0,5259.0,NIFTY,2026-09-15,23700.0,PE,3
2026-08-31 04:40:00+00:00,62.0,64.1,62.0,62.75,2730.0,3946.0,NIFTY,2026-09-15,23700.0,PE,3
2026-08-31 04:45:00+00:00,63.4,63.9,62.35,63.15,12025.0,5279.0,NIFTY,2026-09-15,23700.0,PE,3
2026-08-31 04:50:00+00:00,63.45,64.45,63.4,63.95,3510.0,5348.0,NIFTY,2026-09-15,23700.0,PE,3
2026-08-31 04:55:00+00:00,63.05,63.7,58.75,60.1,15470.0,6802.0,NIFTY,2026-09-15,23700.0,PE,3
2026-08-31 05:00:00+00:00,60.0,61.6,59.45,61.15,3640.0,5486.0,NIFTY,2026-09-15,23700.0,PE,3
2026-08-31 05:05:00+00:00,61.7,63.95,61.3,62.45,585.0,4138.0,NIFTY,2026-09-15,23700.0,PE,3
2026-08-31 05:10:00+00:00,63.8,63.85,61.65,61.65,1885.0,2765.0,NIFTY,2026-09-15,23700.0,PE,3
2026-08-31 05:15:00+00:00,62.2,62.4,60.95,62.0,2600.0,6973.0,NIFTY,2026-09-15,23700.0,PE,3
2026-08-31 05:20:00+00:00,62.35,63.6,61.55,62.75,2340.0,4226.0,NIFTY,2026-09-15,23700.0,PE,3
2026-08-31 05:25:00+00:00,61.45,62.0,61.35,61.4,3250.0,7143.0,NIFTY,2026-09-15,23700.0,PE,3
2026-08-31 05:30:00+00:00,61.0,62.0,60.95,62.0,2275.0,4304.0,NIFTY,2026-09-15,23700.0,PE,3
2026-08-31 05:35:00+00:00,61.65,63.9,61.65,63.9,2600.0,4313.0,NIFTY,2026-09-15,23700.0,PE,3
2026-08-31 05:40:00+00:00,64.05,64.85,62.95,62.95,2145.0,2871.0,NIFTY,2026-09-15,23700.0,PE,3
2026-08-31 05:45:00+00:00,61.55,62.45,60.4,62.25,8060.0,5812.0,NIFTY,2026-09-15,23700.0,PE,3
2026-08-31 05:50:00+00:00,61.85,62.35,61.5,61.5,715.0,1462.0,NIFTY,2026-09-15,23700.0,PE,3
2026-08-31 05:55:00+00:00,62.2,62.45,61.5,61.5,650.0,4377.0,NIFTY,2026-09-15,23700.0,PE,3
2026-08-31 06:00:00+00:00,60.4,61.5,60.35,61.5,715.0,2921.0,NIFTY,2026-09-15,23700.0,PE,3
2026-08-31 06:05:00+00:00,58.35,58.85,58.0,58.85,390.0,,NIFTY,2026-09-15,23700.0,PE,3
2026-08-31 06:10:00+00:00,59.15,59.15,58.0,58.0,325.0,1461.0,NIFTY,2026-09-15,23700.0,PE,3
2026-08-31 06:15:00+00:00,56.65,57.9,56.2,56.2,8125.0,7413.0,NIFTY,2026-09-15,23700.0,PE,3
2026-08-31 06:20:00+00:00,56.15,56.15,48.65,49.85,5915.0,6001.0,NIFTY,2026-09-15,23700.0,PE,3
2026-08-31 06:25:00+00:00,51.3,52.15,48.0,51.75,12675.0,5867.0,NIFTY,2026-09-15,23700.0,PE,3
2026-08-31 06:30:00+00:00,51.85,51.85,49.35,49.35,2535.0,7202.0,NIFTY,2026-09-15,23700.0,PE,3
2026-08-31 06:35:00+00:00,50.4,52.25,50.2,52.05,6760.0,5829.0,NIFTY,2026-09-15,23700.0,PE,3
2026-08-31 06:40:00+00:00,52.6,52.6,50.95,52.4,3705.0,5833.0,NIFTY,2026-09-15,23700.0,PE,3
2026-08-31 06:45:00+00:00,52.7,52.8,50.9,50.95,520.0,2925.0,NIFTY,2026-09-15,23700.0,PE,3
2026-08-31 06:50:00+00:00,50.45,51.05,49.2,51.05,2925.0,2946.0,NIFTY,2026-09-15,23700.0,PE,3
2026-08-31 06:55:00+00:00,51.45,51.55,50.6,50.85,1170.0,4451.0,NIFTY,2026-09-15,23700.0,PE,3
2026-08-31 07:00:00+00:00,50.9,51.2,50.2,50.2,390.0,2975.0,NIFTY,2026-09-15,23700.0,PE,3
2026-08-31 07:05:00+00:00,50.9,50.9,48.85,48.9,2015.0,2978.0,NIFTY,2026-09-15,23700.0,PE,3
2026-08-31 07:10:00+00:00,48.65,48.65,48.65,48.65,260.0,,NIFTY,2026-09-15,23700.0,PE,3
2026-08-31 07:15:00+00:00,50.0,50.3,49.3,49.3,1040.0,5957.0,NIFTY,2026-09-15,23700.0,PE,3
2026-08-31 07:20:00+00:00,49.1,49.35,49.1,49.35,585.0,4460.0,NIFTY,2026-09-15,23700.0,PE,3
2026-08-31 07:25:00+00:00,48.8,49.75,48.8,49.75,650.0,2976.0,NIFTY,2026-09-15,23700.0,PE,3
2026-08-31 07:30:00+00:00,49.3,50.1,47.9,47.9,4225.0,4483.0,NIFTY,2026-09-15,23700.0,PE,3
2026-08-31 07:35:00+00:00,49.5,49.55,49.5,49.55,780.0,1492.0,NIFTY,2026-09-15,23700.0,PE,3
2026-08-31 07:40:00+00:00,49.5,49.5,48.1,48.15,1235.0,4501.0,NIFTY,2026-09-15,23700.0,PE,3
2026-08-31 07:45:00+00:00,48.85,48.85,48.85,48.85,65.0,,NIFTY,2026-09-15,23700.0,PE,3
2026-08-31 07:50:00+00:00,49.5,49.5,48.85,49.05,715.0,5998.0,NIFTY,2026-09-15,23700.0,PE,3
2026-08-31 07:55:00+00:00,48.85,48.9,48.15,48.15,6045.0,1500.0,NIFTY,2026-09-15,23700.0,PE,3
2026-08-31 08:00:00+00:00,48.9,49.4,47.6,47.6,1755.0,4525.0,NIFTY,2026-09-15,23700.0,PE,3
2026-08-31 08:05:00+00:00,49.05,49.05,48.85,48.85,195.0,1502.0,NIFTY,2026-09-15,23700.0,PE,3
2026-08-31 08:10:00+00:00,49.1,49.65,48.3,49.3,1495.0,3007.0,NIFTY,2026-09-15,23700.0,PE,3
2026-08-31 08:15:00+00:00,49.65,50.15,47.6,47.6,1820.0,4513.0,NIFTY,2026-09-15,23700.0,PE,3
2026-08-31 08:20:00+00:00,48.1,48.5,47.95,48.5,1495.0,1511.0,NIFTY,2026-09-15,23700.0,PE,3
2026-08-31 08:25:00+00:00,48.95,50.7,48.95,50.7,2470.0,3016.0,NIFTY,2026-09-15,23700.0,PE,3
2026-08-31 08:30:00+00:00,51.2,54.2,51.2,54.2,6045.0,3032.0,NIFTY,2026-09-15,23700.0,PE,3
2026-08-31 08:35:00+00:00,53.55,55.55,52.25,54.0,4550.0,7657.0,NIFTY,2026-09-15,23700.0,PE,3
2026-08-31 08:40:00+00:00,54.0,54.0,53.05,53.3,3640.0,6143.0,NIFTY,2026-09-15,23700.0,PE,3
2026-08-31 08:45:00+00:00,53.05,53.8,52.0,53.0,3250.0,4605.0,NIFTY,2026-09-15,23700.0,PE,3
2026-08-31 08:50:00+00:00,52.85,54.8,52.85,54.4,2665.0,3073.0,NIFTY,2026-09-15,23700.0,PE,3
2026-08-31 08:55:00+00:00,54.8,55.65,53.9,55.65,1235.0,4594.0,NIFTY,2026-09-15,23700.0,PE,3
2026-08-31 09:00:00+00:00,55.0,55.4,53.35,53.5,5070.0,4594.0,NIFTY,2026-09-15,23700.0,PE,3
2026-08-31 09:05:00+00:00,53.25,54.0,51.0,51.0,4095.0,4674.0,NIFTY,2026-09-15,23700.0,PE,3
2026-08-31 09:10:00+00:00,51.3,51.3,48.7,49.85,4810.0,6167.0,NIFTY,2026-09-15,23700.0,PE,3
2026-08-31 09:15:00+00:00,49.8,49.8,40.8,46.35,7735.0,4531.0,NIFTY,2026-09-15,23700.0,PE,3
2026-08-31 09:20:00+00:00,44.65,44.65,42.45,43.3,3900.0,3037.0,NIFTY,2026-09-15,23700.0,PE,3
2026-08-31 09:25:00+00:00,43.75,46.45,43.05,46.45,2405.0,7548.0,NIFTY,2026-09-15,23700.0,PE,3
2026-08-31 09:30:00+00:00,46.5,48.2,45.95,48.15,6110.0,6063.0,NIFTY,2026-09-15,23700.0,PE,3
2026-08-31 09:35:00+00:00,48.25,48.25,45.25,45.4,16315.0,3183.0,NIFTY,2026-09-15,23700.0,PE,3
2026-08-31 09:40:00+00:00,45.5,48.5,45.5,48.5,7345.0,8291.0,NIFTY,2026-09-15,23700.0,PE,3
2026-08-31 09:45:00+00:00,49.75,49.75,47.6,48.25,3835.0,6637.0,NIFTY,2026-09-15,23700.0,PE,3
2026-08-31 09:50:00+00:00,47.1,47.65,41.8,46.95,5265.0,6674.0,NIFTY,2026-09-15,23700.0,PE,3
2026-08-31 09:55:00+00:00,46.65,47.4,44.95,45.35,4160.0,8405.0,NIFTY,2026-09-15,23700.0,PE,3
2026-08-31 10:00:00+00:00,45.6,45.6,43.75,45.0,8515.0,5089.0,NIFTY,2026-09-15,23700.0,PE,3
2026-08-31 10:05:00+00:00,45.7,46.1,44.95,45.0,15340.0,8650.0,NIFTY,2026-09-15,23700.0,PE,3
2026-09-01 03:45:00+00:00,51.15,53.2,49.35,51.6,9815.0,6493.0,NIFTY,2026-09-15,23700.0,PE,3
2026-09-01 03:50:00+00:00,51.85,55.0,51.05,53.95,14430.0,6483.0,NIFTY,2026-09-15,23700.0,PE,3
2026-09-01 03:55:00+00:00,53.9,53.9,48.1,48.5,8580.0,8154.0,NIFTY,2026-09-15,23700.0,PE,3
2026-09-01 04:00:00+00:00,48.15,49.35,47.15,47.95,8320.0,8358.0,NIFTY,2026-09-15,23700.0,PE,3
2026-09-01 04:05:00+00:00,48.7,50.55,48.65,50.35,6565.0,6767.0,NIFTY,2026-09-15,23700.0,PE,3
2026-09-01 04:10:00+00:00,50.75,52.4,50.0,52.15,9425.0,8637.0,NIFTY,2026-09-15,23700.0,PE,3
2026-09-01 04:15:00+00:00,52.7,54.6,52.5,53.55,20540.0,9069.0,NIFTY,2026-09-15,23700.0,PE,3
2026-09-01 04:20:00+00:00,54.15,55.0,53.1,55.0,6435.0,9404.0,NIFTY,2026-09-15,23700.0,PE,3
2026-09-01 04:25:00+00:00,55.05,56.9,54.7,56.4,9425.0,7593.0,NIFTY,2026-09-15,23700.0,PE,3
2026-09-01 04:30:00+00:00,56.45,57.6,54.0,55.25,17940.0,9751.0,NIFTY,2026-09-15,23700.0,PE,3
2026-09-01 04:35:00+00:00,54.7,56.75,54.7,56.05,6045.0,7906.0,NIFTY,2026-09-15,23700.0,PE,3
2026-09-01 04:40:00+00:00,55.65,56.4,55.25,55.25,3380.0,8030.0,NIFTY,2026-09-15,23700.0,PE,3
2026-09-01 04:45:00+00:00,55.0,55.0,51.4,51.7,8190.0,10126.0,NIFTY,2026-09-15,23700.0,PE,3
2026-09-01 04:50:00+00:00,52.2,52.8,50.0,50.3,7605.0,8227.0,NIFTY,2026-09-15,23700.0,PE,3
2026-09-01 04:55:00+00:00,50.75,51.4,50.35,50.35,3380.0,8184.0,NIFTY,2026-09-15,23700.0,PE,3
2026-09-01 05:00:00+00:00,50.25,50.25,48.5,49.4,3835.0,8160.0,NIFTY,2026-09-15,23700.0,PE,3
2026-09-01 05:05:00+00:00,49.6,49.6,49.1,49.45,1040.0,4080.0,NIFTY,2026-09-15,23700.0,PE,3
2026-09-01 05:10:00+00:00,48.9,50.45,48.9,50.45,1885.0,8184.0,NIFTY,2026-09-15,23700.0,PE,3
2026-09-01 05:15:00+00:00,49.35,49.7,48.25,48.8,5850.0,8184.0,NIFTY,2026-09-15,23700.0,PE,3
2026-09-01 05:20:00+00:00,48.0,48.0,45.3,45.75,4810.0,6249.0,NIFTY,2026-09-15,23700.0,PE,3
2026-09-01 05:25:00+00:00,45.8,46.55,45.75,46.05,12805.0,10526.0,NIFTY,2026-09-15,23700.0,PE,3
2026-09-01 05:30:00+00:00,45.05,46.5,45.05,46.5,2470.0,4199.0,NIFTY,2026-09-15,23700.0,PE,3
2026-09-01 05:35:00+00:00,47.1,47.2,43.25,43.55,5525.0,6266.0,NIFTY,2026-09-15,23700.0,PE,3
2026-09-01 05:40:00+00:00,44.05,44.05,40.1,40.5,15340.0,10708.0,NIFTY,2026-09-15,23700.0,PE,3
2026-09-01 05:45:00+00:00,40.45,40.45,38.45,38.45,14950.0,10960.0,NIFTY,2026-09-15,23700.0,PE,3
2026-09-01 05:50:00+00:00,38.1,39.0,37.85,38.1,7670.0,8769.0,NIFTY,2026-09-15,23700.0,PE,3
2026-09-01 05:55:00+00:00,38.45,38.45,36.75,36.8,4875.0,8750.0,NIFTY,2026-09-15,23700.0,PE,3
2026-09-01 06:00:00+00:00,37.15,37.45,35.95,36.4,22555.0,11031.0,NIFTY,2026-09-15,23700.0,PE,3
2026-09-01 06:05:00+00:00,37.15,38.4,37.0,38.0,9360.0,8960.0,NIFTY,2026-09-15,23700.0,PE,3
2026-09-01 06:10:00+00:00,38.45,38.95,37.6,38.15,5330.0,11334.0,NIFTY,2026-09-15,23700.0,PE,3
2026-09-01 06:15:00+00:00,38.05,38.45,37.45,38.45,5395.0,9127.0,NIFTY,2026-09-15,23700.0,PE,3
2026-09-01 06:20:00+00:00,38.2,38.65,37.65,37.65,6825.0,4574.0,NIFTY,2026-09-15,23700.0,PE,3
2026-09-01 06:25:00+00:00,37.65,37.9,37.65,37.9,2535.0,4620.0,NIFTY,2026-09-15,23700.0,PE,3
2026-09-01 06:30:00+00:00,37.5,38.1,37.25,37.25,4030.0,9391.0,NIFTY,2026-09-15,23700.0,PE,3
2026-09-01 06:35:00+00:00,37.55,37.55,37.0,37.0,8320.0,7124.0,NIFTY,2026-09-15,23700.0,PE,3
2026-09-01 06:40:00+00:00,36.6,37.15,36.3,37.15,975.0,7242.0,NIFTY,2026-09-15,23700.0,PE,3
2026-09-01 06:45:00+00:00,37.6,38.5,37.6,38.5,2015.0,9676.0,NIFTY,2026-09-15,23700.0,PE,3
2026-09-01 06:50:00+00:00,38.45,39.15,38.1,39.1,2600.0,9707.0,NIFTY,2026-09-15,23700.0,PE,3
2026-09-01 06:55:00+00:00,39.6,39.6,38.05,38.75,2210.0,4885.0,NIFTY,2026-09-15,23700.0,PE,3
2026-09-01 07:00:00+00:00,38.8,38.95,37.9,38.95,2535.0,2431.0,NIFTY,2026-09-15,23700.0,PE,3
2026-09-01 07:05:00+00:00,39.3,39.3,37.55,38.7,9165.0,12311.0,NIFTY,2026-09-15,23700.0,PE,3
2026-09-01 07:10:00+00:00,37.75,37.9,37.55,37.55,325.0,4960.0,NIFTY,2026-09-15,23700.0,PE,3
2026-09-01 07:15:00+00:00,38.35,38.35,38.1,38.1,325.0,7445.0,NIFTY,2026-09-15,23700.0,PE,3
2026-09-01 07:20:00+00:00,38.5,40.4,38.5,39.8,4160.0,7471.0,NIFTY,2026-09-15,23700.0,PE,3
2026-09-01 07:25:00+00:00,40.0,41.35,40.0,41.0,1170.0,12459.0,NIFTY,2026-09-15,23700.0,PE,3
2026-09-01 07:30:00+00:00,40.95,42.55,40.95,42.4,3640.0,12486.0,NIFTY,2026-09-15,23700.0,PE,3
2026-09-01 07:35:00+00:00,42.7,44.45,42.7,44.1,8125.0,12571.0,NIFTY,2026-09-15,23700.0,PE,3
2026-09-01 07:40:00+00:00,44.7,48.35,44.7,47.75,56940.0,12075.0,NIFTY,2026-09-15,23700.0,PE,3
2026-09-01 07:45:00+00:00,48.35,50.3,47.0,47.0,6435.0,9205.0,NIFTY,2026-09-15,23700.0,PE,3
2026-09-01 07:50:00+00:00,47.5,48.25,45.55,47.7,3055.0,9224.0,NIFTY,2026-09-15,23700.0,PE,3
2026-09-01 07:55:00+00:00,47.55,49.4,47.35,48.7,2470.0,6928.0,NIFTY,2026-09-15,23700.0,PE,3
2026-09-01 08:00:00+00:00,48.55,48.55,47.3,47.6,2080.0,6964.0,NIFTY,2026-09-15,23700.0,PE,3
2026-09-01 08:05:00+00:00,47.95,52.9,47.95,52.6,4940.0,6954.0,NIFTY,2026-09-15,23700.0,PE,3
2026-09-01 08:10:00+00:00,53.3,55.7,52.65,53.75,12610.0,9428.0,NIFTY,2026-09-15,23700.0,PE,3
2026-09-01 08:15:00+00:00,53.8,56.25,53.8,56.25,5980.0,9627.0,NIFTY,2026-09-15,23700.0,PE,3
2026-09-01 08:20:00+00:00,56.6,65.75,56.5,64.35,13325.0,12186.0,NIFTY,2026-09-15,23700.0,PE,3
2026-09-01 08:25:00+00:00,64.55,65.9,59.5,61.7,7345.0,12397.0,NIFTY,2026-09-15,23700.0,PE,3
2026-09-01 08:30:00+00:00,62.0,70.45,61.45,70.45,18135.0,12464.0,NIFTY,2026-09-15,23700.0,PE,3
2026-09-01 08:35:00+00:00,70.6,78.25,68.5,78.25,13715.0,12540.0,NIFTY,2026-09-15,23700.0,PE,3
2026-09-01 08:40:00+00:00,76.9,77.45,70.45,75.05,19760.0,12468.0,NIFTY,2026-09-15,23700.0,PE,3
2026-09-01 08:45:00+00:00,75.4,76.5,73.85,75.0,7150.0,12637.0,NIFTY,2026-09-15,23700.0,PE,3
2026-09-01 08:50:00+00:00,74.9,79.0,74.8,77.55,9360.0,10200.0,NIFTY,2026-09-15,23700.0,PE,3
2026-09-01 08:55:00+00:00,77.7,77.7,68.45,68.45,8125.0,12860.0,NIFTY,2026-09-15,23700.0,PE,3
2026-09-01 09:00:00+00:00,68.8,72.4,66.4,68.5,14170.0,8012.0,NIFTY,2026-09-15,23700.0,PE,3
2026-09-01 09:05:00+00:00,68.2,73.2,67.95,73.0,5135.0,10809.0,NIFTY,2026-09-15,23700.0,PE,3
2026-09-01 09:10:00+00:00,74.05,74.6,71.15,73.7,2730.0,8118.0,NIFTY,2026-09-15,23700.0,PE,3
2026-09-01 09:15:00+00:00,74.05,74.05,70.5,73.95,2470.0,10843.0,NIFTY,2026-09-15,23700.0,PE,3
2026-09-01 09:20:00+00:00,71.4,71.45,69.3,69.3,1495.0,8141.0,NIFTY,2026-09-15,23700.0,PE,3
2026-09-01 09:25:00+00:00,67.85,69.95,67.05,69.65,4810.0,10875.0,NIFTY,2026-09-15,23700.0,PE,3
2026-09-01 09:30:00+00:00,70.55,74.55,69.15,72.75,3250.0,13598.0,NIFTY,2026-09-15,23700.0,PE,3
2026-09-01 09:35:00+00:00,72.5,73.7,70.0,73.7,3640.0,8178.0,NIFTY,2026-09-15,23700.0,PE,3
2026-09-01 09:40:00+00:00,72.35,73.35,71.15,71.55,26520.0,13924.0,NIFTY,2026-09-15,23700.0,PE,3
2026-09-01 09:45:00+00:00,71.95,73.3,71.45,72.6,8385.0,11616.0,NIFTY,2026-09-15,23700.0,PE,3
2026-09-01 09:50:00+00:00,72.85,72.85,69.0,69.75,12480.0,11436.0,NIFTY,2026-09-15,23700.0,PE,3
2026-09-01 09:55:00+00:00,69.55,69.8,65.5,65.5,22555.0,14227.0,NIFTY,2026-09-15,23700.0,PE,3
2026-09-01 10:00:00+00:00,63.8,70.0,63.65,68.15,27040.0,13675.0,NIFTY,2026-09-15,23700.0,PE,3
2026-09-01 10:05:00+00:00,68.05,71.55,67.95,71.55,14625.0,11094.0,NIFTY,2026-09-15,23700.0,PE,3
2026-09-01 10:10:00+00:00,71.55,71.55,71.55,71.55,520.0,,NIFTY,2026-09-15,23700.0,PE,3
2026-09-02 03:45:00+00:00,112.1,117.65,106.65,112.25,124215.0,14489.0,NIFTY,2026-09-15,23700.0,PE,3
2026-09-02 03:50:00+00:00,112.2,126.3,110.0,120.0,45305.0,12343.0,NIFTY,2026-09-15,23700.0,PE,3
2026-09-02 03:55:00+00:00,119.95,120.2,111.25,114.95,19760.0,15682.0,NIFTY,2026-09-15,23700.0,PE,3
2026-09-02 04:00:00+00:00,114.45,118.0,107.75,108.05,19370.0,15798.0,NIFTY,2026-09-15,23700.0,PE,3
2026-09-02 04:05:00+00:00,108.5,115.0,107.65,115.0,25675.0,16274.0,NIFTY,2026-09-15,23700.0,PE,3
2026-09-02 04:10:00+00:00,114.05,114.35,108.6,111.55,16965.0,16554.0,NIFTY,2026-09-15,23700.0,PE,3
2026-09-02 04:15:00+00:00,111.45,118.0,110.65,111.5,26910.0,13304.0,NIFTY,2026-09-15,23700.0,PE,3
2026-09-02 04:20:00+00:00,112.8,115.05,107.85,113.95,13455.0,13276.0,NIFTY,2026-09-15,23700.0,PE,3
2026-09-02 04:25:00+00:00,114.5,115.55,105.0,107.3,10985.0,9963.0,NIFTY,2026-09-15,23700.0,PE,3
2026-09-02 04:30:00+00:00,106.7,110.1,105.1,106.7,6500.0,9967.0,NIFTY,2026-09-15,23700.0,PE,3
2026-09-02 04:35:00+00:00,106.65,108.85,103.05,108.3,9555.0,10052.0,NIFTY,2026-09-15,23700.0,PE,3
2026-09-02 04:40:00+00:00,108.1,110.0,102.3,104.1,9490.0,13430.0,NIFTY,2026-09-15,23700.0,PE,3
2026-09-02 04:45:00+00:00,106.7,107.45,102.8,102.8,3445.0,6726.0,NIFTY,2026-09-15,23700.0,PE,3
2026-09-02 04:50:00+00:00,101.9,102.15,95.75,97.8,22230.0,16707.0,NIFTY,2026-09-15,23700.0,PE,3
2026-09-02 04:55:00+00:00,97.9,99.4,95.85,96.25,6825.0,16661.0,NIFTY,2026-09-15,23700.0,PE,3
2026-09-02 05:00:00+00:00,96.15,97.5,92.35,97.0,13000.0,19982.0,NIFTY,2026-09-15,23700.0,PE,3
2026-09-02 05:05:00+00:00,97.6,102.65,97.4,102.3,9230.0,16645.0,NIFTY,2026-09-15,23700.0,PE,3
2026-09-02 05:10:00+00:00,102.2,104.0,99.7,104.0,7735.0,13187.0,NIFTY,2026-09-15,23700.0,PE,3
2026-09-02 05:15:00+00:00,102.75,105.0,99.95,101.75,6630.0,16484.0,NIFTY,2026-09-15,23700.0,PE,3
2026-09-02 05:20:00+00:00,101.8,109.65,99.05,104.25,12870.0,16521.0,NIFTY,2026-09-15,23700.0,PE,3
2026-09-02 05:25:00+00:00,103.45,104.7,99.9,102.5,11570.0,13276.0,NIFTY,2026-09-15,23700.0,PE,3
2026-09-02 05:30:00+00:00,101.95,111.5,101.55,111.5,13845.0,16607.0,NIFTY,2026-09-15,23700.0,PE,3
2026-09-02 05:35:00+00:00,111.75,113.7,109.25,113.5,13325.0,16523.0,NIFTY,2026-09-15,23700.0,PE,3
2026-09-02 05:40:00+00:00,112.25,113.05,110.7,111.75,4745.0,13237.0,NIFTY,2026-09-15,23700.0,PE,3
2026-09-02 05:45:00+00:00,111.25,113.45,107.9,110.0,8645.0,19979.0,NIFTY,2026-09-15,23700.0,PE,3
2026-09-02 05:50:00+00:00,110.05,113.4,109.35,112.35,3315.0,10042.0,NIFTY,2026-09-15,23700.0,PE,3
2026-09-02 05:55:00+00:00,113.3,114.2,111.2,112.7,4680.0,16764.0,NIFTY,2026-09-15,23700.0,PE,3
2026-09-02 06:00:00+00:00,112.5,116.45,112.5,113.75,6500.0,6717.0,NIFTY,2026-09-15,23700.0,PE,3
2026-09-02 06:05:00+00:00,114.45,117.35,111.0,111.55,15665.0,16819.0,NIFTY,2026-09-15,23700.0,PE,3
2026-09-02 06:10:00+00:00,111.35,116.35,111.35,115.35,5135.0,10040.0,NIFTY,2026-09-15,23700.0,PE,3
2026-09-02 06:15:00+00:00,114.15,117.15,114.15,114.95,3965.0,13402.0,NIFTY,2026-09-15,23700.0,PE,3
2026-09-02 06:20:00+00:00,115.55,115.55,108.75,108.75,4550.0,6705.0,NIFTY,2026-09-15,23700.0,PE,3
2026-09-02 06:25:00+00:00,108.6,117.15,106.2,116.35,7605.0,13449.0,NIFTY,2026-09-15,23700.0,PE,3
2026-09-02 06:30:00+00:00,115.4,120.6,115.0,118.85,9620.0,16864.0,NIFTY,2026-09-15,23700.0,PE,3
2026-09-02 06:35:00+00:00,119.3,119.75,117.2,117.35,5460.0,13583.0,NIFTY,2026-09-15,23700.0,PE,3
2026-09-02 06:40:00+00:00,116.65,117.55,105.0,106.1,16835.0,20510.0,NIFTY,2026-09-15,23700.0,PE,3
2026-09-02 06:45:00+00:00,105.65,109.55,104.0,109.0,14235.0,13743.0,NIFTY,2026-09-15,23700.0,PE,3
2026-09-02 06:50:00+00:00,108.85,114.0,108.85,109.75,18655.0,13689.0,NIFTY,2026-09-15,23700.0,PE,3
2026-09-02 06:55:00+00:00,110.0,110.0,103.5,104.3,5460.0,13642.0,NIFTY,2026-09-15,23700.0,PE,3
2026-09-02 07:00:00+00:00,104.8,105.35,97.6,101.45,13780.0,13694.0,NIFTY,2026-09-15,23700.0,PE,3
2026-09-02 07:05:00+00:00,100.6,102.0,99.65,101.3,5005.0,10296.0,NIFTY,2026-09-15,23700.0,PE,3
2026-09-02 07:10:00+00:00,100.9,100.9,93.6,97.0,10530.0,20607.0,NIFTY,2026-09-15,23700.0,PE,3
2026-09-02 07:15:00+00:00,97.6,100.65,96.75,96.85,7670.0,13735.0,NIFTY,2026-09-15,23700.0,PE,3
2026-09-02 07:20:00+00:00,97.3,97.75,94.85,96.2,5265.0,17199.0,NIFTY,2026-09-15,23700.0,PE,3
2026-09-02 07:25:00+00:00,97.55,97.55,94.8,95.35,1690.0,10344.0,NIFTY,2026-09-15,23700.0,PE,3
2026-09-02 07:30:00+00:00,94.3,95.15,91.95,94.95,11245.0,17321.0,NIFTY,2026-09-15,23700.0,PE,3
2026-09-02 07:35:00+00:00,94.8,99.8,94.8,97.8,9035.0,17416.0,NIFTY,2026-09-15,23700.0,PE,3
2026-09-02 07:40:00+00:00,99.05,99.2,91.25,91.4,4225.0,17458.0,NIFTY,2026-09-15,23700.0,PE,3
2026-09-02 07:45:00+00:00,92.85,95.7,91.8,95.55,8125.0,17499.0,NIFTY,2026-09-15,23700.0,PE,3
2026-09-02 07:50:00+00:00,95.0,95.6,92.7,92.8,10205.0,17749.0,NIFTY,2026-09-15,23700.0,PE,3
2026-09-02 07:55:00+00:00,93.05,94.3,91.25,93.5,6565.0,17882.0,NIFTY,2026-09-15,23700.0,PE,3
2026-09-02 08:00:00+00:00,93.85,96.5,93.55,93.55,5850.0,14313.0,NIFTY,2026-09-15,23700.0,PE,3
2026-09-02 08:05:00+00:00,93.1,96.2,91.15,95.65,9945.0,17941.0,NIFTY,2026-09-15,23700.0,PE,3
2026-09-02 08:10:00+00:00,95.85,98.25,95.0,97.75,5395.0,14370.0,NIFTY,2026-09-15,23700.0,PE,3
2026-09-02 08:15:00+00:00,96.6,97.75,94.3,97.5,3510.0,17886.0,NIFTY,2026-09-15,23700.0,PE,3
2026-09-02 08:20:00+00:00,96.85,101.0,96.1,96.1,30550.0,14145.0,NIFTY,2026-09-15,23700.0,PE,3
2026-09-02 08:25:00+00:00,96.15,96.6,93.3,93.6,5785.0,17518.0,NIFTY,2026-09-15,23700.0,PE,3
2026-09-02 08:30:00+00:00,92.6,94.2,89.1,93.85,16055.0,17561.0,NIFTY,2026-09-15,23700.0,PE,3
2026-09-02 08:35:00+00:00,94.2,94.35,86.8,87.2,14430.0,17446.0,NIFTY,2026-09-15,23700.0,PE,3
2026-09-02 08:40:00+00:00,88.0,90.75,87.0,90.35,16510.0,17307.0,NIFTY,2026-09-15,23700.0,PE,3
2026-09-02 08:45:00+00:00,89.8,93.15,89.7,91.3,13195.0,17449.0,NIFTY,2026-09-15,23700.0,PE,3
2026-09-02 08:50:00+00:00,90.7,95.9,90.7,95.2,7150.0,17672.0,NIFTY,2026-09-15,23700.0,PE,3
2026-09-02 08:55:00+00:00,95.65,96.15,89.0,90.15,5395.0,14261.0,NIFTY,2026-09-15,23700.0,PE,3
2026-09-02 09:00:00+00:00,90.35,90.35,82.6,84.9,19240.0,17802.0,NIFTY,2026-09-15,23700.0,PE,3
2026-09-02 09:05:00+00:00,85.0,87.4,83.6,86.15,7930.0,14264.0,NIFTY,2026-09-15,23700.0,PE,3
2026-09-02 09:10:00+00:00,86.25,91.9,85.75,91.3,9100.0,21520.0,NIFTY,2026-09-15,23700.0,PE,3
2026-09-02 09:15:00+00:00,92.8,92.8,86.6,87.35,5330.0,17971.0,NIFTY,2026-09-15,23700.0,PE,3
2026-09-02 09:20:00+00:00,87.95,92.4,87.95,92.0,5720.0,18026.0,NIFTY,2026-09-15,23700.0,PE,3
2026-09-02 09:25:00+00:00,91.6,95.65,91.3,93.85,21060.0,17930.0,NIFTY,2026-09-15,23700.0,PE,3
2026-09-02 09:30:00+00:00,94.4,99.0,93.5,98.25,10855.0,17747.0,NIFTY,2026-09-15,23700.0,PE,3
2026-09-02 09:35:00+00:00,98.85,99.45,94.4,95.4,10725.0,17774.0,NIFTY,2026-09-15,23700.0,PE,3
2026-09-02 09:40:00+00:00,95.55,95.6,88.4,92.35,23205.0,17730.0,NIFTY,2026-09-15,23700.0,PE,3
2026-09-02 09:45:00+00:00,92.2,94.35,90.05,93.2,15795.0,17615.0,NIFTY,2026-09-15,23700.0,PE,3
2026-09-02 09:50:00+00:00,92.35,92.75,89.05,91.5,20540.0,17633.0,NIFTY,2026-09-15,23700.0,PE,3
2026-09-02 09:55:00+00:00,91.4,94.4,88.65,91.1,23660.0,13971.0,NIFTY,2026-09-15,23700.0,PE,3
2026-09-02 10:00:00+00:00,90.6,94.15,90.15,93.9,18915.0,17460.0,NIFTY,2026-09-15,23700.0,PE,3
2026-09-02 10:05:00+00:00,94.0,95.45,91.0,91.65,86125.0,17744.0,NIFTY,2026-09-15,23700.0,PE,3
2026-09-03 03:45:00+00:00,64.85,64.85,52.2,58.4,139750.0,23301.0,NIFTY,2026-09-15,23700.0,PE,3
2026-09-03 03:50:00+00:00,58.35,61.75,55.1,61.4,94770.0,21047.0,NIFTY,2026-09-15,23700.0,PE,3
2026-09-03 03:55:00+00:00,61.3,62.25,57.0,57.2,43940.0,22038.0,NIFTY,2026-09-15,23700.0,PE,3
2026-09-03 04:00:00+00:00,57.15,57.4,54.1,54.85,37960.0,22347.0,NIFTY,2026-09-15,23700.0,PE,3
2026-09-03 04:05:00+00:00,54.75,55.1,51.85,51.85,40820.0,22657.0,NIFTY,2026-09-15,23700.0,PE,3
2026-09-03 04:10:00+00:00,51.6,51.75,49.05,49.8,67145.0,18489.0,NIFTY,2026-09-15,23700.0,PE,3
2026-09-03 04:15:00+00:00,49.95,50.8,48.75,49.55,42835.0,23697.0,NIFTY,2026-09-15,23700.0,PE,3
2026-09-03 04:20:00+00:00,49.6,50.6,48.95,50.4,42185.0,24164.0,NIFTY,2026-09-15,23700.0,PE,3
2026-09-03 04:25:00+00:00,50.3,51.3,49.9,51.0,38480.0,24907.0,NIFTY,2026-09-15,23700.0,PE,3
2026-09-03 04:30:00+00:00,50.95,51.9,50.75,51.4,37505.0,20573.0,NIFTY,2026-09-15,23700.0,PE,3
2026-09-03 04:35:00+00:00,51.0,52.25,50.65,51.4,25870.0,31771.0,NIFTY,2026-09-15,23700.0,PE,3
2026-09-03 04:40:00+00:00,51.5,52.05,50.45,52.0,35100.0,27274.0,NIFTY,2026-09-15,23700.0,PE,3
2026-09-03 04:45:00+00:00,51.9,52.5,50.95,51.55,20215.0,27564.0,NIFTY,2026-09-15,23700.0,PE,3
2026-09-03 04:50:00+00:00,51.3,52.3,50.8,51.75,24050.0,27990.0,NIFTY,2026-09-15,23700.0,PE,3
2026-09-03 04:55:00+00:00,51.8,54.45,51.7,54.25,32240.0,22859.0,NIFTY,2026-09-15,23700.0,PE,3
2026-09-03 05:00:00+00:00,54.45,55.5,53.6,55.5,42900.0,29413.0,NIFTY,2026-09-15,23700.0,PE,3
2026-09-03 05:05:00+00:00,55.45,59.15,55.3,58.0,59540.0,30629.0,NIFTY,2026-09-15,23700.0,PE,3
2026-09-03 05:10:00+00:00,59.0,63.2,58.55,59.95,54470.0,31298.0,NIFTY,2026-09-15,23700.0,PE,3
2026-09-03 05:15:00+00:00,60.0,61.25,57.95,59.6,35490.0,31866.0,NIFTY,2026-09-15,23700.0,PE,3
2026-09-03 05:20:00+00:00,59.0,64.5,58.8,63.9,49270.0,32106.0,NIFTY,2026-09-15,23700.0,PE,3
2026-09-03 05:25:00+00:00,64.2,65.5,61.5,63.1,53950.0,32778.0,NIFTY,2026-09-15,23700.0,PE,3
2026-09-03 05:30:00+00:00,63.55,65.25,61.45,65.25,38285.0,32980.0,NIFTY,2026-09-15,23700.0,PE,3
2026-09-03 05:35:00+00:00,65.2,72.35,65.1,72.35,43095.0,26150.0,NIFTY,2026-09-15,23700.0,PE,3
2026-09-03 05:40:00+00:00,72.25,75.3,69.25,73.8,45825.0,32597.0,NIFTY,2026-09-15,23700.0,PE,3
2026-09-03 05:45:00+00:00,73.9,76.55,65.9,65.9,55380.0,25801.0,NIFTY,2026-09-15,23700.0,PE,3
2026-09-03 05:50:00+00:00,66.0,67.1,64.0,65.8,27690.0,32129.0,NIFTY,2026-09-15,23700.0,PE,3
2026-09-03 05:55:00+00:00,65.7,65.9,60.85,60.85,26975.0,25785.0,NIFTY,2026-09-15,23700.0,PE,3
2026-09-03 06:00:00+00:00,60.7,61.6,58.6,59.6,29835.0,32399.0,NIFTY,2026-09-15,23700.0,PE,3
2026-09-03 06:05:00+00:00,59.75,60.15,56.9,59.25,27365.0,32453.0,NIFTY,2026-09-15,23700.0,PE,3
2026-09-03 06:10:00+00:00,59.2,61.95,59.2,60.25,26910.0,32777.0,NIFTY,2026-09-15,23700.0,PE,3
2026-09-03 06:15:00+00:00,60.05,63.0,58.45,60.15,22360.0,32695.0,NIFTY,2026-09-15,23700.0,PE,3
2026-09-03 06:20:00+00:00,60.0,62.5,60.0,62.45,13455.0,32696.0,NIFTY,2026-09-15,23700.0,PE,3
2026-09-03 06:25:00+00:00,62.5,65.05,62.2,62.55,27235.0,32747.0,NIFTY,2026-09-15,23700.0,PE,3
2026-09-03 06:30:00+00:00,63.8,69.65,62.85,68.9,25480.0,32661.0,NIFTY,2026-09-15,23700.0,PE,3
2026-09-03 06:35:00+00:00,68.35,71.25,67.6,70.1,29900.0,32820.0,NIFTY,2026-09-15,23700.0,PE,3
2026-09-03 06:40:00+00:00,70.2,71.25,68.15,69.4,24180.0,32804.0,NIFTY,2026-09-15,23700.0,PE,3
2026-09-03 06:45:00+00:00,69.85,76.05,69.85,73.3,34905.0,32812.0,NIFTY,2026-09-15,23700.0,PE,3
2026-09-03 06:50:00+00:00,74.25,79.4,72.85,77.4,46995.0,32904.0,NIFTY,2026-09-15,23700.0,PE,3
2026-09-03 06:55:00+00:00,77.55,78.45,73.65,76.3,31655.0,32880.0,NIFTY,2026-09-15,23700.0,PE,3
2026-09-03 07:00:00+00:00,76.45,77.6,73.5,74.35,18265.0,32936.0,NIFTY,2026-09-15,23700.0,PE,3
2026-09-03 07:05:00+00:00,74.85,77.1,72.1,73.75,26390.0,32890.0,NIFTY,2026-09-15,23700.0,PE,3
2026-09-03 07:10:00+00:00,73.85,77.8,73.4,75.25,16120.0,32940.0,NIFTY,2026-09-15,23700.0,PE,3
2026-09-03 07:15:00+00:00,76.3,76.3,73.5,74.3,6630.0,19808.0,NIFTY,2026-09-15,23700.0,PE,3
2026-09-03 07:20:00+00:00,74.4,74.6,69.75,70.8,22815.0,33018.0,NIFTY,2026-09-15,23700.0,PE,3
2026-09-03 07:25:00+00:00,71.0,75.05,70.4,72.55,33930.0,33377.0,NIFTY,2026-09-15,23700.0,PE,3
2026-09-03 07:30:00+00:00,72.4,74.65,71.95,72.4,22490.0,26876.0,NIFTY,2026-09-15,23700.0,PE,3
2026-09-03 07:35:00+00:00,72.3,73.25,71.2,71.65,19500.0,40238.0,NIFTY,2026-09-15,23700.0,PE,3
2026-09-03 07:40:00+00:00,71.7,71.85,67.8,69.55,23270.0,33642.0,NIFTY,2026-09-15,23700.0,PE,3
2026-09-03 07:45:00+00:00,70.25,70.9,66.1,68.8,12805.0,33639.0,NIFTY,2026-09-15,23700.0,PE,3
2026-09-03 07:50:00+00:00,68.65,74.65,68.65,74.65,24180.0,33619.0,NIFTY,2026-09-15,23700.0,PE,3
2026-09-03 07:55:00+00:00,74.95,77.5,72.95,73.55,23725.0,26891.0,NIFTY,2026-09-15,23700.0,PE,3
2026-09-03 08:00:00+00:00,74.1,74.1,64.8,66.45,44135.0,40171.0,NIFTY,2026-09-15,23700.0,PE,3
2026-09-03 08:05:00+00:00,66.75,73.5,65.2,73.2,28405.0,19869.0,NIFTY,2026-09-15,23700.0,PE,3
2026-09-03 08:10:00+00:00,72.6,74.55,71.05,73.0,18330.0,39527.0,NIFTY,2026-09-15,23700.0,PE,3
2026-09-03 08:15:00+00:00,73.15,76.65,70.95,71.1,26000.0,26325.0,NIFTY,2026-09-15,23700.0,PE,3
2026-09-03 08:20:00+00:00,70.85,74.25,69.95,72.25,29250.0,26306.0,NIFTY,2026-09-15,23700.0,PE,3
2026-09-03 08:25:00+00:00,72.1,72.8,68.5,68.95,19955.0,32856.0,NIFTY,2026-09-15,23700.0,PE,3
2026-09-03 08:30:00+00:00,69.5,70.8,67.0,69.05,30615.0,32872.0,NIFTY,2026-09-15,23700.0,PE,3
2026-09-03 08:35:00+00:00,68.65,70.45,67.75,69.65,14625.0,32949.0,NIFTY,2026-09-15,23700.0,PE,3
2026-09-03 08:40:00+00:00,69.5,70.35,68.1,68.9,15860.0,32982.0,NIFTY,2026-09-15,23700.0,PE,3
2026-09-03 08:45:00+00:00,69.4,71.2,67.2,67.2,19825.0,26392.0,NIFTY,2026-09-15,23700.0,PE,3
2026-09-03 08:50:00+00:00,67.0,70.0,66.65,68.7,22100.0,33037.0,NIFTY,2026-09-15,23700.0,PE,3
2026-09-03 08:55:00+00:00,68.65,69.15,65.75,67.15,24765.0,33171.0,NIFTY,2026-09-15,23700.0,PE,3
2026-09-03 09:00:00+00:00,67.4,68.4,66.45,67.35,17615.0,33216.0,NIFTY,2026-09-15,23700.0,PE,3
2026-09-03 09:05:00+00:00,67.65,69.5,67.55,69.45,10010.0,33235.0,NIFTY,2026-09-15,23700.0,PE,3
2026-09-03 09:10:00+00:00,69.35,71.55,69.35,70.55,15080.0,26612.0,NIFTY,2026-09-15,23700.0,PE,3
2026-09-03 09:15:00+00:00,69.6,71.75,68.95,69.75,19825.0,33473.0,NIFTY,2026-09-15,23700.0,PE,3
2026-09-03 09:20:00+00:00,69.0,71.05,68.55,70.7,18330.0,33575.0,NIFTY,2026-09-15,23700.0,PE,3
2026-09-03 09:25:00+00:00,71.0,75.55,70.55,75.0,40495.0,33488.0,NIFTY,2026-09-15,23700.0,PE,3
2026-09-03 09:30:00+00:00,75.1,75.85,72.0,74.3,62270.0,33536.0,NIFTY,2026-09-15,23700.0,PE,3
2026-09-03 09:35:00+00:00,74.7,76.45,73.0,73.35,32955.0,33465.0,NIFTY,2026-09-15,23700.0,PE,3
2026-09-03 09:40:00+00:00,73.4,74.4,69.4,71.0,36530.0,33014.0,NIFTY,2026-09-15,23700.0,PE,3
2026-09-03 09:45:00+00:00,70.6,70.85,68.95,70.1,11245.0,32750.0,NIFTY,2026-09-15,23700.0,PE,3
2026-09-03 09:50:00+00:00,69.85,75.3,69.65,73.7,36985.0,32583.0,NIFTY,2026-09-15,23700.0,PE,3
2026-09-03 09:55:00+00:00,73.8,80.9,73.5,80.9,48490.0,32339.0,NIFTY,2026-09-15,23700.0,PE,3
2026-09-03 10:00:00+00:00,80.45,82.7,77.3,81.85,81380.0,32586.0,NIFTY,2026-09-15,23700.0,PE,3
2026-09-03 10:05:00+00:00,82.25,88.0,81.3,87.65,69225.0,26303.0,NIFTY,2026-09-15,23700.0,PE,3
2026-09-03 10:10:00+00:00,87.5,87.5,87.5,87.5,65.0,,NIFTY,2026-09-15,23700.0,PE,3
2026-09-04 03:45:00+00:00,65.95,71.8,61.6,61.8,241345.0,33121.0,NIFTY,2026-09-15,23700.0,PE,3
2026-09-04 03:50:00+00:00,61.35,65.7,60.75,64.3,58370.0,34182.0,NIFTY,2026-09-15,23700.0,PE,3
2026-09-04 03:55:00+00:00,64.35,67.9,62.75,67.0,49335.0,34587.0,NIFTY,2026-09-15,23700.0,PE,3
2026-09-04 04:00:00+00:00,67.15,69.6,64.2,66.65,72410.0,35049.0,NIFTY,2026-09-15,23700.0,PE,3
2026-09-04 04:05:00+00:00,66.8,69.1,65.45,67.0,36660.0,35118.0,NIFTY,2026-09-15,23700.0,PE,3
2026-09-04 04:10:00+00:00,66.8,67.95,65.0,65.55,22100.0,35079.0,NIFTY,2026-09-15,23700.0,PE,3
2026-09-04 04:15:00+00:00,65.45,65.45,61.4,63.25,50635.0,35252.0,NIFTY,2026-09-15,23700.0,PE,3
2026-09-04 04:20:00+00:00,63.05,63.2,57.4,57.6,61230.0,35389.0,NIFTY,2026-09-15,23700.0,PE,3
2026-09-04 04:25:00+00:00,57.15,58.35,56.4,58.15,40885.0,35338.0,NIFTY,2026-09-15,23700.0,PE,3
2026-09-04 04:30:00+00:00,57.95,57.95,55.15,55.95,38025.0,35269.0,NIFTY,2026-09-15,23700.0,PE,3
2026-09-04 04:35:00+00:00,56.05,58.25,55.75,58.2,15535.0,35439.0,NIFTY,2026-09-15,23700.0,PE,3
2026-09-04 04:40:00+00:00,58.25,60.85,58.0,59.15,27950.0,35556.0,NIFTY,2026-09-15,23700.0,PE,3
2026-09-04 04:45:00+00:00,59.35,60.3,56.25,57.55,28470.0,28780.0,NIFTY,2026-09-15,23700.0,PE,3
2026-09-04 04:50:00+00:00,57.2,57.25,55.2,55.85,37245.0,35988.0,NIFTY,2026-09-15,23700.0,PE,3
2026-09-04 04:55:00+00:00,55.55,55.55,52.85,52.85,33150.0,36011.0,NIFTY,2026-09-15,23700.0,PE,3
2026-09-04 05:00:00+00:00,52.45,54.0,51.55,53.5,53950.0,35788.0,NIFTY,2026-09-15,23700.0,PE,3
2026-09-04 05:05:00+00:00,53.8,55.75,53.65,54.7,21255.0,36145.0,NIFTY,2026-09-15,23700.0,PE,3
2026-09-04 05:10:00+00:00,54.75,55.6,53.6,55.15,22945.0,36648.0,NIFTY,2026-09-15,23700.0,PE,3
2026-09-04 05:15:00+00:00,55.4,55.55,53.85,54.1,11895.0,29647.0,NIFTY,2026-09-15,23700.0,PE,3
2026-09-04 05:20:00+00:00,54.25,55.0,53.6,53.8,16705.0,37091.0,NIFTY,2026-09-15,23700.0,PE,3
2026-09-04 05:25:00+00:00,53.65,54.8,53.35,53.75,8450.0,37075.0,NIFTY,2026-09-15,23700.0,PE,3
2026-09-04 05:30:00+00:00,53.55,55.2,53.1,54.35,20930.0,29642.0,NIFTY,2026-09-15,23700.0,PE,3
2026-09-04 05:35:00+00:00,54.4,55.55,53.6,53.6,14170.0,37133.0,NIFTY,2026-09-15,23700.0,PE,3
2026-09-04 05:40:00+00:00,53.55,55.25,52.9,55.25,6435.0,37265.0,NIFTY,2026-09-15,23700.0,PE,3
2026-09-04 05:45:00+00:00,55.5,55.7,53.0,53.25,19045.0,37396.0,NIFTY,2026-09-15,23700.0,PE,3
2026-09-04 05:50:00+00:00,52.95,53.3,51.9,53.05,19760.0,37488.0,NIFTY,2026-09-15,23700.0,PE,3
2026-09-04 05:55:00+00:00,53.35,53.55,50.75,51.75,40495.0,37340.0,NIFTY,2026-09-15,23700.0,PE,3
2026-09-04 06:00:00+00:00,51.6,51.6,49.75,50.25,51935.0,37157.0,NIFTY,2026-09-15,23700.0,PE,3
2026-09-04 06:05:00+00:00,50.3,51.0,48.6,49.6,32955.0,29693.0,NIFTY,2026-09-15,23700.0,PE,3
2026-09-04 06:10:00+00:00,49.25,51.35,49.05,51.15,41210.0,44538.0,NIFTY,2026-09-15,23700.0,PE,3
2026-09-04 06:15:00+00:00,51.0,51.55,50.4,50.65,20735.0,37416.0,NIFTY,2026-09-15,23700.0,PE,3
2026-09-04 06:20:00+00:00,50.5,51.2,49.75,50.75,16185.0,37506.0,NIFTY,2026-09-15,23700.0,PE,3
2026-09-04 06:25:00+00:00,50.7,51.4,50.0,51.4,15990.0,30056.0,NIFTY,2026-09-15,23700.0,PE,3
2026-09-04 06:30:00+00:00,51.5,54.45,51.5,54.35,17030.0,37621.0,NIFTY,2026-09-15,23700.0,PE,3
2026-09-04 06:35:00+00:00,54.5,54.95,53.5,54.0,15795.0,30148.0,NIFTY,2026-09-15,23700.0,PE,3
2026-09-04 06:40:00+00:00,53.95,55.95,53.95,55.15,17680.0,30148.0,NIFTY,2026-09-15,23700.0,PE,3
2026-09-04 06:45:00+00:00,55.45,57.25,54.8,56.3,41925.0,37784.0,NIFTY,2026-09-15,23700.0,PE,3
2026-09-04 06:50:00+00:00,56.6,58.8,56.4,58.6,24895.0,37952.0,NIFTY,2026-09-15,23700.0,PE,3
2026-09-04 06:55:00+00:00,58.95,59.05,55.55,56.4,13260.0,22680.0,NIFTY,2026-09-15,23700.0,PE,3
2026-09-04 07:00:00+00:00,57.25,57.7,56.45,56.7,10465.0,37853.0,NIFTY,2026-09-15,23700.0,PE,3
2026-09-04 07:05:00+00:00,56.8,59.25,56.8,57.9,36725.0,37876.0,NIFTY,2026-09-15,23700.0,PE,3
2026-09-04 07:10:00+00:00,57.45,58.25,57.0,58.25,14365.0,38012.0,NIFTY,2026-09-15,23700.0,PE,3
2026-09-04 07:15:00+00:00,58.05,59.0,56.15,56.25,17225.0,30473.0,NIFTY,2026-09-15,23700.0,PE,3
2026-09-04 07:20:00+00:00,56.45,57.55,54.5,55.45,42250.0,38070.0,NIFTY,2026-09-15,23700.0,PE,3
2026-09-04 07:25:00+00:00,56.0,58.95,56.0,56.45,17550.0,38095.0,NIFTY,2026-09-15,23700.0,PE,3
2026-09-04 07:30:00+00:00,56.4,57.2,54.9,56.65,18265.0,30481.0,NIFTY,2026-09-15,23700.0,PE,3
2026-09-04 07:35:00+00:00,56.3,56.55,53.8,54.0,14105.0,38132.0,NIFTY,2026-09-15,23700.0,PE,3
2026-09-04 07:40:00+00:00,53.95,54.6,51.8,53.0,39910.0,38103.0,NIFTY,2026-09-15,23700.0,PE,3
2026-09-04 07:45:00+00:00,52.6,52.8,49.75,51.05,29445.0,38219.0,NIFTY,2026-09-15,23700.0,PE,3
2026-09-04 07:50:00+00:00,50.8,52.55,50.7,51.25,21710.0,38527.0,NIFTY,2026-09-15,23700.0,PE,3
2026-09-04 07:55:00+00:00,51.7,54.95,51.7,54.65,20540.0,38871.0,NIFTY,2026-09-15,23700.0,PE,3
2026-09-04 08:00:00+00:00,54.8,56.6,54.45,56.6,11375.0,31096.0,NIFTY,2026-09-15,23700.0,PE,3
2026-09-04 08:05:00+00:00,56.1,56.15,53.5,53.55,17680.0,38797.0,NIFTY,2026-09-15,23700.0,PE,3
2026-09-04 08:10:00+00:00,53.75,55.15,53.0,54.9,12155.0,38672.0,NIFTY,2026-09-15,23700.0,PE,3
2026-09-04 08:15:00+00:00,53.8,54.0,51.5,52.45,10855.0,38656.0,NIFTY,2026-09-15,23700.0,PE,3
2026-09-04 08:20:00+00:00,52.95,55.65,52.95,55.25,16900.0,38925.0,NIFTY,2026-09-15,23700.0,PE,3
2026-09-04 08:25:00+00:00,55.15,55.9,54.1,54.3,5785.0,31138.0,NIFTY,2026-09-15,23700.0,PE,3
2026-09-04 08:30:00+00:00,54.7,55.05,53.25,53.25,9685.0,38892.0,NIFTY,2026-09-15,23700.0,PE,3
2026-09-04 08:35:00+00:00,52.95,53.85,52.25,53.85,23530.0,31070.0,NIFTY,2026-09-15,23700.0,PE,3
2026-09-04 08:40:00+00:00,53.95,53.95,52.0,52.4,19630.0,46690.0,NIFTY,2026-09-15,23700.0,PE,3
2026-09-04 08:45:00+00:00,52.8,53.85,52.65,53.25,7995.0,38897.0,NIFTY,2026-09-15,23700.0,PE,3
2026-09-04 08:50:00+00:00,53.1,53.1,51.35,51.6,12610.0,38864.0,NIFTY,2026-09-15,23700.0,PE,3
2026-09-04 08:55:00+00:00,51.75,51.8,48.05,48.9,36400.0,38724.0,NIFTY,2026-09-15,23700.0,PE,3
2026-09-04 09:00:00+00:00,48.7,49.3,47.15,49.25,29510.0,38683.0,NIFTY,2026-09-15,23700.0,PE,3
2026-09-04 09:05:00+00:00,49.55,53.75,48.9,52.9,30030.0,31081.0,NIFTY,2026-09-15,23700.0,PE,3
2026-09-04 09:10:00+00:00,53.0,54.1,51.5,54.1,19825.0,46744.0,NIFTY,2026-09-15,23700.0,PE,3
2026-09-04 09:15:00+00:00,53.4,55.05,52.7,52.75,32175.0,39133.0,NIFTY,2026-09-15,23700.0,PE,3
2026-09-04 09:20:00+00:00,52.7,54.65,52.05,53.6,27170.0,39295.0,NIFTY,2026-09-15,23700.0,PE,3
2026-09-04 09:25:00+00:00,53.55,54.15,51.65,52.6,22880.0,31561.0,NIFTY,2026-09-15,23700.0,PE,3
2026-09-04 09:30:00+00:00,52.4,54.65,51.85,54.55,29250.0,39631.0,NIFTY,2026-09-15,23700.0,PE,3
2026-09-04 09:35:00+00:00,54.6,55.0,52.85,53.6,36660.0,39675.0,NIFTY,2026-09-15,23700.0,PE,3
2026-09-04 09:40:00+00:00,53.85,54.2,51.05,53.4,62140.0,39039.0,NIFTY,2026-09-15,23700.0,PE,3
2026-09-04 09:45:00+00:00,53.35,53.85,51.6,51.8,33735.0,31066.0,NIFTY,2026-09-15,23700.0,PE,3
2026-09-04 09:50:00+00:00,51.65,56.4,51.65,54.3,85670.0,39118.0,NIFTY,2026-09-15,23700.0,PE,3
2026-09-04 09:55:00+00:00,54.4,54.75,50.95,53.65,68120.0,38983.0,NIFTY,2026-09-15,23700.0,PE,3
2026-09-04 10:00:00+00:00,53.55,53.8,52.05,52.35,72930.0,31320.0,NIFTY,2026-09-15,23700.0,PE,3
2026-09-04 10:05:00+00:00,52.6,52.95,51.6,51.9,126295.0,38892.0,NIFTY,2026-09-15,23700.0,PE,3
2026-09-04 10:10:00+00:00,51.9,51.9,51.9,51.9,390.0,,NIFTY,2026-09-15,23700.0,PE,3
2026-09-07 03:45:00+00:00,58.9,74.5,58.9,68.5,505960.0,40825.0,NIFTY,2026-09-15,23700.0,PE,3
2026-09-07 03:50:00+00:00,68.85,72.05,66.95,72.0,182650.0,43723.0,NIFTY,2026-09-15,23700.0,PE,3
2026-09-07 03:55:00+00:00,72.25,75.9,72.25,74.85,164190.0,45454.0,NIFTY,2026-09-15,23700.0,PE,3
2026-09-07 04:00:00+00:00,74.65,75.15,70.95,71.3,123890.0,48129.0,NIFTY,2026-09-15,23700.0,PE,3
2026-09-07 04:05:00+00:00,71.2,72.25,68.7,70.05,81965.0,49740.0,NIFTY,2026-09-15,23700.0,PE,3
2026-09-07 04:10:00+00:00,70.0,71.3,68.5,70.45,44005.0,49985.0,NIFTY,2026-09-15,23700.0,PE,3
2026-09-07 04:15:00+00:00,70.55,73.0,69.4,71.9,45305.0,50515.0,NIFTY,2026-09-15,23700.0,PE,3
2026-09-07 04:20:00+00:00,71.75,76.35,71.25,75.0,75465.0,50935.0,NIFTY,2026-09-15,23700.0,PE,3
2026-09-07 04:25:00+00:00,74.75,78.0,72.35,75.5,67145.0,51256.0,NIFTY,2026-09-15,23700.0,PE,3
2026-09-07 04:30:00+00:00,75.75,76.25,73.6,74.8,47645.0,52134.0,NIFTY,2026-09-15,23700.0,PE,3
2026-09-07 04:35:00+00:00,75.25,76.45,74.8,76.1,35295.0,52723.0,NIFTY,2026-09-15,23700.0,PE,3
2026-09-07 04:40:00+00:00,76.0,79.8,75.85,79.2,88855.0,52261.0,NIFTY,2026-09-15,23700.0,PE,3
2026-09-07 04:45:00+00:00,79.3,85.05,78.5,84.3,166790.0,52157.0,NIFTY,2026-09-15,23700.0,PE,3
2026-09-07 04:50:00+00:00,83.85,84.25,78.3,80.65,79950.0,52774.0,NIFTY,2026-09-15,23700.0,PE,3
2026-09-07 04:55:00+00:00,80.7,81.9,79.7,80.5,56940.0,53541.0,NIFTY,2026-09-15,23700.0,PE,3
2026-09-07 05:00:00+00:00,80.4,81.4,79.2,81.25,29900.0,53914.0,NIFTY,2026-09-15,23700.0,PE,3
2026-09-07 05:05:00+00:00,81.4,82.75,79.55,79.55,24375.0,54002.0,NIFTY,2026-09-15,23700.0,PE,3
2026-09-07 05:10:00+00:00,80.65,82.0,79.55,80.2,41795.0,54458.0,NIFTY,2026-09-15,23700.0,PE,3
2026-09-07 05:15:00+00:00,80.05,85.0,80.0,84.15,206180.0,55636.0,NIFTY,2026-09-15,23700.0,PE,3
2026-09-07 05:20:00+00:00,84.25,86.8,83.0,85.65,159315.0,61961.0,NIFTY,2026-09-15,23700.0,PE,3
2026-09-07 05:25:00+00:00,85.5,86.55,83.65,85.35,149500.0,61967.0,NIFTY,2026-09-15,23700.0,PE,3
2026-09-07 05:30:00+00:00,84.9,92.1,84.5,91.05,307775.0,61534.0,NIFTY,2026-09-15,23700.0,PE,3
2026-09-07 05:35:00+00:00,91.25,93.7,88.9,92.15,196430.0,59382.0,NIFTY,2026-09-15,23700.0,PE,3
2026-09-07 05:40:00+00:00,92.0,94.0,89.3,91.65,155350.0,59149.0,NIFTY,2026-09-15,23700.0,PE,3
2026-09-07 05:45:00+00:00,91.8,94.0,90.5,92.0,105820.0,59137.0,NIFTY,2026-09-15,23700.0,PE,3
2026-09-07 05:50:00+00:00,91.95,92.5,88.2,90.8,89440.0,59713.0,NIFTY,2026-09-15,23700.0,PE,3
2026-09-07 05:55:00+00:00,91.0,93.35,90.75,92.4,65975.0,60366.0,NIFTY,2026-09-15,23700.0,PE,3
2026-09-07 06:00:00+00:00,92.75,93.3,90.6,92.1,46345.0,48584.0,NIFTY,2026-09-15,23700.0,PE,3
2026-09-07 06:05:00+00:00,92.35,93.75,91.8,93.4,58630.0,48607.0,NIFTY,2026-09-15,23700.0,PE,3
2026-09-07 06:10:00+00:00,93.5,96.5,88.45,88.45,231595.0,59515.0,NIFTY,2026-09-15,23700.0,PE,3
2026-09-07 06:15:00+00:00,88.75,90.8,87.0,89.7,76505.0,59608.0,NIFTY,2026-09-15,23700.0,PE,3
2026-09-07 06:20:00+00:00,89.85,90.4,85.35,86.25,72410.0,60019.0,NIFTY,2026-09-15,23700.0,PE,3
2026-09-07 06:25:00+00:00,86.35,89.25,86.05,87.0,46280.0,60880.0,NIFTY,2026-09-15,23700.0,PE,3
2026-09-07 06:30:00+00:00,87.1,89.6,86.35,87.95,69810.0,48666.0,NIFTY,2026-09-15,23700.0,PE,3
2026-09-07 06:35:00+00:00,87.8,89.0,82.05,82.8,173355.0,74008.0,NIFTY,2026-09-15,23700.0,PE,3
2026-09-07 06:40:00+00:00,83.1,83.8,81.0,81.35,99905.0,48570.0,NIFTY,2026-09-15,23700.0,PE,3
2026-09-07 06:45:00+00:00,81.25,88.2,80.5,87.75,135330.0,60830.0,NIFTY,2026-09-15,23700.0,PE,3
2026-09-07 06:50:00+00:00,88.0,91.4,87.0,89.05,149305.0,61034.0,NIFTY,2026-09-15,23700.0,PE,3
2026-09-07 06:55:00+00:00,89.0,91.9,88.55,91.75,60515.0,61062.0,NIFTY,2026-09-15,23700.0,PE,3
2026-09-07 07:00:00+00:00,92.0,94.7,89.75,90.7,128245.0,60742.0,NIFTY,2026-09-15,23700.0,PE,3
2026-09-07 07:05:00+00:00,91.0,93.0,87.8,89.35,87620.0,60704.0,NIFTY,2026-09-15,23700.0,PE,3
2026-09-07 07:10:00+00:00,89.15,91.3,88.85,90.15,94965.0,61161.0,NIFTY,2026-09-15,23700.0,PE,3
2026-09-07 07:15:00+00:00,90.2,93.9,90.2,93.0,132925.0,63397.0,NIFTY,2026-09-15,23700.0,PE,3
2026-09-07 07:20:00+00:00,93.1,99.15,93.1,97.85,304135.0,64785.0,NIFTY,2026-09-15,23700.0,PE,3
2026-09-07 07:25:00+00:00,97.6,98.8,93.05,93.5,160745.0,64935.0,NIFTY,2026-09-15,23700.0,PE,3
2026-09-07 07:30:00+00:00,93.85,94.2,90.5,92.15,223535.0,66966.0,NIFTY,2026-09-15,23700.0,PE,3
2026-09-07 07:35:00+00:00,92.2,92.25,88.75,90.4,132665.0,68954.0,NIFTY,2026-09-15,23700.0,PE,3
2026-09-07 07:40:00+00:00,90.25,92.15,89.4,90.6,58890.0,69185.0,NIFTY,2026-09-15,23700.0,PE,3
2026-09-07 07:45:00+00:00,91.05,92.8,89.25,90.8,52650.0,69783.0,NIFTY,2026-09-15,23700.0,PE,3
2026-09-07 07:50:00+00:00,90.4,90.75,87.15,89.2,72670.0,70131.0,NIFTY,2026-09-15,23700.0,PE,3
2026-09-07 07:55:00+00:00,89.05,89.55,85.1,88.35,106015.0,70725.0,NIFTY,2026-09-15,23700.0,PE,3
2026-09-07 08:00:00+00:00,88.0,90.25,87.4,88.25,67015.0,71443.0,NIFTY,2026-09-15,23700.0,PE,3
2026-09-07 08:05:00+00:00,87.85,89.15,84.6,85.75,89375.0,71444.0,NIFTY,2026-09-15,23700.0,PE,3
2026-09-07 08:10:00+00:00,85.65,87.9,85.2,86.25,59995.0,71393.0,NIFTY,2026-09-15,23700.0,PE,3
2026-09-07 08:15:00+00:00,85.9,85.9,82.55,83.9,88205.0,71234.0,NIFTY,2026-09-15,23700.0,PE,3
2026-09-07 08:20:00+00:00,83.85,85.0,76.25,78.05,181350.0,71253.0,NIFTY,2026-09-15,23700.0,PE,3
2026-09-07 08:25:00+00:00,77.8,79.8,76.8,79.8,84305.0,72436.0,NIFTY,2026-09-15,23700.0,PE,3
2026-09-07 08:30:00+00:00,79.75,80.35,74.15,76.8,125385.0,72878.0,NIFTY,2026-09-15,23700.0,PE,3
2026-09-07 08:35:00+00:00,76.85,81.35,76.3,80.35,132210.0,74020.0,NIFTY,2026-09-15,23700.0,PE,3
2026-09-07 08:40:00+00:00,80.0,80.35,78.45,79.65,46475.0,74873.0,NIFTY,2026-09-15,23700.0,PE,3
2026-09-07 08:45:00+00:00,79.05,82.4,77.85,81.35,86320.0,74454.0,NIFTY,2026-09-15,23700.0,PE,3
2026-09-07 08:50:00+00:00,81.15,81.15,76.4,77.85,77740.0,74415.0,NIFTY,2026-09-15,23700.0,PE,3
2026-09-07 08:55:00+00:00,77.25,77.45,75.65,76.1,70980.0,74621.0,NIFTY,2026-09-15,23700.0,PE,3
2026-09-07 09:00:00+00:00,75.9,82.0,75.55,81.3,115050.0,74622.0,NIFTY,2026-09-15,23700.0,PE,3
2026-09-07 09:05:00+00:00,80.9,84.85,80.1,84.5,149760.0,75044.0,NIFTY,2026-09-15,23700.0,PE,3
2026-09-07 09:10:00+00:00,84.75,87.65,84.35,87.05,211835.0,75738.0,NIFTY,2026-09-15,23700.0,PE,3
2026-09-07 09:15:00+00:00,87.0,89.0,85.8,86.9,144625.0,75811.0,NIFTY,2026-09-15,23700.0,PE,3
2026-09-07 09:20:00+00:00,87.1,88.55,82.9,87.75,179140.0,74898.0,NIFTY,2026-09-15,23700.0,PE,3
2026-09-07 09:25:00+00:00,87.55,88.15,85.7,87.05,77285.0,75279.0,NIFTY,2026-09-15,23700.0,PE,3
2026-09-07 09:30:00+00:00,87.8,88.55,82.95,85.5,155415.0,75381.0,NIFTY,2026-09-15,23700.0,PE,3
2026-09-07 09:35:00+00:00,85.4,87.8,84.35,87.15,107575.0,74425.0,NIFTY,2026-09-15,23700.0,PE,3
2026-09-07 09:40:00+00:00,87.0,87.55,83.3,84.15,158015.0,73878.0,NIFTY,2026-09-15,23700.0,PE,3
2026-09-07 09:45:00+00:00,84.3,94.4,84.3,93.4,228930.0,72717.0,NIFTY,2026-09-15,23700.0,PE,3
2026-09-07 09:50:00+00:00,93.15,94.55,86.6,88.7,227630.0,71425.0,NIFTY,2026-09-15,23700.0,PE,3
2026-09-07 09:55:00+00:00,88.65,90.75,86.1,87.25,402285.0,71038.0,NIFTY,2026-09-15,23700.0,PE,3
2026-09-07 10:00:00+00:00,87.85,90.2,86.15,90.2,308165.0,59220.0,NIFTY,2026-09-15,23700.0,PE,3
2026-09-07 10:05:00+00:00,90.1,94.95,90.1,94.95,266630.0,75208.0,NIFTY,2026-09-15,23700.0,PE,3
2026-09-07 10:10:00+00:00,93.8,93.8,93.8,93.8,65.0,,NIFTY,2026-09-15,23700.0,PE,3
2026-09-08 03:45:00+00:00,103.4,118.6,103.4,115.45,1205620.0,77876.0,NIFTY,2026-09-15,23700.0,PE,3
2026-09-08 03:50:00+00:00,115.7,121.0,114.5,121.0,768495.0,86282.0,NIFTY,2026-09-15,23700.0,PE,3
2026-09-08 03:55:00+00:00,121.15,124.6,118.5,123.65,742105.0,94844.0,NIFTY,2026-09-15,23700.0,PE,3
2026-09-08 04:00:00+00:00,123.2,123.55,118.4,120.0,505375.0,102985.0,NIFTY,2026-09-15,23700.0,PE,3
2026-09-08 04:05:00+00:00,119.9,120.05,112.35,115.15,448500.0,106620.0,NIFTY,2026-09-15,23700.0,PE,3
2026-09-08 04:10:00+00:00,115.2,123.4,115.2,122.85,552305.0,110877.0,NIFTY,2026-09-15,23700.0,PE,3
2026-09-08 04:15:00+00:00,122.4,122.85,114.05,114.25,450385.0,115986.0,NIFTY,2026-09-15,23700.0,PE,3
2026-09-08 04:20:00+00:00,114.5,120.85,112.65,119.6,425620.0,118416.0,NIFTY,2026-09-15,23700.0,PE,3
2026-09-08 04:25:00+00:00,119.55,125.9,119.0,124.55,454935.0,121096.0,NIFTY,2026-09-15,23700.0,PE,3
2026-09-08 04:30:00+00:00,124.4,127.95,121.1,126.8,476775.0,123603.0,NIFTY,2026-09-15,23700.0,PE,3
2026-09-08 04:35:00+00:00,127.2,127.85,115.0,116.85,539045.0,124571.0,NIFTY,2026-09-15,23700.0,PE,3
2026-09-08 04:40:00+00:00,116.65,118.0,102.2,102.8,643240.0,123500.0,NIFTY,2026-09-15,23700.0,PE,3
2026-09-08 04:45:00+00:00,101.95,111.5,99.15,106.1,774020.0,126430.0,NIFTY,2026-09-15,23700.0,PE,3
2026-09-08 04:50:00+00:00,106.35,110.85,105.95,110.6,284180.0,128690.0,NIFTY,2026-09-15,23700.0,PE,3
2026-09-08 04:55:00+00:00,110.45,114.45,108.2,112.1,426660.0,132044.0,NIFTY,2026-09-15,23700.0,PE,3
2026-09-08 05:00:00+00:00,112.2,114.75,109.9,114.3,279110.0,134819.0,NIFTY,2026-09-15,23700.0,PE,3
2026-09-08 05:05:00+00:00,114.35,120.85,114.1,120.35,613080.0,136343.0,NIFTY,2026-09-15,23700.0,PE,3
2026-09-08 05:10:00+00:00,120.2,122.95,120.0,122.15,496665.0,139220.0,NIFTY,2026-09-15,23700.0,PE,3
2026-09-08 05:15:00+00:00,122.05,122.05,111.5,113.7,533130.0,141252.0,NIFTY,2026-09-15,23700.0,PE,3
2026-09-08 05:20:00+00:00,113.55,116.15,109.5,116.1,352430.0,144647.0,NIFTY,2026-09-15,23700.0,PE,3
2026-09-08 05:25:00+00:00,116.15,119.95,115.75,119.25,422370.0,146682.0,NIFTY,2026-09-15,23700.0,PE,3
2026-09-08 05:30:00+00:00,119.1,122.3,118.8,122.0,353470.0,148127.0,NIFTY,2026-09-15,23700.0,PE,3
2026-09-08 05:35:00+00:00,121.7,122.35,114.05,116.05,392600.0,149024.0,NIFTY,2026-09-15,23700.0,PE,3
2026-09-08 05:40:00+00:00,116.1,119.25,114.7,116.45,168870.0,151377.0,NIFTY,2026-09-15,23700.0,PE,3
2026-09-08 05:45:00+00:00,116.65,118.9,113.0,114.0,290290.0,153841.0,NIFTY,2026-09-15,23700.0,PE,3
2026-09-08 05:50:00+00:00,114.25,118.3,113.85,118.0,298545.0,153138.0,NIFTY,2026-09-15,23700.0,PE,3
2026-09-08 05:55:00+00:00,117.95,118.0,113.1,117.1,270400.0,151510.0,NIFTY,2026-09-15,23700.0,PE,3
2026-09-08 06:00:00+00:00,117.15,120.9,114.5,119.3,364650.0,152636.0,NIFTY,2026-09-15,23700.0,PE,3
2026-09-08 06:05:00+00:00,119.7,119.9,115.9,117.3,205010.0,155736.0,NIFTY,2026-09-15,23700.0,PE,3
2026-09-08 06:10:00+00:00,118.1,119.0,115.35,118.45,171795.0,157007.0,NIFTY,2026-09-15,23700.0,PE,3
2026-09-08 06:15:00+00:00,118.55,122.5,116.25,121.9,251095.0,158681.0,NIFTY,2026-09-15,23700.0,PE,3
2026-09-08 06:20:00+00:00,122.0,126.3,119.1,120.7,688415.0,160282.0,NIFTY,2026-09-15,23700.0,PE,3
2026-09-08 06:25:00+00:00,120.4,126.05,119.7,125.05,386555.0,164032.0,NIFTY,2026-09-15,23700.0,PE,3
2026-09-08 06:30:00+00:00,125.35,129.25,123.45,129.25,626405.0,166186.0,NIFTY,2026-09-15,23700.0,PE,3
2026-09-08 06:35:00+00:00,129.5,133.85,128.65,131.7,782925.0,131710.0,NIFTY,2026-09-15,23700.0,PE,3
2026-09-08 06:40:00+00:00,131.6,133.0,126.05,128.65,461175.0,164310.0,NIFTY,2026-09-15,23700.0,PE,3
2026-09-08 06:45:00+00:00,128.5,131.5,127.4,128.0,247520.0,162865.0,NIFTY,2026-09-15,23700.0,PE,3
2026-09-08 06:50:00+00:00,127.85,129.25,122.85,123.3,212810.0,161683.0,NIFTY,2026-09-15,23700.0,PE,3
2026-09-08 06:55:00+00:00,123.45,127.3,121.5,122.0,277810.0,162147.0,NIFTY,2026-09-15,23700.0,PE,3
2026-09-08 07:00:00+00:00,121.7,123.0,117.1,120.65,314470.0,161653.0,NIFTY,2026-09-15,23700.0,PE,3
2026-09-08 07:05:00+00:00,120.35,120.35,113.8,117.65,315835.0,161389.0,NIFTY,2026-09-15,23700.0,PE,3
2026-09-08 07:10:00+00:00,117.3,125.65,116.25,125.4,345410.0,163176.0,NIFTY,2026-09-15,23700.0,PE,3
2026-09-08 07:15:00+00:00,125.45,128.7,124.45,125.0,357110.0,163905.0,NIFTY,2026-09-15,23700.0,PE,3
2026-09-08 07:20:00+00:00,124.9,127.3,123.2,123.2,198315.0,164703.0,NIFTY,2026-09-15,23700.0,PE,3
2026-09-08 07:25:00+00:00,122.7,124.55,120.35,123.75,179530.0,165068.0,NIFTY,2026-09-15,23700.0,PE,3
2026-09-08 07:30:00+00:00,124.25,127.2,121.25,127.05,210340.0,166531.0,NIFTY,2026-09-15,23700.0,PE,3
2026-09-08 07:35:00+00:00,126.75,127.95,123.55,125.35,181870.0,168173.0,NIFTY,2026-09-15,23700.0,PE,3
2026-09-08 07:40:00+00:00,125.0,127.3,121.95,123.1,177255.0,168164.0,NIFTY,2026-09-15,23700.0,PE,3
2026-09-08 07:45:00+00:00,123.15,125.8,121.5,124.9,125645.0,168189.0,NIFTY,2026-09-15,23700.0,PE,3
2026-09-08 07:50:00+00:00,125.0,126.55,124.35,125.85,89440.0,168023.0,NIFTY,2026-09-15,23700.0,PE,3
2026-09-08 07:55:00+00:00,125.95,128.9,125.55,128.2,232440.0,168383.0,NIFTY,2026-09-15,23700.0,PE,3
2026-09-08 08:00:00+00:00,128.35,133.9,126.8,131.85,470925.0,169455.0,NIFTY,2026-09-15,23700.0,PE,3
2026-09-08 08:05:00+00:00,131.75,132.65,126.5,131.8,257335.0,170200.0,NIFTY,2026-09-15,23700.0,PE,3
2026-09-08 08:10:00+00:00,131.25,132.85,130.0,132.6,164775.0,171674.0,NIFTY,2026-09-15,23700.0,PE,3
2026-09-08 08:15:00+00:00,132.45,135.4,129.0,131.65,369265.0,171765.0,NIFTY,2026-09-15,23700.0,PE,3
2026-09-08 08:20:00+00:00,131.85,140.5,131.85,134.9,667420.0,173356.0,NIFTY,2026-09-15,23700.0,PE,3
2026-09-08 08:25:00+00:00,134.6,135.1,131.4,133.9,315315.0,178798.0,NIFTY,2026-09-15,23700.0,PE,3
2026-09-08 08:30:00+00:00,133.4,133.9,126.7,126.85,368290.0,181532.0,NIFTY,2026-09-15,23700.0,PE,3
2026-09-08 08:35:00+00:00,126.6,129.5,124.75,126.95,322530.0,182145.0,NIFTY,2026-09-15,23700.0,PE,3
2026-09-08 08:40:00+00:00,126.8,127.9,119.15,125.95,565175.0,180529.0,NIFTY,2026-09-15,23700.0,PE,3
2026-09-08 08:45:00+00:00,125.7,126.45,121.4,125.8,415545.0,181465.0,NIFTY,2026-09-15,23700.0,PE,3
2026-09-08 08:50:00+00:00,125.05,129.2,123.1,128.05,244855.0,181301.0,NIFTY,2026-09-15,23700.0,PE,3
2026-09-08 08:55:00+00:00,128.0,130.8,123.8,124.2,377455.0,179388.0,NIFTY,2026-09-15,23700.0,PE,3
2026-09-08 09:00:00+00:00,124.1,127.05,121.6,122.5,224900.0,179939.0,NIFTY,2026-09-15,23700.0,PE,3
2026-09-08 09:05:00+00:00,122.7,128.15,121.9,127.05,234195.0,180434.0,NIFTY,2026-09-15,23700.0,PE,3
2026-09-08 09:10:00+00:00,127.4,129.15,120.9,122.95,444080.0,180634.0,NIFTY,2026-09-15,23700.0,PE,3
2026-09-08 09:15:00+00:00,123.35,128.85,122.85,128.4,452010.0,182607.0,NIFTY,2026-09-15,23700.0,PE,3
2026-09-08 09:20:00+00:00,128.15,130.35,125.75,126.45,544700.0,183770.0,NIFTY,2026-09-15,23700.0,PE,3
2026-09-08 09:25:00+00:00,126.35,130.0,124.55,127.3,489710.0,183069.0,NIFTY,2026-09-15,23700.0,PE,3
2026-09-08 09:30:00+00:00,127.8,128.9,122.65,126.55,506675.0,186171.0,NIFTY,2026-09-15,23700.0,PE,3
2026-09-08 09:35:00+00:00,126.4,127.55,124.85,124.85,316875.0,187471.0,NIFTY,2026-09-15,23700.0,PE,3
2026-09-08 09:40:00+00:00,124.8,129.45,118.3,127.1,961935.0,186048.0,NIFTY,2026-09-15,23700.0,PE,3
2026-09-08 09:45:00+00:00,127.15,130.65,122.7,128.45,631930.0,180856.0,NIFTY,2026-09-15,23700.0,PE,3
2026-09-08 09:50:00+00:00,127.6,132.15,127.6,130.8,667550.0,178916.0,NIFTY,2026-09-15,23700.0,PE,3
2026-09-08 09:55:00+00:00,131.5,131.5,124.35,130.2,620230.0,141934.0,NIFTY,2026-09-15,23700.0,PE,3
2026-09-08 10:00:00+00:00,130.35,130.8,125.1,127.25,761085.0,183247.0,NIFTY,2026-09-15,23700.0,PE,3
2026-09-08 10:05:00+00:00,127.2,130.05,126.85,129.0,901420.0,188308.0,NIFTY,2026-09-15,23700.0,PE,3
2026-09-09 03:45:00+00:00,182.5,223.8,177.1,218.2,2742285.0,148003.0,NIFTY,2026-09-15,23700.0,PE,3
2026-09-09 03:50:00+00:00,218.1,220.65,209.55,210.6,944515.0,184295.0,NIFTY,2026-09-15,23700.0,PE,3
2026-09-09 03:55:00+00:00,210.25,214.85,203.85,210.4,592800.0,184526.0,NIFTY,2026-09-15,23700.0,PE,3
2026-09-09 04:00:00+00:00,211.55,212.0,201.75,205.2,421005.0,185492.0,NIFTY,2026-09-15,23700.0,PE,3
2026-09-09 04:05:00+00:00,204.45,211.5,193.95,197.25,741845.0,186927.0,NIFTY,2026-09-15,23700.0,PE,3
2026-09-09 04:10:00+00:00,197.55,199.7,191.9,197.45,702130.0,188583.0,NIFTY,2026-09-15,23700.0,PE,3
2026-09-09 04:15:00+00:00,197.95,214.5,197.0,214.0,1024205.0,194275.0,NIFTY,2026-09-15,23700.0,PE,3
2026-09-09 04:20:00+00:00,214.7,220.3,210.65,214.95,849550.0,187851.0,NIFTY,2026-09-15,23700.0,PE,3
2026-09-09 04:25:00+00:00,214.6,223.35,213.0,221.0,520390.0,187623.0,NIFTY,2026-09-15,23700.0,PE,3
2026-09-09 04:30:00+00:00,220.75,232.0,220.55,226.0,854230.0,181363.0,NIFTY,2026-09-15,23700.0,PE,3
2026-09-09 04:35:00+00:00,226.1,232.95,224.25,228.05,438295.0,178235.0,NIFTY,2026-09-15,23700.0,PE,3
2026-09-09 04:40:00+00:00,229.15,234.65,218.85,221.3,624845.0,178009.0,NIFTY,2026-09-15,23700.0,PE,3
2026-09-09 04:45:00+00:00,221.35,222.05,196.6,200.3,644930.0,179362.0,NIFTY,2026-09-15,23700.0,PE,3
2026-09-09 04:50:00+00:00,201.1,201.75,176.45,184.5,1204775.0,181675.0,NIFTY,2026-09-15,23700.0,PE,3
2026-09-09 04:55:00+00:00,184.35,189.0,181.1,183.55,709345.0,187439.0,NIFTY,2026-09-15,23700.0,PE,3
2026-09-09 05:00:00+00:00,183.2,194.0,178.3,193.6,730665.0,191342.0,NIFTY,2026-09-15,23700.0,PE,3
2026-09-09 05:05:00+00:00,193.75,205.9,192.5,202.25,966810.0,187712.0,NIFTY,2026-09-15,23700.0,PE,3
2026-09-09 05:10:00+00:00,202.35,209.75,201.25,203.3,488930.0,180792.0,NIFTY,2026-09-15,23700.0,PE,3
2026-09-09 05:15:00+00:00,204.3,205.7,195.85,199.1,413205.0,179003.0,NIFTY,2026-09-15,23700.0,PE,3
2026-09-09 05:20:00+00:00,197.7,204.7,194.25,194.25,242580.0,180167.0,NIFTY,2026-09-15,23700.0,PE,3
2026-09-09 05:25:00+00:00,194.4,196.05,188.55,189.45,285350.0,180781.0,NIFTY,2026-09-15,23700.0,PE,3
2026-09-09 05:30:00+00:00,189.4,192.0,182.1,189.0,412685.0,181640.0,NIFTY,2026-09-15,23700.0,PE,3
2026-09-09 05:35:00+00:00,189.65,192.7,187.2,188.95,242125.0,183231.0,NIFTY,2026-09-15,23700.0,PE,3
2026-09-09 05:40:00+00:00,188.5,195.5,187.8,195.0,274885.0,183731.0,NIFTY,2026-09-15,23700.0,PE,3
2026-09-09 05:45:00+00:00,194.65,197.7,188.7,190.4,318760.0,182538.0,NIFTY,2026-09-15,23700.0,PE,3
2026-09-09 05:50:00+00:00,190.5,197.7,186.2,194.25,405210.0,183964.0,NIFTY,2026-09-15,23700.0,PE,3
2026-09-09 05:55:00+00:00,193.8,195.9,189.5,193.95,215670.0,187185.0,NIFTY,2026-09-15,23700.0,PE,3
2026-09-09 06:00:00+00:00,193.7,194.8,190.0,194.5,109200.0,187580.0,NIFTY,2026-09-15,23700.0,PE,3
2026-09-09 06:05:00+00:00,194.35,196.15,190.45,194.5,163735.0,186575.0,NIFTY,2026-09-15,23700.0,PE,3
2026-09-09 06:10:00+00:00,194.25,195.7,185.5,187.0,285155.0,185055.0,NIFTY,2026-09-15,23700.0,PE,3
2026-09-09 06:15:00+00:00,186.35,194.0,184.25,192.55,271635.0,184687.0,NIFTY,2026-09-15,23700.0,PE,3
2026-09-09 06:20:00+00:00,193.25,205.9,192.55,204.4,749970.0,182784.0,NIFTY,2026-09-15,23700.0,PE,3
2026-09-09 06:25:00+00:00,205.4,220.1,205.0,217.65,816985.0,178406.0,NIFTY,2026-09-15,23700.0,PE,3
2026-09-09 06:30:00+00:00,217.5,226.5,215.0,223.25,662480.0,173839.0,NIFTY,2026-09-15,23700.0,PE,3
2026-09-09 06:35:00+00:00,223.15,229.0,219.9,225.9,388700.0,173776.0,NIFTY,2026-09-15,23700.0,PE,3
2026-09-09 06:40:00+00:00,225.35,226.95,215.2,217.75,319280.0,173212.0,NIFTY,2026-09-15,23700.0,PE,3
2026-09-09 06:45:00+00:00,218.4,225.8,216.35,223.0,294775.0,173286.0,NIFTY,2026-09-15,23700.0,PE,3
2026-09-09 06:50:00+00:00,223.05,227.2,216.5,219.75,202865.0,173581.0,NIFTY,2026-09-15,23700.0,PE,3
2026-09-09 06:55:00+00:00,218.75,220.0,202.35,202.55,366145.0,171936.0,NIFTY,2026-09-15,23700.0,PE,3
2026-09-09 07:00:00+00:00,201.2,203.4,171.0,177.75,853320.0,171956.0,NIFTY,2026-09-15,23700.0,PE,3
2026-09-09 07:05:00+00:00,176.25,176.75,164.2,171.5,848185.0,178896.0,NIFTY,2026-09-15,23700.0,PE,3
2026-09-09 07:10:00+00:00,170.9,176.0,164.05,169.45,566670.0,180774.0,NIFTY,2026-09-15,23700.0,PE,3
2026-09-09 07:15:00+00:00,169.8,174.55,164.8,172.45,595530.0,149138.0,NIFTY,2026-09-15,23700.0,PE,3
2026-09-09 07:20:00+00:00,172.05,179.6,168.45,179.2,665795.0,191772.0,NIFTY,2026-09-15,23700.0,PE,3
2026-09-09 07:25:00+00:00,179.05,182.1,165.65,167.7,652210.0,191252.0,NIFTY,2026-09-15,23700.0,PE,3
2026-09-09 07:30:00+00:00,167.0,177.9,165.8,175.6,494585.0,197301.0,NIFTY,2026-09-15,23700.0,PE,3
2026-09-09 07:35:00+00:00,176.05,177.9,170.2,176.0,351650.0,196065.0,NIFTY,2026-09-15,23700.0,PE,3
2026-09-09 07:40:00+00:00,175.65,181.6,175.45,177.0,505310.0,194889.0,NIFTY,2026-09-15,23700.0,PE,3
2026-09-09 07:45:00+00:00,177.3,181.5,177.05,180.7,310505.0,192632.0,NIFTY,2026-09-15,23700.0,PE,3
2026-09-09 07:50:00+00:00,180.55,182.0,173.3,179.8,370110.0,189588.0,NIFTY,2026-09-15,23700.0,PE,3
2026-09-09 07:55:00+00:00,180.0,180.2,170.0,171.65,291980.0,189720.0,NIFTY,2026-09-15,23700.0,PE,3
2026-09-09 08:00:00+00:00,171.5,180.05,170.5,176.85,356850.0,189454.0,NIFTY,2026-09-15,23700.0,PE,3
2026-09-09 08:05:00+00:00,177.1,179.5,172.0,172.75,196690.0,188945.0,NIFTY,2026-09-15,23700.0,PE,3
2026-09-09 08:10:00+00:00,173.0,175.15,169.75,174.8,273975.0,190244.0,NIFTY,2026-09-15,23700.0,PE,3
2026-09-09 08:15:00+00:00,174.7,178.65,173.0,174.45,234520.0,191627.0,NIFTY,2026-09-15,23700.0,PE,3
2026-09-09 08:20:00+00:00,174.0,180.0,171.0,179.95,273325.0,192752.0,NIFTY,2026-09-15,23700.0,PE,3
2026-09-09 08:25:00+00:00,179.5,182.0,172.25,173.0,478270.0,190344.0,NIFTY,2026-09-15,23700.0,PE,3
2026-09-09 08:30:00+00:00,172.85,174.65,165.05,170.75,558805.0,190552.0,NIFTY,2026-09-15,23700.0,PE,3
2026-09-09 08:35:00+00:00,170.35,177.0,166.6,176.8,342615.0,190710.0,NIFTY,2026-09-15,23700.0,PE,3
2026-09-09 08:40:00+00:00,177.35,181.75,172.35,179.15,581035.0,190671.0,NIFTY,2026-09-15,23700.0,PE,3
2026-09-09 08:45:00+00:00,179.35,184.95,178.05,183.0,623350.0,191088.0,NIFTY,2026-09-15,23700.0,PE,3
2026-09-09 08:50:00+00:00,183.15,183.35,176.05,178.05,416650.0,192006.0,NIFTY,2026-09-15,23700.0,PE,3
2026-09-09 08:55:00+00:00,177.3,182.45,177.05,179.65,236730.0,189634.0,NIFTY,2026-09-15,23700.0,PE,3
2026-09-09 09:00:00+00:00,179.4,196.3,179.4,195.2,1025830.0,184360.0,NIFTY,2026-09-15,23700.0,PE,3
2026-09-09 09:05:00+00:00,194.85,208.15,191.95,205.0,978900.0,174153.0,NIFTY,2026-09-15,23700.0,PE,3
2026-09-09 09:10:00+00:00,204.45,212.0,203.5,209.0,519220.0,168829.0,NIFTY,2026-09-15,23700.0,PE,3
2026-09-09 09:15:00+00:00,208.4,214.35,205.1,206.05,584090.0,167742.0,NIFTY,2026-09-15,23700.0,PE,3
2026-09-09 09:20:00+00:00,207.0,208.2,200.15,205.05,367705.0,165295.0,NIFTY,2026-09-15,23700.0,PE,3
2026-09-09 09:25:00+00:00,204.8,210.0,203.25,206.85,256490.0,132410.0,NIFTY,2026-09-15,23700.0,PE,3
2026-09-09 09:30:00+00:00,208.0,229.2,205.0,228.7,606320.0,162803.0,NIFTY,2026-09-15,23700.0,PE,3
2026-09-09 09:35:00+00:00,228.15,240.4,217.5,220.25,780585.0,155694.0,NIFTY,2026-09-15,23700.0,PE,3
2026-09-09 09:40:00+00:00,220.45,227.7,218.65,225.6,225680.0,155868.0,NIFTY,2026-09-15,23700.0,PE,3
2026-09-09 09:45:00+00:00,224.9,232.55,221.75,228.25,277290.0,154529.0,NIFTY,2026-09-15,23700.0,PE,3
2026-09-09 09:50:00+00:00,227.7,240.7,223.95,234.3,492895.0,149877.0,NIFTY,2026-09-15,23700.0,PE,3
2026-09-09 09:55:00+00:00,234.5,247.4,231.45,241.5,418600.0,145187.0,NIFTY,2026-09-15,23700.0,PE,3
2026-09-09 10:00:00+00:00,241.6,263.1,241.4,254.0,394225.0,142777.0,NIFTY,2026-09-15,23700.0,PE,3
2026-09-09 10:05:00+00:00,253.95,266.15,252.8,264.05,282815.0,142522.0,NIFTY,2026-09-15,23700.0,PE,3
2026-09-09 10:10:00+00:00,262.05,262.05,262.05,262.05,2080.0,,NIFTY,2026-09-15,23700.0,PE,3
2026-09-10 03:45:00+00:00,268.2,279.95,228.15,239.75,615355.0,112916.0,NIFTY,2026-09-15,23700.0,PE,3
2026-09-10 03:50:00+00:00,240.7,271.4,235.55,258.7,490620.0,143205.0,NIFTY,2026-09-15,23700.0,PE,3
2026-09-10 03:55:00+00:00,261.05,267.7,245.2,255.0,284960.0,143736.0,NIFTY,2026-09-15,23700.0,PE,3
2026-09-10 04:00:00+00:00,255.65,270.0,251.5,258.1,279630.0,144848.0,NIFTY,2026-09-15,23700.0,PE,3
2026-09-10 04:05:00+00:00,257.85,270.2,255.7,269.4,218985.0,145165.0,NIFTY,2026-09-15,23700.0,PE,3
2026-09-10 04:10:00+00:00,269.95,270.9,248.5,262.9,207545.0,143598.0,NIFTY,2026-09-15,23700.0,PE,3
2026-09-10 04:15:00+00:00,262.85,266.05,250.45,251.3,402220.0,142665.0,NIFTY,2026-09-15,23700.0,PE,3
2026-09-10 04:20:00+00:00,251.95,251.95,239.25,249.1,445835.0,135146.0,NIFTY,2026-09-15,23700.0,PE,3
2026-09-10 04:25:00+00:00,249.05,261.55,243.6,256.6,226720.0,135530.0,NIFTY,2026-09-15,23700.0,PE,3
2026-09-10 04:30:00+00:00,255.95,271.75,255.95,262.15,256165.0,133920.0,NIFTY,2026-09-15,23700.0,PE,3
2026-09-10 04:35:00+00:00,262.35,275.9,257.25,267.3,186225.0,132535.0,NIFTY,2026-09-15,23700.0,PE,3
2026-09-10 04:40:00+00:00,267.55,275.8,266.25,269.0,132275.0,131905.0,NIFTY,2026-09-15,23700.0,PE,3
2026-09-10 04:45:00+00:00,267.0,267.95,246.75,254.9,166660.0,131339.0,NIFTY,2026-09-15,23700.0,PE,3
2026-09-10 04:50:00+00:00,254.6,265.95,248.8,256.65,137670.0,131425.0,NIFTY,2026-09-15,23700.0,PE,3
2026-09-10 04:55:00+00:00,256.35,262.75,253.2,258.1,65520.0,131530.0,NIFTY,2026-09-15,23700.0,PE,3
2026-09-10 05:00:00+00:00,256.7,259.35,252.15,256.55,59280.0,131556.0,NIFTY,2026-09-15,23700.0,PE,3
2026-09-10 05:05:00+00:00,256.35,258.75,247.0,247.0,67275.0,131734.0,NIFTY,2026-09-15,23700.0,PE,3
2026-09-10 05:10:00+00:00,246.8,249.85,235.6,235.7,175175.0,131996.0,NIFTY,2026-09-15,23700.0,PE,3
2026-09-10 05:15:00+00:00,236.75,258.0,233.7,257.7,203385.0,132529.0,NIFTY,2026-09-15,23700.0,PE,3
2026-09-10 05:20:00+00:00,257.55,268.6,256.15,267.35,202215.0,132100.0,NIFTY,2026-09-15,23700.0,PE,3
2026-09-10 05:25:00+00:00,267.4,275.4,264.15,265.55,191360.0,130765.0,NIFTY,2026-09-15,23700.0,PE,3
2026-09-10 05:30:00+00:00,266.1,267.0,257.05,261.8,81965.0,130658.0,NIFTY,2026-09-15,23700.0,PE,3
2026-09-10 05:35:00+00:00,260.75,266.3,256.7,259.75,52455.0,130828.0,NIFTY,2026-09-15,23700.0,PE,3
2026-09-10 05:40:00+00:00,258.05,258.05,238.0,239.0,166855.0,130537.0,NIFTY,2026-09-15,23700.0,PE,3
2026-09-10 05:45:00+00:00,238.0,247.6,232.2,245.2,215280.0,130494.0,NIFTY,2026-09-15,23700.0,PE,3
2026-09-10 05:50:00+00:00,245.1,256.15,244.05,249.45,156780.0,130224.0,NIFTY,2026-09-15,23700.0,PE,3
2026-09-10 05:55:00+00:00,247.8,257.75,247.0,255.0,98995.0,129853.0,NIFTY,2026-09-15,23700.0,PE,3
2026-09-10 06:00:00+00:00,254.45,261.0,245.65,258.5,130975.0,129489.0,NIFTY,2026-09-15,23700.0,PE,3
2026-09-10 06:05:00+00:00,259.3,259.3,250.55,256.55,72995.0,129392.0,NIFTY,2026-09-15,23700.0,PE,3
2026-09-10 06:10:00+00:00,255.85,267.1,251.45,252.35,150410.0,129181.0,NIFTY,2026-09-15,23700.0,PE,3
2026-09-10 06:15:00+00:00,251.55,253.8,245.0,246.8,89115.0,128978.0,NIFTY,2026-09-15,23700.0,PE,3
2026-09-10 06:20:00+00:00,245.5,248.2,242.15,246.45,110760.0,129149.0,NIFTY,2026-09-15,23700.0,PE,3
2026-09-10 06:25:00+00:00,246.6,251.35,237.45,238.95,113685.0,128560.0,NIFTY,2026-09-15,23700.0,PE,3
2026-09-10 06:30:00+00:00,238.0,242.2,234.2,236.75,160095.0,128843.0,NIFTY,2026-09-15,23700.0,PE,3
2026-09-10 06:35:00+00:00,236.35,245.0,235.0,244.85,92105.0,129503.0,NIFTY,2026-09-15,23700.0,PE,3
2026-09-10 06:40:00+00:00,244.35,244.95,225.2,229.45,268060.0,129072.0,NIFTY,2026-09-15,23700.0,PE,3
2026-09-10 06:45:00+00:00,228.5,235.15,226.45,230.0,165555.0,129619.0,NIFTY,2026-09-15,23700.0,PE,3
2026-09-10 06:50:00+00:00,229.75,237.8,221.85,233.55,299715.0,130068.0,NIFTY,2026-09-15,23700.0,PE,3
2026-09-10 06:55:00+00:00,233.0,234.9,226.5,232.7,91845.0,130708.0,NIFTY,2026-09-15,23700.0,PE,3
2026-09-10 07:00:00+00:00,233.55,240.8,231.85,239.8,165035.0,130146.0,NIFTY,2026-09-15,23700.0,PE,3
2026-09-10 07:05:00+00:00,239.85,246.7,236.05,238.0,194610.0,129524.0,NIFTY,2026-09-15,23700.0,PE,3
2026-09-10 07:10:00+00:00,238.15,241.6,233.0,233.2,101660.0,128187.0,NIFTY,2026-09-15,23700.0,PE,3
2026-09-10 07:15:00+00:00,233.0,242.6,229.55,237.15,141180.0,102648.0,NIFTY,2026-09-15,23700.0,PE,3
2026-09-10 07:20:00+00:00,237.5,242.0,232.8,240.55,73320.0,128656.0,NIFTY,2026-09-15,23700.0,PE,3
2026-09-10 07:25:00+00:00,240.2,254.7,239.0,254.1,183235.0,128581.0,NIFTY,2026-09-15,23700.0,PE,3
2026-09-10 07:30:00+00:00,254.55,259.4,250.0,256.1,223600.0,125871.0,NIFTY,2026-09-15,23700.0,PE,3
2026-09-10 07:35:00+00:00,255.1,268.2,251.6,255.4,225355.0,125002.0,NIFTY,2026-09-15,23700.0,PE,3
2026-09-10 07:40:00+00:00,255.8,258.15,243.0,243.8,98345.0,124985.0,NIFTY,2026-09-15,23700.0,PE,3
2026-09-10 07:45:00+00:00,243.05,252.2,242.85,250.4,89895.0,125062.0,NIFTY,2026-09-15,23700.0,PE,3
2026-09-10 07:50:00+00:00,250.95,252.95,245.1,248.4,60190.0,125500.0,NIFTY,2026-09-15,23700.0,PE,3
2026-09-10 07:55:00+00:00,248.25,257.8,246.0,257.8,73775.0,125817.0,NIFTY,2026-09-15,23700.0,PE,3
2026-09-10 08:00:00+00:00,258.0,266.0,254.5,261.55,116350.0,125598.0,NIFTY,2026-09-15,23700.0,PE,3
2026-09-10 08:05:00+00:00,260.0,263.8,251.65,254.3,98215.0,125231.0,NIFTY,2026-09-15,23700.0,PE,3
2026-09-10 08:10:00+00:00,253.65,254.7,249.1,253.05,63895.0,125290.0,NIFTY,2026-09-15,23700.0,PE,3
2026-09-10 08:15:00+00:00,253.5,263.6,253.3,257.3,95030.0,125221.0,NIFTY,2026-09-15,23700.0,PE,3
2026-09-10 08:20:00+00:00,257.0,260.4,252.0,258.2,53040.0,124621.0,NIFTY,2026-09-15,23700.0,PE,3
2026-09-10 08:25:00+00:00,258.0,266.9,257.25,262.0,91975.0,124101.0,NIFTY,2026-09-15,23700.0,PE,3
2026-09-10 08:30:00+00:00,261.85,274.7,257.0,274.05,141115.0,123169.0,NIFTY,2026-09-15,23700.0,PE,3
2026-09-10 08:35:00+00:00,274.25,276.75,265.8,270.2,120575.0,122287.0,NIFTY,2026-09-15,23700.0,PE,3
2026-09-10 08:40:00+00:00,271.0,276.0,268.6,273.0,63960.0,121969.0,NIFTY,2026-09-15,23700.0,PE,3
2026-09-10 08:45:00+00:00,274.15,282.05,271.9,276.75,116610.0,121860.0,NIFTY,2026-09-15,23700.0,PE,3
2026-09-10 08:50:00+00:00,276.3,276.7,265.05,267.45,96525.0,120510.0,NIFTY,2026-09-15,23700.0,PE,3
2026-09-10 08:55:00+00:00,267.2,279.15,265.5,269.95,74100.0,120162.0,NIFTY,2026-09-15,23700.0,PE,3
2026-09-10 09:00:00+00:00,269.0,277.5,267.35,274.85,66495.0,119728.0,NIFTY,2026-09-15,23700.0,PE,3
2026-09-10 09:05:00+00:00,276.0,282.0,275.95,281.0,92235.0,119202.0,NIFTY,2026-09-15,23700.0,PE,3
2026-09-10 09:10:00+00:00,279.5,288.95,270.2,272.35,159575.0,118057.0,NIFTY,2026-09-15,23700.0,PE,3
2026-09-10 09:15:00+00:00,271.0,271.0,260.0,260.0,131560.0,116312.0,NIFTY,2026-09-15,23700.0,PE,3
2026-09-10 09:20:00+00:00,259.5,270.25,256.5,268.6,159380.0,114791.0,NIFTY,2026-09-15,23700.0,PE,3
2026-09-10 09:25:00+00:00,267.9,276.0,263.7,275.6,103220.0,114305.0,NIFTY,2026-09-15,23700.0,PE,3
2026-09-10 09:30:00+00:00,276.8,305.0,276.8,295.0,298415.0,112741.0,NIFTY,2026-09-15,23700.0,PE,3
2026-09-10 09:35:00+00:00,295.25,299.8,289.05,292.0,110110.0,111854.0,NIFTY,2026-09-15,23700.0,PE,3
2026-09-10 09:40:00+00:00,291.75,302.6,291.25,296.45,129415.0,111625.0,NIFTY,2026-09-15,23700.0,PE,3
2026-09-10 09:45:00+00:00,296.65,302.05,289.25,295.7,81315.0,111122.0,NIFTY,2026-09-15,23700.0,PE,3
2026-09-10 09:50:00+00:00,296.9,296.9,273.55,273.55,161980.0,110672.0,NIFTY,2026-09-15,23700.0,PE,3
2026-09-10 09:55:00+00:00,273.15,281.0,261.9,265.7,102050.0,111048.0,NIFTY,2026-09-15,23700.0,PE,3
2026-09-10 10:00:00+00:00,265.15,275.8,257.45,274.65,120640.0,111920.0,NIFTY,2026-09-15,23700.0,PE,3
2026-09-10 10:05:00+00:00,274.7,274.85,268.35,269.8,131690.0,89191.0,NIFTY,2026-09-15,23700.0,PE,3
2026-09-11 03:45:00+00:00,414.15,460.35,414.15,444.35,403455.0,105808.0,NIFTY,2026-09-15,23700.0,PE,3
2026-09-11 03:50:00+00:00,445.0,453.45,441.5,444.0,275925.0,102054.0,NIFTY,2026-09-15,23700.0,PE,3
2026-09-11 03:55:00+00:00,445.0,451.0,438.75,446.85,61750.0,100662.0,NIFTY,2026-09-15,23700.0,PE,3
2026-09-11 04:00:00+00:00,445.45,452.35,435.6,442.8,81380.0,100279.0,NIFTY,2026-09-15,23700.0,PE,3
2026-09-11 04:05:00+00:00,444.0,444.0,433.5,442.0,41145.0,100408.0,NIFTY,2026-09-15,23700.0,PE,3
2026-09-11 04:10:00+00:00,444.0,455.0,444.0,448.7,53885.0,99911.0,NIFTY,2026-09-15,23700.0,PE,3
2026-09-11 04:15:00+00:00,448.6,454.6,447.0,451.3,53365.0,99327.0,NIFTY,2026-09-15,23700.0,PE,3
2026-09-11 04:20:00+00:00,451.1,454.3,445.55,452.0,21580.0,98703.0,NIFTY,2026-09-15,23700.0,PE,3
2026-09-11 04:25:00+00:00,451.75,451.75,438.35,442.6,69420.0,98342.0,NIFTY,2026-09-15,23700.0,PE,3
2026-09-11 04:30:00+00:00,441.0,445.35,429.15,432.0,44720.0,78407.0,NIFTY,2026-09-15,23700.0,PE,3
2026-09-11 04:35:00+00:00,431.9,435.6,419.2,422.75,39455.0,98144.0,NIFTY,2026-09-15,23700.0,PE,3
2026-09-11 04:40:00+00:00,422.15,426.1,408.3,413.0,61035.0,97796.0,NIFTY,2026-09-15,23700.0,PE,3
2026-09-11 04:45:00+00:00,412.8,419.0,410.45,411.9,59735.0,96835.0,NIFTY,2026-09-15,23700.0,PE,3
2026-09-11 04:50:00+00:00,411.7,412.95,392.0,404.25,64155.0,96447.0,NIFTY,2026-09-15,23700.0,PE,3
2026-09-11 04:55:00+00:00,403.0,423.0,403.0,422.9,71045.0,95893.0,NIFTY,2026-09-15,23700.0,PE,3
2026-09-11 05:00:00+00:00,423.85,423.85,406.7,411.0,39130.0,94899.0,NIFTY,2026-09-15,23700.0,PE,3
2026-09-11 05:05:00+00:00,411.4,412.4,401.45,408.1,48360.0,94125.0,NIFTY,2026-09-15,23700.0,PE,3
2026-09-11 05:10:00+00:00,406.2,410.95,394.65,394.65,16705.0,93561.0,NIFTY,2026-09-15,23700.0,PE,3
2026-09-11 05:15:00+00:00,395.0,407.2,387.0,403.0,55965.0,92710.0,NIFTY,2026-09-15,23700.0,PE,3
2026-09-11 05:20:00+00:00,404.0,414.85,404.0,414.8,43160.0,91926.0,NIFTY,2026-09-15,23700.0,PE,3
2026-09-11 05:25:00+00:00,413.5,419.35,411.2,416.85,46735.0,91494.0,NIFTY,2026-09-15,23700.0,PE,3
2026-09-11 05:30:00+00:00,413.7,413.95,402.1,411.55,68380.0,92387.0,NIFTY,2026-09-15,23700.0,PE,3
2026-09-11 05:35:00+00:00,410.0,411.5,395.6,397.3,40885.0,91978.0,NIFTY,2026-09-15,23700.0,PE,3
2026-09-11 05:40:00+00:00,397.5,398.8,352.3,352.3,103870.0,91110.0,NIFTY,2026-09-15,23700.0,PE,3
2026-09-11 05:45:00+00:00,354.0,367.8,336.15,346.75,129545.0,90765.0,NIFTY,2026-09-15,23700.0,PE,3
2026-09-11 05:50:00+00:00,345.0,359.85,340.0,342.3,68185.0,90390.0,NIFTY,2026-09-15,23700.0,PE,3
2026-09-11 05:55:00+00:00,342.0,354.85,339.15,353.0,60970.0,90052.0,NIFTY,2026-09-15,23700.0,PE,3
2026-09-11 06:00:00+00:00,352.85,359.4,344.3,351.2,36465.0,89901.0,NIFTY,2026-09-15,23700.0,PE,3
2026-09-11 06:05:00+00:00,353.55,357.0,341.05,353.6,48750.0,89947.0,NIFTY,2026-09-15,23700.0,PE,3
2026-09-11 06:10:00+00:00,353.55,353.55,336.0,341.4,38220.0,90428.0,NIFTY,2026-09-15,23700.0,PE,3
2026-09-11 06:15:00+00:00,340.0,353.25,335.0,351.6,72020.0,72053.0,NIFTY,2026-09-15,23700.0,PE,3
2026-09-11 06:20:00+00:00,350.35,356.9,347.0,349.7,43485.0,89454.0,NIFTY,2026-09-15,23700.0,PE,3
2026-09-11 06:25:00+00:00,349.05,355.2,343.55,348.0,31005.0,89181.0,NIFTY,2026-09-15,23700.0,PE,3
2026-09-11 06:30:00+00:00,347.25,352.7,343.6,351.0,29900.0,89079.0,NIFTY,2026-09-15,23700.0,PE,3
2026-09-11 06:35:00+00:00,351.45,351.45,346.7,350.3,26910.0,89003.0,NIFTY,2026-09-15,23700.0,PE,3
2026-09-11 06:40:00+00:00,351.15,367.15,350.65,360.15,104000.0,88420.0,NIFTY,2026-09-15,23700.0,PE,3
2026-09-11 06:45:00+00:00,360.6,368.0,350.5,356.0,48425.0,87006.0,NIFTY,2026-09-15,23700.0,PE,3
2026-09-11 06:50:00+00:00,355.0,363.15,351.0,352.0,20085.0,52058.0,NIFTY,2026-09-15,23700.0,PE,3
2026-09-11 06:55:00+00:00,352.8,362.6,352.35,362.6,38155.0,86585.0,NIFTY,2026-09-15,23700.0,PE,3
2026-09-11 07:00:00+00:00,360.5,361.65,349.4,351.75,24765.0,86265.0,NIFTY,2026-09-15,23700.0,PE,3
2026-09-11 07:05:00+00:00,352.0,356.15,347.45,353.9,35685.0,86148.0,NIFTY,2026-09-15,23700.0,PE,3
2026-09-11 07:10:00+00:00,353.0,355.9,340.0,352.15,48555.0,86246.0,NIFTY,2026-09-15,23700.0,PE,3
2026-09-11 07:15:00+00:00,352.0,357.1,347.05,356.2,36660.0,86056.0,NIFTY,2026-09-15,23700.0,PE,3
2026-09-11 07:20:00+00:00,355.05,363.3,349.95,352.6,27950.0,85751.0,NIFTY,2026-09-15,23700.0,PE,3
2026-09-11 07:25:00+00:00,352.05,354.15,342.4,349.3,29185.0,85764.0,NIFTY,2026-09-15,23700.0,PE,3
2026-09-11 07:30:00+00:00,349.1,368.6,349.1,368.6,33540.0,85777.0,NIFTY,2026-09-15,23700.0,PE,3
2026-09-11 07:35:00+00:00,371.75,372.85,364.4,370.0,51155.0,85185.0,NIFTY,2026-09-15,23700.0,PE,3
2026-09-11 07:40:00+00:00,370.9,377.9,362.0,365.0,46215.0,84468.0,NIFTY,2026-09-15,23700.0,PE,3
2026-09-11 07:45:00+00:00,365.1,371.0,364.0,369.35,13325.0,83998.0,NIFTY,2026-09-15,23700.0,PE,3
2026-09-11 07:50:00+00:00,369.25,374.5,359.2,362.2,20280.0,83844.0,NIFTY,2026-09-15,23700.0,PE,3
2026-09-11 07:55:00+00:00,363.0,364.75,347.6,350.0,45825.0,83850.0,NIFTY,2026-09-15,23700.0,PE,3
2026-09-11 08:00:00+00:00,350.65,357.0,342.2,356.0,57525.0,84290.0,NIFTY,2026-09-15,23700.0,PE,3
2026-09-11 08:05:00+00:00,356.7,364.0,355.0,363.55,41405.0,84475.0,NIFTY,2026-09-15,23700.0,PE,3
2026-09-11 08:10:00+00:00,361.65,384.4,357.5,361.7,87295.0,83901.0,NIFTY,2026-09-15,23700.0,PE,3
2026-09-11 08:15:00+00:00,362.0,374.15,358.0,360.75,37375.0,84043.0,NIFTY,2026-09-15,23700.0,PE,3
2026-09-11 08:20:00+00:00,361.6,361.6,322.55,342.9,98085.0,83994.0,NIFTY,2026-09-15,23700.0,PE,3
2026-09-11 08:25:00+00:00,342.2,347.0,311.1,316.0,177710.0,84190.0,NIFTY,2026-09-15,23700.0,PE,3
2026-09-11 08:30:00+00:00,316.45,320.9,254.0,266.05,422240.0,87910.0,NIFTY,2026-09-15,23700.0,PE,3
2026-09-11 08:35:00+00:00,266.3,287.6,264.65,285.0,288795.0,91633.0,NIFTY,2026-09-15,23700.0,PE,3
2026-09-11 08:40:00+00:00,284.55,290.0,279.0,282.7,91780.0,89268.0,NIFTY,2026-09-15,23700.0,PE,3
2026-09-11 08:45:00+00:00,282.8,291.15,281.0,288.3,78130.0,89690.0,NIFTY,2026-09-15,23700.0,PE,3
2026-09-11 08:50:00+00:00,288.05,292.2,279.4,279.6,83980.0,90326.0,NIFTY,2026-09-15,23700.0,PE,3
2026-09-11 08:55:00+00:00,280.0,284.2,268.8,272.0,82745.0,90922.0,NIFTY,2026-09-15,23700.0,PE,3
2026-09-11 09:00:00+00:00,269.9,277.95,261.85,274.75,185965.0,91729.0,NIFTY,2026-09-15,23700.0,PE,3
2026-09-11 09:05:00+00:00,275.6,280.0,263.1,271.2,170560.0,93245.0,NIFTY,2026-09-15,23700.0,PE,3
2026-09-11 09:10:00+00:00,270.65,275.3,263.85,267.0,95875.0,92235.0,NIFTY,2026-09-15,23700.0,PE,3
2026-09-11 09:15:00+00:00,268.0,277.5,268.0,273.6,136110.0,90355.0,NIFTY,2026-09-15,23700.0,PE,3
2026-09-11 09:20:00+00:00,273.8,278.05,271.2,274.45,134095.0,87634.0,NIFTY,2026-09-15,23700.0,PE,3
2026-09-11 09:25:00+00:00,275.0,279.05,272.3,279.05,86710.0,86035.0,NIFTY,2026-09-15,23700.0,PE,3
2026-09-11 09:30:00+00:00,278.65,298.0,276.8,293.3,294385.0,87695.0,NIFTY,2026-09-15,23700.0,PE,3
2026-09-11 09:35:00+00:00,295.75,307.1,283.0,289.25,199160.0,87195.0,NIFTY,2026-09-15,23700.0,PE,3
2026-09-11 09:40:00+00:00,288.7,290.4,267.5,271.8,168285.0,87038.0,NIFTY,2026-09-15,23700.0,PE,3
2026-09-11 09:45:00+00:00,272.6,275.55,253.25,267.25,129220.0,87105.0,NIFTY,2026-09-15,23700.0,PE,3
2026-09-11 09:50:00+00:00,269.0,284.0,249.4,277.2,215475.0,85993.0,NIFTY,2026-09-15,23700.0,PE,3
2026-09-11 09:55:00+00:00,279.0,290.0,269.25,277.95,121355.0,83788.0,NIFTY,2026-09-15,23700.0,PE,3
2026-09-11 10:00:00+00:00,280.0,286.8,257.75,269.8,124280.0,80442.0,NIFTY,2026-09-15,23700.0,PE,3
2026-09-11 10:05:00+00:00,269.95,269.95,250.25,251.1,221000.0,76980.0,NIFTY,2026-09-15,23700.0,PE,3
2026-09-15 03:45:00+00:00,163.9,218.35,160.5,210.6,2294760.0,86944.0,NIFTY,2026-09-15,23700.0,PE,3
2026-09-15 03:50:00+00:00,212.25,231.35,207.3,231.35,1202110.0,95566.0,NIFTY,2026-09-15,23700.0,PE,3
2026-09-15 03:55:00+00:00,232.1,246.6,232.1,236.15,1065220.0,94567.0,NIFTY,2026-09-15,23700.0,PE,3
2026-09-15 04:00:00+00:00,239.7,250.5,236.4,243.0,558285.0,93779.0,NIFTY,2026-09-15,23700.0,PE,3
2026-09-15 04:05:00+00:00,243.45,256.45,236.1,244.8,550095.0,91364.0,NIFTY,2026-09-15,23700.0,PE,3
2026-09-15 04:10:00+00:00,243.6,252.7,236.2,252.7,446615.0,95999.0,NIFTY,2026-09-15,23700.0,PE,3
2026-09-15 04:15:00+00:00,253.0,282.5,250.7,281.6,826930.0,94138.0,NIFTY,2026-09-15,23700.0,PE,3
2026-09-15 04:20:00+00:00,281.9,297.75,273.4,297.15,485420.0,87447.0,NIFTY,2026-09-15,23700.0,PE,3
2026-09-15 04:25:00+00:00,297.65,327.3,295.0,308.0,521950.0,81298.0,NIFTY,2026-09-15,23700.0,PE,3
2026-09-15 04:30:00+00:00,309.15,319.95,306.05,314.0,152555.0,79584.0,NIFTY,2026-09-15,23700.0,PE,3
2026-09-15 04:35:00+00:00,314.1,322.65,306.95,321.45,113685.0,78904.0,NIFTY,2026-09-15,23700.0,PE,3
2026-09-15 04:40:00+00:00,321.5,325.0,298.75,312.05,163670.0,78390.0,NIFTY,2026-09-15,23700.0,PE,3
2026-09-15 04:45:00+00:00,311.95,320.25,305.05,310.2,146835.0,78289.0,NIFTY,2026-09-15,23700.0,PE,3
2026-09-15 04:50:00+00:00,310.35,323.9,306.75,316.3,112645.0,77738.0,NIFTY,2026-09-15,23700.0,PE,3
2026-09-15 04:55:00+00:00,315.2,335.6,313.25,331.95,153530.0,77154.0,NIFTY,2026-09-15,23700.0,PE,3
2026-09-15 05:00:00+00:00,331.8,345.15,324.0,333.8,220285.0,76227.0,NIFTY,2026-09-15,23700.0,PE,3
2026-09-15 05:05:00+00:00,333.45,334.85,323.85,328.75,122785.0,60413.0,NIFTY,2026-09-15,23700.0,PE,3
2026-09-15 05:10:00+00:00,329.75,351.0,328.05,349.05,154960.0,75125.0,NIFTY,2026-09-15,23700.0,PE,3
2026-09-15 05:15:00+00:00,349.45,364.5,343.2,357.9,154960.0,73051.0,NIFTY,2026-09-15,23700.0,PE,3
2026-09-15 05:20:00+00:00,356.9,368.0,349.8,364.0,111215.0,71676.0,NIFTY,2026-09-15,23700.0,PE,3
2026-09-15 05:25:00+00:00,363.85,371.2,357.6,360.0,142545.0,69282.0,NIFTY,2026-09-15,23700.0,PE,3
2026-09-15 05:30:00+00:00,363.2,363.2,339.6,340.75,108225.0,67956.0,NIFTY,2026-09-15,23700.0,PE,3
2026-09-15 05:35:00+00:00,341.85,366.0,341.85,364.95,88660.0,67432.0,NIFTY,2026-09-15,23700.0,PE,3
2026-09-15 05:40:00+00:00,364.0,373.15,347.05,351.6,159835.0,67986.0,NIFTY,2026-09-15,23700.0,PE,3
2026-09-15 05:45:00+00:00,350.1,369.0,343.0,367.45,123825.0,68464.0,NIFTY,2026-09-15,23700.0,PE,3
2026-09-15 05:50:00+00:00,366.7,373.3,356.3,359.95,90220.0,67358.0,NIFTY,2026-09-15,23700.0,PE,3
2026-09-15 05:55:00+00:00,360.6,378.35,358.2,372.3,58825.0,67375.0,NIFTY,2026-09-15,23700.0,PE,3
2026-09-15 06:00:00+00:00,372.05,379.25,364.45,367.8,51025.0,53882.0,NIFTY,2026-09-15,23700.0,PE,3
2026-09-15 06:05:00+00:00,369.6,369.6,350.0,351.75,62270.0,80347.0,NIFTY,2026-09-15,23700.0,PE,3
2026-09-15 06:10:00+00:00,351.15,363.65,350.0,352.85,74490.0,66800.0,NIFTY,2026-09-15,23700.0,PE,3
2026-09-15 06:15:00+00:00,354.0,360.9,350.5,358.45,32370.0,66913.0,NIFTY,2026-09-15,23700.0,PE,3
2026-09-15 06:20:00+00:00,358.75,370.25,354.8,367.45,59475.0,53574.0,NIFTY,2026-09-15,23700.0,PE,3
2026-09-15 06:25:00+00:00,365.3,369.35,354.65,358.25,42705.0,66670.0,NIFTY,2026-09-15,23700.0,PE,3
2026-09-15 06:30:00+00:00,359.6,361.6,346.9,349.65,43290.0,53229.0,NIFTY,2026-09-15,23700.0,PE,3
2026-09-15 06:35:00+00:00,350.0,358.0,343.1,356.55,42185.0,79814.0,NIFTY,2026-09-15,23700.0,PE,3
2026-09-15 06:40:00+00:00,356.05,363.8,350.45,358.75,61620.0,53560.0,NIFTY,2026-09-15,23700.0,PE,3
2026-09-15 06:45:00+00:00,357.85,368.95,354.05,367.15,59475.0,66878.0,NIFTY,2026-09-15,23700.0,PE,3
2026-09-15 06:50:00+00:00,366.3,370.0,359.15,364.1,44460.0,66527.0,NIFTY,2026-09-15,23700.0,PE,3
2026-09-15 06:55:00+00:00,363.9,369.05,356.15,358.55,25870.0,66540.0,NIFTY,2026-09-15,23700.0,PE,3
2026-09-15 07:00:00+00:00,358.65,384.3,358.65,377.55,103480.0,65980.0,NIFTY,2026-09-15,23700.0,PE,3
2026-09-15 07:05:00+00:00,379.3,381.3,362.75,375.6,72150.0,64129.0,NIFTY,2026-09-15,23700.0,PE,3
2026-09-15 07:10:00+00:00,374.75,382.0,370.85,381.6,32175.0,63393.0,NIFTY,2026-09-15,23700.0,PE,3
2026-09-15 07:15:00+00:00,384.0,386.0,369.0,369.0,34775.0,63206.0,NIFTY,2026-09-15,23700.0,PE,3
2026-09-15 07:20:00+00:00,369.35,374.4,359.35,369.0,53365.0,63171.0,NIFTY,2026-09-15,23700.0,PE,3
2026-09-15 07:25:00+00:00,369.15,395.25,367.35,389.2,64350.0,63547.0,NIFTY,2026-09-15,23700.0,PE,3
2026-09-15 07:30:00+00:00,386.0,398.45,383.35,390.05,63375.0,63356.0,NIFTY,2026-09-15,23700.0,PE,3
2026-09-15 07:35:00+00:00,390.25,395.15,383.0,395.15,41210.0,63001.0,NIFTY,2026-09-15,23700.0,PE,3
2026-09-15 07:40:00+00:00,394.3,413.95,390.3,407.0,107380.0,62705.0,NIFTY,2026-09-15,23700.0,PE,3
2026-09-15 07:45:00+00:00,405.85,417.55,401.0,406.95,73645.0,61620.0,NIFTY,2026-09-15,23700.0,PE,3
2026-09-15 07:50:00+00:00,407.8,418.95,405.5,413.35,31200.0,60971.0,NIFTY,2026-09-15,23700.0,PE,3
2026-09-15 07:55:00+00:00,413.7,416.2,403.55,415.5,34905.0,60511.0,NIFTY,2026-09-15,23700.0,PE,3
2026-09-15 08:00:00+00:00,415.75,436.8,414.85,427.0,58500.0,59676.0,NIFTY,2026-09-15,23700.0,PE,3
2026-09-15 08:05:00+00:00,427.8,431.2,418.7,428.85,30745.0,59091.0,NIFTY,2026-09-15,23700.0,PE,3
2026-09-15 08:10:00+00:00,431.0,446.6,430.7,434.85,45305.0,59016.0,NIFTY,2026-09-15,23700.0,PE,3
2026-09-15 08:15:00+00:00,435.35,435.9,425.9,426.65,30745.0,58861.0,NIFTY,2026-09-15,23700.0,PE,3
2026-09-15 08:20:00+00:00,427.95,428.85,421.0,426.4,27235.0,58697.0,NIFTY,2026-09-15,23700.0,PE,3
2026-09-15 08:25:00+00:00,427.15,432.6,420.1,423.0,35100.0,58507.0,NIFTY,2026-09-15,23700.0,PE,3
2026-09-15 08:30:00+00:00,423.8,429.6,421.85,429.0,19110.0,57834.0,NIFTY,2026-09-15,23700.0,PE,3
2026-09-15 08:35:00+00:00,428.8,442.35,427.0,440.25,30225.0,57697.0,NIFTY,2026-09-15,23700.0,PE,3
2026-09-15 08:40:00+00:00,440.6,471.95,439.5,471.95,41925.0,57457.0,NIFTY,2026-09-15,23700.0,PE,3
2026-09-15 08:45:00+00:00,472.15,498.85,470.95,494.7,48165.0,57291.0,NIFTY,2026-09-15,23700.0,PE,3
2026-09-15 08:50:00+00:00,494.5,494.85,479.85,490.85,38025.0,57049.0,NIFTY,2026-09-15,23700.0,PE,3
2026-09-15 08:55:00+00:00,489.55,497.85,485.0,489.95,20735.0,56893.0,NIFTY,2026-09-15,23700.0,PE,3
2026-09-15 09:00:00+00:00,491.3,499.0,485.0,488.6,32045.0,56549.0,NIFTY,2026-09-15,23700.0,PE,3
2026-09-15 09:05:00+00:00,489.5,492.85,472.8,485.8,20410.0,48013.0,NIFTY,2026-09-15,23700.0,PE,3
2026-09-15 09:10:00+00:00,484.85,484.85,465.7,482.45,30225.0,45759.0,NIFTY,2026-09-15,23700.0,PE,3
2026-09-15 09:15:00+00:00,482.8,542.5,480.2,533.0,86450.0,45217.0,NIFTY,2026-09-15,23700.0,PE,3
2026-09-15 09:20:00+00:00,536.1,536.1,506.0,517.0,55510.0,43758.0,NIFTY,2026-09-15,23700.0,PE,3
2026-09-15 09:25:00+00:00,517.4,526.3,509.0,517.0,28275.0,43082.0,NIFTY,2026-09-15,23700.0,PE,3
2026-09-15 09:30:00+00:00,517.7,524.0,494.8,500.85,37115.0,33964.0,NIFTY,2026-09-15,23700.0,PE,3
2026-09-15 09:35:00+00:00,503.45,520.2,498.6,510.2,26585.0,33639.0,NIFTY,2026-09-15,23700.0,PE,3
2026-09-15 09:40:00+00:00,509.35,513.2,490.0,498.55,34125.0,50091.0,NIFTY,2026-09-15,23700.0,PE,3
2026-09-15 09:45:00+00:00,495.8,526.0,450.0,479.9,95680.0,40707.0,NIFTY,2026-09-15,23700.0,PE,3
2026-09-15 09:50:00+00:00,476.1,603.85,450.45,560.75,106015.0,39550.0,NIFTY,2026-09-15,23700.0,PE,3
2026-09-15 09:55:00+00:00,562.45,585.55,555.0,582.6,74100.0,38727.0,NIFTY,2026-09-15,23700.0,PE,3
2026-09-15 10:00:00+00:00,582.0,582.95,580.0,582.85,79885.0,37461.0,NIFTY,2026-09-15,23700.0,PE,3
2026-09-15 10:05:00+00:00,582.8,583.3,582.0,583.1,26780.0,29218.0,NIFTY,2026-09-15,23700.0,PE,3
