timestamp,open,high,low,close,volume,oi,underlying,expiry,strike,option_type,itm_rank
2026-08-28 07:20:00+00:00,93.55,93.55,93.55,93.55,130.0,,NIFTY,2026-09-22,23550.0,PE,3
2026-08-31 03:55:00+00:00,86.2,86.2,57.9,57.9,1105.0,1.0,NIFTY,2026-09-22,23550.0,PE,3
2026-08-31 04:00:00+00:00,57.85,58.7,57.85,58.7,130.0,24.0,NIFTY,2026-09-22,23550.0,PE,3
2026-08-31 04:05:00+00:00,57.35,57.35,57.35,57.35,65.0,11.0,NIFTY,2026-09-22,23550.0,PE,3
2026-08-31 04:10:00+00:00,59.05,59.05,59.05,59.05,65.0,12.0,NIFTY,2026-09-22,23550.0,PE,3
2026-08-31 04:15:00+00:00,61.15,61.15,61.1,61.1,130.0,13.0,NIFTY,2026-09-22,23550.0,PE,3
2026-08-31 04:20:00+00:00,59.0,59.0,59.0,59.0,65.0,14.0,NIFTY,2026-09-22,23550.0,PE,3
2026-08-31 04:30:00+00:00,56.9,56.9,56.9,56.9,65.0,14.0,NIFTY,2026-09-22,23550.0,PE,3
2026-08-31 04:45:00+00:00,62.4,62.7,62.1,62.55,1755.0,21.0,NIFTY,2026-09-22,23550.0,PE,3
2026-08-31 04:50:00+00:00,62.35,62.75,62.1,62.1,1690.0,81.0,NIFTY,2026-09-22,23550.0,PE,3
2026-08-31 04:55:00+00:00,61.85,61.85,59.65,59.65,845.0,,NIFTY,2026-09-22,23550.0,PE,3
2026-08-31 05:05:00+00:00,62.65,63.9,61.85,61.85,3380.0,121.0,NIFTY,2026-09-22,23550.0,PE,3
2026-08-31 05:10:00+00:00,62.8,62.8,60.95,60.95,1040.0,239.0,NIFTY,2026-09-22,23550.0,PE,3
2026-08-31 05:15:00+00:00,60.5,60.5,60.5,60.5,65.0,,NIFTY,2026-09-22,23550.0,PE,3
2026-08-31 05:20:00+00:00,61.4,61.4,60.8,60.8,195.0,84.0,NIFTY,2026-09-22,23550.0,PE,3
2026-08-31 05:25:00+00:00,60.9,60.9,60.75,60.75,650.0,176.0,NIFTY,2026-09-22,23550.0,PE,3
2026-08-31 05:30:00+00:00,60.4,60.4,60.4,60.4,65.0,91.0,NIFTY,2026-09-22,23550.0,PE,3
2026-08-31 05:40:00+00:00,61.4,61.4,61.4,61.4,65.0,92.0,NIFTY,2026-09-22,23550.0,PE,3
2026-08-31 05:45:00+00:00,61.0,61.0,61.0,61.0,65.0,,NIFTY,2026-09-22,23550.0,PE,3
2026-08-31 05:50:00+00:00,60.95,61.4,60.95,61.4,585.0,,NIFTY,2026-09-22,23550.0,PE,3
2026-08-31 05:55:00+00:00,62.45,62.45,62.45,62.45,65.0,91.0,NIFTY,2026-09-22,23550.0,PE,3
2026-08-31 06:00:00+00:00,60.4,60.4,60.4,60.4,260.0,,NIFTY,2026-09-22,23550.0,PE,3
2026-08-31 06:15:00+00:00,57.0,57.0,57.0,57.0,130.0,92.0,NIFTY,2026-09-22,23550.0,PE,3
2026-08-31 06:20:00+00:00,56.45,56.5,50.55,50.55,780.0,286.0,NIFTY,2026-09-22,23550.0,PE,3
2026-08-31 06:25:00+00:00,51.65,51.65,50.55,50.55,195.0,100.0,NIFTY,2026-09-22,23550.0,PE,3
2026-08-31 06:30:00+00:00,52.15,52.15,51.05,51.05,1170.0,316.0,NIFTY,2026-09-22,23550.0,PE,3
2026-08-31 06:55:00+00:00,52.0,52.0,52.0,52.0,65.0,112.0,NIFTY,2026-09-22,23550.0,PE,3
2026-08-31 07:05:00+00:00,51.3,51.3,50.95,50.95,130.0,226.0,NIFTY,2026-09-22,23550.0,PE,3
2026-08-31 07:10:00+00:00,50.55,50.55,50.55,50.55,195.0,,NIFTY,2026-09-22,23550.0,PE,3
2026-08-31 07:35:00+00:00,49.6,49.6,49.6,49.6,65.0,,NIFTY,2026-09-22,23550.0,PE,3
2026-08-31 08:05:00+00:00,50.3,50.3,50.3,50.3,65.0,114.0,NIFTY,2026-09-22,23550.0,PE,3
2026-08-31 08:10:00+00:00,50.9,50.9,50.9,50.9,65.0,,NIFTY,2026-09-22,23550.0,PE,3
2026-08-31 08:20:00+00:00,49.65,50.45,49.65,50.45,130.0,113.0,NIFTY,2026-09-22,23550.0,PE,3
2026-08-31 08:25:00+00:00,50.5,52.6,50.3,51.35,455.0,229.0,NIFTY,2026-09-22,23550.0,PE,3
2026-08-31 08:30:00+00:00,51.55,52.8,51.55,51.85,650.0,239.0,NIFTY,2026-09-22,23550.0,PE,3
2026-08-31 08:35:00+00:00,53.1,54.4,53.1,54.4,130.0,122.0,NIFTY,2026-09-22,23550.0,PE,3
2026-08-31 08:40:00+00:00,54.5,54.5,54.5,54.5,65.0,123.0,NIFTY,2026-09-22,23550.0,PE,3
2026-08-31 08:45:00+00:00,53.15,53.15,53.15,53.15,65.0,,NIFTY,2026-09-22,23550.0,PE,3
2026-08-31 09:00:00+00:00,54.05,54.05,53.6,53.6,130.0,124.0,NIFTY,2026-09-22,23550.0,PE,3
2026-08-31 09:05:00+00:00,53.3,53.3,52.7,52.7,585.0,,NIFTY,2026-09-22,23550.0,PE,3
2026-08-31 09:10:00+00:00,50.7,50.7,50.25,50.25,130.0,129.0,NIFTY,2026-09-22,23550.0,PE,3
2026-08-31 09:15:00+00:00,48.9,48.9,43.95,47.0,780.0,392.0,NIFTY,2026-09-22,23550.0,PE,3
2026-08-31 09:20:00+00:00,47.4,47.4,45.7,45.7,1495.0,423.0,NIFTY,2026-09-22,23550.0,PE,3
2026-08-31 09:25:00+00:00,46.25,48.3,46.25,48.3,1625.0,146.0,NIFTY,2026-09-22,23550.0,PE,3
2026-08-31 09:30:00+00:00,48.15,48.15,48.15,48.15,65.0,146.0,NIFTY,2026-09-22,23550.0,PE,3
2026-08-31 09:40:00+00:00,50.25,50.25,50.25,50.25,260.0,146.0,NIFTY,2026-09-22,23550.0,PE,3
2026-08-31 09:45:00+00:00,50.8,50.8,50.8,50.8,130.0,295.0,NIFTY,2026-09-22,23550.0,PE,3
2026-08-31 09:50:00+00:00,49.6,50.1,48.0,48.0,520.0,298.0,NIFTY,2026-09-22,23550.0,PE,3
2026-08-31 09:55:00+00:00,49.35,50.5,49.35,50.5,1105.0,301.0,NIFTY,2026-09-22,23550.0,PE,3
2026-08-31 10:00:00+00:00,46.6,46.95,46.6,46.95,715.0,299.0,NIFTY,2026-09-22,23550.0,PE,3
2026-08-31 10:05:00+00:00,48.6,48.6,48.6,48.6,65.0,,NIFTY,2026-09-22,23550.0,PE,3
2026-09-01 03:55:00+00:00,51.6,51.6,50.3,50.3,780.0,,NIFTY,2026-09-22,23550.0,PE,3
2026-09-01 04:00:00+00:00,48.75,48.75,48.75,48.75,455.0,141.0,NIFTY,2026-09-22,23550.0,PE,3
2026-09-01 04:05:00+00:00,51.35,51.35,51.35,51.35,195.0,140.0,NIFTY,2026-09-22,23550.0,PE,3
2026-09-01 04:10:00+00:00,51.5,51.5,51.5,51.5,195.0,142.0,NIFTY,2026-09-22,23550.0,PE,3
2026-09-01 04:15:00+00:00,53.2,53.2,53.2,53.2,520.0,144.0,NIFTY,2026-09-22,23550.0,PE,3
2026-09-01 04:25:00+00:00,55.95,56.0,55.3,55.3,520.0,285.0,NIFTY,2026-09-22,23550.0,PE,3
2026-09-01 04:30:00+00:00,55.35,55.85,55.35,55.85,195.0,440.0,NIFTY,2026-09-22,23550.0,PE,3
2026-09-01 04:50:00+00:00,52.7,52.7,52.7,52.7,260.0,146.0,NIFTY,2026-09-22,23550.0,PE,3
2026-09-01 05:20:00+00:00,46.7,46.7,46.7,46.7,65.0,148.0,NIFTY,2026-09-22,23550.0,PE,3
2026-09-01 05:40:00+00:00,45.45,45.45,45.45,45.45,195.0,,NIFTY,2026-09-22,23550.0,PE,3
2026-09-01 05:50:00+00:00,41.4,41.4,40.5,40.5,390.0,147.0,NIFTY,2026-09-22,23550.0,PE,3
2026-09-01 05:55:00+00:00,40.65,40.65,40.65,40.65,65.0,,NIFTY,2026-09-22,23550.0,PE,3
2026-09-01 06:00:00+00:00,38.2,40.1,38.2,40.1,130.0,148.0,NIFTY,2026-09-22,23550.0,PE,3
2026-09-01 06:10:00+00:00,39.65,39.65,39.65,39.65,130.0,,NIFTY,2026-09-22,23550.0,PE,3
2026-09-01 06:30:00+00:00,41.4,41.4,41.4,41.4,195.0,,NIFTY,2026-09-22,23550.0,PE,3
2026-09-01 06:35:00+00:00,40.0,40.0,40.0,40.0,325.0,147.0,NIFTY,2026-09-22,23550.0,PE,3
2026-09-01 06:40:00+00:00,40.0,40.0,40.0,40.0,65.0,,NIFTY,2026-09-22,23550.0,PE,3
2026-09-01 07:20:00+00:00,40.9,43.3,40.9,43.3,65.0,294.0,NIFTY,2026-09-22,23550.0,PE,3
2026-09-01 07:25:00+00:00,43.3,43.3,43.3,43.3,65.0,,NIFTY,2026-09-22,23550.0,PE,3
2026-09-01 07:30:00+00:00,45.05,45.05,45.05,45.05,130.0,146.0,NIFTY,2026-09-22,23550.0,PE,3
2026-09-01 07:40:00+00:00,48.0,48.0,48.0,48.0,130.0,,NIFTY,2026-09-22,23550.0,PE,3
2026-09-01 07:45:00+00:00,48.35,48.35,48.35,48.35,65.0,148.0,NIFTY,2026-09-22,23550.0,PE,3
2026-09-01 07:55:00+00:00,49.05,49.05,49.05,49.05,65.0,,NIFTY,2026-09-22,23550.0,PE,3
2026-09-01 08:05:00+00:00,53.8,53.8,53.8,53.8,65.0,148.0,NIFTY,2026-09-22,23550.0,PE,3
2026-09-01 08:10:00+00:00,55.0,55.0,55.0,55.0,130.0,148.0,NIFTY,2026-09-22,23550.0,PE,3
2026-09-01 08:20:00+00:00,59.9,62.15,59.9,62.15,520.0,152.0,NIFTY,2026-09-22,23550.0,PE,3
2026-09-01 08:25:00+00:00,62.1,62.1,62.1,62.1,130.0,150.0,NIFTY,2026-09-22,23550.0,PE,3
2026-09-01 08:35:00+00:00,65.9,65.9,65.9,65.9,130.0,152.0,NIFTY,2026-09-22,23550.0,PE,3
2026-09-01 08:40:00+00:00,70.5,70.5,68.75,68.75,130.0,,NIFTY,2026-09-22,23550.0,PE,3
2026-09-01 08:55:00+00:00,66.7,66.7,66.7,66.7,65.0,151.0,NIFTY,2026-09-22,23550.0,PE,3
2026-09-01 09:00:00+00:00,68.65,68.65,68.65,68.65,65.0,,NIFTY,2026-09-22,23550.0,PE,3
2026-09-01 09:10:00+00:00,72.65,72.65,70.2,70.2,130.0,152.0,NIFTY,2026-09-22,23550.0,PE,3
2026-09-01 09:15:00+00:00,71.25,71.25,71.25,71.25,1300.0,,NIFTY,2026-09-22,23550.0,PE,3
2026-09-01 09:20:00+00:00,69.0,69.0,67.3,67.3,455.0,165.0,NIFTY,2026-09-22,23550.0,PE,3
2026-09-01 09:25:00+00:00,68.3,68.3,68.3,68.3,1300.0,167.0,NIFTY,2026-09-22,23550.0,PE,3
2026-09-01 09:30:00+00:00,68.95,68.95,68.95,68.95,65.0,180.0,NIFTY,2026-09-22,23550.0,PE,3
2026-09-01 09:40:00+00:00,72.3,72.3,72.3,72.3,130.0,179.0,NIFTY,2026-09-22,23550.0,PE,3
2026-09-02 03:50:00+00:00,100.0,114.3,100.0,114.3,2080.0,341.0,NIFTY,2026-09-22,23550.0,PE,3
2026-09-02 03:55:00+00:00,109.3,109.3,105.35,106.85,910.0,480.0,NIFTY,2026-09-22,23550.0,PE,3
2026-09-02 04:00:00+00:00,106.8,109.5,103.35,103.8,1170.0,752.0,NIFTY,2026-09-22,23550.0,PE,3
2026-09-02 04:05:00+00:00,105.0,106.15,105.0,106.15,260.0,144.0,NIFTY,2026-09-22,23550.0,PE,3
2026-09-02 04:10:00+00:00,102.95,102.95,102.6,102.6,455.0,427.0,NIFTY,2026-09-22,23550.0,PE,3
2026-09-02 04:15:00+00:00,104.55,108.6,104.4,104.4,715.0,677.0,NIFTY,2026-09-22,23550.0,PE,3
2026-09-02 04:20:00+00:00,102.5,105.8,102.5,105.8,715.0,135.0,NIFTY,2026-09-22,23550.0,PE,3
2026-09-02 04:25:00+00:00,106.5,106.7,102.5,102.5,1430.0,260.0,NIFTY,2026-09-22,23550.0,PE,3
2026-09-02 04:35:00+00:00,101.55,101.55,101.55,101.55,65.0,135.0,NIFTY,2026-09-22,23550.0,PE,3
2026-09-02 04:40:00+00:00,100.9,100.9,97.65,99.35,715.0,135.0,NIFTY,2026-09-22,23550.0,PE,3
2026-09-02 04:45:00+00:00,99.35,99.35,99.35,99.35,65.0,135.0,NIFTY,2026-09-22,23550.0,PE,3
2026-09-02 04:55:00+00:00,91.95,91.95,91.95,91.95,65.0,,NIFTY,2026-09-22,23550.0,PE,3
2026-09-02 05:00:00+00:00,89.4,90.6,89.4,90.6,260.0,135.0,NIFTY,2026-09-22,23550.0,PE,3
2026-09-02 05:05:00+00:00,93.7,95.8,93.7,95.8,260.0,134.0,NIFTY,2026-09-22,23550.0,PE,3
2026-09-02 05:10:00+00:00,96.35,96.35,96.35,96.35,65.0,,NIFTY,2026-09-22,23550.0,PE,3
2026-09-02 05:15:00+00:00,97.25,97.65,97.25,97.65,520.0,,NIFTY,2026-09-22,23550.0,PE,3
2026-09-02 05:20:00+00:00,96.35,99.85,96.35,99.85,260.0,405.0,NIFTY,2026-09-22,23550.0,PE,3
2026-09-02 05:30:00+00:00,99.85,99.85,99.85,99.85,65.0,133.0,NIFTY,2026-09-22,23550.0,PE,3
2026-09-02 05:35:00+00:00,103.35,104.95,103.35,104.95,195.0,134.0,NIFTY,2026-09-22,23550.0,PE,3
2026-09-02 05:40:00+00:00,104.6,105.0,103.0,105.0,260.0,,NIFTY,2026-09-22,23550.0,PE,3
2026-09-02 05:45:00+00:00,104.6,104.6,104.6,104.6,65.0,135.0,NIFTY,2026-09-22,23550.0,PE,3
2026-09-02 05:50:00+00:00,102.35,102.35,102.35,102.35,65.0,135.0,NIFTY,2026-09-22,23550.0,PE,3
2026-09-02 05:55:00+00:00,104.05,105.05,104.0,105.05,325.0,273.0,NIFTY,2026-09-22,23550.0,PE,3
2026-09-02 06:15:00+00:00,108.55,108.55,106.2,107.0,715.0,274.0,NIFTY,2026-09-22,23550.0,PE,3
2026-09-02 06:20:00+00:00,106.25,106.25,106.25,106.25,65.0,135.0,NIFTY,2026-09-22,23550.0,PE,3
2026-09-02 06:25:00+00:00,105.9,106.25,105.9,106.25,780.0,134.0,NIFTY,2026-09-22,23550.0,PE,3
2026-09-02 06:30:00+00:00,107.6,107.6,107.6,107.6,65.0,135.0,NIFTY,2026-09-22,23550.0,PE,3
2026-09-02 06:35:00+00:00,110.3,110.3,110.25,110.25,325.0,268.0,NIFTY,2026-09-22,23550.0,PE,3
2026-09-02 06:45:00+00:00,101.35,102.0,99.05,102.0,780.0,132.0,NIFTY,2026-09-22,23550.0,PE,3
2026-09-02 06:50:00+00:00,103.25,105.9,103.25,105.9,130.0,129.0,NIFTY,2026-09-22,23550.0,PE,3
2026-09-02 06:55:00+00:00,103.0,103.0,102.95,102.95,195.0,,NIFTY,2026-09-22,23550.0,PE,3
2026-09-02 07:05:00+00:00,95.05,95.05,95.05,95.05,65.0,,NIFTY,2026-09-22,23550.0,PE,3
2026-09-02 07:20:00+00:00,92.4,92.85,92.4,92.85,130.0,258.0,NIFTY,2026-09-22,23550.0,PE,3
2026-09-02 07:25:00+00:00,94.45,94.45,92.1,92.1,325.0,,NIFTY,2026-09-22,23550.0,PE,3
2026-09-02 07:30:00+00:00,89.35,90.1,89.35,90.1,1040.0,131.0,NIFTY,2026-09-22,23550.0,PE,3
2026-09-02 07:45:00+00:00,89.65,89.65,89.65,89.65,65.0,138.0,NIFTY,2026-09-22,23550.0,PE,3
2026-09-02 08:25:00+00:00,91.85,91.85,91.85,91.85,650.0,139.0,NIFTY,2026-09-22,23550.0,PE,3
2026-09-02 08:35:00+00:00,90.25,90.25,90.25,90.25,260.0,143.0,NIFTY,2026-09-22,23550.0,PE,3
2026-09-02 08:40:00+00:00,85.25,86.65,84.8,84.8,585.0,145.0,NIFTY,2026-09-22,23550.0,PE,3
2026-09-02 08:45:00+00:00,88.55,88.55,88.55,88.55,65.0,,NIFTY,2026-09-22,23550.0,PE,3
2026-09-02 08:55:00+00:00,90.65,90.65,90.65,90.65,65.0,,NIFTY,2026-09-22,23550.0,PE,3
2026-09-02 09:05:00+00:00,82.15,82.15,82.15,82.15,650.0,146.0,NIFTY,2026-09-22,23550.0,PE,3
2026-09-02 09:25:00+00:00,90.25,90.9,90.25,90.9,390.0,302.0,NIFTY,2026-09-22,23550.0,PE,3
2026-09-02 09:35:00+00:00,95.85,95.85,95.85,95.85,65.0,148.0,NIFTY,2026-09-22,23550.0,PE,3
2026-09-02 09:40:00+00:00,90.4,90.4,90.3,90.3,130.0,,NIFTY,2026-09-22,23550.0,PE,3
2026-09-02 09:45:00+00:00,90.3,90.3,90.3,90.3,65.0,147.0,NIFTY,2026-09-22,23550.0,PE,3
2026-09-02 10:05:00+00:00,90.4,90.4,89.7,89.7,975.0,146.0,NIFTY,2026-09-22,23550.0,PE,3
2026-09-03 03:45:00+00:00,58.25,59.65,57.55,58.95,2405.0,410.0,NIFTY,2026-09-22,23550.0,PE,3
2026-09-03 03:50:00+00:00,62.25,62.25,62.25,62.25,130.0,141.0,NIFTY,2026-09-22,23550.0,PE,3
2026-09-03 03:55:00+00:00,63.15,63.15,63.15,63.15,65.0,141.0,NIFTY,2026-09-22,23550.0,PE,3
2026-09-03 04:00:00+00:00,59.4,59.4,57.15,57.15,130.0,,NIFTY,2026-09-22,23550.0,PE,3
2026-09-03 04:10:00+00:00,53.9,53.9,53.9,53.9,260.0,142.0,NIFTY,2026-09-22,23550.0,PE,3
2026-09-03 04:15:00+00:00,53.25,53.25,53.25,53.25,65.0,,NIFTY,2026-09-22,23550.0,PE,3
2026-09-03 04:20:00+00:00,52.15,52.2,52.15,52.2,1430.0,144.0,NIFTY,2026-09-22,23550.0,PE,3
2026-09-03 04:25:00+00:00,53.95,54.35,53.4,54.35,650.0,593.0,NIFTY,2026-09-22,23550.0,PE,3
2026-09-03 04:30:00+00:00,54.4,54.4,54.4,54.4,65.0,,NIFTY,2026-09-22,23550.0,PE,3
2026-09-03 04:35:00+00:00,54.4,54.4,54.4,54.4,65.0,145.0,NIFTY,2026-09-22,23550.0,PE,3
2026-09-03 04:50:00+00:00,55.65,55.65,55.65,55.65,65.0,,NIFTY,2026-09-22,23550.0,PE,3
2026-09-03 05:00:00+00:00,57.55,57.55,57.55,57.55,65.0,,NIFTY,2026-09-22,23550.0,PE,3
2026-09-03 05:05:00+00:00,58.0,58.0,58.0,58.0,325.0,,NIFTY,2026-09-22,23550.0,PE,3
2026-09-03 05:15:00+00:00,59.75,59.75,59.75,59.75,65.0,147.0,NIFTY,2026-09-22,23550.0,PE,3
2026-09-03 05:35:00+00:00,65.6,65.6,65.6,65.6,65.0,148.0,NIFTY,2026-09-22,23550.0,PE,3
2026-09-03 05:45:00+00:00,70.3,70.3,68.1,68.2,845.0,293.0,NIFTY,2026-09-22,23550.0,PE,3
2026-09-03 06:10:00+00:00,62.4,62.4,61.2,61.2,390.0,139.0,NIFTY,2026-09-22,23550.0,PE,3
2026-09-03 06:15:00+00:00,62.25,62.25,62.25,62.25,65.0,142.0,NIFTY,2026-09-22,23550.0,PE,3
2026-09-03 06:35:00+00:00,69.65,69.65,69.55,69.55,4550.0,,NIFTY,2026-09-22,23550.0,PE,3
2026-09-03 06:55:00+00:00,71.75,71.75,71.75,71.75,130.0,147.0,NIFTY,2026-09-22,23550.0,PE,3
2026-09-03 07:00:00+00:00,72.35,72.35,72.35,72.35,130.0,148.0,NIFTY,2026-09-22,23550.0,PE,3
2026-09-03 07:05:00+00:00,74.15,74.15,74.15,74.15,585.0,149.0,NIFTY,2026-09-22,23550.0,PE,3
2026-09-03 07:15:00+00:00,72.3,72.3,72.3,72.3,65.0,150.0,NIFTY,2026-09-22,23550.0,PE,3
2026-09-03 07:20:00+00:00,73.95,73.95,73.95,73.95,65.0,,NIFTY,2026-09-22,23550.0,PE,3
2026-09-03 07:25:00+00:00,73.8,73.8,72.15,72.15,130.0,149.0,NIFTY,2026-09-22,23550.0,PE,3
2026-09-03 08:00:00+00:00,73.0,73.0,71.9,71.9,130.0,,NIFTY,2026-09-22,23550.0,PE,3
2026-09-03 08:55:00+00:00,73.4,73.4,69.0,69.0,3965.0,,NIFTY,2026-09-22,23550.0,PE,3
2026-09-03 09:20:00+00:00,70.85,70.85,70.85,70.85,130.0,143.0,NIFTY,2026-09-22,23550.0,PE,3
2026-09-03 09:30:00+00:00,73.95,75.2,73.95,75.2,1235.0,426.0,NIFTY,2026-09-22,23550.0,PE,3
2026-09-03 09:35:00+00:00,75.7,76.3,75.7,76.3,585.0,417.0,NIFTY,2026-09-22,23550.0,PE,3
2026-09-03 09:45:00+00:00,73.4,73.45,72.45,73.35,455.0,271.0,NIFTY,2026-09-22,23550.0,PE,3
2026-09-03 10:05:00+00:00,83.25,83.25,83.25,83.25,130.0,133.0,NIFTY,2026-09-22,23550.0,PE,3
2026-09-04 03:45:00+00:00,70.05,70.05,67.25,67.25,975.0,,NIFTY,2026-09-22,23550.0,PE,3
2026-09-04 03:50:00+00:00,64.85,67.0,64.85,67.0,130.0,263.0,NIFTY,2026-09-22,23550.0,PE,3
2026-09-04 03:55:00+00:00,67.5,67.5,67.5,67.5,130.0,131.0,NIFTY,2026-09-22,23550.0,PE,3
2026-09-04 04:00:00+00:00,69.0,69.0,69.0,69.0,65.0,132.0,NIFTY,2026-09-22,23550.0,PE,3
2026-09-04 04:05:00+00:00,67.45,68.5,67.45,68.5,585.0,135.0,NIFTY,2026-09-22,23550.0,PE,3
2026-09-04 04:10:00+00:00,67.65,69.95,67.65,69.45,195.0,133.0,NIFTY,2026-09-22,23550.0,PE,3
2026-09-04 04:15:00+00:00,64.35,66.25,64.35,66.25,130.0,,NIFTY,2026-09-22,23550.0,PE,3
2026-09-04 04:20:00+00:00,63.4,63.4,63.4,63.4,65.0,,NIFTY,2026-09-22,23550.0,PE,3
2026-09-04 04:30:00+00:00,61.7,61.7,58.35,58.35,650.0,134.0,NIFTY,2026-09-22,23550.0,PE,3
2026-09-04 04:35:00+00:00,59.85,60.25,59.4,60.25,1365.0,273.0,NIFTY,2026-09-22,23550.0,PE,3
2026-09-04 04:40:00+00:00,61.4,62.75,61.4,62.75,325.0,277.0,NIFTY,2026-09-22,23550.0,PE,3
2026-09-04 04:45:00+00:00,59.45,59.45,59.45,59.45,130.0,137.0,NIFTY,2026-09-22,23550.0,PE,3
2026-09-04 05:00:00+00:00,57.0,57.0,57.0,57.0,65.0,139.0,NIFTY,2026-09-22,23550.0,PE,3
2026-09-04 05:15:00+00:00,56.1,56.1,56.1,56.1,65.0,139.0,NIFTY,2026-09-22,23550.0,PE,3
2026-09-04 05:20:00+00:00,57.7,57.7,57.7,57.7,65.0,139.0,NIFTY,2026-09-22,23550.0,PE,3
2026-09-04 05:25:00+00:00,57.5,57.5,57.5,57.5,130.0,139.0,NIFTY,2026-09-22,23550.0,PE,3
2026-09-04 05:30:00+00:00,56.25,57.25,56.25,57.25,195.0,281.0,NIFTY,2026-09-22,23550.0,PE,3
2026-09-04 05:35:00+00:00,58.25,58.25,58.25,58.25,260.0,,NIFTY,2026-09-22,23550.0,PE,3
2026-09-04 05:45:00+00:00,57.0,57.0,57.0,57.0,195.0,143.0,NIFTY,2026-09-22,23550.0,PE,3
2026-09-04 05:50:00+00:00,55.4,56.0,55.4,56.0,390.0,142.0,NIFTY,2026-09-22,23550.0,PE,3
2026-09-04 05:55:00+00:00,54.35,54.35,54.35,54.35,195.0,,NIFTY,2026-09-22,23550.0,PE,3
2026-09-04 06:00:00+00:00,55.0,55.05,55.0,55.05,130.0,141.0,NIFTY,2026-09-22,23550.0,PE,3
2026-09-04 06:05:00+00:00,53.9,53.9,53.85,53.85,260.0,282.0,NIFTY,2026-09-22,23550.0,PE,3
2026-09-04 06:10:00+00:00,54.1,54.55,54.1,54.55,130.0,,NIFTY,2026-09-22,23550.0,PE,3
2026-09-04 06:20:00+00:00,53.5,53.5,53.15,53.15,390.0,141.0,NIFTY,2026-09-22,23550.0,PE,3
2026-09-04 06:30:00+00:00,57.0,57.0,57.0,57.0,390.0,,NIFTY,2026-09-22,23550.0,PE,3
2026-09-04 06:40:00+00:00,59.85,59.85,59.85,59.85,455.0,144.0,NIFTY,2026-09-22,23550.0,PE,3
2026-09-04 06:45:00+00:00,59.45,59.45,59.45,59.45,65.0,146.0,NIFTY,2026-09-22,23550.0,PE,3
2026-09-04 06:55:00+00:00,59.5,59.5,59.45,59.45,130.0,,NIFTY,2026-09-22,23550.0,PE,3
2026-09-04 07:00:00+00:00,59.45,59.45,59.45,59.45,65.0,146.0,NIFTY,2026-09-22,23550.0,PE,3
2026-09-04 07:15:00+00:00,60.0,61.8,59.85,59.85,455.0,292.0,NIFTY,2026-09-22,23550.0,PE,3
2026-09-04 07:20:00+00:00,60.0,60.0,57.9,59.3,325.0,147.0,NIFTY,2026-09-22,23550.0,PE,3
2026-09-04 07:45:00+00:00,55.35,55.35,54.2,54.4,195.0,445.0,NIFTY,2026-09-22,23550.0,PE,3
2026-09-04 08:05:00+00:00,57.95,57.95,57.6,57.6,585.0,148.0,NIFTY,2026-09-22,23550.0,PE,3
2026-09-04 08:20:00+00:00,58.7,58.7,58.7,58.7,65.0,150.0,NIFTY,2026-09-22,23550.0,PE,3
2026-09-04 08:25:00+00:00,59.55,59.55,59.55,59.55,130.0,,NIFTY,2026-09-22,23550.0,PE,3
2026-09-04 08:30:00+00:00,57.5,57.5,57.3,57.3,260.0,150.0,NIFTY,2026-09-22,23550.0,PE,3
2026-09-04 08:35:00+00:00,56.95,57.15,56.95,57.15,390.0,,NIFTY,2026-09-22,23550.0,PE,3
2026-09-04 08:40:00+00:00,57.6,57.6,55.9,55.9,195.0,144.0,NIFTY,2026-09-22,23550.0,PE,3
2026-09-04 08:45:00+00:00,56.3,56.3,56.3,56.3,3575.0,145.0,NIFTY,2026-09-22,23550.0,PE,3
2026-09-04 08:55:00+00:00,54.4,55.05,54.4,55.05,130.0,180.0,NIFTY,2026-09-22,23550.0,PE,3
2026-09-04 09:00:00+00:00,52.85,54.15,52.85,54.15,260.0,358.0,NIFTY,2026-09-22,23550.0,PE,3
2026-09-04 09:05:00+00:00,54.15,54.15,54.15,54.15,65.0,177.0,NIFTY,2026-09-22,23550.0,PE,3
2026-09-04 09:10:00+00:00,56.95,57.0,56.95,57.0,650.0,178.0,NIFTY,2026-09-22,23550.0,PE,3
2026-09-04 09:15:00+00:00,56.25,56.25,56.25,56.25,65.0,178.0,NIFTY,2026-09-22,23550.0,PE,3
2026-09-04 09:20:00+00:00,56.2,56.2,56.2,56.2,715.0,178.0,NIFTY,2026-09-22,23550.0,PE,3
2026-09-04 09:35:00+00:00,58.8,58.8,57.0,57.0,715.0,533.0,NIFTY,2026-09-22,23550.0,PE,3
2026-09-04 09:40:00+00:00,57.5,57.5,57.5,57.5,65.0,180.0,NIFTY,2026-09-22,23550.0,PE,3
2026-09-04 09:45:00+00:00,54.75,54.75,54.75,54.75,260.0,180.0,NIFTY,2026-09-22,23550.0,PE,3
2026-09-04 09:50:00+00:00,54.7,58.35,54.7,56.95,845.0,182.0,NIFTY,2026-09-22,23550.0,PE,3
2026-09-04 09:55:00+00:00,57.1,57.1,56.1,56.75,1040.0,728.0,NIFTY,2026-09-22,23550.0,PE,3
2026-09-04 10:00:00+00:00,57.0,57.0,56.3,56.4,260.0,359.0,NIFTY,2026-09-22,23550.0,PE,3
2026-09-04 10:05:00+00:00,56.7,56.7,55.75,55.75,650.0,,NIFTY,2026-09-22,23550.0,PE,3
2026-09-07 03:45:00+00:00,71.8,74.65,68.2,68.2,3900.0,167.0,NIFTY,2026-09-22,23550.0,PE,3
2026-09-07 03:50:00+00:00,70.0,71.8,69.35,69.35,2470.0,512.0,NIFTY,2026-09-22,23550.0,PE,3
2026-09-07 03:55:00+00:00,74.0,74.0,72.9,73.95,1625.0,182.0,NIFTY,2026-09-22,23550.0,PE,3
2026-09-07 04:00:00+00:00,72.6,74.15,72.6,73.8,2015.0,372.0,NIFTY,2026-09-22,23550.0,PE,3
2026-09-07 04:05:00+00:00,70.3,74.45,70.3,72.5,2990.0,377.0,NIFTY,2026-09-22,23550.0,PE,3
2026-09-07 04:10:00+00:00,70.9,72.0,70.65,71.95,4940.0,1007.0,NIFTY,2026-09-22,23550.0,PE,3
2026-09-07 04:15:00+00:00,71.45,73.45,71.45,73.45,650.0,616.0,NIFTY,2026-09-22,23550.0,PE,3
2026-09-07 04:20:00+00:00,73.8,74.8,72.95,74.8,1105.0,625.0,NIFTY,2026-09-22,23550.0,PE,3
2026-09-07 04:25:00+00:00,76.9,76.9,74.8,75.8,650.0,422.0,NIFTY,2026-09-22,23550.0,PE,3
2026-09-07 04:30:00+00:00,76.0,76.0,76.0,76.0,130.0,208.0,NIFTY,2026-09-22,23550.0,PE,3
2026-09-07 04:35:00+00:00,76.15,77.15,76.15,77.15,130.0,,NIFTY,2026-09-22,23550.0,PE,3
2026-09-07 04:40:00+00:00,78.3,79.2,78.05,79.2,1690.0,423.0,NIFTY,2026-09-22,23550.0,PE,3
2026-09-07 04:45:00+00:00,80.15,84.05,80.15,83.7,2730.0,1068.0,NIFTY,2026-09-22,23550.0,PE,3
2026-09-07 04:50:00+00:00,82.1,82.75,79.1,79.1,650.0,430.0,NIFTY,2026-09-22,23550.0,PE,3
2026-09-07 04:55:00+00:00,80.85,81.45,80.3,80.6,325.0,862.0,NIFTY,2026-09-22,23550.0,PE,3
2026-09-07 05:00:00+00:00,79.8,80.15,79.8,80.15,195.0,213.0,NIFTY,2026-09-22,23550.0,PE,3
2026-09-07 05:05:00+00:00,81.6,81.6,80.7,80.7,325.0,214.0,NIFTY,2026-09-22,23550.0,PE,3
2026-09-07 05:10:00+00:00,81.4,81.95,80.2,80.2,390.0,,NIFTY,2026-09-22,23550.0,PE,3
2026-09-07 05:15:00+00:00,80.15,81.8,80.15,81.8,1625.0,433.0,NIFTY,2026-09-22,23550.0,PE,3
2026-09-07 05:20:00+00:00,82.5,82.5,82.45,82.45,455.0,224.0,NIFTY,2026-09-22,23550.0,PE,3
2026-09-07 05:25:00+00:00,85.25,87.05,84.0,84.55,5135.0,685.0,NIFTY,2026-09-22,23550.0,PE,3
2026-09-07 05:30:00+00:00,84.55,89.25,84.55,89.05,1105.0,1285.0,NIFTY,2026-09-22,23550.0,PE,3
2026-09-07 05:35:00+00:00,89.15,90.0,89.15,89.8,325.0,529.0,NIFTY,2026-09-22,23550.0,PE,3
2026-09-07 05:40:00+00:00,88.35,90.45,88.25,88.25,1885.0,272.0,NIFTY,2026-09-22,23550.0,PE,3
2026-09-07 05:45:00+00:00,88.95,88.95,88.95,88.95,260.0,276.0,NIFTY,2026-09-22,23550.0,PE,3
2026-09-07 05:50:00+00:00,89.95,90.0,89.4,89.4,390.0,275.0,NIFTY,2026-09-22,23550.0,PE,3
2026-09-07 05:55:00+00:00,90.8,90.8,90.25,90.25,390.0,276.0,NIFTY,2026-09-22,23550.0,PE,3
2026-09-07 06:00:00+00:00,91.5,91.5,90.7,90.7,130.0,278.0,NIFTY,2026-09-22,23550.0,PE,3
2026-09-07 06:05:00+00:00,91.2,91.2,90.3,91.0,260.0,276.0,NIFTY,2026-09-22,23550.0,PE,3
2026-09-07 06:10:00+00:00,91.8,93.4,91.7,91.7,260.0,278.0,NIFTY,2026-09-22,23550.0,PE,3
2026-09-07 06:15:00+00:00,88.75,88.75,88.1,88.1,130.0,558.0,NIFTY,2026-09-22,23550.0,PE,3
2026-09-07 06:20:00+00:00,87.7,87.7,85.8,85.8,715.0,278.0,NIFTY,2026-09-22,23550.0,PE,3
2026-09-07 06:25:00+00:00,87.4,88.05,86.55,86.55,260.0,548.0,NIFTY,2026-09-22,23550.0,PE,3
2026-09-07 06:30:00+00:00,86.55,88.0,86.55,87.0,845.0,542.0,NIFTY,2026-09-22,23550.0,PE,3
2026-09-07 06:40:00+00:00,84.05,84.05,82.55,82.55,130.0,,NIFTY,2026-09-22,23550.0,PE,3
2026-09-07 06:45:00+00:00,84.0,87.2,84.0,87.2,585.0,270.0,NIFTY,2026-09-22,23550.0,PE,3
2026-09-07 06:50:00+00:00,88.2,89.45,88.2,89.45,195.0,534.0,NIFTY,2026-09-22,23550.0,PE,3
2026-09-07 06:55:00+00:00,88.8,89.85,88.8,89.85,195.0,263.0,NIFTY,2026-09-22,23550.0,PE,3
2026-09-07 07:00:00+00:00,89.9,92.0,88.95,89.15,1105.0,1043.0,NIFTY,2026-09-22,23550.0,PE,3
2026-09-07 07:05:00+00:00,91.4,91.4,87.8,88.0,1105.0,779.0,NIFTY,2026-09-22,23550.0,PE,3
2026-09-07 07:10:00+00:00,88.75,88.75,88.75,88.75,455.0,261.0,NIFTY,2026-09-22,23550.0,PE,3
2026-09-07 07:15:00+00:00,89.35,91.25,89.35,91.25,520.0,520.0,NIFTY,2026-09-22,23550.0,PE,3
2026-09-07 07:20:00+00:00,93.35,94.25,93.35,94.25,260.0,523.0,NIFTY,2026-09-22,23550.0,PE,3
2026-09-07 07:25:00+00:00,92.95,92.95,92.95,92.95,520.0,261.0,NIFTY,2026-09-22,23550.0,PE,3
2026-09-07 07:30:00+00:00,89.3,91.6,89.3,91.6,585.0,768.0,NIFTY,2026-09-22,23550.0,PE,3
2026-09-07 07:45:00+00:00,91.05,91.05,89.8,90.85,455.0,1027.0,NIFTY,2026-09-22,23550.0,PE,3
2026-09-07 07:50:00+00:00,90.4,90.4,89.75,89.75,195.0,,NIFTY,2026-09-22,23550.0,PE,3
2026-09-07 07:55:00+00:00,87.95,87.95,87.95,87.95,65.0,255.0,NIFTY,2026-09-22,23550.0,PE,3
2026-09-07 08:00:00+00:00,88.2,88.2,87.8,87.8,195.0,513.0,NIFTY,2026-09-22,23550.0,PE,3
2026-09-07 08:05:00+00:00,87.25,87.25,87.25,87.25,65.0,258.0,NIFTY,2026-09-22,23550.0,PE,3
2026-09-07 08:10:00+00:00,88.05,88.35,88.05,88.35,130.0,258.0,NIFTY,2026-09-22,23550.0,PE,3
2026-09-07 08:20:00+00:00,85.3,85.3,79.85,79.85,1235.0,,NIFTY,2026-09-22,23550.0,PE,3
2026-09-07 08:25:00+00:00,80.2,80.2,80.2,80.2,130.0,251.0,NIFTY,2026-09-22,23550.0,PE,3
2026-09-07 08:30:00+00:00,80.05,80.05,75.05,77.25,260.0,247.0,NIFTY,2026-09-22,23550.0,PE,3
2026-09-07 08:35:00+00:00,77.95,80.5,77.95,80.5,585.0,247.0,NIFTY,2026-09-22,23550.0,PE,3
2026-09-07 08:40:00+00:00,80.55,80.55,78.65,79.05,1235.0,499.0,NIFTY,2026-09-22,23550.0,PE,3
2026-09-07 08:45:00+00:00,79.05,81.4,79.05,81.4,585.0,766.0,NIFTY,2026-09-22,23550.0,PE,3
2026-09-07 08:50:00+00:00,79.4,79.4,79.05,79.05,130.0,258.0,NIFTY,2026-09-22,23550.0,PE,3
2026-09-07 08:55:00+00:00,76.2,76.2,76.2,76.2,715.0,258.0,NIFTY,2026-09-22,23550.0,PE,3
2026-09-07 09:05:00+00:00,82.2,82.2,82.2,82.2,65.0,261.0,NIFTY,2026-09-22,23550.0,PE,3
2026-09-07 09:10:00+00:00,84.3,85.4,84.3,84.65,520.0,260.0,NIFTY,2026-09-22,23550.0,PE,3
2026-09-07 09:15:00+00:00,84.55,85.8,84.55,85.8,1040.0,523.0,NIFTY,2026-09-22,23550.0,PE,3
2026-09-07 09:20:00+00:00,86.6,86.6,84.45,86.55,455.0,265.0,NIFTY,2026-09-22,23550.0,PE,3
2026-09-07 09:25:00+00:00,86.2,87.05,86.2,87.05,390.0,534.0,NIFTY,2026-09-22,23550.0,PE,3
2026-09-07 09:30:00+00:00,86.55,86.55,84.8,84.8,130.0,538.0,NIFTY,2026-09-22,23550.0,PE,3
2026-09-07 09:35:00+00:00,84.05,86.45,84.05,86.45,260.0,269.0,NIFTY,2026-09-22,23550.0,PE,3
2026-09-07 09:40:00+00:00,86.5,86.5,83.55,85.1,390.0,541.0,NIFTY,2026-09-22,23550.0,PE,3
2026-09-07 09:45:00+00:00,84.8,89.2,84.8,89.2,390.0,543.0,NIFTY,2026-09-22,23550.0,PE,3
2026-09-07 09:50:00+00:00,89.3,89.3,84.8,84.8,390.0,547.0,NIFTY,2026-09-22,23550.0,PE,3
2026-09-07 09:55:00+00:00,84.8,86.15,84.75,85.0,780.0,827.0,NIFTY,2026-09-22,23550.0,PE,3
2026-09-07 10:00:00+00:00,84.05,87.15,83.5,86.95,1950.0,1128.0,NIFTY,2026-09-22,23550.0,PE,3
2026-09-07 10:05:00+00:00,86.8,90.9,86.65,90.9,2600.0,1171.0,NIFTY,2026-09-22,23550.0,PE,3
2026-09-08 03:45:00+00:00,99.15,106.55,99.15,106.25,6500.0,657.0,NIFTY,2026-09-22,23550.0,PE,3
2026-09-08 03:50:00+00:00,105.15,109.65,105.15,109.65,2470.0,986.0,NIFTY,2026-09-22,23550.0,PE,3
2026-09-08 03:55:00+00:00,109.05,112.15,109.05,111.85,1560.0,1320.0,NIFTY,2026-09-22,23550.0,PE,3
2026-09-08 04:00:00+00:00,111.15,112.0,108.15,109.8,2535.0,1683.0,NIFTY,2026-09-22,23550.0,PE,3
2026-09-08 04:05:00+00:00,109.2,109.2,104.0,105.85,2925.0,1755.0,NIFTY,2026-09-22,23550.0,PE,3
2026-09-08 04:10:00+00:00,106.1,110.85,106.1,110.45,12805.0,2007.0,NIFTY,2026-09-22,23550.0,PE,3
2026-09-08 04:15:00+00:00,110.05,110.35,107.0,107.0,1300.0,1839.0,NIFTY,2026-09-22,23550.0,PE,3
2026-09-08 04:20:00+00:00,103.8,108.65,103.8,107.55,2405.0,1891.0,NIFTY,2026-09-22,23550.0,PE,3
2026-09-08 04:25:00+00:00,109.4,112.3,109.4,112.3,1170.0,1429.0,NIFTY,2026-09-22,23550.0,PE,3
2026-09-08 04:30:00+00:00,110.45,113.75,110.45,113.75,260.0,476.0,NIFTY,2026-09-22,23550.0,PE,3
2026-09-08 04:35:00+00:00,113.65,113.65,105.65,106.0,1755.0,952.0,NIFTY,2026-09-22,23550.0,PE,3
2026-09-08 04:40:00+00:00,106.0,106.0,96.9,97.05,1170.0,,NIFTY,2026-09-22,23550.0,PE,3
2026-09-08 04:45:00+00:00,96.7,101.95,95.0,100.0,2925.0,481.0,NIFTY,2026-09-22,23550.0,PE,3
2026-09-08 04:50:00+00:00,99.35,101.25,99.35,101.25,520.0,961.0,NIFTY,2026-09-22,23550.0,PE,3
2026-09-08 04:55:00+00:00,102.15,103.75,102.15,102.2,1170.0,484.0,NIFTY,2026-09-22,23550.0,PE,3
2026-09-08 05:00:00+00:00,101.6,104.1,101.6,103.65,520.0,985.0,NIFTY,2026-09-22,23550.0,PE,3
2026-09-08 05:05:00+00:00,103.85,109.05,103.85,107.75,1430.0,979.0,NIFTY,2026-09-22,23550.0,PE,3
2026-09-08 05:10:00+00:00,109.05,110.45,109.05,109.95,585.0,1470.0,NIFTY,2026-09-22,23550.0,PE,3
2026-09-08 05:15:00+00:00,108.85,108.85,103.4,103.4,390.0,982.0,NIFTY,2026-09-22,23550.0,PE,3
2026-09-08 05:20:00+00:00,104.55,105.55,102.65,105.55,195.0,982.0,NIFTY,2026-09-22,23550.0,PE,3
2026-09-08 05:25:00+00:00,106.6,108.5,105.65,108.45,1300.0,1476.0,NIFTY,2026-09-22,23550.0,PE,3
2026-09-08 05:30:00+00:00,108.8,110.0,108.65,109.4,780.0,1971.0,NIFTY,2026-09-22,23550.0,PE,3
2026-09-08 05:35:00+00:00,109.35,109.35,106.5,107.0,1170.0,987.0,NIFTY,2026-09-22,23550.0,PE,3
2026-09-08 05:40:00+00:00,106.1,107.35,106.1,107.25,455.0,1485.0,NIFTY,2026-09-22,23550.0,PE,3
2026-09-08 05:45:00+00:00,107.15,107.25,106.0,106.2,520.0,498.0,NIFTY,2026-09-22,23550.0,PE,3
2026-09-08 05:50:00+00:00,104.5,108.05,104.5,108.05,1365.0,1000.0,NIFTY,2026-09-22,23550.0,PE,3
2026-09-08 05:55:00+00:00,107.3,107.3,105.75,105.75,325.0,505.0,NIFTY,2026-09-22,23550.0,PE,3
2026-09-08 06:00:00+00:00,106.0,109.25,106.0,109.25,585.0,1007.0,NIFTY,2026-09-22,23550.0,PE,3
2026-09-08 06:05:00+00:00,108.3,108.3,106.7,106.7,325.0,1011.0,NIFTY,2026-09-22,23550.0,PE,3
2026-09-08 06:10:00+00:00,107.5,107.5,107.0,107.15,325.0,505.0,NIFTY,2026-09-22,23550.0,PE,3
2026-09-08 06:15:00+00:00,106.55,107.15,106.55,107.15,130.0,506.0,NIFTY,2026-09-22,23550.0,PE,3
2026-09-08 06:20:00+00:00,112.0,113.5,108.9,108.9,585.0,1526.0,NIFTY,2026-09-22,23550.0,PE,3
2026-09-08 06:25:00+00:00,113.0,113.0,111.0,112.55,520.0,1528.0,NIFTY,2026-09-22,23550.0,PE,3
2026-09-08 06:30:00+00:00,113.0,116.4,112.4,116.4,9360.0,2054.0,NIFTY,2026-09-22,23550.0,PE,3
2026-09-08 06:35:00+00:00,116.05,119.5,115.95,119.5,3705.0,2062.0,NIFTY,2026-09-22,23550.0,PE,3
2026-09-08 06:40:00+00:00,118.45,118.45,115.05,117.3,8125.0,2661.0,NIFTY,2026-09-22,23550.0,PE,3
2026-09-08 06:45:00+00:00,118.4,118.4,116.65,116.65,585.0,573.0,NIFTY,2026-09-22,23550.0,PE,3
2026-09-08 06:50:00+00:00,114.4,114.4,113.5,113.5,260.0,,NIFTY,2026-09-22,23550.0,PE,3
2026-09-08 06:55:00+00:00,114.6,114.95,114.6,114.95,195.0,1147.0,NIFTY,2026-09-22,23550.0,PE,3
2026-09-08 07:00:00+00:00,110.55,110.55,109.0,109.0,260.0,,NIFTY,2026-09-22,23550.0,PE,3
2026-09-08 07:05:00+00:00,111.45,111.45,108.0,108.25,975.0,2295.0,NIFTY,2026-09-22,23550.0,PE,3
2026-09-08 07:10:00+00:00,110.35,112.5,110.35,112.5,260.0,1147.0,NIFTY,2026-09-22,23550.0,PE,3
2026-09-08 07:15:00+00:00,113.8,115.45,113.2,115.0,5980.0,552.0,NIFTY,2026-09-22,23550.0,PE,3
2026-09-08 07:20:00+00:00,113.0,113.3,111.6,113.3,390.0,553.0,NIFTY,2026-09-22,23550.0,PE,3
2026-09-08 07:25:00+00:00,110.5,110.75,110.5,110.75,455.0,553.0,NIFTY,2026-09-22,23550.0,PE,3
2026-09-08 07:30:00+00:00,113.8,113.8,113.6,113.6,195.0,555.0,NIFTY,2026-09-22,23550.0,PE,3
2026-09-08 07:35:00+00:00,115.45,115.45,112.0,112.8,1105.0,2219.0,NIFTY,2026-09-22,23550.0,PE,3
2026-09-08 07:40:00+00:00,112.65,112.65,111.55,111.8,1755.0,551.0,NIFTY,2026-09-22,23550.0,PE,3
2026-09-08 07:45:00+00:00,111.75,113.1,111.75,113.1,455.0,1099.0,NIFTY,2026-09-22,23550.0,PE,3
2026-09-08 07:50:00+00:00,112.45,112.45,112.3,112.3,130.0,,NIFTY,2026-09-22,23550.0,PE,3
2026-09-08 07:55:00+00:00,114.6,115.05,114.6,115.05,455.0,550.0,NIFTY,2026-09-22,23550.0,PE,3
2026-09-08 08:00:00+00:00,116.85,118.65,116.85,117.6,715.0,,NIFTY,2026-09-22,23550.0,PE,3
2026-09-08 08:05:00+00:00,114.75,117.1,114.75,117.1,715.0,1634.0,NIFTY,2026-09-22,23550.0,PE,3
2026-09-08 08:10:00+00:00,118.0,118.65,118.0,118.0,1625.0,531.0,NIFTY,2026-09-22,23550.0,PE,3
2026-09-08 08:15:00+00:00,120.0,120.0,117.35,117.35,2470.0,1072.0,NIFTY,2026-09-22,23550.0,PE,3
2026-09-08 08:20:00+00:00,118.5,122.15,118.5,120.3,1040.0,1081.0,NIFTY,2026-09-22,23550.0,PE,3
2026-09-08 08:25:00+00:00,119.5,119.5,118.1,118.1,455.0,539.0,NIFTY,2026-09-22,23550.0,PE,3
2026-09-08 08:30:00+00:00,118.15,119.5,114.85,114.85,5395.0,2150.0,NIFTY,2026-09-22,23550.0,PE,3
2026-09-08 08:35:00+00:00,114.15,115.9,114.15,115.5,1625.0,1595.0,NIFTY,2026-09-22,23550.0,PE,3
2026-09-08 08:40:00+00:00,114.6,114.6,110.45,113.95,1365.0,1583.0,NIFTY,2026-09-22,23550.0,PE,3
2026-09-08 08:45:00+00:00,113.5,113.9,111.65,112.95,1300.0,1053.0,NIFTY,2026-09-22,23550.0,PE,3
2026-09-08 08:50:00+00:00,113.8,115.5,113.65,115.0,1040.0,1049.0,NIFTY,2026-09-22,23550.0,PE,3
2026-09-08 08:55:00+00:00,115.6,115.6,111.75,111.9,1950.0,2598.0,NIFTY,2026-09-22,23550.0,PE,3
2026-09-08 09:00:00+00:00,111.25,112.15,109.8,109.8,2080.0,1041.0,NIFTY,2026-09-22,23550.0,PE,3
2026-09-08 09:05:00+00:00,111.1,111.1,111.1,111.1,65.0,520.0,NIFTY,2026-09-22,23550.0,PE,3
2026-09-08 09:10:00+00:00,112.55,112.55,111.25,111.25,390.0,1041.0,NIFTY,2026-09-22,23550.0,PE,3
2026-09-08 09:15:00+00:00,111.15,112.85,111.15,112.85,975.0,1563.0,NIFTY,2026-09-22,23550.0,PE,3
2026-09-08 09:20:00+00:00,112.55,115.55,111.9,113.4,4875.0,2629.0,NIFTY,2026-09-22,23550.0,PE,3
2026-09-08 09:25:00+00:00,114.25,115.1,113.0,113.0,4355.0,1019.0,NIFTY,2026-09-22,23550.0,PE,3
2026-09-08 09:30:00+00:00,113.95,113.95,112.0,112.0,195.0,,NIFTY,2026-09-22,23550.0,PE,3
2026-09-08 09:35:00+00:00,112.75,114.6,112.65,112.65,2535.0,1498.0,NIFTY,2026-09-22,23550.0,PE,3
2026-09-08 09:40:00+00:00,111.5,113.0,108.65,113.0,2470.0,2486.0,NIFTY,2026-09-22,23550.0,PE,3
2026-09-08 09:45:00+00:00,114.05,115.5,110.0,112.7,1365.0,1500.0,NIFTY,2026-09-22,23550.0,PE,3
2026-09-08 09:50:00+00:00,113.4,116.15,113.35,116.15,3705.0,2010.0,NIFTY,2026-09-22,23550.0,PE,3
2026-09-08 09:55:00+00:00,115.3,115.55,111.7,114.15,910.0,1008.0,NIFTY,2026-09-22,23550.0,PE,3
2026-09-08 10:00:00+00:00,113.8,113.8,111.8,112.65,3575.0,2036.0,NIFTY,2026-09-22,23550.0,PE,3
2026-09-08 10:05:00+00:00,113.4,115.95,112.95,114.95,7735.0,2673.0,NIFTY,2026-09-22,23550.0,PE,3
2026-09-09 03:45:00+00:00,127.7,181.5,127.7,176.0,44850.0,2612.0,NIFTY,2026-09-22,23550.0,PE,3
2026-09-09 03:50:00+00:00,176.45,179.7,170.95,172.85,21710.0,2728.0,NIFTY,2026-09-22,23550.0,PE,3
2026-09-09 03:55:00+00:00,172.1,176.45,168.55,173.7,10595.0,3526.0,NIFTY,2026-09-22,23550.0,PE,3
2026-09-09 04:00:00+00:00,173.4,174.45,168.3,170.05,7605.0,3672.0,NIFTY,2026-09-22,23550.0,PE,3
2026-09-09 04:05:00+00:00,169.4,173.3,161.45,161.45,13650.0,3870.0,NIFTY,2026-09-22,23550.0,PE,3
2026-09-09 04:10:00+00:00,164.4,164.65,160.1,163.4,9490.0,3240.0,NIFTY,2026-09-22,23550.0,PE,3
2026-09-09 04:15:00+00:00,163.1,174.6,162.7,173.65,12350.0,4173.0,NIFTY,2026-09-22,23550.0,PE,3
2026-09-09 04:20:00+00:00,174.4,179.0,171.45,174.75,9620.0,3300.0,NIFTY,2026-09-22,23550.0,PE,3
2026-09-09 04:25:00+00:00,174.7,180.65,174.2,179.4,10790.0,3997.0,NIFTY,2026-09-22,23550.0,PE,3
2026-09-09 04:30:00+00:00,181.35,186.15,180.0,182.2,8190.0,3065.0,NIFTY,2026-09-22,23550.0,PE,3
2026-09-09 04:35:00+00:00,181.25,186.0,181.25,184.5,5980.0,2266.0,NIFTY,2026-09-22,23550.0,PE,3
2026-09-09 04:40:00+00:00,183.3,187.75,178.75,179.2,7280.0,3749.0,NIFTY,2026-09-22,23550.0,PE,3
2026-09-09 04:45:00+00:00,178.05,179.4,161.6,164.3,11245.0,2225.0,NIFTY,2026-09-22,23550.0,PE,3
2026-09-09 04:50:00+00:00,164.95,164.95,148.0,153.6,21060.0,3816.0,NIFTY,2026-09-22,23550.0,PE,3
2026-09-09 04:55:00+00:00,153.95,156.75,151.55,153.45,12090.0,4018.0,NIFTY,2026-09-22,23550.0,PE,3
2026-09-09 05:00:00+00:00,152.8,160.0,149.25,160.0,8515.0,4166.0,NIFTY,2026-09-22,23550.0,PE,3
2026-09-09 05:05:00+00:00,160.65,167.85,160.05,165.0,7930.0,4226.0,NIFTY,2026-09-22,23550.0,PE,3
2026-09-09 05:10:00+00:00,165.6,170.0,165.6,165.65,9425.0,4142.0,NIFTY,2026-09-22,23550.0,PE,3
2026-09-09 05:15:00+00:00,166.8,166.85,161.25,163.6,9880.0,3229.0,NIFTY,2026-09-22,23550.0,PE,3
2026-09-09 05:20:00+00:00,163.15,167.05,162.25,162.25,1430.0,3212.0,NIFTY,2026-09-22,23550.0,PE,3
2026-09-09 05:25:00+00:00,160.0,162.3,157.0,157.5,13130.0,3335.0,NIFTY,2026-09-22,23550.0,PE,3
2026-09-09 05:30:00+00:00,157.05,157.05,152.2,155.55,11050.0,4615.0,NIFTY,2026-09-22,23550.0,PE,3
2026-09-09 05:35:00+00:00,157.5,159.25,156.5,157.55,3380.0,3769.0,NIFTY,2026-09-22,23550.0,PE,3
2026-09-09 05:40:00+00:00,158.45,161.2,156.5,161.2,5850.0,4811.0,NIFTY,2026-09-22,23550.0,PE,3
2026-09-09 05:45:00+00:00,158.9,162.6,157.9,158.0,7995.0,4937.0,NIFTY,2026-09-22,23550.0,PE,3
2026-09-09 05:50:00+00:00,157.0,163.15,155.5,161.4,5395.0,4011.0,NIFTY,2026-09-22,23550.0,PE,3
2026-09-09 05:55:00+00:00,160.0,161.95,158.5,160.3,4225.0,5072.0,NIFTY,2026-09-22,23550.0,PE,3
2026-09-09 06:00:00+00:00,160.65,160.65,158.85,159.8,5070.0,5079.0,NIFTY,2026-09-22,23550.0,PE,3
2026-09-09 06:05:00+00:00,160.2,161.35,158.1,161.35,4355.0,5107.0,NIFTY,2026-09-22,23550.0,PE,3
2026-09-09 06:10:00+00:00,160.55,160.75,155.0,155.75,10010.0,5164.0,NIFTY,2026-09-22,23550.0,PE,3
2026-09-09 06:15:00+00:00,155.0,160.4,154.3,160.4,4810.0,5278.0,NIFTY,2026-09-22,23550.0,PE,3
2026-09-09 06:20:00+00:00,160.3,168.95,160.05,168.95,8190.0,5187.0,NIFTY,2026-09-22,23550.0,PE,3
2026-09-09 06:25:00+00:00,168.85,179.8,168.8,177.35,11375.0,5144.0,NIFTY,2026-09-22,23550.0,PE,3
2026-09-09 06:30:00+00:00,176.55,184.0,175.85,182.3,12675.0,3095.0,NIFTY,2026-09-22,23550.0,PE,3
2026-09-09 06:35:00+00:00,181.75,185.5,179.15,183.0,7930.0,6167.0,NIFTY,2026-09-22,23550.0,PE,3
2026-09-09 06:40:00+00:00,182.7,184.6,175.65,178.0,4615.0,3069.0,NIFTY,2026-09-22,23550.0,PE,3
2026-09-09 06:45:00+00:00,180.2,181.9,177.7,180.8,2145.0,4101.0,NIFTY,2026-09-22,23550.0,PE,3
2026-09-09 06:50:00+00:00,180.0,183.9,177.05,178.4,6175.0,5092.0,NIFTY,2026-09-22,23550.0,PE,3
2026-09-09 06:55:00+00:00,178.45,178.45,165.95,165.95,20475.0,5103.0,NIFTY,2026-09-22,23550.0,PE,3
2026-09-09 07:00:00+00:00,165.7,166.5,145.25,150.5,38025.0,5851.0,NIFTY,2026-09-22,23550.0,PE,3
2026-09-09 07:05:00+00:00,149.65,149.8,141.8,146.85,46605.0,7060.0,NIFTY,2026-09-22,23550.0,PE,3
2026-09-09 07:10:00+00:00,146.3,149.2,141.6,145.7,33540.0,7454.0,NIFTY,2026-09-22,23550.0,PE,3
2026-09-09 07:15:00+00:00,145.15,148.6,141.45,147.25,52845.0,7979.0,NIFTY,2026-09-22,23550.0,PE,3
2026-09-09 07:20:00+00:00,146.5,150.9,144.6,150.6,65455.0,7636.0,NIFTY,2026-09-22,23550.0,PE,3
2026-09-09 07:25:00+00:00,150.15,152.35,142.3,143.3,15600.0,9756.0,NIFTY,2026-09-22,23550.0,PE,3
2026-09-09 07:30:00+00:00,144.0,150.0,144.0,150.0,7345.0,9902.0,NIFTY,2026-09-22,23550.0,PE,3
2026-09-09 07:35:00+00:00,148.9,150.1,146.7,148.25,2925.0,10050.0,NIFTY,2026-09-22,23550.0,PE,3
2026-09-09 07:40:00+00:00,149.65,151.4,148.45,150.15,5785.0,8066.0,NIFTY,2026-09-22,23550.0,PE,3
2026-09-09 07:45:00+00:00,150.1,152.4,150.0,151.45,3835.0,10056.0,NIFTY,2026-09-22,23550.0,PE,3
2026-09-09 07:50:00+00:00,151.8,152.45,147.05,151.45,3575.0,6009.0,NIFTY,2026-09-22,23550.0,PE,3
2026-09-09 07:55:00+00:00,150.5,150.5,145.7,145.7,2860.0,10005.0,NIFTY,2026-09-22,23550.0,PE,3
2026-09-09 08:00:00+00:00,146.55,151.0,146.55,149.75,2730.0,6017.0,NIFTY,2026-09-22,23550.0,PE,3
2026-09-09 08:05:00+00:00,149.0,149.7,146.35,146.35,975.0,6013.0,NIFTY,2026-09-22,23550.0,PE,3
2026-09-09 08:10:00+00:00,147.5,147.95,144.7,147.95,1170.0,6022.0,NIFTY,2026-09-22,23550.0,PE,3
2026-09-09 08:15:00+00:00,147.85,149.75,147.85,148.1,1625.0,4021.0,NIFTY,2026-09-22,23550.0,PE,3
2026-09-09 08:20:00+00:00,148.25,151.25,145.55,150.85,2210.0,8058.0,NIFTY,2026-09-22,23550.0,PE,3
2026-09-09 08:25:00+00:00,151.6,152.0,146.15,146.15,3510.0,10092.0,NIFTY,2026-09-22,23550.0,PE,3
2026-09-09 08:30:00+00:00,145.8,145.85,141.6,145.0,5850.0,8112.0,NIFTY,2026-09-22,23550.0,PE,3
2026-09-09 08:35:00+00:00,145.3,147.55,143.15,147.55,3705.0,4057.0,NIFTY,2026-09-22,23550.0,PE,3
2026-09-09 08:40:00+00:00,150.0,152.05,147.4,151.3,4940.0,10188.0,NIFTY,2026-09-22,23550.0,PE,3
2026-09-09 08:45:00+00:00,151.05,153.9,150.5,152.5,7605.0,8076.0,NIFTY,2026-09-22,23550.0,PE,3
2026-09-09 08:50:00+00:00,152.55,153.0,149.1,150.0,7605.0,10067.0,NIFTY,2026-09-22,23550.0,PE,3
2026-09-09 08:55:00+00:00,151.4,153.25,150.65,150.65,2600.0,6079.0,NIFTY,2026-09-22,23550.0,PE,3
2026-09-09 09:00:00+00:00,152.0,162.0,152.0,161.7,11115.0,12161.0,NIFTY,2026-09-22,23550.0,PE,3
2026-09-09 09:05:00+00:00,161.05,170.9,159.85,168.6,58890.0,9415.0,NIFTY,2026-09-22,23550.0,PE,3
2026-09-09 09:10:00+00:00,167.65,174.7,167.65,172.05,15015.0,8925.0,NIFTY,2026-09-22,23550.0,PE,3
2026-09-09 09:15:00+00:00,172.4,177.15,170.4,171.45,11375.0,8725.0,NIFTY,2026-09-22,23550.0,PE,3
2026-09-09 09:20:00+00:00,169.0,171.55,166.8,168.75,5720.0,6865.0,NIFTY,2026-09-22,23550.0,PE,3
2026-09-09 09:25:00+00:00,170.1,173.05,170.1,170.8,2535.0,,NIFTY,2026-09-22,23550.0,PE,3
2026-09-09 09:30:00+00:00,172.0,187.6,171.45,187.5,19825.0,8514.0,NIFTY,2026-09-22,23550.0,PE,3
2026-09-09 09:35:00+00:00,188.15,196.55,179.95,182.7,29250.0,8119.0,NIFTY,2026-09-22,23550.0,PE,3
2026-09-09 09:40:00+00:00,181.55,186.4,181.2,185.2,13975.0,6383.0,NIFTY,2026-09-22,23550.0,PE,3
2026-09-09 09:45:00+00:00,186.7,189.65,183.35,187.1,10660.0,6188.0,NIFTY,2026-09-22,23550.0,PE,3
2026-09-09 09:50:00+00:00,187.0,194.1,183.45,191.7,16835.0,7597.0,NIFTY,2026-09-22,23550.0,PE,3
2026-09-09 09:55:00+00:00,190.0,198.7,190.0,196.15,20540.0,7358.0,NIFTY,2026-09-22,23550.0,PE,3
2026-09-09 10:00:00+00:00,195.55,210.0,195.2,205.15,24245.0,7119.0,NIFTY,2026-09-22,23550.0,PE,3
2026-09-09 10:05:00+00:00,205.2,213.2,204.85,213.2,28795.0,7407.0,NIFTY,2026-09-22,23550.0,PE,3
2026-09-10 03:45:00+00:00,200.0,220.2,185.8,193.1,39065.0,7545.0,NIFTY,2026-09-22,23550.0,PE,3
2026-09-10 03:50:00+00:00,192.9,214.2,190.1,207.45,26195.0,6126.0,NIFTY,2026-09-22,23550.0,PE,3
2026-09-10 03:55:00+00:00,208.2,211.8,195.5,202.15,18850.0,7487.0,NIFTY,2026-09-22,23550.0,PE,3
2026-09-10 04:00:00+00:00,201.05,210.85,200.6,205.4,15210.0,7469.0,NIFTY,2026-09-22,23550.0,PE,3
2026-09-10 04:05:00+00:00,206.7,211.5,203.15,210.3,8320.0,5994.0,NIFTY,2026-09-22,23550.0,PE,3
2026-09-10 04:10:00+00:00,211.3,213.0,198.95,207.0,10010.0,5950.0,NIFTY,2026-09-22,23550.0,PE,3
2026-09-10 04:15:00+00:00,204.85,209.0,200.0,201.75,6565.0,7416.0,NIFTY,2026-09-22,23550.0,PE,3
2026-09-10 04:20:00+00:00,198.0,199.0,192.0,195.2,5655.0,7449.0,NIFTY,2026-09-22,23550.0,PE,3
2026-09-10 04:25:00+00:00,196.9,205.35,195.75,202.9,4355.0,7415.0,NIFTY,2026-09-22,23550.0,PE,3
2026-09-10 04:30:00+00:00,203.9,212.0,203.9,208.1,5590.0,5914.0,NIFTY,2026-09-22,23550.0,PE,3
2026-09-10 04:35:00+00:00,206.35,216.85,204.35,210.7,14430.0,4385.0,NIFTY,2026-09-22,23550.0,PE,3
2026-09-10 04:40:00+00:00,211.3,216.6,211.3,214.25,2925.0,5805.0,NIFTY,2026-09-22,23550.0,PE,3
2026-09-10 04:45:00+00:00,211.55,211.55,197.6,202.2,10725.0,7222.0,NIFTY,2026-09-22,23550.0,PE,3
2026-09-10 04:50:00+00:00,203.9,207.5,200.7,204.05,1950.0,5712.0,NIFTY,2026-09-22,23550.0,PE,3
2026-09-10 04:55:00+00:00,205.0,208.4,201.9,205.4,5330.0,8528.0,NIFTY,2026-09-22,23550.0,PE,3
2026-09-10 05:00:00+00:00,203.0,204.75,201.45,203.9,325.0,2815.0,NIFTY,2026-09-22,23550.0,PE,3
2026-09-10 05:05:00+00:00,203.0,203.5,198.0,198.0,4095.0,4226.0,NIFTY,2026-09-22,23550.0,PE,3
2026-09-10 05:10:00+00:00,196.0,199.75,191.0,191.0,1820.0,7012.0,NIFTY,2026-09-22,23550.0,PE,3
2026-09-10 05:15:00+00:00,191.75,203.1,190.0,202.85,4745.0,5599.0,NIFTY,2026-09-22,23550.0,PE,3
2026-09-10 05:20:00+00:00,204.0,210.75,204.0,210.75,1950.0,5571.0,NIFTY,2026-09-22,23550.0,PE,3
2026-09-10 05:25:00+00:00,210.15,215.0,209.7,211.85,5915.0,5527.0,NIFTY,2026-09-22,23550.0,PE,3
2026-09-10 05:30:00+00:00,210.2,210.2,204.0,204.0,4290.0,6827.0,NIFTY,2026-09-22,23550.0,PE,3
2026-09-10 05:35:00+00:00,205.85,207.8,202.75,204.65,1820.0,5417.0,NIFTY,2026-09-22,23550.0,PE,3
2026-09-10 05:40:00+00:00,202.05,202.05,191.0,192.05,3185.0,2697.0,NIFTY,2026-09-22,23550.0,PE,3
2026-09-10 05:45:00+00:00,190.75,196.0,186.0,193.6,7865.0,6825.0,NIFTY,2026-09-22,23550.0,PE,3
2026-09-10 05:50:00+00:00,198.25,199.75,195.0,196.55,3510.0,5493.0,NIFTY,2026-09-22,23550.0,PE,3
2026-09-10 05:55:00+00:00,196.85,202.85,196.55,202.2,4875.0,5487.0,NIFTY,2026-09-22,23550.0,PE,3
2026-09-10 06:00:00+00:00,199.6,205.5,196.05,204.65,6240.0,5464.0,NIFTY,2026-09-22,23550.0,PE,3
2026-09-10 06:05:00+00:00,203.45,203.45,197.35,197.8,5850.0,5442.0,NIFTY,2026-09-22,23550.0,PE,3
2026-09-10 06:10:00+00:00,199.85,207.75,198.65,198.65,2470.0,6787.0,NIFTY,2026-09-22,23550.0,PE,3
2026-09-10 06:15:00+00:00,197.45,197.45,192.7,192.7,2015.0,2720.0,NIFTY,2026-09-22,23550.0,PE,3
2026-09-10 06:20:00+00:00,192.95,194.4,191.6,193.35,2210.0,2728.0,NIFTY,2026-09-22,23550.0,PE,3
2026-09-10 06:25:00+00:00,195.85,196.8,190.0,190.0,1365.0,4098.0,NIFTY,2026-09-22,23550.0,PE,3
2026-09-10 06:30:00+00:00,188.5,190.95,187.2,188.5,3835.0,6848.0,NIFTY,2026-09-22,23550.0,PE,3
2026-09-10 06:35:00+00:00,189.0,194.1,187.85,193.5,2340.0,5517.0,NIFTY,2026-09-22,23550.0,PE,3
2026-09-10 06:40:00+00:00,192.5,192.6,181.25,183.3,5265.0,6926.0,NIFTY,2026-09-22,23550.0,PE,3
2026-09-10 06:45:00+00:00,181.5,186.15,181.5,183.55,3510.0,5545.0,NIFTY,2026-09-22,23550.0,PE,3
2026-09-10 06:50:00+00:00,184.9,187.1,177.8,184.45,8125.0,5557.0,NIFTY,2026-09-22,23550.0,PE,3
2026-09-10 06:55:00+00:00,185.15,185.15,181.05,182.45,3055.0,5611.0,NIFTY,2026-09-22,23550.0,PE,3
2026-09-10 07:00:00+00:00,185.6,188.25,185.0,188.25,2015.0,5674.0,NIFTY,2026-09-22,23550.0,PE,3
2026-09-10 07:05:00+00:00,188.4,193.15,187.15,187.8,7215.0,5748.0,NIFTY,2026-09-22,23550.0,PE,3
2026-09-10 07:10:00+00:00,186.8,189.3,185.3,186.8,4355.0,7313.0,NIFTY,2026-09-22,23550.0,PE,3
2026-09-10 07:15:00+00:00,185.15,190.15,184.25,188.0,3185.0,4410.0,NIFTY,2026-09-22,23550.0,PE,3
2026-09-10 07:20:00+00:00,186.55,189.7,184.95,189.0,1170.0,5924.0,NIFTY,2026-09-22,23550.0,PE,3
2026-09-10 07:25:00+00:00,189.2,198.15,189.2,197.55,7865.0,7406.0,NIFTY,2026-09-22,23550.0,PE,3
2026-09-10 07:30:00+00:00,198.4,202.8,196.3,201.35,12805.0,7366.0,NIFTY,2026-09-22,23550.0,PE,3
2026-09-10 07:35:00+00:00,201.7,209.0,198.05,201.45,9100.0,5796.0,NIFTY,2026-09-22,23550.0,PE,3
2026-09-10 07:40:00+00:00,201.35,201.35,189.0,189.0,5395.0,7265.0,NIFTY,2026-09-22,23550.0,PE,3
2026-09-10 07:45:00+00:00,190.5,195.05,189.35,193.65,4290.0,5809.0,NIFTY,2026-09-22,23550.0,PE,3
2026-09-10 07:50:00+00:00,195.35,196.55,191.95,195.0,1430.0,5782.0,NIFTY,2026-09-22,23550.0,PE,3
2026-09-10 07:55:00+00:00,195.4,198.6,195.4,197.7,2405.0,4356.0,NIFTY,2026-09-22,23550.0,PE,3
2026-09-10 08:00:00+00:00,199.8,206.45,199.0,204.0,6110.0,7277.0,NIFTY,2026-09-22,23550.0,PE,3
2026-09-10 08:05:00+00:00,202.85,204.0,198.05,201.1,2015.0,5826.0,NIFTY,2026-09-22,23550.0,PE,3
2026-09-10 08:10:00+00:00,197.05,198.75,197.05,198.75,1625.0,5818.0,NIFTY,2026-09-22,23550.0,PE,3
2026-09-10 08:15:00+00:00,200.55,204.95,199.7,200.3,2795.0,5844.0,NIFTY,2026-09-22,23550.0,PE,3
2026-09-10 08:20:00+00:00,202.1,202.1,198.1,200.85,845.0,5811.0,NIFTY,2026-09-22,23550.0,PE,3
2026-09-10 08:25:00+00:00,201.0,206.0,201.0,203.2,2730.0,7308.0,NIFTY,2026-09-22,23550.0,PE,3
2026-09-10 08:30:00+00:00,203.3,211.0,201.15,211.0,2795.0,7335.0,NIFTY,2026-09-22,23550.0,PE,3
2026-09-10 08:35:00+00:00,212.3,213.0,206.5,208.6,6955.0,7298.0,NIFTY,2026-09-22,23550.0,PE,3
2026-09-10 08:40:00+00:00,209.5,212.75,208.4,210.8,2730.0,7323.0,NIFTY,2026-09-22,23550.0,PE,3
2026-09-10 08:45:00+00:00,210.7,217.6,210.7,215.1,8645.0,7248.0,NIFTY,2026-09-22,23550.0,PE,3
2026-09-10 08:50:00+00:00,212.2,212.35,206.1,208.65,4030.0,4287.0,NIFTY,2026-09-22,23550.0,PE,3
2026-09-10 08:55:00+00:00,208.0,215.0,206.15,210.35,3965.0,7138.0,NIFTY,2026-09-22,23550.0,PE,3
2026-09-10 09:00:00+00:00,209.25,214.1,209.2,213.5,3120.0,4248.0,NIFTY,2026-09-22,23550.0,PE,3
2026-09-10 09:05:00+00:00,214.75,218.65,214.75,217.95,7735.0,7120.0,NIFTY,2026-09-22,23550.0,PE,3
2026-09-10 09:10:00+00:00,218.85,224.7,211.5,212.75,5785.0,7173.0,NIFTY,2026-09-22,23550.0,PE,3
2026-09-10 09:15:00+00:00,211.15,212.15,203.8,203.8,5655.0,7248.0,NIFTY,2026-09-22,23550.0,PE,3
2026-09-10 09:20:00+00:00,204.05,210.1,202.45,210.05,3705.0,5747.0,NIFTY,2026-09-22,23550.0,PE,3
2026-09-10 09:25:00+00:00,211.7,215.0,207.85,213.7,1690.0,4316.0,NIFTY,2026-09-22,23550.0,PE,3
2026-09-10 09:30:00+00:00,215.0,234.5,215.0,227.7,14105.0,7098.0,NIFTY,2026-09-22,23550.0,PE,3
2026-09-10 09:35:00+00:00,228.35,230.75,224.2,226.1,4875.0,7022.0,NIFTY,2026-09-22,23550.0,PE,3
2026-09-10 09:40:00+00:00,226.0,230.45,224.7,226.0,5070.0,7010.0,NIFTY,2026-09-22,23550.0,PE,3
2026-09-10 09:45:00+00:00,226.3,230.4,224.3,227.6,7085.0,4174.0,NIFTY,2026-09-22,23550.0,PE,3
2026-09-10 09:50:00+00:00,223.0,223.0,211.0,211.45,4485.0,8260.0,NIFTY,2026-09-22,23550.0,PE,3
2026-09-10 09:55:00+00:00,214.0,214.0,203.45,204.0,5200.0,5438.0,NIFTY,2026-09-22,23550.0,PE,3
2026-09-10 10:00:00+00:00,203.55,212.2,200.05,212.2,9165.0,5447.0,NIFTY,2026-09-22,23550.0,PE,3
2026-09-10 10:05:00+00:00,211.75,211.75,208.85,209.25,10075.0,8214.0,NIFTY,2026-09-22,23550.0,PE,3
2026-09-10 10:10:00+00:00,209.25,209.25,209.25,209.25,65.0,,NIFTY,2026-09-22,23550.0,PE,3
2026-09-11 03:45:00+00:00,300.65,350.95,300.65,337.0,28600.0,5164.0,NIFTY,2026-09-22,23550.0,PE,3
2026-09-11 03:50:00+00:00,343.65,345.2,336.35,337.6,8905.0,4988.0,NIFTY,2026-09-22,23550.0,PE,3
2026-09-11 03:55:00+00:00,337.85,342.55,335.35,339.25,5070.0,6195.0,NIFTY,2026-09-22,23550.0,PE,3
2026-09-11 04:00:00+00:00,339.35,341.9,330.0,335.0,7995.0,6130.0,NIFTY,2026-09-22,23550.0,PE,3
2026-09-11 04:05:00+00:00,333.4,335.65,328.4,331.6,6890.0,4739.0,NIFTY,2026-09-22,23550.0,PE,3
2026-09-11 04:10:00+00:00,335.0,345.5,335.0,341.5,5395.0,2352.0,NIFTY,2026-09-22,23550.0,PE,3
2026-09-11 04:15:00+00:00,340.4,345.65,339.9,343.15,4615.0,5822.0,NIFTY,2026-09-22,23550.0,PE,3
2026-09-11 04:20:00+00:00,341.6,346.85,340.0,343.45,3120.0,4597.0,NIFTY,2026-09-22,23550.0,PE,3
2026-09-11 04:25:00+00:00,341.55,341.55,335.1,335.75,2860.0,3420.0,NIFTY,2026-09-22,23550.0,PE,3
2026-09-11 04:30:00+00:00,334.7,334.7,325.0,325.0,1040.0,1138.0,NIFTY,2026-09-22,23550.0,PE,3
2026-09-11 04:35:00+00:00,326.3,328.05,320.0,321.0,1235.0,1134.0,NIFTY,2026-09-22,23550.0,PE,3
2026-09-11 04:40:00+00:00,319.9,323.05,310.0,312.15,2795.0,4524.0,NIFTY,2026-09-22,23550.0,PE,3
2026-09-11 04:45:00+00:00,313.7,316.2,311.35,314.0,4485.0,2226.0,NIFTY,2026-09-22,23550.0,PE,3
2026-09-11 04:50:00+00:00,308.1,308.8,300.25,304.9,1560.0,3303.0,NIFTY,2026-09-22,23550.0,PE,3
2026-09-11 04:55:00+00:00,312.25,318.35,312.25,318.35,455.0,2197.0,NIFTY,2026-09-22,23550.0,PE,3
2026-09-11 05:00:00+00:00,318.35,318.35,311.5,311.5,1105.0,3293.0,NIFTY,2026-09-22,23550.0,PE,3
2026-09-11 05:05:00+00:00,309.45,309.45,304.95,307.05,520.0,2187.0,NIFTY,2026-09-22,23550.0,PE,3
2026-09-11 05:10:00+00:00,306.95,306.95,301.5,302.2,845.0,2184.0,NIFTY,2026-09-22,23550.0,PE,3
2026-09-11 05:15:00+00:00,298.1,302.8,291.85,302.8,715.0,2182.0,NIFTY,2026-09-22,23550.0,PE,3
2026-09-11 05:20:00+00:00,308.6,312.0,308.6,312.0,455.0,1092.0,NIFTY,2026-09-22,23550.0,PE,3
2026-09-11 05:25:00+00:00,311.15,312.1,310.75,311.0,1040.0,3270.0,NIFTY,2026-09-22,23550.0,PE,3
2026-09-11 05:30:00+00:00,307.45,307.45,302.0,307.45,715.0,,NIFTY,2026-09-22,23550.0,PE,3
2026-09-11 05:35:00+00:00,310.0,310.0,298.25,298.25,910.0,1088.0,NIFTY,2026-09-22,23550.0,PE,3
2026-09-11 05:40:00+00:00,298.4,298.8,266.5,266.5,8775.0,5427.0,NIFTY,2026-09-22,23550.0,PE,3
2026-09-11 05:45:00+00:00,267.75,274.85,259.8,263.85,14430.0,5473.0,NIFTY,2026-09-22,23550.0,PE,3
2026-09-11 05:50:00+00:00,263.2,270.6,260.0,260.8,6240.0,4514.0,NIFTY,2026-09-22,23550.0,PE,3
2026-09-11 05:55:00+00:00,260.85,268.85,259.15,268.85,5850.0,5866.0,NIFTY,2026-09-22,23550.0,PE,3
2026-09-11 06:00:00+00:00,268.85,270.9,263.9,267.75,6435.0,6025.0,NIFTY,2026-09-22,23550.0,PE,3
2026-09-11 06:05:00+00:00,269.8,270.0,260.2,264.25,3770.0,4859.0,NIFTY,2026-09-22,23550.0,PE,3
2026-09-11 06:10:00+00:00,264.0,265.4,255.35,258.0,6760.0,7372.0,NIFTY,2026-09-22,23550.0,PE,3
2026-09-11 06:15:00+00:00,257.25,268.0,256.25,267.05,4225.0,6206.0,NIFTY,2026-09-22,23550.0,PE,3
2026-09-11 06:20:00+00:00,265.75,270.3,263.0,268.25,6890.0,5013.0,NIFTY,2026-09-22,23550.0,PE,3
2026-09-11 06:25:00+00:00,265.9,269.1,262.1,264.25,780.0,5047.0,NIFTY,2026-09-22,23550.0,PE,3
2026-09-11 06:30:00+00:00,263.4,267.75,262.0,266.0,1235.0,5048.0,NIFTY,2026-09-22,23550.0,PE,3
2026-09-11 06:35:00+00:00,264.75,266.0,264.75,265.95,585.0,2519.0,NIFTY,2026-09-22,23550.0,PE,3
2026-09-11 06:40:00+00:00,270.0,277.85,270.0,275.8,4940.0,5029.0,NIFTY,2026-09-22,23550.0,PE,3
2026-09-11 06:45:00+00:00,272.9,279.7,269.6,270.2,4680.0,5001.0,NIFTY,2026-09-22,23550.0,PE,3
2026-09-11 06:50:00+00:00,272.0,275.0,268.2,268.2,5395.0,5033.0,NIFTY,2026-09-22,23550.0,PE,3
2026-09-11 06:55:00+00:00,270.7,275.0,270.7,274.0,2600.0,3862.0,NIFTY,2026-09-22,23550.0,PE,3
2026-09-11 07:00:00+00:00,268.3,272.7,268.3,268.4,2600.0,2597.0,NIFTY,2026-09-22,23550.0,PE,3
2026-09-11 07:05:00+00:00,266.05,270.6,265.0,266.35,2210.0,5207.0,NIFTY,2026-09-22,23550.0,PE,3
2026-09-11 07:10:00+00:00,270.25,271.95,263.1,268.85,1820.0,6535.0,NIFTY,2026-09-22,23550.0,PE,3
2026-09-11 07:15:00+00:00,269.1,272.0,267.6,272.0,1170.0,3930.0,NIFTY,2026-09-22,23550.0,PE,3
2026-09-11 07:20:00+00:00,271.6,271.6,271.6,271.6,65.0,1304.0,NIFTY,2026-09-22,23550.0,PE,3
2026-09-11 07:25:00+00:00,267.0,268.35,262.95,265.25,1690.0,3927.0,NIFTY,2026-09-22,23550.0,PE,3
2026-09-11 07:30:00+00:00,268.0,278.05,268.0,275.35,1495.0,2633.0,NIFTY,2026-09-22,23550.0,PE,3
2026-09-11 07:35:00+00:00,280.6,282.25,278.5,282.1,2925.0,6598.0,NIFTY,2026-09-22,23550.0,PE,3
2026-09-11 07:40:00+00:00,282.9,285.8,277.95,278.85,2470.0,3944.0,NIFTY,2026-09-22,23550.0,PE,3
2026-09-11 07:45:00+00:00,278.8,284.45,278.8,283.0,2275.0,5195.0,NIFTY,2026-09-22,23550.0,PE,3
2026-09-11 07:50:00+00:00,283.5,286.5,277.15,277.95,975.0,5157.0,NIFTY,2026-09-22,23550.0,PE,3
2026-09-11 07:55:00+00:00,279.9,279.9,268.5,270.6,1495.0,5151.0,NIFTY,2026-09-22,23550.0,PE,3
2026-09-11 08:00:00+00:00,270.0,274.05,265.75,272.65,8125.0,6500.0,NIFTY,2026-09-22,23550.0,PE,3
2026-09-11 08:05:00+00:00,277.95,279.1,274.65,276.95,2860.0,5296.0,NIFTY,2026-09-22,23550.0,PE,3
2026-09-11 08:10:00+00:00,277.75,294.5,277.75,279.6,8840.0,3971.0,NIFTY,2026-09-22,23550.0,PE,3
2026-09-11 08:15:00+00:00,286.25,286.25,277.85,277.85,325.0,3968.0,NIFTY,2026-09-22,23550.0,PE,3
2026-09-11 08:20:00+00:00,275.6,275.7,253.15,268.6,14365.0,6622.0,NIFTY,2026-09-22,23550.0,PE,3
2026-09-11 08:25:00+00:00,268.05,268.75,247.1,251.0,12935.0,5448.0,NIFTY,2026-09-22,23550.0,PE,3
2026-09-11 08:30:00+00:00,249.15,250.45,212.55,216.8,13065.0,8264.0,NIFTY,2026-09-22,23550.0,PE,3
2026-09-11 08:35:00+00:00,221.2,232.95,221.2,231.0,8255.0,7021.0,NIFTY,2026-09-22,23550.0,PE,3
2026-09-11 08:40:00+00:00,234.0,234.0,228.75,228.75,2275.0,5621.0,NIFTY,2026-09-22,23550.0,PE,3
2026-09-11 08:45:00+00:00,229.0,235.1,228.35,232.85,15925.0,7203.0,NIFTY,2026-09-22,23550.0,PE,3
2026-09-11 08:50:00+00:00,232.8,234.9,226.9,226.9,7410.0,7593.0,NIFTY,2026-09-22,23550.0,PE,3
2026-09-11 08:55:00+00:00,227.65,230.45,223.2,223.2,14430.0,7611.0,NIFTY,2026-09-22,23550.0,PE,3
2026-09-11 09:00:00+00:00,222.95,227.15,215.1,226.0,21190.0,7593.0,NIFTY,2026-09-22,23550.0,PE,3
2026-09-11 09:05:00+00:00,225.15,230.0,220.0,227.4,12870.0,3205.0,NIFTY,2026-09-22,23550.0,PE,3
2026-09-11 09:10:00+00:00,225.3,225.85,221.2,221.8,5265.0,9933.0,NIFTY,2026-09-22,23550.0,PE,3
2026-09-11 09:15:00+00:00,224.2,230.1,224.15,229.15,13455.0,8646.0,NIFTY,2026-09-22,23550.0,PE,3
2026-09-11 09:20:00+00:00,227.9,230.3,227.0,228.0,4680.0,8863.0,NIFTY,2026-09-22,23550.0,PE,3
2026-09-11 09:25:00+00:00,228.55,229.3,227.5,228.45,2405.0,5292.0,NIFTY,2026-09-22,23550.0,PE,3
2026-09-11 09:30:00+00:00,232.0,239.15,228.8,238.5,6825.0,8818.0,NIFTY,2026-09-22,23550.0,PE,3
2026-09-11 09:35:00+00:00,240.7,244.3,234.4,235.1,7930.0,8791.0,NIFTY,2026-09-22,23550.0,PE,3
2026-09-11 09:40:00+00:00,232.95,232.95,222.9,222.9,5525.0,8737.0,NIFTY,2026-09-22,23550.0,PE,3
2026-09-11 09:45:00+00:00,224.55,225.75,212.85,222.0,7605.0,7001.0,NIFTY,2026-09-22,23550.0,PE,3
2026-09-11 09:50:00+00:00,221.4,230.9,209.45,229.0,10790.0,8879.0,NIFTY,2026-09-22,23550.0,PE,3
2026-09-11 09:55:00+00:00,233.85,235.0,225.0,227.85,5330.0,8927.0,NIFTY,2026-09-22,23550.0,PE,3
2026-09-11 10:00:00+00:00,228.25,232.65,216.3,223.05,11570.0,9148.0,NIFTY,2026-09-22,23550.0,PE,3
2026-09-11 10:05:00+00:00,223.8,225.15,208.9,208.9,24245.0,9301.0,NIFTY,2026-09-22,23550.0,PE,3
2026-09-11 10:10:00+00:00,208.9,208.9,208.9,208.9,260.0,,NIFTY,2026-09-22,23550.0,PE,3
2026-09-15 03:45:00+00:00,153.5,193.4,153.5,187.45,278330.0,11535.0,NIFTY,2026-09-22,23550.0,PE,3
2026-09-15 03:50:00+00:00,188.2,195.85,183.7,195.85,120120.0,13113.0,NIFTY,2026-09-22,23550.0,PE,3
2026-09-15 03:55:00+00:00,196.75,200.3,191.85,194.05,89960.0,13410.0,NIFTY,2026-09-22,23550.0,PE,3
2026-09-15 04:00:00+00:00,193.9,198.75,191.3,193.1,58435.0,13562.0,NIFTY,2026-09-22,23550.0,PE,3
2026-09-15 04:05:00+00:00,192.05,200.0,189.05,193.45,61100.0,14069.0,NIFTY,2026-09-22,23550.0,PE,3
2026-09-15 04:10:00+00:00,192.4,198.3,190.0,198.3,22620.0,13898.0,NIFTY,2026-09-22,23550.0,PE,3
2026-09-15 04:15:00+00:00,199.0,216.4,198.0,215.25,80795.0,13910.0,NIFTY,2026-09-22,23550.0,PE,3
2026-09-15 04:20:00+00:00,214.8,232.8,211.75,232.8,69030.0,13193.0,NIFTY,2026-09-22,23550.0,PE,3
2026-09-15 04:25:00+00:00,234.95,259.55,233.0,240.05,72735.0,12588.0,NIFTY,2026-09-22,23550.0,PE,3
2026-09-15 04:30:00+00:00,240.85,249.7,240.3,246.85,18850.0,12585.0,NIFTY,2026-09-22,23550.0,PE,3
2026-09-15 04:35:00+00:00,246.0,254.55,241.8,253.75,57915.0,11962.0,NIFTY,2026-09-22,23550.0,PE,3
2026-09-15 04:40:00+00:00,253.9,256.5,235.55,247.2,52195.0,11115.0,NIFTY,2026-09-22,23550.0,PE,3
2026-09-15 04:45:00+00:00,247.5,252.0,242.1,244.3,21710.0,10661.0,NIFTY,2026-09-22,23550.0,PE,3
2026-09-15 04:50:00+00:00,244.5,253.6,242.25,246.55,13455.0,10396.0,NIFTY,2026-09-22,23550.0,PE,3
2026-09-15 04:55:00+00:00,249.6,259.4,244.7,256.9,27560.0,10362.0,NIFTY,2026-09-22,23550.0,PE,3
2026-09-15 05:00:00+00:00,257.05,270.25,253.8,262.05,22685.0,10100.0,NIFTY,2026-09-22,23550.0,PE,3
2026-09-15 05:05:00+00:00,262.2,263.05,255.95,260.1,15795.0,9892.0,NIFTY,2026-09-22,23550.0,PE,3
2026-09-15 05:10:00+00:00,261.5,276.0,260.3,275.5,23855.0,9759.0,NIFTY,2026-09-22,23550.0,PE,3
2026-09-15 05:15:00+00:00,276.4,286.2,272.0,283.0,25610.0,9637.0,NIFTY,2026-09-22,23550.0,PE,3
2026-09-15 05:20:00+00:00,282.25,286.15,275.75,284.3,15405.0,9448.0,NIFTY,2026-09-22,23550.0,PE,3
2026-09-15 05:25:00+00:00,285.25,290.0,278.4,280.25,15990.0,9294.0,NIFTY,2026-09-22,23550.0,PE,3
2026-09-15 05:30:00+00:00,280.4,282.7,269.2,271.5,14625.0,7375.0,NIFTY,2026-09-22,23550.0,PE,3
2026-09-15 05:35:00+00:00,273.45,286.95,273.45,285.55,11375.0,7414.0,NIFTY,2026-09-22,23550.0,PE,3
2026-09-15 05:40:00+00:00,288.45,294.2,274.2,278.35,15535.0,11133.0,NIFTY,2026-09-22,23550.0,PE,3
2026-09-15 05:45:00+00:00,276.9,289.0,273.45,289.0,8125.0,9291.0,NIFTY,2026-09-22,23550.0,PE,3
2026-09-15 05:50:00+00:00,287.55,292.4,278.0,280.4,11245.0,7375.0,NIFTY,2026-09-22,23550.0,PE,3
2026-09-15 05:55:00+00:00,281.0,292.0,281.0,288.45,8645.0,9168.0,NIFTY,2026-09-22,23550.0,PE,3
2026-09-15 06:00:00+00:00,288.85,293.85,282.9,283.55,6890.0,9003.0,NIFTY,2026-09-22,23550.0,PE,3
2026-09-15 06:05:00+00:00,285.5,285.5,268.6,270.25,16575.0,7149.0,NIFTY,2026-09-22,23550.0,PE,3
2026-09-15 06:10:00+00:00,269.3,279.7,269.3,270.9,7085.0,7257.0,NIFTY,2026-09-22,23550.0,PE,3
2026-09-15 06:15:00+00:00,271.75,276.45,270.65,275.3,5720.0,9088.0,NIFTY,2026-09-22,23550.0,PE,3
2026-09-15 06:20:00+00:00,279.45,283.55,273.0,282.95,7085.0,7313.0,NIFTY,2026-09-22,23550.0,PE,3
2026-09-15 06:25:00+00:00,284.0,284.0,273.2,275.2,3380.0,9142.0,NIFTY,2026-09-22,23550.0,PE,3
2026-09-15 06:30:00+00:00,277.05,277.05,268.0,271.95,5070.0,7244.0,NIFTY,2026-09-22,23550.0,PE,3
2026-09-15 06:35:00+00:00,272.35,274.9,265.05,272.6,6240.0,7190.0,NIFTY,2026-09-22,23550.0,PE,3
2026-09-15 06:40:00+00:00,273.8,277.9,271.15,274.6,6630.0,8977.0,NIFTY,2026-09-22,23550.0,PE,3
2026-09-15 06:45:00+00:00,276.2,279.55,273.25,279.55,1170.0,7157.0,NIFTY,2026-09-22,23550.0,PE,3
2026-09-15 06:50:00+00:00,280.0,280.7,274.15,276.05,2145.0,8955.0,NIFTY,2026-09-22,23550.0,PE,3
2026-09-15 06:55:00+00:00,280.0,280.0,274.1,274.1,585.0,3580.0,NIFTY,2026-09-22,23550.0,PE,3
2026-09-15 07:00:00+00:00,274.75,291.0,274.75,287.25,8385.0,7166.0,NIFTY,2026-09-22,23550.0,PE,3
2026-09-15 07:05:00+00:00,288.25,289.7,274.6,285.45,3315.0,7143.0,NIFTY,2026-09-22,23550.0,PE,3
2026-09-15 07:10:00+00:00,284.15,290.0,281.15,290.0,1235.0,7157.0,NIFTY,2026-09-22,23550.0,PE,3
2026-09-15 07:15:00+00:00,290.05,291.5,280.0,280.3,13130.0,8964.0,NIFTY,2026-09-22,23550.0,PE,3
2026-09-15 07:20:00+00:00,280.15,283.25,273.7,280.35,10270.0,9140.0,NIFTY,2026-09-22,23550.0,PE,3
2026-09-15 07:25:00+00:00,279.65,297.0,279.4,293.55,12610.0,7424.0,NIFTY,2026-09-22,23550.0,PE,3
2026-09-15 07:30:00+00:00,291.2,300.0,289.0,293.8,18915.0,9306.0,NIFTY,2026-09-22,23550.0,PE,3
2026-09-15 07:35:00+00:00,293.0,297.5,289.0,296.7,5720.0,7491.0,NIFTY,2026-09-22,23550.0,PE,3
2026-09-15 07:40:00+00:00,298.9,311.0,296.35,306.2,22165.0,7348.0,NIFTY,2026-09-22,23550.0,PE,3
2026-09-15 07:45:00+00:00,305.35,317.05,304.35,306.85,10725.0,7248.0,NIFTY,2026-09-22,23550.0,PE,3
2026-09-15 07:50:00+00:00,306.7,315.0,306.5,312.0,6500.0,9133.0,NIFTY,2026-09-22,23550.0,PE,3
2026-09-15 07:55:00+00:00,312.4,312.4,305.05,312.1,4420.0,9151.0,NIFTY,2026-09-22,23550.0,PE,3
2026-09-15 08:00:00+00:00,314.05,330.05,312.2,321.55,13455.0,9148.0,NIFTY,2026-09-22,23550.0,PE,3
2026-09-15 08:05:00+00:00,321.45,323.25,314.2,323.25,2210.0,3662.0,NIFTY,2026-09-22,23550.0,PE,3
2026-09-15 08:10:00+00:00,324.1,337.0,323.7,330.3,14885.0,9133.0,NIFTY,2026-09-22,23550.0,PE,3
2026-09-15 08:15:00+00:00,330.85,330.85,324.0,328.05,3965.0,7319.0,NIFTY,2026-09-22,23550.0,PE,3
2026-09-15 08:20:00+00:00,321.0,323.5,318.4,320.45,9360.0,9274.0,NIFTY,2026-09-22,23550.0,PE,3
2026-09-15 08:25:00+00:00,320.85,323.2,314.3,314.3,4940.0,9509.0,NIFTY,2026-09-22,23550.0,PE,3
2026-09-15 08:30:00+00:00,314.95,320.0,313.5,319.9,2015.0,1908.0,NIFTY,2026-09-22,23550.0,PE,3
2026-09-15 08:35:00+00:00,324.05,332.7,322.05,332.7,4355.0,5725.0,NIFTY,2026-09-22,23550.0,PE,3
2026-09-15 08:40:00+00:00,333.75,357.0,332.45,357.0,16315.0,9418.0,NIFTY,2026-09-22,23550.0,PE,3
2026-09-15 08:45:00+00:00,359.35,380.0,358.25,376.7,12350.0,9137.0,NIFTY,2026-09-22,23550.0,PE,3
2026-09-15 08:50:00+00:00,376.05,376.8,366.0,376.8,7280.0,9100.0,NIFTY,2026-09-22,23550.0,PE,3
2026-09-15 08:55:00+00:00,373.75,381.2,372.2,380.0,9750.0,9208.0,NIFTY,2026-09-22,23550.0,PE,3
2026-09-15 09:00:00+00:00,382.0,383.3,374.6,374.6,2340.0,7415.0,NIFTY,2026-09-22,23550.0,PE,3
2026-09-15 09:05:00+00:00,378.55,378.95,368.95,376.55,2405.0,9233.0,NIFTY,2026-09-22,23550.0,PE,3
2026-09-15 09:10:00+00:00,375.7,378.0,370.0,378.0,11440.0,9196.0,NIFTY,2026-09-22,23550.0,PE,3
2026-09-15 09:15:00+00:00,377.95,433.75,377.95,424.4,28145.0,9052.0,NIFTY,2026-09-22,23550.0,PE,3
2026-09-15 09:20:00+00:00,423.9,424.45,397.5,413.0,60970.0,8284.0,NIFTY,2026-09-22,23550.0,PE,3
2026-09-15 09:25:00+00:00,414.4,415.0,405.65,410.55,8775.0,6598.0,NIFTY,2026-09-22,23550.0,PE,3
2026-09-15 09:30:00+00:00,409.85,412.7,400.3,401.85,8320.0,6553.0,NIFTY,2026-09-22,23550.0,PE,3
2026-09-15 09:35:00+00:00,401.1,409.5,398.95,400.0,6240.0,8089.0,NIFTY,2026-09-22,23550.0,PE,3
2026-09-15 09:40:00+00:00,401.5,402.0,387.6,390.85,11245.0,9623.0,NIFTY,2026-09-22,23550.0,PE,3
2026-09-15 09:45:00+00:00,390.65,402.0,379.15,379.95,15275.0,8215.0,NIFTY,2026-09-22,23550.0,PE,3
2026-09-15 09:50:00+00:00,380.0,401.15,378.95,391.75,12415.0,6546.0,NIFTY,2026-09-22,23550.0,PE,3
2026-09-15 09:55:00+00:00,392.65,400.0,382.2,395.4,14170.0,8052.0,NIFTY,2026-09-22,23550.0,PE,3
2026-09-15 10:00:00+00:00,397.6,410.65,397.6,408.05,13260.0,6288.0,NIFTY,2026-09-22,23550.0,PE,3
2026-09-15 10:05:00+00:00,408.1,408.1,385.3,391.85,18135.0,7889.0,NIFTY,2026-09-22,23550.0,PE,3
2026-09-16 03:45:00+00:00,362.45,366.6,302.15,321.05,51090.0,8203.0,NIFTY,2026-09-22,23550.0,PE,3
2026-09-16 03:50:00+00:00,319.35,338.95,316.3,332.9,25805.0,8732.0,NIFTY,2026-09-22,23550.0,PE,3
2026-09-16 03:55:00+00:00,331.6,366.0,329.85,357.75,30485.0,7164.0,NIFTY,2026-09-22,23550.0,PE,3
2026-09-16 04:00:00+00:00,358.2,376.1,345.75,345.75,19305.0,8969.0,NIFTY,2026-09-22,23550.0,PE,3
2026-09-16 04:05:00+00:00,349.55,392.6,349.55,388.15,15730.0,8945.0,NIFTY,2026-09-22,23550.0,PE,3
2026-09-16 04:10:00+00:00,390.7,411.55,385.85,411.55,22880.0,8830.0,NIFTY,2026-09-22,23550.0,PE,3
2026-09-16 04:15:00+00:00,414.5,417.8,386.95,388.95,28795.0,8532.0,NIFTY,2026-09-22,23550.0,PE,3
2026-09-16 04:20:00+00:00,387.65,387.65,341.05,341.05,26000.0,8606.0,NIFTY,2026-09-22,23550.0,PE,3
2026-09-16 04:25:00+00:00,340.0,350.0,323.4,331.8,13910.0,8524.0,NIFTY,2026-09-22,23550.0,PE,3
2026-09-16 04:30:00+00:00,332.8,359.75,332.45,359.75,12675.0,8563.0,NIFTY,2026-09-22,23550.0,PE,3
2026-09-16 04:35:00+00:00,361.5,376.95,356.55,368.15,14365.0,8549.0,NIFTY,2026-09-22,23550.0,PE,3
2026-09-16 04:40:00+00:00,369.0,376.35,348.85,376.35,18265.0,8576.0,NIFTY,2026-09-22,23550.0,PE,3
2026-09-16 04:45:00+00:00,375.3,379.2,342.0,353.2,14430.0,9020.0,NIFTY,2026-09-22,23550.0,PE,3
2026-09-16 04:50:00+00:00,356.7,364.6,337.85,344.65,13780.0,7072.0,NIFTY,2026-09-22,23550.0,PE,3
2026-09-16 04:55:00+00:00,343.7,348.85,333.45,342.3,8645.0,8496.0,NIFTY,2026-09-22,23550.0,PE,3
2026-09-16 05:00:00+00:00,340.4,347.3,326.75,330.2,11505.0,8501.0,NIFTY,2026-09-22,23550.0,PE,3
2026-09-16 05:05:00+00:00,333.4,345.45,329.55,336.1,15405.0,6898.0,NIFTY,2026-09-22,23550.0,PE,3
2026-09-16 05:10:00+00:00,336.3,336.35,325.4,326.0,10140.0,6989.0,NIFTY,2026-09-22,23550.0,PE,3
2026-09-16 05:15:00+00:00,323.0,330.3,311.0,317.1,16770.0,8734.0,NIFTY,2026-09-22,23550.0,PE,3
2026-09-16 05:20:00+00:00,317.4,328.55,313.0,323.1,11765.0,6942.0,NIFTY,2026-09-22,23550.0,PE,3
2026-09-16 05:25:00+00:00,326.75,336.45,326.75,327.2,8840.0,8824.0,NIFTY,2026-09-22,23550.0,PE,3
2026-09-16 05:30:00+00:00,327.0,328.0,305.1,313.5,20280.0,8840.0,NIFTY,2026-09-22,23550.0,PE,3
2026-09-16 05:35:00+00:00,316.8,329.3,315.65,324.1,8385.0,9145.0,NIFTY,2026-09-22,23550.0,PE,3
2026-09-16 05:40:00+00:00,325.6,330.85,317.0,328.85,5525.0,9192.0,NIFTY,2026-09-22,23550.0,PE,3
2026-09-16 05:45:00+00:00,329.25,333.0,316.35,331.85,8320.0,5535.0,NIFTY,2026-09-22,23550.0,PE,3
2026-09-16 05:50:00+00:00,333.0,345.3,324.2,337.6,22035.0,9005.0,NIFTY,2026-09-22,23550.0,PE,3
2026-09-16 05:55:00+00:00,338.75,357.35,337.95,355.3,13000.0,8931.0,NIFTY,2026-09-22,23550.0,PE,3
2026-09-16 06:00:00+00:00,354.7,355.45,342.25,351.9,10270.0,7068.0,NIFTY,2026-09-22,23550.0,PE,3
2026-09-16 06:05:00+00:00,348.8,357.25,332.4,344.45,14170.0,8894.0,NIFTY,2026-09-22,23550.0,PE,3
2026-09-16 06:10:00+00:00,345.65,349.55,340.8,346.95,5265.0,7244.0,NIFTY,2026-09-22,23550.0,PE,3
2026-09-16 06:15:00+00:00,350.85,354.45,347.25,347.25,8255.0,7254.0,NIFTY,2026-09-22,23550.0,PE,3
2026-09-16 06:20:00+00:00,340.2,353.15,335.7,351.35,4290.0,8997.0,NIFTY,2026-09-22,23550.0,PE,3
2026-09-16 06:25:00+00:00,351.85,362.0,349.7,360.75,7410.0,10844.0,NIFTY,2026-09-22,23550.0,PE,3
2026-09-16 06:30:00+00:00,362.0,370.0,355.6,360.4,9945.0,9178.0,NIFTY,2026-09-22,23550.0,PE,3
2026-09-16 06:35:00+00:00,360.85,360.9,346.25,355.65,7215.0,9187.0,NIFTY,2026-09-22,23550.0,PE,3
2026-09-16 06:40:00+00:00,352.7,352.7,335.7,342.85,6240.0,7369.0,NIFTY,2026-09-22,23550.0,PE,3
2026-09-16 06:45:00+00:00,345.3,351.4,331.5,340.15,9685.0,11130.0,NIFTY,2026-09-22,23550.0,PE,3
2026-09-16 06:50:00+00:00,339.75,345.6,335.3,340.15,3380.0,5595.0,NIFTY,2026-09-22,23550.0,PE,3
2026-09-16 06:55:00+00:00,337.45,346.35,337.45,341.15,1625.0,7458.0,NIFTY,2026-09-22,23550.0,PE,3
2026-09-16 07:00:00+00:00,340.3,340.45,314.85,325.85,7930.0,9334.0,NIFTY,2026-09-22,23550.0,PE,3
2026-09-16 07:05:00+00:00,323.2,334.05,322.15,332.65,7215.0,7474.0,NIFTY,2026-09-22,23550.0,PE,3
2026-09-16 07:10:00+00:00,328.0,329.75,315.7,318.3,3900.0,7422.0,NIFTY,2026-09-22,23550.0,PE,3
2026-09-16 07:15:00+00:00,317.6,325.9,317.6,323.65,7020.0,9233.0,NIFTY,2026-09-22,23550.0,PE,3
2026-09-16 07:20:00+00:00,327.1,327.7,321.0,321.0,3640.0,9198.0,NIFTY,2026-09-22,23550.0,PE,3
2026-09-16 07:25:00+00:00,323.65,329.0,317.85,329.0,3705.0,7370.0,NIFTY,2026-09-22,23550.0,PE,3
2026-09-16 07:30:00+00:00,329.3,329.3,319.65,323.45,4160.0,9230.0,NIFTY,2026-09-22,23550.0,PE,3
2026-09-16 07:35:00+00:00,319.0,320.35,288.6,305.65,15795.0,9246.0,NIFTY,2026-09-22,23550.0,PE,3
2026-09-16 07:40:00+00:00,301.1,315.6,299.75,312.65,15925.0,7429.0,NIFTY,2026-09-22,23550.0,PE,3
2026-09-16 07:45:00+00:00,315.5,316.8,300.0,301.6,10985.0,9356.0,NIFTY,2026-09-22,23550.0,PE,3
2026-09-16 07:50:00+00:00,306.15,324.4,306.15,323.45,10400.0,9506.0,NIFTY,2026-09-22,23550.0,PE,3
2026-09-16 07:55:00+00:00,321.95,349.0,321.1,349.0,15015.0,9560.0,NIFTY,2026-09-22,23550.0,PE,3
2026-09-16 08:00:00+00:00,348.6,348.6,335.95,342.2,13845.0,9452.0,NIFTY,2026-09-22,23550.0,PE,3
2026-09-16 08:05:00+00:00,338.9,356.2,335.75,351.0,17095.0,9357.0,NIFTY,2026-09-22,23550.0,PE,3
2026-09-16 08:10:00+00:00,353.55,363.0,352.2,360.0,7150.0,9211.0,NIFTY,2026-09-22,23550.0,PE,3
2026-09-16 08:15:00+00:00,360.15,361.4,349.25,355.05,13975.0,9049.0,NIFTY,2026-09-22,23550.0,PE,3
2026-09-16 08:20:00+00:00,353.7,356.7,346.8,349.9,11245.0,8993.0,NIFTY,2026-09-22,23550.0,PE,3
2026-09-16 08:25:00+00:00,350.6,353.45,348.85,350.05,5980.0,8905.0,NIFTY,2026-09-22,23550.0,PE,3
2026-09-16 08:30:00+00:00,347.15,347.15,332.1,339.7,8060.0,7064.0,NIFTY,2026-09-22,23550.0,PE,3
2026-09-16 08:35:00+00:00,337.0,353.6,336.0,349.1,4355.0,10563.0,NIFTY,2026-09-22,23550.0,PE,3
2026-09-16 08:40:00+00:00,349.65,351.65,336.15,336.15,7150.0,8894.0,NIFTY,2026-09-22,23550.0,PE,3
2026-09-16 08:45:00+00:00,333.0,342.65,327.45,342.65,9295.0,9025.0,NIFTY,2026-09-22,23550.0,PE,3
2026-09-16 08:50:00+00:00,341.7,345.0,334.15,339.1,6110.0,9046.0,NIFTY,2026-09-22,23550.0,PE,3
2026-09-16 08:55:00+00:00,338.6,350.55,338.1,341.65,7670.0,9037.0,NIFTY,2026-09-22,23550.0,PE,3
2026-09-16 09:00:00+00:00,343.6,347.3,342.8,347.3,4940.0,9036.0,NIFTY,2026-09-22,23550.0,PE,3
2026-09-16 09:05:00+00:00,345.4,352.35,338.75,345.65,4615.0,9014.0,NIFTY,2026-09-22,23550.0,PE,3
2026-09-16 09:10:00+00:00,343.6,349.2,340.4,343.7,4420.0,5393.0,NIFTY,2026-09-22,23550.0,PE,3
2026-09-16 09:15:00+00:00,345.0,347.65,336.75,343.85,7540.0,8918.0,NIFTY,2026-09-22,23550.0,PE,3
2026-09-16 09:20:00+00:00,341.55,348.3,337.4,344.95,3965.0,7047.0,NIFTY,2026-09-22,23550.0,PE,3
2026-09-16 09:25:00+00:00,343.8,349.05,325.85,346.95,18785.0,7045.0,NIFTY,2026-09-22,23550.0,PE,3
2026-09-16 09:30:00+00:00,348.1,359.0,341.95,348.45,15275.0,8634.0,NIFTY,2026-09-22,23550.0,PE,3
2026-09-16 09:35:00+00:00,347.75,355.9,344.2,347.55,8970.0,8804.0,NIFTY,2026-09-22,23550.0,PE,3
2026-09-16 09:40:00+00:00,347.95,353.6,342.5,348.75,13975.0,8653.0,NIFTY,2026-09-22,23550.0,PE,3
2026-09-16 09:45:00+00:00,349.35,349.8,339.2,348.45,10660.0,8511.0,NIFTY,2026-09-22,23550.0,PE,3
2026-09-16 09:50:00+00:00,350.0,352.2,336.65,341.15,51350.0,8532.0,NIFTY,2026-09-22,23550.0,PE,3
2026-09-16 09:55:00+00:00,341.8,348.9,340.3,343.95,17420.0,8318.0,NIFTY,2026-09-22,23550.0,PE,3
2026-09-16 10:00:00+00:00,344.25,348.1,340.0,340.7,22815.0,6258.0,NIFTY,2026-09-22,23550.0,PE,3
2026-09-16 10:05:00+00:00,342.65,342.65,334.1,335.55,13455.0,9064.0,NIFTY,2026-09-22,23550.0,PE,3
2026-09-17 03:45:00+00:00,365.0,373.15,299.6,308.7,113230.0,7388.0,NIFTY,2026-09-22,23550.0,PE,3
2026-09-17 03:50:00+00:00,311.0,329.25,298.35,328.5,68055.0,9548.0,NIFTY,2026-09-22,23550.0,PE,3
2026-09-17 03:55:00+00:00,330.0,332.5,305.2,317.5,25740.0,8908.0,NIFTY,2026-09-22,23550.0,PE,3
2026-09-17 04:00:00+00:00,310.85,314.35,279.6,288.85,44200.0,9036.0,NIFTY,2026-09-22,23550.0,PE,3
2026-09-17 04:05:00+00:00,287.5,296.3,271.3,295.3,60905.0,9141.0,NIFTY,2026-09-22,23550.0,PE,3
2026-09-17 04:10:00+00:00,296.75,333.0,295.45,318.65,93340.0,8713.0,NIFTY,2026-09-22,23550.0,PE,3
2026-09-17 04:15:00+00:00,316.8,323.4,299.0,305.05,25480.0,8829.0,NIFTY,2026-09-22,23550.0,PE,3
2026-09-17 04:20:00+00:00,305.55,309.1,286.0,289.3,31460.0,8867.0,NIFTY,2026-09-22,23550.0,PE,3
2026-09-17 04:25:00+00:00,288.9,296.4,282.7,288.0,49920.0,9273.0,NIFTY,2026-09-22,23550.0,PE,3
2026-09-17 04:30:00+00:00,288.2,292.8,276.05,280.0,24765.0,7687.0,NIFTY,2026-09-22,23550.0,PE,3
2026-09-17 04:35:00+00:00,277.0,277.95,262.4,264.8,61425.0,9791.0,NIFTY,2026-09-22,23550.0,PE,3
2026-09-17 04:40:00+00:00,264.15,265.7,253.0,260.55,57135.0,10260.0,NIFTY,2026-09-22,23550.0,PE,3
2026-09-17 04:45:00+00:00,260.0,270.4,255.25,270.4,44200.0,10712.0,NIFTY,2026-09-22,23550.0,PE,3
2026-09-17 04:50:00+00:00,271.4,278.65,264.4,278.6,38025.0,10912.0,NIFTY,2026-09-22,23550.0,PE,3
2026-09-17 04:55:00+00:00,278.75,282.5,274.25,277.0,33995.0,11101.0,NIFTY,2026-09-22,23550.0,PE,3
2026-09-17 05:00:00+00:00,275.1,291.3,274.3,289.8,42510.0,11263.0,NIFTY,2026-09-22,23550.0,PE,3
2026-09-17 05:05:00+00:00,289.1,293.6,272.9,286.7,30940.0,11219.0,NIFTY,2026-09-22,23550.0,PE,3
2026-09-17 05:10:00+00:00,288.6,299.0,286.15,297.9,28405.0,11199.0,NIFTY,2026-09-22,23550.0,PE,3
2026-09-17 05:15:00+00:00,298.7,304.8,292.35,300.55,23595.0,11113.0,NIFTY,2026-09-22,23550.0,PE,3
2026-09-17 05:20:00+00:00,300.1,301.0,292.2,297.65,19955.0,11008.0,NIFTY,2026-09-22,23550.0,PE,3
2026-09-17 05:25:00+00:00,295.65,301.2,284.45,301.2,22165.0,10990.0,NIFTY,2026-09-22,23550.0,PE,3
2026-09-17 05:30:00+00:00,301.05,330.0,301.05,328.85,106210.0,10141.0,NIFTY,2026-09-22,23550.0,PE,3
2026-09-17 05:35:00+00:00,328.7,352.55,328.7,345.55,78520.0,9794.0,NIFTY,2026-09-22,23550.0,PE,3
2026-09-17 05:40:00+00:00,350.0,354.7,331.7,341.7,39520.0,9892.0,NIFTY,2026-09-22,23550.0,PE,3
2026-09-17 05:45:00+00:00,340.0,340.9,318.5,319.8,30355.0,10133.0,NIFTY,2026-09-22,23550.0,PE,3
2026-09-17 05:50:00+00:00,315.7,324.0,307.3,315.0,35165.0,10215.0,NIFTY,2026-09-22,23550.0,PE,3
2026-09-17 05:55:00+00:00,315.8,327.1,313.4,319.95,21060.0,10264.0,NIFTY,2026-09-22,23550.0,PE,3
2026-09-17 06:00:00+00:00,320.3,329.4,308.9,311.75,26650.0,10359.0,NIFTY,2026-09-22,23550.0,PE,3
2026-09-17 06:05:00+00:00,315.9,318.15,309.45,310.25,10335.0,10223.0,NIFTY,2026-09-22,23550.0,PE,3
2026-09-17 06:10:00+00:00,309.35,311.5,288.0,291.25,40040.0,10126.0,NIFTY,2026-09-22,23550.0,PE,3
2026-09-17 06:15:00+00:00,290.5,303.75,287.1,292.3,32825.0,9979.0,NIFTY,2026-09-22,23550.0,PE,3
2026-09-17 06:20:00+00:00,292.55,297.15,273.7,282.0,39390.0,7934.0,NIFTY,2026-09-22,23550.0,PE,3
2026-09-17 06:25:00+00:00,280.25,281.6,257.25,258.05,60255.0,11662.0,NIFTY,2026-09-22,23550.0,PE,3
2026-09-17 06:30:00+00:00,258.95,268.95,254.0,264.9,54145.0,7616.0,NIFTY,2026-09-22,23550.0,PE,3
2026-09-17 06:35:00+00:00,265.1,265.85,232.6,237.6,102050.0,9971.0,NIFTY,2026-09-22,23550.0,PE,3
2026-09-17 06:40:00+00:00,237.3,238.7,227.65,235.1,59085.0,10913.0,NIFTY,2026-09-22,23550.0,PE,3
2026-09-17 06:45:00+00:00,234.65,238.9,224.3,230.95,67275.0,11939.0,NIFTY,2026-09-22,23550.0,PE,3
2026-09-17 06:50:00+00:00,230.3,232.35,216.15,224.7,78390.0,12918.0,NIFTY,2026-09-22,23550.0,PE,3
2026-09-17 06:55:00+00:00,224.35,232.6,223.4,230.65,45890.0,13658.0,NIFTY,2026-09-22,23550.0,PE,3
2026-09-17 07:00:00+00:00,230.6,236.35,227.5,230.0,48880.0,11016.0,NIFTY,2026-09-22,23550.0,PE,3
2026-09-17 07:05:00+00:00,228.9,229.55,218.35,222.4,53170.0,16829.0,NIFTY,2026-09-22,23550.0,PE,3
2026-09-17 07:10:00+00:00,222.0,232.0,219.45,230.9,41535.0,14487.0,NIFTY,2026-09-22,23550.0,PE,3
2026-09-17 07:15:00+00:00,230.5,240.25,228.95,240.25,60840.0,14779.0,NIFTY,2026-09-22,23550.0,PE,3
2026-09-17 07:20:00+00:00,238.95,241.5,229.0,234.7,58045.0,14778.0,NIFTY,2026-09-22,23550.0,PE,3
2026-09-17 07:25:00+00:00,235.4,238.45,231.65,234.9,21190.0,14564.0,NIFTY,2026-09-22,23550.0,PE,3
2026-09-17 07:30:00+00:00,233.1,244.05,229.85,242.7,46800.0,14682.0,NIFTY,2026-09-22,23550.0,PE,3
2026-09-17 07:35:00+00:00,242.55,246.0,237.75,238.95,46865.0,14644.0,NIFTY,2026-09-22,23550.0,PE,3
2026-09-17 07:40:00+00:00,240.15,249.0,240.0,246.1,29315.0,14780.0,NIFTY,2026-09-22,23550.0,PE,3
2026-09-17 07:45:00+00:00,246.2,251.45,242.0,246.55,38610.0,14658.0,NIFTY,2026-09-22,23550.0,PE,3
2026-09-17 07:50:00+00:00,248.2,256.95,242.9,255.95,43940.0,14487.0,NIFTY,2026-09-22,23550.0,PE,3
2026-09-17 07:55:00+00:00,256.25,299.05,256.05,298.65,179985.0,13869.0,NIFTY,2026-09-22,23550.0,PE,3
2026-09-17 08:00:00+00:00,300.3,311.75,294.6,306.5,101725.0,13417.0,NIFTY,2026-09-22,23550.0,PE,3
2026-09-17 08:05:00+00:00,307.45,318.15,301.7,305.95,69485.0,13168.0,NIFTY,2026-09-22,23550.0,PE,3
2026-09-17 08:10:00+00:00,305.85,305.85,290.65,303.1,48100.0,13153.0,NIFTY,2026-09-22,23550.0,PE,3
2026-09-17 08:15:00+00:00,302.0,303.95,290.75,298.35,37570.0,13111.0,NIFTY,2026-09-22,23550.0,PE,3
2026-09-17 08:20:00+00:00,298.0,305.6,291.0,300.35,34905.0,13215.0,NIFTY,2026-09-22,23550.0,PE,3
2026-09-17 08:25:00+00:00,299.45,301.1,294.05,301.0,26325.0,13356.0,NIFTY,2026-09-22,23550.0,PE,3
2026-09-17 08:30:00+00:00,299.5,305.55,293.5,293.5,19110.0,13321.0,NIFTY,2026-09-22,23550.0,PE,3
2026-09-17 08:35:00+00:00,294.25,299.9,282.65,287.1,28145.0,10653.0,NIFTY,2026-09-22,23550.0,PE,3
2026-09-17 08:40:00+00:00,285.4,296.45,284.0,291.75,27495.0,13325.0,NIFTY,2026-09-22,23550.0,PE,3
2026-09-17 08:45:00+00:00,292.2,299.4,277.1,285.95,39780.0,13379.0,NIFTY,2026-09-22,23550.0,PE,3
2026-09-17 08:50:00+00:00,287.0,287.25,274.1,280.65,19370.0,13439.0,NIFTY,2026-09-22,23550.0,PE,3
2026-09-17 08:55:00+00:00,283.0,299.95,283.0,285.4,38025.0,10671.0,NIFTY,2026-09-22,23550.0,PE,3
2026-09-17 09:00:00+00:00,286.1,295.5,282.75,293.2,7540.0,13284.0,NIFTY,2026-09-22,23550.0,PE,3
2026-09-17 09:05:00+00:00,292.0,293.7,260.7,267.6,61620.0,13182.0,NIFTY,2026-09-22,23550.0,PE,3
2026-09-17 09:10:00+00:00,269.55,288.0,268.55,286.0,33410.0,13091.0,NIFTY,2026-09-22,23550.0,PE,3
2026-09-17 09:15:00+00:00,284.3,284.3,269.1,274.05,26975.0,12988.0,NIFTY,2026-09-22,23550.0,PE,3
2026-09-17 09:20:00+00:00,274.45,279.75,271.75,278.65,31070.0,12585.0,NIFTY,2026-09-22,23550.0,PE,3
2026-09-17 09:25:00+00:00,282.0,290.75,279.8,288.05,22555.0,10072.0,NIFTY,2026-09-22,23550.0,PE,3
2026-09-17 09:30:00+00:00,290.0,294.05,276.55,284.0,26130.0,12531.0,NIFTY,2026-09-22,23550.0,PE,3
2026-09-17 09:35:00+00:00,284.95,285.55,272.85,278.35,22815.0,12396.0,NIFTY,2026-09-22,23550.0,PE,3
2026-09-17 09:40:00+00:00,279.0,283.6,264.4,266.95,33150.0,12012.0,NIFTY,2026-09-22,23550.0,PE,3
2026-09-17 09:45:00+00:00,270.1,273.0,260.45,268.3,18525.0,11573.0,NIFTY,2026-09-22,23550.0,PE,3
2026-09-17 09:50:00+00:00,264.55,275.0,263.6,266.25,34450.0,11255.0,NIFTY,2026-09-22,23550.0,PE,3
2026-09-17 09:55:00+00:00,267.25,273.0,263.85,272.65,28470.0,10975.0,NIFTY,2026-09-22,23550.0,PE,3
2026-09-17 10:00:00+00:00,273.0,273.65,264.05,264.8,96590.0,11990.0,NIFTY,2026-09-22,23550.0,PE,3
2026-09-17 10:05:00+00:00,265.45,265.45,247.35,251.6,59345.0,13945.0,NIFTY,2026-09-22,23550.0,PE,3
2026-09-18 03:45:00+00:00,230.05,253.3,220.25,246.65,366080.0,16593.0,NIFTY,2026-09-22,23550.0,PE,3
2026-09-18 03:50:00+00:00,247.75,261.7,239.75,245.45,181285.0,18876.0,NIFTY,2026-09-22,23550.0,PE,3
2026-09-18 03:55:00+00:00,245.0,270.0,245.0,264.15,210600.0,20774.0,NIFTY,2026-09-22,23550.0,PE,3
2026-09-18 04:00:00+00:00,264.1,276.0,260.0,273.3,169715.0,21730.0,NIFTY,2026-09-22,23550.0,PE,3
2026-09-18 04:05:00+00:00,274.8,277.0,250.5,252.25,181545.0,21850.0,NIFTY,2026-09-22,23550.0,PE,3
2026-09-18 04:10:00+00:00,252.35,265.05,246.55,254.5,107380.0,22298.0,NIFTY,2026-09-22,23550.0,PE,3
2026-09-18 04:15:00+00:00,255.0,263.8,246.0,258.65,96785.0,23061.0,NIFTY,2026-09-22,23550.0,PE,3
2026-09-18 04:20:00+00:00,258.2,263.0,244.55,245.1,115635.0,23296.0,NIFTY,2026-09-22,23550.0,PE,3
2026-09-18 04:25:00+00:00,244.75,251.95,237.3,242.6,134225.0,23429.0,NIFTY,2026-09-22,23550.0,PE,3
2026-09-18 04:30:00+00:00,242.7,250.55,238.0,248.75,101075.0,24198.0,NIFTY,2026-09-22,23550.0,PE,3
2026-09-18 04:35:00+00:00,248.5,255.95,237.9,242.8,124800.0,24314.0,NIFTY,2026-09-22,23550.0,PE,3
2026-09-18 04:40:00+00:00,241.65,245.2,236.4,239.4,86385.0,24692.0,NIFTY,2026-09-22,23550.0,PE,3
2026-09-18 04:45:00+00:00,238.6,249.45,236.0,247.8,71760.0,25152.0,NIFTY,2026-09-22,23550.0,PE,3
2026-09-18 04:50:00+00:00,248.25,257.95,241.4,255.35,78975.0,20027.0,NIFTY,2026-09-22,23550.0,PE,3
2026-09-18 04:55:00+00:00,256.05,264.35,249.0,252.45,148525.0,24471.0,NIFTY,2026-09-22,23550.0,PE,3
2026-09-18 05:00:00+00:00,252.3,263.2,247.6,259.4,90870.0,24215.0,NIFTY,2026-09-22,23550.0,PE,3
2026-09-18 05:05:00+00:00,259.1,264.8,253.05,261.15,65650.0,24102.0,NIFTY,2026-09-22,23550.0,PE,3
2026-09-18 05:10:00+00:00,263.95,268.85,256.2,259.1,82810.0,23871.0,NIFTY,2026-09-22,23550.0,PE,3
2026-09-18 05:15:00+00:00,260.2,267.4,256.7,261.05,43030.0,23946.0,NIFTY,2026-09-22,23550.0,PE,3
2026-09-18 05:20:00+00:00,260.75,261.95,249.65,256.55,62010.0,24178.0,NIFTY,2026-09-22,23550.0,PE,3
2026-09-18 05:25:00+00:00,258.0,259.45,250.8,255.9,49400.0,24785.0,NIFTY,2026-09-22,23550.0,PE,3
2026-09-18 05:30:00+00:00,256.25,264.0,250.8,262.9,51155.0,24735.0,NIFTY,2026-09-22,23550.0,PE,3
2026-09-18 05:35:00+00:00,262.65,272.6,255.3,256.85,99645.0,24092.0,NIFTY,2026-09-22,23550.0,PE,3
2026-09-18 05:40:00+00:00,257.2,265.0,254.7,260.5,49855.0,23575.0,NIFTY,2026-09-22,23550.0,PE,3
2026-09-18 05:45:00+00:00,260.65,269.15,258.3,268.3,58825.0,23728.0,NIFTY,2026-09-22,23550.0,PE,3
2026-09-18 05:50:00+00:00,267.75,267.75,257.1,261.5,86840.0,23847.0,NIFTY,2026-09-22,23550.0,PE,3
2026-09-18 05:55:00+00:00,263.2,269.2,262.45,265.35,29250.0,23388.0,NIFTY,2026-09-22,23550.0,PE,3
2026-09-18 06:00:00+00:00,265.4,273.6,259.55,265.65,94575.0,22952.0,NIFTY,2026-09-22,23550.0,PE,3
2026-09-18 06:05:00+00:00,266.1,267.65,262.15,262.9,35555.0,23138.0,NIFTY,2026-09-22,23550.0,PE,3
2026-09-18 06:10:00+00:00,263.9,267.0,260.6,265.0,33410.0,23227.0,NIFTY,2026-09-22,23550.0,PE,3
2026-09-18 06:15:00+00:00,263.25,265.25,253.5,254.7,59800.0,23478.0,NIFTY,2026-09-22,23550.0,PE,3
2026-09-18 06:20:00+00:00,255.85,257.15,238.15,243.45,110630.0,19531.0,NIFTY,2026-09-22,23550.0,PE,3
2026-09-18 06:25:00+00:00,243.65,246.45,233.45,243.2,109070.0,24605.0,NIFTY,2026-09-22,23550.0,PE,3
2026-09-18 06:30:00+00:00,243.7,247.2,232.0,245.9,96915.0,25035.0,NIFTY,2026-09-22,23550.0,PE,3
2026-09-18 06:35:00+00:00,246.35,250.95,241.8,247.0,67080.0,24588.0,NIFTY,2026-09-22,23550.0,PE,3
2026-09-18 06:40:00+00:00,246.6,246.75,239.0,242.0,40690.0,24607.0,NIFTY,2026-09-22,23550.0,PE,3
2026-09-18 06:45:00+00:00,242.4,248.0,240.7,246.25,26975.0,19567.0,NIFTY,2026-09-22,23550.0,PE,3
2026-09-18 06:50:00+00:00,247.25,250.95,241.25,244.85,54730.0,29230.0,NIFTY,2026-09-22,23550.0,PE,3
2026-09-18 06:55:00+00:00,245.45,248.8,239.05,239.6,61880.0,24511.0,NIFTY,2026-09-22,23550.0,PE,3
2026-09-18 07:00:00+00:00,238.05,242.6,236.15,240.75,46215.0,24726.0,NIFTY,2026-09-22,23550.0,PE,3
2026-09-18 07:05:00+00:00,240.05,240.1,228.4,237.55,130260.0,20257.0,NIFTY,2026-09-22,23550.0,PE,3
2026-09-18 07:10:00+00:00,236.5,236.5,227.3,233.6,81055.0,25697.0,NIFTY,2026-09-22,23550.0,PE,3
2026-09-18 07:15:00+00:00,233.8,238.8,231.55,237.1,53755.0,26458.0,NIFTY,2026-09-22,23550.0,PE,3
2026-09-18 07:20:00+00:00,237.5,239.9,232.4,233.0,32045.0,26419.0,NIFTY,2026-09-22,23550.0,PE,3
2026-09-18 07:25:00+00:00,232.8,237.0,228.95,230.15,48945.0,26523.0,NIFTY,2026-09-22,23550.0,PE,3
2026-09-18 07:30:00+00:00,229.75,232.0,219.1,222.95,92690.0,27030.0,NIFTY,2026-09-22,23550.0,PE,3
2026-09-18 07:35:00+00:00,222.75,227.4,221.95,224.0,75010.0,28146.0,NIFTY,2026-09-22,23550.0,PE,3
2026-09-18 07:40:00+00:00,224.25,233.5,224.25,231.0,68055.0,28354.0,NIFTY,2026-09-22,23550.0,PE,3
2026-09-18 07:45:00+00:00,230.9,238.9,230.9,237.0,84305.0,28195.0,NIFTY,2026-09-22,23550.0,PE,3
2026-09-18 07:50:00+00:00,238.0,240.85,230.0,233.65,82095.0,27835.0,NIFTY,2026-09-22,23550.0,PE,3
2026-09-18 07:55:00+00:00,232.45,237.0,230.0,235.0,34775.0,27809.0,NIFTY,2026-09-22,23550.0,PE,3
2026-09-18 08:00:00+00:00,233.95,240.65,228.0,236.2,74750.0,27402.0,NIFTY,2026-09-22,23550.0,PE,3
2026-09-18 08:05:00+00:00,235.65,240.3,231.7,237.75,58955.0,26516.0,NIFTY,2026-09-22,23550.0,PE,3
2026-09-18 08:10:00+00:00,238.35,251.4,237.85,251.4,132795.0,25803.0,NIFTY,2026-09-22,23550.0,PE,3
2026-09-18 08:15:00+00:00,250.85,254.55,241.6,247.9,114270.0,23039.0,NIFTY,2026-09-22,23550.0,PE,3
2026-09-18 08:20:00+00:00,247.0,247.0,233.0,234.55,78715.0,22265.0,NIFTY,2026-09-22,23550.0,PE,3
2026-09-18 08:25:00+00:00,234.0,239.0,231.05,238.55,42640.0,22422.0,NIFTY,2026-09-22,23550.0,PE,3
2026-09-18 08:30:00+00:00,238.65,239.4,229.35,230.5,45370.0,17988.0,NIFTY,2026-09-22,23550.0,PE,3
2026-09-18 08:35:00+00:00,230.85,230.85,215.0,219.25,153790.0,22279.0,NIFTY,2026-09-22,23550.0,PE,3
2026-09-18 08:40:00+00:00,219.85,224.5,213.2,223.8,160615.0,24529.0,NIFTY,2026-09-22,23550.0,PE,3
2026-09-18 08:45:00+00:00,223.4,224.65,216.45,219.3,98085.0,25533.0,NIFTY,2026-09-22,23550.0,PE,3
2026-09-18 08:50:00+00:00,219.15,220.85,214.65,220.0,65000.0,26644.0,NIFTY,2026-09-22,23550.0,PE,3
2026-09-18 08:55:00+00:00,220.1,221.15,206.45,206.6,191425.0,27279.0,NIFTY,2026-09-22,23550.0,PE,3
2026-09-18 09:00:00+00:00,206.45,208.3,196.3,202.05,274625.0,29149.0,NIFTY,2026-09-22,23550.0,PE,3
2026-09-18 09:05:00+00:00,201.9,208.5,201.45,207.2,135525.0,30358.0,NIFTY,2026-09-22,23550.0,PE,3
2026-09-18 09:10:00+00:00,207.55,218.2,207.55,217.6,183495.0,29341.0,NIFTY,2026-09-22,23550.0,PE,3
2026-09-18 09:15:00+00:00,218.15,218.85,205.35,207.4,157950.0,26728.0,NIFTY,2026-09-22,23550.0,PE,3
2026-09-18 09:20:00+00:00,207.0,208.05,189.95,195.0,246415.0,26524.0,NIFTY,2026-09-22,23550.0,PE,3
2026-09-18 09:25:00+00:00,195.55,200.0,188.95,192.65,175565.0,27787.0,NIFTY,2026-09-22,23550.0,PE,3
2026-09-18 09:30:00+00:00,194.8,207.9,194.8,205.45,209365.0,27135.0,NIFTY,2026-09-22,23550.0,PE,3
2026-09-18 09:35:00+00:00,205.55,217.05,199.9,213.6,228930.0,25507.0,NIFTY,2026-09-22,23550.0,PE,3
2026-09-18 09:40:00+00:00,214.8,216.95,207.5,213.9,172770.0,23073.0,NIFTY,2026-09-22,23550.0,PE,3
2026-09-18 09:45:00+00:00,212.9,218.0,207.65,214.0,117260.0,20902.0,NIFTY,2026-09-22,23550.0,PE,3
2026-09-18 09:50:00+00:00,213.7,221.35,212.15,218.9,339365.0,18552.0,NIFTY,2026-09-22,23550.0,PE,3
2026-09-18 09:55:00+00:00,218.8,218.8,203.2,210.5,115635.0,15219.0,NIFTY,2026-09-22,23550.0,PE,3
2026-09-18 10:00:00+00:00,211.0,219.65,209.75,217.9,124150.0,14550.0,NIFTY,2026-09-22,23550.0,PE,3
2026-09-18 10:05:00+00:00,218.0,218.1,212.65,213.65,100490.0,13897.0,NIFTY,2026-09-22,23550.0,PE,3
2026-09-21 03:45:00+00:00,210.5,218.4,181.0,188.5,544310.0,17372.0,NIFTY,2026-09-22,23550.0,PE,3
2026-09-21 03:50:00+00:00,187.4,193.45,182.15,189.85,389545.0,24263.0,NIFTY,2026-09-22,23550.0,PE,3
2026-09-21 03:55:00+00:00,190.25,193.0,173.3,176.45,399230.0,28418.0,NIFTY,2026-09-22,23550.0,PE,3
2026-09-21 04:00:00+00:00,174.65,179.5,169.2,176.15,439790.0,35201.0,NIFTY,2026-09-22,23550.0,PE,3
2026-09-21 04:05:00+00:00,175.8,182.4,168.8,180.5,361660.0,38960.0,NIFTY,2026-09-22,23550.0,PE,3
2026-09-21 04:10:00+00:00,180.3,186.4,177.15,180.15,433355.0,41718.0,NIFTY,2026-09-22,23550.0,PE,3
2026-09-21 04:15:00+00:00,180.35,180.45,167.3,173.4,417755.0,43125.0,NIFTY,2026-09-22,23550.0,PE,3
2026-09-21 04:20:00+00:00,172.85,178.3,168.5,177.45,272610.0,47018.0,NIFTY,2026-09-22,23550.0,PE,3
2026-09-21 04:25:00+00:00,177.2,182.0,169.3,176.85,384865.0,48495.0,NIFTY,2026-09-22,23550.0,PE,3
2026-09-21 04:30:00+00:00,176.45,191.35,175.0,187.55,463905.0,49117.0,NIFTY,2026-09-22,23550.0,PE,3
2026-09-21 04:35:00+00:00,187.75,194.0,183.7,185.7,376935.0,44489.0,NIFTY,2026-09-22,23550.0,PE,3
2026-09-21 04:40:00+00:00,186.2,193.75,176.5,192.7,443235.0,44408.0,NIFTY,2026-09-22,23550.0,PE,3
2026-09-21 04:45:00+00:00,193.5,197.3,187.6,194.2,450710.0,46419.0,NIFTY,2026-09-22,23550.0,PE,3
2026-09-21 04:50:00+00:00,194.25,196.1,188.45,193.3,240110.0,46348.0,NIFTY,2026-09-22,23550.0,PE,3
2026-09-21 04:55:00+00:00,193.2,200.3,190.5,192.1,489385.0,44675.0,NIFTY,2026-09-22,23550.0,PE,3
2026-09-21 05:00:00+00:00,193.45,201.1,191.3,198.5,315315.0,44229.0,NIFTY,2026-09-22,23550.0,PE,3
2026-09-21 05:05:00+00:00,198.75,201.1,195.05,200.55,171730.0,44278.0,NIFTY,2026-09-22,23550.0,PE,3
2026-09-21 05:10:00+00:00,201.3,201.3,188.45,189.7,251030.0,43393.0,NIFTY,2026-09-22,23550.0,PE,3
2026-09-21 05:15:00+00:00,189.1,192.0,181.6,188.05,402285.0,44023.0,NIFTY,2026-09-22,23550.0,PE,3
2026-09-21 05:20:00+00:00,187.1,188.0,178.35,180.8,169390.0,45078.0,NIFTY,2026-09-22,23550.0,PE,3
2026-09-21 05:25:00+00:00,180.45,186.7,179.2,179.2,136565.0,45268.0,NIFTY,2026-09-22,23550.0,PE,3
2026-09-21 05:30:00+00:00,179.6,185.0,177.6,180.2,174915.0,45199.0,NIFTY,2026-09-22,23550.0,PE,3
2026-09-21 05:35:00+00:00,179.2,181.75,173.55,174.75,215150.0,45825.0,NIFTY,2026-09-22,23550.0,PE,3
2026-09-21 05:40:00+00:00,174.0,175.35,169.7,172.6,209105.0,46965.0,NIFTY,2026-09-22,23550.0,PE,3
2026-09-21 05:45:00+00:00,172.05,181.45,171.0,177.85,306280.0,49580.0,NIFTY,2026-09-22,23550.0,PE,3
2026-09-21 05:50:00+00:00,178.15,180.25,171.7,174.1,200720.0,51843.0,NIFTY,2026-09-22,23550.0,PE,3
2026-09-21 05:55:00+00:00,173.95,176.45,171.3,173.4,117780.0,52844.0,NIFTY,2026-09-22,23550.0,PE,3
2026-09-21 06:00:00+00:00,173.0,173.0,163.05,166.45,365170.0,54386.0,NIFTY,2026-09-22,23550.0,PE,3
2026-09-21 06:05:00+00:00,166.0,173.0,166.0,173.0,248820.0,55403.0,NIFTY,2026-09-22,23550.0,PE,3
2026-09-21 06:10:00+00:00,173.35,174.6,166.45,168.1,227565.0,55987.0,NIFTY,2026-09-22,23550.0,PE,3
2026-09-21 06:15:00+00:00,167.55,173.9,167.4,171.85,300885.0,57380.0,NIFTY,2026-09-22,23550.0,PE,3
2026-09-21 06:20:00+00:00,172.0,172.8,156.55,157.0,403975.0,57119.0,NIFTY,2026-09-22,23550.0,PE,3
2026-09-21 06:25:00+00:00,157.25,159.4,150.05,154.45,591695.0,60039.0,NIFTY,2026-09-22,23550.0,PE,3
2026-09-21 06:30:00+00:00,154.25,158.35,149.7,154.65,590460.0,64580.0,NIFTY,2026-09-22,23550.0,PE,3
2026-09-21 06:35:00+00:00,154.15,159.85,153.35,158.0,424255.0,67544.0,NIFTY,2026-09-22,23550.0,PE,3
2026-09-21 06:40:00+00:00,158.15,160.45,154.9,155.5,246090.0,67088.0,NIFTY,2026-09-22,23550.0,PE,3
2026-09-21 06:45:00+00:00,155.45,158.9,154.5,157.0,144950.0,67761.0,NIFTY,2026-09-22,23550.0,PE,3
2026-09-21 06:50:00+00:00,156.65,159.8,152.65,157.95,267215.0,68448.0,NIFTY,2026-09-22,23550.0,PE,3
2026-09-21 06:55:00+00:00,157.85,159.0,153.65,154.05,143715.0,55408.0,NIFTY,2026-09-22,23550.0,PE,3
2026-09-21 07:00:00+00:00,154.45,159.0,152.0,155.6,250250.0,69438.0,NIFTY,2026-09-22,23550.0,PE,3
2026-09-21 07:05:00+00:00,155.0,160.0,154.5,158.2,283855.0,69682.0,NIFTY,2026-09-22,23550.0,PE,3
2026-09-21 07:10:00+00:00,158.7,163.4,156.1,156.5,445055.0,68545.0,NIFTY,2026-09-22,23550.0,PE,3
2026-09-21 07:15:00+00:00,156.9,160.7,154.8,158.9,198705.0,68565.0,NIFTY,2026-09-22,23550.0,PE,3
2026-09-21 07:20:00+00:00,159.95,161.7,156.4,157.25,172055.0,68604.0,NIFTY,2026-09-22,23550.0,PE,3
2026-09-21 07:25:00+00:00,157.15,160.5,155.4,160.2,92625.0,68684.0,NIFTY,2026-09-22,23550.0,PE,3
2026-09-21 07:30:00+00:00,160.25,166.05,157.4,163.5,350415.0,68082.0,NIFTY,2026-09-22,23550.0,PE,3
2026-09-21 07:35:00+00:00,163.85,169.65,161.25,169.1,416585.0,67990.0,NIFTY,2026-09-22,23550.0,PE,3
2026-09-21 07:40:00+00:00,168.8,171.55,163.0,163.85,427700.0,65305.0,NIFTY,2026-09-22,23550.0,PE,3
2026-09-21 07:45:00+00:00,164.3,164.3,149.1,150.5,595400.0,63224.0,NIFTY,2026-09-22,23550.0,PE,3
2026-09-21 07:50:00+00:00,149.95,153.0,145.75,149.7,448695.0,65840.0,NIFTY,2026-09-22,23550.0,PE,3
2026-09-21 07:55:00+00:00,149.75,150.1,144.2,146.75,338975.0,68867.0,NIFTY,2026-09-22,23550.0,PE,3
2026-09-21 08:00:00+00:00,147.0,149.45,140.0,140.0,396240.0,71363.0,NIFTY,2026-09-22,23550.0,PE,3
2026-09-21 08:05:00+00:00,139.7,145.5,139.7,144.65,297310.0,74425.0,NIFTY,2026-09-22,23550.0,PE,3
2026-09-21 08:10:00+00:00,144.95,149.9,143.9,147.2,422825.0,73145.0,NIFTY,2026-09-22,23550.0,PE,3
2026-09-21 08:15:00+00:00,147.15,149.45,145.0,145.0,208715.0,74198.0,NIFTY,2026-09-22,23550.0,PE,3
2026-09-21 08:20:00+00:00,144.2,144.75,137.75,141.3,488410.0,75201.0,NIFTY,2026-09-22,23550.0,PE,3
2026-09-21 08:25:00+00:00,141.15,141.15,115.85,121.1,1362595.0,79771.0,NIFTY,2026-09-22,23550.0,PE,3
2026-09-21 08:30:00+00:00,119.7,125.35,119.0,124.25,1055015.0,96639.0,NIFTY,2026-09-22,23550.0,PE,3
2026-09-21 08:35:00+00:00,124.95,127.1,122.25,125.25,855855.0,102508.0,NIFTY,2026-09-22,23550.0,PE,3
2026-09-21 08:40:00+00:00,125.7,128.25,122.05,126.6,733330.0,105811.0,NIFTY,2026-09-22,23550.0,PE,3
2026-09-21 08:45:00+00:00,126.2,128.35,120.65,121.55,740805.0,107759.0,NIFTY,2026-09-22,23550.0,PE,3
2026-09-21 08:50:00+00:00,121.85,125.9,119.0,124.1,743405.0,112597.0,NIFTY,2026-09-22,23550.0,PE,3
2026-09-21 08:55:00+00:00,124.2,128.45,121.05,126.8,698360.0,111892.0,NIFTY,2026-09-22,23550.0,PE,3
2026-09-21 09:00:00+00:00,126.65,131.75,126.65,130.0,923325.0,106938.0,NIFTY,2026-09-22,23550.0,PE,3
2026-09-21 09:05:00+00:00,129.9,132.0,124.0,127.35,763035.0,102159.0,NIFTY,2026-09-22,23550.0,PE,3
2026-09-21 09:10:00+00:00,126.85,127.9,124.25,126.1,379925.0,101496.0,NIFTY,2026-09-22,23550.0,PE,3
2026-09-21 09:15:00+00:00,126.3,129.0,123.85,125.65,336375.0,101719.0,NIFTY,2026-09-22,23550.0,PE,3
2026-09-21 09:20:00+00:00,126.0,128.5,123.25,126.4,491465.0,101385.0,NIFTY,2026-09-22,23550.0,PE,3
2026-09-21 09:25:00+00:00,126.5,129.95,123.75,128.55,452465.0,100074.0,NIFTY,2026-09-22,23550.0,PE,3
2026-09-21 09:30:00+00:00,129.8,133.95,126.45,130.15,979680.0,96502.0,NIFTY,2026-09-22,23550.0,PE,3
2026-09-21 09:35:00+00:00,130.75,133.85,128.05,131.0,885820.0,92835.0,NIFTY,2026-09-22,23550.0,PE,3
2026-09-21 09:40:00+00:00,130.85,134.6,129.35,131.8,747045.0,84401.0,NIFTY,2026-09-22,23550.0,PE,3
2026-09-21 09:45:00+00:00,131.65,132.3,122.1,125.0,711945.0,74551.0,NIFTY,2026-09-22,23550.0,PE,3
2026-09-21 09:50:00+00:00,127.1,130.0,123.8,126.35,647725.0,68296.0,NIFTY,2026-09-22,23550.0,PE,3
2026-09-21 09:55:00+00:00,126.0,133.2,125.85,131.0,628160.0,62987.0,NIFTY,2026-09-22,23550.0,PE,3
2026-09-21 10:00:00+00:00,131.15,131.95,123.5,125.25,410345.0,54257.0,NIFTY,2026-09-22,23550.0,PE,3
2026-09-21 10:05:00+00:00,125.3,126.15,121.7,122.9,472225.0,46531.0,NIFTY,2026-09-22,23550.0,PE,3
2026-09-22 03:45:00+00:00,112.2,132.0,87.2,121.8,4491370.0,68920.0,NIFTY,2026-09-22,23550.0,PE,3
2026-09-22 03:50:00+00:00,121.7,128.4,114.65,118.8,2458300.0,106585.0,NIFTY,2026-09-22,23550.0,PE,3
2026-09-22 03:55:00+00:00,119.3,132.0,112.75,113.65,3507985.0,127821.0,NIFTY,2026-09-22,23550.0,PE,3
2026-09-22 04:00:00+00:00,113.3,126.9,110.2,123.2,2823340.0,142177.0,NIFTY,2026-09-22,23550.0,PE,3
2026-09-22 04:05:00+00:00,122.65,127.8,111.85,114.85,2328300.0,151939.0,NIFTY,2026-09-22,23550.0,PE,3
2026-09-22 04:10:00+00:00,115.15,117.45,104.05,106.75,2464670.0,163590.0,NIFTY,2026-09-22,23550.0,PE,3
2026-09-22 04:15:00+00:00,106.6,111.75,102.25,110.05,1851720.0,174292.0,NIFTY,2026-09-22,23550.0,PE,3
2026-09-22 04:20:00+00:00,109.65,113.05,104.9,107.7,1613625.0,181190.0,NIFTY,2026-09-22,23550.0,PE,3
2026-09-22 04:25:00+00:00,107.45,112.7,105.7,106.1,1291680.0,187147.0,NIFTY,2026-09-22,23550.0,PE,3
2026-09-22 04:30:00+00:00,106.45,110.0,101.4,105.75,1835535.0,195581.0,NIFTY,2026-09-22,23550.0,PE,3
2026-09-22 04:35:00+00:00,105.65,108.9,97.7,99.45,1932775.0,202709.0,NIFTY,2026-09-22,23550.0,PE,3
2026-09-22 04:40:00+00:00,99.4,104.85,97.3,102.25,1801280.0,205778.0,NIFTY,2026-09-22,23550.0,PE,3
2026-09-22 04:45:00+00:00,102.65,107.55,101.75,105.3,1484730.0,211718.0,NIFTY,2026-09-22,23550.0,PE,3
2026-09-22 04:50:00+00:00,105.2,121.8,104.8,117.45,3842475.0,205250.0,NIFTY,2026-09-22,23550.0,PE,3
2026-09-22 04:55:00+00:00,118.05,123.75,116.0,121.2,2484755.0,190851.0,NIFTY,2026-09-22,23550.0,PE,3
2026-09-22 05:00:00+00:00,121.05,142.5,120.05,136.7,4815655.0,160922.0,NIFTY,2026-09-22,23550.0,PE,3
2026-09-22 05:05:00+00:00,137.45,152.55,137.45,150.85,3363750.0,138730.0,NIFTY,2026-09-22,23550.0,PE,3
2026-09-22 05:10:00+00:00,152.1,187.55,144.2,176.7,3654300.0,107360.0,NIFTY,2026-09-22,23550.0,PE,3
2026-09-22 05:15:00+00:00,176.85,183.75,169.7,179.7,1204580.0,91698.0,NIFTY,2026-09-22,23550.0,PE,3
2026-09-22 05:20:00+00:00,180.05,191.9,179.7,180.25,1330095.0,85308.0,NIFTY,2026-09-22,23550.0,PE,3
2026-09-22 05:25:00+00:00,180.6,183.6,169.4,169.95,605800.0,80759.0,NIFTY,2026-09-22,23550.0,PE,3
2026-09-22 05:30:00+00:00,170.1,185.55,169.7,182.35,665990.0,82056.0,NIFTY,2026-09-22,23550.0,PE,3
2026-09-22 05:35:00+00:00,182.4,185.45,175.5,177.6,625755.0,82358.0,NIFTY,2026-09-22,23550.0,PE,3
2026-09-22 05:40:00+00:00,177.55,178.0,162.5,164.5,504010.0,80999.0,NIFTY,2026-09-22,23550.0,PE,3
2026-09-22 05:45:00+00:00,163.8,172.85,159.8,170.6,637520.0,80730.0,NIFTY,2026-09-22,23550.0,PE,3
2026-09-22 05:50:00+00:00,169.4,173.5,157.8,159.05,553930.0,83047.0,NIFTY,2026-09-22,23550.0,PE,3
2026-09-22 05:55:00+00:00,160.85,166.9,155.8,164.75,527800.0,85417.0,NIFTY,2026-09-22,23550.0,PE,3
2026-09-22 06:00:00+00:00,164.65,179.95,164.65,179.05,826085.0,82173.0,NIFTY,2026-09-22,23550.0,PE,3
2026-09-22 06:05:00+00:00,179.5,189.25,176.2,186.5,750100.0,81028.0,NIFTY,2026-09-22,23550.0,PE,3
2026-09-22 06:10:00+00:00,185.6,191.55,181.8,184.0,632255.0,78557.0,NIFTY,2026-09-22,23550.0,PE,3
2026-09-22 06:15:00+00:00,185.15,201.9,184.75,197.0,1035450.0,74312.0,NIFTY,2026-09-22,23550.0,PE,3
2026-09-22 06:20:00+00:00,197.7,204.75,194.0,203.7,597220.0,70749.0,NIFTY,2026-09-22,23550.0,PE,3
2026-09-22 06:25:00+00:00,204.1,213.95,196.35,199.05,692900.0,66032.0,NIFTY,2026-09-22,23550.0,PE,3
2026-09-22 06:30:00+00:00,199.75,204.35,195.25,196.85,280345.0,52893.0,NIFTY,2026-09-22,23550.0,PE,3
2026-09-22 06:35:00+00:00,197.85,200.5,189.1,191.9,319930.0,66591.0,NIFTY,2026-09-22,23550.0,PE,3
2026-09-22 06:40:00+00:00,191.35,201.0,190.05,200.35,274430.0,67052.0,NIFTY,2026-09-22,23550.0,PE,3
2026-09-22 06:45:00+00:00,200.9,205.6,187.85,189.8,339170.0,66168.0,NIFTY,2026-09-22,23550.0,PE,3
2026-09-22 06:50:00+00:00,189.0,196.85,186.85,195.65,229385.0,66673.0,NIFTY,2026-09-22,23550.0,PE,3
2026-09-22 06:55:00+00:00,196.1,197.7,188.8,197.0,212420.0,67098.0,NIFTY,2026-09-22,23550.0,PE,3
2026-09-22 07:00:00+00:00,196.6,202.8,193.6,194.85,239005.0,66265.0,NIFTY,2026-09-22,23550.0,PE,3
2026-09-22 07:05:00+00:00,194.0,198.85,191.75,195.65,120120.0,65793.0,NIFTY,2026-09-22,23550.0,PE,3
2026-09-22 07:10:00+00:00,196.95,207.0,193.0,206.8,281710.0,64920.0,NIFTY,2026-09-22,23550.0,PE,3
2026-09-22 07:15:00+00:00,207.0,213.45,202.35,213.0,525915.0,61777.0,NIFTY,2026-09-22,23550.0,PE,3
2026-09-22 07:20:00+00:00,213.3,221.5,212.05,219.85,527150.0,60806.0,NIFTY,2026-09-22,23550.0,PE,3
2026-09-22 07:25:00+00:00,220.0,226.8,216.2,220.85,427570.0,55083.0,NIFTY,2026-09-22,23550.0,PE,3
2026-09-22 07:30:00+00:00,221.15,231.2,220.35,226.95,333775.0,52103.0,NIFTY,2026-09-22,23550.0,PE,3
2026-09-22 07:35:00+00:00,227.1,227.5,212.3,213.15,183690.0,51195.0,NIFTY,2026-09-22,23550.0,PE,3
2026-09-22 07:40:00+00:00,214.0,220.05,212.5,215.45,153270.0,41118.0,NIFTY,2026-09-22,23550.0,PE,3
2026-09-22 07:45:00+00:00,215.75,227.1,210.0,221.0,225030.0,51607.0,NIFTY,2026-09-22,23550.0,PE,3
2026-09-22 07:50:00+00:00,221.65,227.95,220.15,220.6,177710.0,51539.0,NIFTY,2026-09-22,23550.0,PE,3
2026-09-22 07:55:00+00:00,220.65,226.1,216.35,218.4,116480.0,51218.0,NIFTY,2026-09-22,23550.0,PE,3
2026-09-22 08:00:00+00:00,217.95,220.0,210.7,213.3,148720.0,51569.0,NIFTY,2026-09-22,23550.0,PE,3
2026-09-22 08:05:00+00:00,213.45,217.45,210.9,214.75,78065.0,51309.0,NIFTY,2026-09-22,23550.0,PE,3
2026-09-22 08:10:00+00:00,214.0,220.6,204.0,220.1,223145.0,51216.0,NIFTY,2026-09-22,23550.0,PE,3
2026-09-22 08:15:00+00:00,219.85,237.95,219.5,230.0,404430.0,50280.0,NIFTY,2026-09-22,23550.0,PE,3
2026-09-22 08:20:00+00:00,229.05,258.35,229.05,253.1,431600.0,47550.0,NIFTY,2026-09-22,23550.0,PE,3
2026-09-22 08:25:00+00:00,251.4,257.05,240.5,255.15,212810.0,45204.0,NIFTY,2026-09-22,23550.0,PE,3
2026-09-22 08:30:00+00:00,255.45,274.3,254.4,255.2,268645.0,44116.0,NIFTY,2026-09-22,23550.0,PE,3
2026-09-22 08:35:00+00:00,256.4,264.7,245.0,245.85,200005.0,44094.0,NIFTY,2026-09-22,23550.0,PE,3
2026-09-22 08:40:00+00:00,245.6,249.7,175.2,178.75,551980.0,42525.0,NIFTY,2026-09-22,23550.0,PE,3
2026-09-22 08:45:00+00:00,174.75,193.75,148.6,168.7,1119690.0,44150.0,NIFTY,2026-09-22,23550.0,PE,3
2026-09-22 08:50:00+00:00,168.5,176.8,147.0,174.6,858910.0,46283.0,NIFTY,2026-09-22,23550.0,PE,3
2026-09-22 08:55:00+00:00,175.4,175.4,158.1,167.5,564135.0,45500.0,NIFTY,2026-09-22,23550.0,PE,3
2026-09-22 09:00:00+00:00,168.05,184.0,156.35,178.2,629655.0,45994.0,NIFTY,2026-09-22,23550.0,PE,3
2026-09-22 09:05:00+00:00,178.55,179.05,161.4,175.9,465335.0,44463.0,NIFTY,2026-09-22,23550.0,PE,3
2026-09-22 09:10:00+00:00,174.25,195.95,172.0,184.5,607425.0,42581.0,NIFTY,2026-09-22,23550.0,PE,3
2026-09-22 09:15:00+00:00,184.2,190.85,174.9,184.0,360880.0,41119.0,NIFTY,2026-09-22,23550.0,PE,3
2026-09-22 09:20:00+00:00,187.2,188.6,174.1,180.3,389350.0,41055.0,NIFTY,2026-09-22,23550.0,PE,3
2026-09-22 09:25:00+00:00,180.55,199.75,178.3,192.95,517595.0,40041.0,NIFTY,2026-09-22,23550.0,PE,3
2026-09-22 09:30:00+00:00,193.0,202.4,186.3,194.75,427245.0,38209.0,NIFTY,2026-09-22,23550.0,PE,3
2026-09-22 09:35:00+00:00,193.95,200.35,189.75,193.8,313495.0,35613.0,NIFTY,2026-09-22,23550.0,PE,3
2026-09-22 09:40:00+00:00,194.15,201.15,177.3,196.45,409695.0,33266.0,NIFTY,2026-09-22,23550.0,PE,3
2026-09-22 09:45:00+00:00,197.15,213.35,177.0,199.25,505375.0,29248.0,NIFTY,2026-09-22,23550.0,PE,3
2026-09-22 09:50:00+00:00,185.0,241.65,175.1,212.55,1540825.0,26596.0,NIFTY,2026-09-22,23550.0,PE,3
2026-09-22 09:55:00+00:00,213.0,221.75,201.65,220.65,284115.0,20369.0,NIFTY,2026-09-22,23550.0,PE,3
2026-09-22 10:00:00+00:00,221.45,221.5,220.4,220.95,73385.0,22890.0,NIFTY,2026-09-22,23550.0,PE,3
2026-09-22 10:05:00+00:00,221.0,221.6,220.45,220.5,80405.0,20822.0,NIFTY,2026-09-22,23550.0,PE,3
